genre,danceability,energy,tempo,valence,loudness,speechiness,liveness,acousticness,instrumentalness,all_streams,all_daily_chart_presences,all_avg_rank,all_chart_points,all_top_chart_rank,2017_streams,2017_daily_chart_presences,2017_avg_rank,2017_chart_points,2017_top_chart_rank,2017_1_streams,2017_1_daily_chart_presences,2017_1_avg_rank,2017_1_chart_points,2017_1_top_chart_rank,2017_2_streams,2017_2_daily_chart_presences,2017_2_avg_rank,2017_2_chart_points,2017_2_top_chart_rank,2017_3_streams,2017_3_daily_chart_presences,2017_3_avg_rank,2017_3_chart_points,2017_3_top_chart_rank,2017_4_streams,2017_4_daily_chart_presences,2017_4_avg_rank,2017_4_chart_points,2017_4_top_chart_rank,2017_5_streams,2017_5_daily_chart_presences,2017_5_avg_rank,2017_5_chart_points,2017_5_top_chart_rank,2017_6_streams,2017_6_daily_chart_presences,2017_6_avg_rank,2017_6_chart_points,2017_6_top_chart_rank,2017_7_streams,2017_7_daily_chart_presences,2017_7_avg_rank,2017_7_chart_points,2017_7_top_chart_rank,2017_8_streams,2017_8_daily_chart_presences,2017_8_avg_rank,2017_8_chart_points,2017_8_top_chart_rank,2017_9_streams,2017_9_daily_chart_presences,2017_9_avg_rank,2017_9_chart_points,2017_9_top_chart_rank,2017_10_streams,2017_10_daily_chart_presences,2017_10_avg_rank,2017_10_chart_points,2017_10_top_chart_rank,2017_11_streams,2017_11_daily_chart_presences,2017_11_avg_rank,2017_11_chart_points,2017_11_top_chart_rank,2017_12_streams,2017_12_daily_chart_presences,2017_12_avg_rank,2017_12_chart_points,2017_12_top_chart_rank,2018_streams,2018_daily_chart_presences,2018_avg_rank,2018_chart_points,2018_top_chart_rank,2018_1_streams,2018_1_daily_chart_presences,2018_1_avg_rank,2018_1_chart_points,2018_1_top_chart_rank,2018_2_streams,2018_2_daily_chart_presences,2018_2_avg_rank,2018_2_chart_points,2018_2_top_chart_rank,2018_3_streams,2018_3_daily_chart_presences,2018_3_avg_rank,2018_3_chart_points,2018_3_top_chart_rank,2018_4_streams,2018_4_daily_chart_presences,2018_4_avg_rank,2018_4_chart_points,2018_4_top_chart_rank,2018_5_streams,2018_5_daily_chart_presences,2018_5_avg_rank,2018_5_chart_points,2018_5_top_chart_rank,2018_6_streams,2018_6_daily_chart_presences,2018_6_avg_rank,2018_6_chart_points,2018_6_top_chart_rank,2018_7_streams,2018_7_daily_chart_presences,2018_7_avg_rank,2018_7_chart_points,2018_7_top_chart_rank,2018_8_streams,2018_8_daily_chart_presences,2018_8_avg_rank,2018_8_chart_points,2018_8_top_chart_rank,2018_9_streams,2018_9_daily_chart_presences,2018_9_avg_rank,2018_9_chart_points,2018_9_top_chart_rank,2018_10_streams,2018_10_daily_chart_presences,2018_10_avg_rank,2018_10_chart_points,2018_10_top_chart_rank,2018_11_streams,2018_11_daily_chart_presences,2018_11_avg_rank,2018_11_chart_points,2018_11_top_chart_rank,2018_12_streams,2018_12_daily_chart_presences,2018_12_avg_rank,2018_12_chart_points,2018_12_top_chart_rank,2019_streams,2019_daily_chart_presences,2019_avg_rank,2019_chart_points,2019_top_chart_rank,2019_1_streams,2019_1_daily_chart_presences,2019_1_avg_rank,2019_1_chart_points,2019_1_top_chart_rank,2019_2_streams,2019_2_daily_chart_presences,2019_2_avg_rank,2019_2_chart_points,2019_2_top_chart_rank,2019_3_streams,2019_3_daily_chart_presences,2019_3_avg_rank,2019_3_chart_points,2019_3_top_chart_rank,2019_4_streams,2019_4_daily_chart_presences,2019_4_avg_rank,2019_4_chart_points,2019_4_top_chart_rank,2019_5_streams,2019_5_daily_chart_presences,2019_5_avg_rank,2019_5_chart_points,2019_5_top_chart_rank,2019_6_streams,2019_6_daily_chart_presences,2019_6_avg_rank,2019_6_chart_points,2019_6_top_chart_rank,2019_7_streams,2019_7_daily_chart_presences,2019_7_avg_rank,2019_7_chart_points,2019_7_top_chart_rank,2019_8_streams,2019_8_daily_chart_presences,2019_8_avg_rank,2019_8_chart_points,2019_8_top_chart_rank,2019_9_streams,2019_9_daily_chart_presences,2019_9_avg_rank,2019_9_chart_points,2019_9_top_chart_rank,2019_10_streams,2019_10_daily_chart_presences,2019_10_avg_rank,2019_10_chart_points,2019_10_top_chart_rank,2019_11_streams,2019_11_daily_chart_presences,2019_11_avg_rank,2019_11_chart_points,2019_11_top_chart_rank,2019_12_streams,2019_12_daily_chart_presences,2019_12_avg_rank,2019_12_chart_points,2019_12_top_chart_rank,2020_streams,2020_daily_chart_presences,2020_avg_rank,2020_chart_points,2020_top_chart_rank,2020_1_streams,2020_1_daily_chart_presences,2020_1_avg_rank,2020_1_chart_points,2020_1_top_chart_rank,2020_2_streams,2020_2_daily_chart_presences,2020_2_avg_rank,2020_2_chart_points,2020_2_top_chart_rank,2020_3_streams,2020_3_daily_chart_presences,2020_3_avg_rank,2020_3_chart_points,2020_3_top_chart_rank,2020_4_streams,2020_4_daily_chart_presences,2020_4_avg_rank,2020_4_chart_points,2020_4_top_chart_rank,2020_5_streams,2020_5_daily_chart_presences,2020_5_avg_rank,2020_5_chart_points,2020_5_top_chart_rank,2020_6_streams,2020_6_daily_chart_presences,2020_6_avg_rank,2020_6_chart_points,2020_6_top_chart_rank,2020_7_streams,2020_7_daily_chart_presences,2020_7_avg_rank,2020_7_chart_points,2020_7_top_chart_rank,2020_8_streams,2020_8_daily_chart_presences,2020_8_avg_rank,2020_8_chart_points,2020_8_top_chart_rank,2020_9_streams,2020_9_daily_chart_presences,2020_9_avg_rank,2020_9_chart_points,2020_9_top_chart_rank,2020_10_streams,2020_10_daily_chart_presences,2020_10_avg_rank,2020_10_chart_points,2020_10_top_chart_rank,2020_11_streams,2020_11_daily_chart_presences,2020_11_avg_rank,2020_11_chart_points,2020_11_top_chart_rank,2020_12_streams,2020_12_daily_chart_presences,2020_12_avg_rank,2020_12_chart_points,2020_12_top_chart_rank
pop,0.65,0.64,118.65,0.47,-6.17,0.1,0.17,0.22,0.01,188429090040,154624,97,16080896,1,48584313697,43173,95,4576338,1,3779177424,3812,96,400260,1,3521155947,3284,96,344820,1,4766352273,3845,96,403725,1,4014226705,3586,98,369358,1,4196003972,3479,94,372253,1,4347450101,3727,95,395062,1,4246541417,3716,93,401328,1,4119105643,3689,92,402101,1,4089664338,3511,92,382699,1,3940941173,3620,96,380100,2,3794615575,3553,98,365959,2,3769079129,3351,99,341802,1,43409824380,37388,98,3850964,1,3977759582,3585,96,376425,1,3524135363,3068,96,322140,2,3748434806,3205,95,339730,1,4067991291,3416,98,351848,1,3647454642,3246,100,327846,1,3442952843,3031,101,303100,2,3511924117,2991,100,302091,1,3630174489,3108,97,323232,2,3275660706,2870,98,295610,2,3624668998,3143,97,326872,1,3553330023,2986,99,304572,1,3405337520,2739,102,271161,1,49506476431,38727,97,4027608,1,3592406896,3083,100,311383,1,3991053443,2992,99,305184,1,3961538298,3174,99,323748,1,4278912626,3284,97,341536,1,4331414120,3405,100,343905,1,4237136380,3342,98,344226,1,4675346018,3577,96,375585,1,4346363986,3519,96,369495,1,3783795503,3132,100,316332,1,3945178781,3134,94,335338,1,3997116613,3117,94,333519,1,4366213767,2968,96,311640,1,46928475532,35336,100,3568936,1,4532196990,3133,98,322699,1,4447530914,3069,98,316107,1,4232287925,3013,99,307326,1,3711938317,3014,100,304414,1,3595146935,2838,96,297990,1,3363707790,2811,98,289533,1,3698003488,2705,97,281320,1,3925720770,3158,100,318958,1,3715272128,2978,102,294822,1,3828429787,3039,105,291744,1,3781025065,2873,101,287300,1,4097215423,2705,100,273205,1
dance pop,0.67,0.67,118.33,0.49,-5.72,0.1,0.18,0.18,0.01,118488283153,99474,97,10345296,1,33480498765,30833,95,3268298,1,2536830424,2581,88,291653,2,2404323222,2278,92,248302,2,2882156335,2567,101,256700,2,2756461235,2532,100,255732,2,2813048520,2475,95,262350,5,3115375781,2785,94,297995,2,3078366734,2727,90,302697,2,3044107422,2821,91,310310,3,2842785071,2594,96,272370,1,2712415950,2617,99,266934,2,2682567999,2550,99,260100,2,2612060072,2306,98,237518,1,32343782233,26990,94,2887930,1,2909315284,2630,97,273520,1,2564709728,2259,95,239454,2,2658051261,2312,94,247384,3,2924074336,2423,95,256838,2,2813382602,2418,96,253890,1,2704078408,2215,93,239220,2,2735633325,2146,93,231768,2,2875823589,2286,90,253746,2,2442654928,2036,90,225996,2,2605515663,2193,92,239037,1,2550471115,2077,96,218085,1,2560071994,1995,102,197505,1,29323045507,24115,100,2435615,1,2596800130,2119,95,224614,1,2961605932,2113,95,223978,1,2721377837,2181,101,218100,1,2272794496,1960,107,184240,3,2401730275,2079,103,203742,3,2535064472,2146,98,221038,1,2674991331,2230,101,223000,1,2442742243,2092,101,209200,1,2098892254,1763,100,178063,1,2166920680,1859,95,197054,1,2241775404,1899,95,201294,2,2208350453,1674,105,160704,1,23340956648,17536,99,1788672,1,2193108919,1686,103,165228,3,1953271079,1498,103,146804,4,1881073046,1517,114,131979,2,1838624437,1540,107,144760,2,1986383717,1508,95,159848,1,1937606579,1573,99,160446,2,1813440709,1338,98,137814,2,1906204029,1396,95,147976,1,1865859230,1346,93,145368,1,1926127125,1401,93,151308,1,1938413750,1407,93,151956,1,2100844028,1326,98,136578,1
rap,0.74,0.62,126.05,0.44,-6.42,0.21,0.2,0.17,0.01,94044165320,76244,97,7929376,1,21660266738,19948,98,2054644,1,1179743779,1501,109,138092,5,1118808844,1374,111,123660,8,1706819241,1554,101,155400,2,2020856690,1717,93,185436,1,1853850946,1562,94,167134,2,1774036520,1533,93,165564,2,1904382947,1683,98,173349,2,1804616152,1685,95,178610,3,1929686997,1762,97,183248,1,2111128240,1892,97,196768,1,2102992800,1839,98,189417,1,2153343582,1846,98,190138,1,30910062138,24239,95,2569334,1,2422879537,2027,95,214862,1,2405168100,1980,98,203940,1,2553000330,2190,100,221190,1,2773733421,2121,95,224826,1,2865678025,2207,90,244977,1,2725527700,2095,93,226260,1,2843534421,2057,95,218042,1,2591544975,1947,96,204435,1,2704017495,2124,95,225144,1,2666874965,2088,94,223416,1,2228641391,1761,96,184905,1,2129461778,1642,99,167484,1,19981190149,16759,102,1659141,1,2431809073,1967,98,202601,1,1909082216,1532,102,151668,3,1735396902,1485,101,148500,4,1360436509,1254,107,117876,7,1552966276,1444,108,134292,2,1384287827,1244,103,121912,4,1612586627,1311,98,135033,2,1505780046,1340,108,124620,2,2042578462,1491,95,158046,1,1809645827,1433,97,149032,1,1338495917,1206,102,119394,3,1298124467,1052,103,103096,3,21492646295,15298,93,1652184,1,2199651437,1546,93,166968,2,1825601079,1277,95,135362,1,2043559402,1508,100,152308,2,1966444796,1398,91,153780,1,2203588508,1498,90,166278,1,1839980147,1336,88,150968,1,1878984404,1337,89,149744,1,1680400089,1180,87,134520,1,1714351393,1155,86,132825,1,1782843589,1248,87,142272,2,1211353925,938,101,93800,4,1145887526,877,108,81561,7
pop rap,0.74,0.65,124.11,0.46,-6.01,0.18,0.19,0.14,0.01,59350999761,49760,98,5125280,1,16918672148,16714,102,1654686,2,1390994587,1591,95,168646,3,1319060572,1528,103,149744,5,1434370497,1582,112,140798,3,1357853709,1479,110,134589,4,1471370300,1426,109,131192,2,1573465046,1394,104,135218,2,1594022142,1361,100,137461,2,1563432755,1424,98,146672,3,1392570406,1260,97,131040,5,1283700349,1233,98,126999,2,1277115046,1241,99,126582,2,1260716739,1195,100,120695,2,15889810802,13321,97,1385384,1,1374855969,1275,101,127500,1,1147716352,1081,105,103776,2,1443144372,1296,98,133488,2,1488219162,1211,89,135632,1,1404321400,1128,89,126336,1,1339361080,1105,91,121550,2,1312649425,1107,99,112914,2,1304008678,1038,100,104838,2,1376391676,1072,97,111488,1,1506144774,1238,101,123800,1,1183727324,980,98,100940,1,1009270590,790,97,82160,2,11638826776,9805,99,1000110,2,1146428660,997,95,105682,3,929327108,814,99,83028,11,921056901,856,104,83032,16,686441511,710,114,61770,31,871979301,867,115,74562,2,892547962,777,102,76923,4,1262348580,1001,96,105105,2,1073630862,918,103,89964,4,984138945,766,94,81962,3,889817246,731,93,78948,5,968675839,726,86,83490,2,1012433861,642,88,72546,2,14903690035,9920,89,1111040,1,1337052595,800,87,91200,2,1274165918,783,89,87696,4,1134828267,740,93,79920,3,1129925429,788,84,92196,1,1180203944,843,87,96102,2,1068464700,822,89,92064,2,1252448161,888,93,95904,2,1291841141,875,87,99750,1,1459569161,845,76,105625,1,1646660517,1041,82,123879,1,1139501832,785,97,81640,2,989028370,710,108,66030,2
latin,0.74,0.73,125.99,0.65,-4.61,0.12,0.18,0.21,0.0,55900254842,48935,98,5040305,1,10915831186,11087,101,1108700,1,465714901,618,109,56856,5,556381987,619,103,60662,3,654010632,722,111,64980,5,760657147,792,107,74448,1,1005579180,865,100,87365,1,996729035,908,100,91708,1,1106880709,988,93,106704,1,1129765681,1131,101,113100,1,1046311948,1121,104,108737,1,1051685717,1145,99,116790,5,1042986985,1108,93,119664,9,1099127264,1070,95,113420,7,13733757900,12874,101,1287400,1,1181175788,1207,101,120700,5,1092861838,1078,96,113190,7,1271423355,1250,99,127500,4,1213207241,1141,102,112959,3,1188253820,1165,105,111840,6,1118628282,1081,105,103776,3,1237012044,1183,101,118300,2,1097300388,1088,103,106624,5,994365267,972,102,96228,2,1140535552,912,98,93936,1,1120089127,908,98,93524,1,1078905198,889,101,88900,2,15731510780,12763,92,1391167,1,1240878683,1029,90,114219,3,1158997493,902,94,96514,3,1450018724,1150,95,121900,1,1309121066,1082,95,114692,2,1270175919,1046,90,116106,4,1372514568,1077,88,121701,4,1441639154,1088,87,124032,2,1504611048,1148,87,130872,2,1321491414,1092,97,113568,3,1232716644,1116,96,117180,7,1218187782,1058,91,116380,6,1211158285,975,101,97500,3,15519154976,12211,97,1269944,1,1398884987,1111,99,113322,3,1319621271,1010,97,105040,4,1729348837,1183,87,134862,4,1036885946,968,102,95832,11,1112403488,1098,106,104310,10,969146882,981,105,94176,17,1090559766,959,107,90146,11,1163614886,906,95,96036,2,1296296278,1023,96,107415,2,1278832886,1001,96,105105,3,1614808448,1001,80,121121,1,1508751301,970,91,106700,1
reggaeton,0.75,0.73,126.65,0.64,-4.63,0.13,0.18,0.21,0.0,55025581211,47936,97,4985344,1,10474450491,10503,99,1071306,1,445688563,586,109,53912,5,539125581,591,102,58509,3,634756902,685,108,63705,5,725471330,723,101,72300,1,975923638,817,98,84151,1,966819678,871,100,87971,1,1063463428,925,91,101750,1,1086779242,1058,98,108974,1,1020937198,1076,102,106524,1,1024122707,1098,97,114192,5,988448984,1064,93,114912,17,1002913240,1009,96,105945,8,13303593586,12503,101,1250300,1,1085571047,1151,102,113949,12,1029152108,1050,99,107100,8,1208509620,1209,100,122109,4,1156052674,1086,101,108600,3,1150707102,1128,106,107160,6,1091831355,1050,105,100800,3,1195007867,1126,100,113726,2,1060630526,1034,101,103400,5,993798290,971,102,96129,2,1138181013,908,97,94432,1,1115246786,901,97,93704,1,1078905198,889,101,88900,2,15687148798,12760,93,1378080,1,1240878683,1029,90,114219,3,1158997493,902,94,96514,3,1450018724,1150,95,121900,1,1308317770,1081,95,114586,2,1296540987,1074,91,118140,4,1418228013,1107,86,127305,4,1483880310,1121,86,128915,2,1499591322,1156,88,130628,2,1278753158,1083,100,109383,3,1185944908,1085,97,112840,7,1184833295,1028,92,112052,6,1181164135,944,100,95344,3,15560388336,12170,96,1277850,1,1370694880,1079,98,111137,3,1293689722,976,95,103456,4,1729348837,1183,87,134862,4,1027720676,954,101,95400,11,1112403488,1098,106,104310,10,966563066,977,105,93792,17,1076484886,940,105,90240,11,1154257145,890,93,96120,2,1307800371,1015,92,110635,2,1305302669,1009,93,108972,3,1653037130,1036,81,124320,1,1563085466,1013,91,111430,1
trap,0.76,0.61,127.33,0.43,-6.37,0.2,0.19,0.15,0.01,54589941258,46230,99,4715460,1,14234500693,12888,99,1314576,1,649945217,857,108,79701,8,768735108,934,109,85928,8,1059052050,1028,104,99716,3,1059631691,944,93,101952,4,1222420748,985,92,107365,2,1343588176,1107,95,117342,2,1447797590,1158,95,122748,2,1363625382,1163,94,124441,3,1330863503,1188,98,122364,1,1362930733,1221,100,123321,1,1361484159,1206,100,121806,1,1264426336,1097,98,112991,1,14326602094,12674,100,1280074,1,1359790514,1248,99,127296,1,1270689663,1199,102,118701,2,1362240739,1281,106,121695,2,1164531102,1023,103,100254,1,1127894272,968,95,102608,2,1054552689,921,93,99468,4,902929951,829,102,82071,3,903799143,801,98,82503,2,1130084592,976,98,100528,1,1479010715,1275,97,132600,1,1312700714,1129,100,114029,3,1258378000,1024,103,100352,2,12059797974,10580,106,1005100,1,1477418259,1261,100,127361,1,1236971141,1038,101,103800,3,1204208043,1084,104,105148,4,933804641,900,112,80100,7,878631259,900,120,72900,4,851460963,786,111,70740,4,995026297,789,107,74166,2,1045837820,874,109,80408,3,1037636768,813,99,82926,3,891649802,778,103,76244,7,730010016,710,103,69580,17,777142965,647,100,65347,4,13969040497,10088,94,1079416,1,1228659603,852,89,95424,2,1182186576,771,85,89436,1,1577776338,1129,96,118545,2,1303891342,991,91,109010,3,1332558995,1020,100,103020,1,1128780380,881,99,89862,1,1287467163,902,96,94710,1,1130334729,789,89,88368,2,1153949994,773,82,91987,3,1216215234,860,86,98900,2,799343821,645,107,60630,4,627876322,475,108,44175,7
trap latino,0.75,0.72,127.28,0.64,-4.65,0.13,0.17,0.22,0.0,52570936231,45762,98,4713486,1,8919287371,8893,100,898193,1,278297250,430,122,33970,5,396537290,459,108,42687,3,510609969,560,111,50400,5,613022495,593,101,59300,1,823629424,669,98,68907,1,829584948,725,99,73950,1,934385754,780,87,88920,1,956659393,909,97,94536,1,897319433,948,103,92904,1,918730994,992,99,101184,5,878279571,939,94,100473,17,882230850,889,97,92456,8,12327681044,11538,102,1142262,1,967982504,1040,103,101920,12,942672291,964,98,99292,8,1112736909,1096,98,112888,4,1089874298,1020,102,100980,3,1087201680,1057,106,100415,6,1023054218,962,103,94276,3,1129468226,1054,100,106454,2,994671911,980,103,96040,5,916574213,909,107,85446,2,1024751423,813,100,82113,1,997758941,812,97,84448,1,1040934430,831,99,84762,2,15444494657,12545,93,1354860,1,1226154744,977,86,112355,3,1158413501,878,93,94824,3,1365360069,1080,97,112320,1,1241668507,1013,92,110417,2,1284131660,1063,91,116930,4,1392198134,1086,86,124890,4,1486248817,1146,89,128352,2,1498446137,1185,92,129165,2,1272825553,1087,100,109787,3,1188382007,1099,100,110999,7,1170675153,1014,92,110526,6,1159990375,917,99,93534,3,15879473159,12786,97,1329744,1,1358199263,1061,97,110344,3,1345378450,1027,96,107835,4,1826397702,1260,87,143640,4,1102411875,1012,98,104236,11,1196250615,1185,105,113760,10,1067713118,1089,104,105633,17,1183379694,1054,108,98022,11,1173669545,948,95,100488,9,1282749899,1075,93,116100,14,1305215004,1083,97,112632,3,1561393563,1015,84,118755,1,1476714431,977,95,103562,1
hip hop,0.74,0.62,124.77,0.44,-6.52,0.21,0.2,0.18,0.01,54056161668,45515,100,4597015,1,16501900682,14922,99,1522044,1,915105093,1175,108,109275,5,794139267,1030,113,90640,12,1330957016,1234,103,120932,2,1662045105,1446,99,147492,1,1497461487,1224,95,129744,2,1474417579,1162,86,133630,2,1628576819,1337,92,145733,2,1464954789,1278,90,141858,3,1409085242,1249,98,128647,1,1428804607,1292,104,125324,1,1400071257,1240,101,124000,1,1496282421,1255,97,130520,1,18628919293,14654,97,1524016,1,1595703032,1242,92,135378,1,1699505841,1280,95,135680,1,1893127736,1466,96,153930,1,1777341608,1279,92,139411,1,1563744944,1208,95,128048,1,1553817831,1188,91,130680,1,2004488432,1422,91,156420,1,1290494593,1012,97,105248,1,1717045214,1434,100,144834,1,1488884444,1336,105,128256,1,1057202750,974,108,90582,2,987562868,813,103,79674,4,9463233921,8655,109,796260,2,1113295692,987,102,97713,2,973336476,820,101,82000,5,865810330,823,108,76539,9,612669513,642,119,52644,23,876046301,840,115,72240,2,851878012,771,109,70932,4,1005706592,840,107,78960,2,927930887,829,112,73781,4,768737565,658,108,61194,3,614901774,570,104,55290,7,468733652,490,109,45080,20,384187127,385,118,31955,11,9462107772,7284,101,728400,1,1092016737,827,101,82700,3,834288781,604,100,61004,4,700773409,559,105,53664,5,830925955,631,98,64993,1,927773364,700,98,72100,1,631273730,534,98,55002,5,804066379,639,97,66456,4,750236832,606,98,62418,2,829246777,589,89,65968,3,941521574,676,92,73684,2,568363166,470,118,39010,4,551621068,449,125,34124,7
melodic rap,0.75,0.62,128.06,0.45,-6.28,0.18,0.18,0.17,0.0,47453404038,36549,94,3910743,1,7503187740,6012,94,643284,1,271696147,293,96,30765,8,245529274,250,94,26750,8,371414762,313,84,36621,3,433112159,401,88,45313,4,619701611,434,86,49910,2,692044594,480,89,53760,2,648212190,462,92,50358,3,718353422,626,101,62600,3,837588749,707,99,72114,1,995927445,770,92,83930,1,879206789,686,97,71344,1,790400598,590,95,62540,1,11170202975,9094,95,963964,1,753439344,617,99,62934,1,675966485,612,107,57528,2,809105336,718,106,68210,2,849787919,588,92,64092,1,1383855695,965,72,124485,1,1002964553,812,90,90132,1,839231712,693,99,70686,3,866869539,718,97,74672,2,819018454,769,103,75362,9,1054134787,903,95,95718,3,1078588332,878,92,95702,3,1037240819,821,100,82921,1,12472784741,10166,100,1026766,1,1299607365,999,94,106893,1,1021474484,791,95,83846,3,1232115622,1043,101,104300,4,904738010,832,111,74880,7,788464004,734,108,68262,4,718719019,652,104,63244,8,842057959,704,106,66880,2,890530506,779,108,72447,2,1575903797,1049,86,120635,1,1168818079,958,96,100590,3,927091315,827,101,82700,3,1103264581,798,96,83790,2,16307228582,11277,90,1251747,1,1266516730,799,88,90287,2,1303889728,748,78,92004,1,1724227432,1144,90,126984,2,1382320519,1011,93,109188,3,1380414792,989,93,106812,1,1300816741,967,90,107337,1,1883862436,1285,91,141350,1,1499846069,1056,83,124608,2,1424204723,960,81,115200,1,1269429186,880,83,103840,1,1006549166,792,103,77616,2,865151060,646,107,60724,2
edm,0.66,0.73,118.58,0.49,-5.23,0.08,0.18,0.15,0.01,42697099856,37284,99,3802968,1,14988830405,13281,92,1447629,2,1368492282,1280,85,148480,2,1258426572,1031,83,121658,2,1468543460,1050,82,124950,2,1437342880,1145,89,128240,2,1235996176,1024,92,111616,5,1411860991,1170,88,132210,3,1456472310,1235,85,143260,4,1409815098,1310,89,146720,5,1142704790,1119,96,117495,5,997640912,1091,106,103645,4,947602308,969,105,93024,3,853932626,857,111,77130,3,12674379583,10477,96,1100085,1,930102741,963,112,85707,4,873549520,793,101,79300,7,1018744923,828,87,94392,3,1141224683,866,87,98724,3,1079106815,941,101,94100,1,1003445123,829,94,88703,2,1127065992,896,96,94080,4,1125486590,875,88,98875,6,1180542781,905,85,104980,2,1320911729,1010,92,110090,1,1101546597,923,100,93223,1,772652089,648,107,60912,2,9585302670,8906,108,828258,3,917870459,839,106,79705,3,917402861,833,110,75803,5,886984874,814,110,74074,9,854643107,802,117,67368,3,905134512,805,104,78085,5,993337431,897,104,87009,5,1043690145,936,105,89856,9,846944882,798,103,78204,8,616028861,611,114,53157,13,638675379,620,107,58280,14,560704797,564,104,54708,12,403885362,387,119,31734,16,5448587198,4620,111,415800,2,447044036,449,125,34124,20,364416313,339,120,27459,22,311111263,256,113,22528,3,488865343,413,111,37170,3,515272832,394,101,39400,2,530777612,425,104,41225,3,680740080,488,99,49776,2,622524163,507,104,49179,5,524284804,480,118,39840,11,377060104,352,122,27808,19,301266635,278,108,25854,32,285224013,239,111,21510,7
post-teen pop,0.65,0.66,120.14,0.49,-5.65,0.09,0.16,0.17,0.0,42317559541,35939,96,3773595,1,15012844811,13125,90,1456875,2,993280461,908,78,111684,3,985030646,826,84,96642,2,1190709813,974,96,102270,2,1126478307,983,95,104198,2,1273970650,1052,91,115720,5,1385669856,1134,84,132678,5,1409868099,1194,81,143280,6,1439168136,1284,82,152796,5,1394195635,1274,91,140140,5,1287599306,1234,98,127102,2,1287057830,1163,96,122115,2,1239816072,1099,100,110999,2,11602754996,10014,96,1051470,1,1465169535,1329,100,134229,1,1237714216,1072,95,113632,2,1216594282,987,89,110544,3,1000201653,857,99,87414,4,983501939,862,93,93096,7,962788736,807,96,84735,4,839143272,676,91,74360,7,769081315,651,89,72912,8,666433499,609,89,68208,2,899236206,786,99,80172,1,788698333,696,106,66120,1,774192010,682,111,61380,2,10035152160,8164,100,824564,1,748543801,685,104,66445,3,696823918,626,111,56340,7,893595860,711,101,71100,2,762409025,667,109,61364,6,689004416,630,109,57960,9,929355311,729,90,80919,1,1017709169,698,90,77478,1,903507713,708,94,75756,1,858145494,660,96,69300,1,941890456,758,95,80348,1,865508943,711,99,72522,2,728658054,581,110,52871,3,5666807574,4636,105,445056,1,766846469,595,101,59500,9,553690502,463,102,45837,17,436249451,425,119,34850,31,399827404,412,109,37904,20,360101425,402,123,31356,39,305654792,334,135,22044,2,341024088,240,115,20640,2,384118533,258,97,26832,1,531856120,347,79,42334,5,557152531,406,87,46284,10,486514101,375,94,40125,10,543772158,379,105,36384,8
pop dance,0.65,0.72,118.95,0.49,-5.27,0.07,0.18,0.14,0.01,39930515775,35267,100,3561967,1,13599912867,12357,95,1309842,2,1332652420,1271,87,144894,2,1240110521,1040,86,119600,2,1395272731,1040,88,117520,2,1343878253,1093,92,119137,2,1142698722,952,92,103768,5,1247811867,1060,92,115540,3,1197537057,1092,89,122304,4,1196037264,1187,93,128196,6,983554693,1020,101,102000,8,881408177,961,106,91295,4,866952621,879,107,82626,3,771998541,762,110,69342,3,11558783993,9859,97,1025336,1,801500896,813,111,73170,4,757814249,670,98,69010,7,934712852,749,87,85386,3,1018310954,792,86,91080,4,972015265,908,101,90800,7,941319220,829,95,87874,7,1098149835,921,97,95784,7,1076355318,877,91,96470,6,1079745746,890,91,97900,2,1197946396,969,98,99807,1,969882109,834,105,80064,1,711031153,607,111,54630,2,9067407083,8402,108,781386,3,835441743,786,110,71526,3,825912217,772,115,66392,5,749148018,703,113,61864,9,749902671,694,118,57602,3,821300396,712,102,70488,5,923607820,803,99,81906,5,970130520,840,99,85680,9,862184159,790,99,80580,8,682978355,665,111,59850,13,686650953,668,107,62792,14,578602512,593,108,55149,12,381547719,376,125,28576,16,5704411832,4649,107,437006,2,427867686,430,127,31820,20,351850004,322,118,26726,22,299601626,239,109,21988,3,475574500,392,107,36848,3,515970895,395,101,39500,2,531387983,426,104,41322,3,677666955,476,97,49504,2,676332107,529,99,53958,5,573181013,480,113,42240,11,459779361,382,113,33616,11,370267964,308,100,31108,14,344931738,270,104,26190,7
electropop,0.64,0.62,117.8,0.43,-6.52,0.09,0.17,0.23,0.01,36164841267,32808,103,3215184,1,10001146226,9329,95,988874,2,864011284,878,93,94824,2,783229845,707,90,78477,2,1003563096,814,97,84656,2,1017175040,870,98,89610,2,924932172,731,87,83334,5,930838676,810,91,89100,10,811858808,728,80,88088,14,814592175,790,88,89270,2,790796786,767,97,79768,3,765965022,804,98,82812,3,684716139,778,105,74688,12,609467183,652,112,58028,9,7605634221,7108,104,689476,3,673864108,705,110,64155,6,699566993,604,93,65232,3,745597809,664,95,70384,5,631070324,667,116,56695,8,531678291,576,121,46080,12,503321723,517,116,43945,6,524738411,545,115,46870,11,565673635,498,94,53286,3,478334418,424,99,43248,3,701728410,584,92,63656,5,868828017,749,95,79394,4,681232082,575,103,56350,3,12156967697,10514,102,1040886,1,833157047,717,98,73851,3,903252682,689,91,75790,2,1142919073,860,87,98040,1,1631119860,1143,85,132588,1,1433915004,1149,94,122943,1,1196395805,1105,107,103870,2,1024540937,976,113,85888,2,939621893,960,113,84480,7,801247996,786,114,68382,8,787723503,788,108,73284,10,773166437,735,108,68355,1,689907460,606,119,49692,4,6401093123,5857,116,497845,1,834028201,748,121,59840,9,814597939,683,120,55323,1,655292601,595,120,48195,16,592124264,633,119,51906,29,523140299,509,111,45810,19,404402786,419,113,36872,29,388074212,368,114,32016,1,424437302,414,111,37260,5,399412286,407,120,32967,11,433136513,403,119,33046,7,502871208,363,103,35574,2,429575512,315,108,29295,7
tropical house,0.66,0.72,118.98,0.49,-5.38,0.07,0.18,0.15,0.01,34866633581,31452,101,3145200,2,12497269707,11666,95,1236596,2,1308473800,1259,86,144785,2,1203035060,1009,84,118053,2,1390590276,1033,88,116729,2,1337381435,1073,92,116957,2,1154990352,951,92,103659,5,1146978871,1015,92,110635,10,1070998699,1016,89,113792,11,1024544019,1052,95,111512,12,830920333,914,104,88658,16,722308230,844,108,78492,16,683990578,804,112,71556,14,623058054,696,115,59856,16,9879845296,8515,96,894075,2,696932056,765,113,67320,13,708590134,635,98,65405,7,816760479,659,90,73149,3,760136244,630,98,64890,4,806860376,763,106,72485,7,815168435,701,93,75708,7,974280184,773,92,84257,7,971700763,724,79,88328,6,942621728,727,82,86513,3,961842147,808,90,89688,2,822433080,763,102,75537,3,602519670,567,112,50463,6,7145738505,6986,112,621754,5,712880102,708,109,65136,8,695110502,663,114,57681,5,661490059,664,121,53120,9,555427894,591,130,41961,13,585124479,556,109,51152,15,666721989,633,109,58236,15,702590406,652,108,60636,13,641112553,617,102,61083,18,516581177,518,111,46620,26,572902819,552,103,54096,14,500410045,506,106,48070,12,335386480,326,124,25102,16,5343780073,4285,106,407075,2,387224130,376,122,29704,20,338077099,303,114,26361,22,303582538,244,109,22448,3,519563884,420,102,41580,3,530845248,395,100,39895,2,557572072,414,99,42228,3,583298406,423,100,42723,4,588158724,459,100,46359,5,482310813,399,113,35112,11,388487207,313,109,28796,11,335988590,280,100,28280,14,328671362,259,107,24346,7
uk pop,0.65,0.63,115.4,0.49,-5.92,0.08,0.16,0.26,0.0,36358670911,29791,97,3098264,1,10766749643,8755,94,936785,1,921974209,669,86,76935,1,931845230,610,79,74420,1,1754327679,1054,75,132804,1,1064801704,888,92,96792,1,794446995,691,92,75319,3,647395658,676,106,64220,3,588104571,651,103,63798,5,610670056,658,102,65142,4,741068725,644,102,63756,1,821792162,659,95,69854,2,931126129,810,103,79380,3,959196525,745,98,76735,2,8606724313,7447,96,781935,1,988749731,787,88,88931,3,848686498,649,81,77880,3,844910382,649,87,73986,3,783063139,583,91,64130,3,810337273,675,97,70200,1,664693275,582,100,58782,2,567201678,522,99,53244,4,563460761,552,99,56304,9,622760707,588,102,58212,4,699228359,662,101,66200,5,660795054,648,105,62208,12,552837456,550,111,49500,16,9454953573,7732,102,765468,1,709640040,709,107,66646,6,665504486,652,114,56724,7,634546551,619,115,53234,8,577534648,586,119,48052,13,812163037,661,110,60151,1,850678171,706,110,64246,1,1203785311,860,96,90300,2,919370892,714,97,74256,3,704302902,537,102,53163,4,736883093,544,87,62016,4,841173052,585,78,71955,5,799371390,559,88,63167,4,7530243382,5857,98,603271,2,830614737,591,89,66192,6,806701231,564,92,61476,4,759226600,537,98,55311,2,729735006,535,97,55640,2,594343958,445,89,49840,6,534365274,425,87,48450,7,536742780,432,99,44064,11,569088541,486,104,47142,9,510568109,451,106,42845,17,584477911,537,111,48330,21,562067530,470,100,47470,10,512311705,384,103,37632,12
canadian pop,0.66,0.57,122.6,0.45,-7.17,0.14,0.18,0.26,0.01,34031215744,23624,91,2598640,1,9149840091,7869,99,802638,1,948176258,937,98,96511,1,650750937,654,98,67362,7,1181083054,957,92,104313,2,932319710,845,101,84500,1,1002606682,640,88,72320,1,973851771,641,86,73715,1,901431967,691,93,74628,1,730129840,626,98,64478,2,627424426,554,103,54292,3,465625157,477,108,44361,3,336448243,402,119,32964,12,399992046,445,116,37825,3,8627155844,5837,92,636233,1,361392379,352,118,29216,1,543476514,380,114,33060,1,657830262,418,105,40128,1,948554037,558,85,64728,1,733285390,467,80,56507,2,831354123,511,80,61831,1,1382145104,831,81,99720,1,753926671,457,76,57125,1,629652386,477,96,50085,1,643560033,487,92,53083,1,489125803,424,105,40704,2,652853142,475,93,51300,4,6314196523,4056,91,446160,1,486476882,395,96,41475,5,357202420,307,103,30086,13,309390187,300,111,27000,22,227170731,229,114,19923,24,462900404,298,108,27714,1,602189346,314,94,33598,1,845424197,387,81,46440,1,760406886,419,84,49023,1,549048979,325,85,37700,1,513731012,309,75,38934,1,444293494,305,73,39040,2,755961985,468,86,53820,3,9940023286,5862,80,709302,1,755894002,372,82,44268,2,961458386,496,85,57536,1,1039434847,558,74,70866,1,886500620,509,83,60062,1,957023774,558,80,67518,1,654317838,374,65,50864,1,641588629,372,67,49848,3,718249226,454,73,58112,2,723934280,473,77,58652,4,817919010,533,79,65026,6,851317026,598,96,62790,5,932385648,565,93,61020,2
reggaeton colombiano,0.74,0.72,127.2,0.68,-4.67,0.13,0.19,0.2,0.0,24679843572,21452,96,2252460,1,4114912613,4347,100,439047,1,219560609,251,92,27359,11,180467664,196,89,21952,14,213301939,267,112,23763,26,251383073,327,110,29757,31,317618098,360,106,34200,16,338184349,424,115,36464,16,467916579,476,102,47124,1,490785923,457,103,44786,1,422021871,394,103,38612,1,384184496,382,99,38964,5,380518281,389,84,45513,17,448969731,424,87,48336,17,5660033519,5240,98,539720,2,507084904,495,94,52965,14,430715062,436,95,46216,19,499750529,507,102,50193,4,522447928,469,104,45493,3,489676935,449,102,44451,6,497074062,456,103,44688,3,563756633,474,90,52614,2,496662661,430,94,46010,5,439816667,409,98,42127,12,411872533,370,91,40700,3,420303699,377,97,39208,5,380871906,368,113,32384,14,7375126492,6077,93,656316,2,461909746,456,105,43776,14,466067295,425,107,39950,10,655436399,560,95,59360,9,608114578,533,99,54366,15,563255630,514,95,54484,18,602556764,536,90,59496,11,750945383,582,87,66348,2,784883414,553,86,63595,2,680643203,516,94,55212,3,598966263,484,81,58080,7,599716323,474,79,57828,6,602631494,444,98,45732,3,7529770948,5788,93,625104,2,688097406,503,101,50300,3,572193723,433,105,41568,4,499570851,347,85,40252,5,453367203,411,97,42744,18,392849658,363,94,38841,30,339209496,342,97,35568,26,495571530,460,108,42780,11,692869821,521,91,57310,2,834859172,592,87,67488,2,874401479,638,87,72732,3,922981825,655,82,77945,6,763798784,523,89,58576,2
atl hip hop,0.8,0.59,130.52,0.42,-6.63,0.22,0.17,0.13,0.01,24927722121,21750,100,2196750,1,8538806935,7520,96,789600,1,389023105,500,110,45500,8,450421995,543,108,50499,8,700592095,620,99,63240,3,642727051,524,86,60260,4,782646618,579,85,67164,2,852129474,694,87,79116,2,869553843,753,89,84336,3,802496114,764,92,83276,7,760391308,695,98,71585,1,822583721,707,110,64337,1,764974379,600,101,60000,1,701267232,541,96,56805,1,7171435196,6207,97,645528,1,815903433,674,94,72118,1,723822683,631,95,66886,2,711526217,677,101,67700,7,563898852,493,95,52258,7,616359070,456,82,54264,1,516825960,425,84,49725,9,492887284,422,93,45576,3,502245126,427,101,42700,2,462656113,443,106,42085,11,646418570,578,103,56644,3,585136035,528,102,52272,4,533755853,453,105,43488,7,4473552718,4264,111,383760,2,620616405,578,102,57222,11,506307721,458,102,45342,16,445091615,451,110,41041,32,269962269,294,116,24990,45,307894383,356,132,24564,4,298479677,326,129,23472,8,405241633,350,119,28700,2,379601704,349,120,28269,4,434826463,323,88,36499,3,324052237,312,106,29640,7,268624938,263,98,27089,24,212853673,204,118,16932,4,4743927272,3759,102,372141,2,415050848,332,103,32536,3,475042110,325,92,35425,4,460676449,362,104,35114,5,348693297,287,89,32144,10,421072042,386,105,37056,4,329908425,336,110,30576,7,373865693,348,109,32016,9,345343523,309,104,29973,13,390684254,265,94,28355,3,583905373,388,91,42680,2,345675046,247,113,21736,4,254010212,174,109,16008,7
southern hip hop,0.76,0.62,126.83,0.42,-6.14,0.2,0.19,0.14,0.01,24500254622,22767,105,2185632,1,9274536983,8704,99,887808,2,423841902,566,108,52638,9,527293879,679,108,63147,19,728650637,733,107,68902,3,718908289,637,97,66248,4,864650776,607,82,72233,2,1038110944,759,84,88803,2,1127002273,786,82,93534,2,1030795518,851,93,91908,3,827271921,806,101,80600,5,701770356,790,105,75840,10,656676575,777,108,72261,18,629563913,713,110,64883,22,6860890815,6500,108,604500,1,618952779,718,110,65338,33,607916548,645,115,55470,2,816262563,755,110,68705,2,680062258,566,100,57166,1,616762208,529,94,56603,2,505583932,459,95,48654,11,479205102,472,113,41536,3,496238512,431,108,40083,2,501653017,480,110,43680,8,584857794,570,115,49020,3,519726355,506,112,45034,7,433669747,369,109,33948,7,4579166060,4391,113,386408,4,581404160,543,106,51585,11,488523504,444,103,43512,17,478646461,498,119,40836,24,338585174,365,120,29565,35,398029906,449,128,32777,7,422497399,394,116,33490,4,451815609,374,107,35156,6,410907122,381,118,31623,8,381511588,310,100,31310,8,282014023,265,105,25440,11,184194157,216,126,16200,42,161036957,152,104,14744,14,3785660764,3172,104,307684,3,390079359,270,93,29160,3,467370570,293,87,33402,4,440169965,330,102,32670,5,372192062,318,93,34344,10,350318242,320,104,31040,14,238879336,236,113,20768,20,323712619,284,109,26128,4,257712559,239,106,22705,27,278150922,247,104,23959,13,372697588,318,97,33072,9,192431075,211,133,14348,39,101946467,106,147,5724,80
latin hip hop,0.75,0.75,122.94,0.65,-4.35,0.13,0.19,0.21,0.0,19823324702,17842,100,1802042,1,5518441542,5478,101,547800,1,198783099,309,125,23484,5,315091316,339,107,31866,3,380722882,380,108,35340,5,462717435,418,102,41382,1,626412499,431,89,48272,1,604562244,441,90,48951,1,588413894,465,85,53940,1,511908347,489,88,55257,2,444892750,519,104,50343,8,460996720,596,111,53640,26,486248175,603,108,56079,21,437692181,488,105,46848,8,4709085703,4663,106,442985,3,404164282,485,112,43165,12,353741547,402,115,34572,8,447714296,423,107,39762,4,454590179,381,104,36957,3,503268883,416,94,44512,7,492577072,418,91,45980,7,579710417,525,90,58275,14,493057313,487,93,52596,17,370255991,415,114,36105,22,259395210,313,132,21597,32,181049541,212,123,16536,35,169560972,186,127,13764,40,5848369299,4531,92,493879,1,167616284,181,115,15566,34,218553955,191,120,15471,3,393670363,310,115,26660,1,393680968,319,106,30305,2,494514628,332,78,40836,4,586613668,329,58,47047,4,651979877,414,71,53820,2,777644103,548,78,67404,2,685606106,585,100,59085,3,590532441,550,105,52800,7,479371556,420,88,47460,12,408585350,352,96,36960,24,3747428158,3170,102,313830,7,482262202,425,98,43775,19,420459681,379,105,36384,10,452896774,348,102,34452,7,248043116,246,116,20910,11,316844763,339,125,25764,11,189126768,233,135,15378,29,239471663,210,106,19950,11,302507334,215,86,24725,9,308036257,208,75,26208,14,310775983,217,80,26257,11,267664371,193,84,22581,16,209339246,157,88,17741,38
latin pop,0.71,0.76,116.72,0.69,-4.6,0.09,0.2,0.18,0.0,17146659720,15696,98,1616688,1,5467800943,4812,93,519696,1,238460350,238,85,27608,5,288725085,234,86,26910,3,356952654,313,97,32552,5,437901697,367,102,36333,1,587414414,393,95,41658,1,570081767,405,92,44145,1,547644950,437,91,48070,1,507450371,525,104,50925,2,438480322,484,105,46464,8,438431282,457,89,51184,26,487671440,461,78,56703,9,568586611,498,83,58764,7,5433959779,5596,102,554004,5,616738440,564,86,64860,5,535408049,500,87,57000,7,626867493,636,98,65508,16,559767081,570,104,55290,22,507511311,550,106,52250,23,438300889,464,103,45472,23,461142732,485,107,45590,20,417751091,466,110,42406,22,325450523,364,109,33488,36,301760745,334,109,30728,39,316103003,358,117,30072,42,327158422,305,105,29280,10,4560928423,3786,93,408888,5,379118273,316,90,35076,5,345441401,266,88,30058,7,487542506,366,79,44652,8,387214938,324,92,35316,14,355570320,301,95,31906,8,397215007,302,100,30502,5,376605960,280,90,31080,6,384801767,309,85,35844,9,431165852,376,100,37976,16,364646828,334,97,34736,21,317823043,302,92,32918,26,333782528,310,109,28520,10,1683970575,1502,110,136682,9,307424030,314,113,27632,37,253377592,269,122,21251,37,103558558,118,136,7670,73,76941343,114,166,3990,105,28192250,41,168,1353,77,23422680,34,164,1258,87,77662851,56,97,5824,11,167021089,100,70,13100,9,159183503,115,85,13340,17,171893051,126,83,14868,21,147926455,110,88,12430,23,167367173,105,75,13230,9
electro house,0.68,0.75,118.88,0.52,-4.85,0.08,0.19,0.14,0.01,16567401291,15290,102,1513710,1,6794506969,7058,102,698742,5,682433993,724,85,83984,14,618087640,628,90,69708,14,697961033,634,93,68472,5,666315956,656,98,67568,7,610146039,611,107,57434,6,700671736,732,108,68076,9,781354702,776,102,76824,6,686180391,727,106,69065,5,467111134,511,109,47012,5,342756621,434,123,33852,22,277500441,320,107,30080,14,263987283,305,118,25315,16,4887012527,3926,93,424008,1,303874995,366,127,27084,14,291852542,311,120,25191,9,310685580,273,100,27573,6,357684179,243,83,28674,3,415481814,322,101,32200,1,364482459,271,92,29539,2,442579709,323,91,35530,4,528400853,324,60,45684,6,590320441,359,57,51696,4,550813803,438,84,51246,5,431711179,409,96,42945,12,299124973,287,111,25830,14,2786310391,3053,121,244240,18,381657889,359,102,35541,18,334361344,316,106,30020,20,312542260,304,104,29488,21,260136250,265,109,24380,37,257886294,296,124,22792,40,256572743,322,135,21252,59,273839871,344,144,19608,56,196681923,256,142,15104,68,120943200,145,128,10585,59,183606534,199,108,18507,39,139226539,163,114,14181,51,68855544,84,155,3864,52,2099571404,1253,83,147854,2,131429672,144,133,9792,39,119171076,102,108,9486,22,129142211,74,93,7992,3,222196189,120,96,12600,3,212099814,92,65,12512,2,209191021,80,33,13440,3,231776730,94,40,15134,4,227583770,108,43,17064,5,226556118,156,91,17160,11,147903291,97,76,12125,19,120615596,93,81,11160,32,121905916,93,98,9579,7
reggaeton flow,0.76,0.71,128.56,0.62,-4.7,0.15,0.17,0.26,0.0,15608306172,14117,100,1425817,2,1498677443,1857,106,176415,19,36618584,72,141,4320,77,43663127,68,114,5916,72,44224740,62,108,5766,89,63571669,93,116,7905,71,95467783,116,100,11716,50,115675147,135,97,14040,48,131413878,126,68,16758,44,160282126,181,91,19910,37,190304187,230,100,23230,41,194692261,254,108,23622,42,235884693,310,118,25730,21,186879248,210,115,18060,19,2840323033,2902,108,269886,7,170526635,200,118,16600,23,124406779,140,104,13580,33,135988573,156,100,15756,45,167756053,189,117,15876,31,255133582,256,120,20736,8,241496249,229,112,20381,7,253866373,245,105,23520,14,247367182,255,103,24990,17,302344773,288,98,29664,17,301154793,295,104,28615,13,307988936,323,108,30039,13,332293105,326,109,29992,24,5945665616,4792,93,517536,2,375093023,356,96,37380,14,349720989,317,114,27579,10,416736986,347,100,35047,9,371243694,315,93,34020,15,508027555,386,84,45162,4,579232174,370,70,48470,4,560724003,361,73,46208,2,668031322,466,85,54056,2,611777156,508,101,50800,3,568466983,520,102,51480,7,491117314,452,93,48816,12,445494417,394,99,40188,24,5323640080,4566,99,465732,7,534638756,458,92,49922,19,527091576,450,96,47250,19,503630565,427,107,40138,7,320670691,340,120,27540,11,311077365,339,121,27120,19,341468745,352,110,32032,22,439524521,378,107,35532,11,486280111,382,98,39346,9,494817092,390,84,45630,17,510633285,396,85,45936,20,471839003,363,85,42108,23,381968370,291,90,32301,25
canadian hip hop,0.74,0.58,122.02,0.42,-7.06,0.19,0.19,0.2,0.0,16710582899,12299,93,1328292,1,2492973610,2632,107,247408,2,279335912,325,104,31525,5,180376843,224,117,18816,16,683455467,510,90,56610,2,435827298,450,110,40950,2,203094292,187,91,20570,11,170971797,173,81,20760,14,177632135,198,99,20196,19,121055977,174,119,14268,33,86348483,143,140,8723,86,48103428,82,143,4756,101,49754054,81,142,4779,92,57017924,85,151,4250,43,6654914530,3873,77,480252,1,184207864,132,120,10692,1,368195490,212,104,20564,1,393706904,193,89,21616,1,469706781,188,58,26884,1,438983015,207,52,30843,2,688326001,329,53,48692,1,1402525879,749,70,98119,1,745477748,406,65,55216,1,514523007,364,83,42952,1,542623729,383,76,47875,1,424626445,338,89,37856,2,482011667,372,96,39060,4,3322232736,2807,101,280700,4,439713313,378,98,38934,5,300437296,261,111,23490,13,253148388,238,112,21182,22,187668480,194,124,14938,35,124384818,138,122,10902,44,255310990,206,100,20806,4,354407751,270,89,30240,6,399585099,311,96,32655,14,356465701,265,96,27825,4,280627681,213,88,24069,5,201410143,174,82,20706,19,169073076,159,106,15105,34,4240462023,2987,94,319609,1,279535856,195,101,19500,3,301385145,228,102,22572,7,253750654,226,108,21018,17,435358369,340,111,30600,1,479484596,355,100,35855,1,264383589,203,100,20503,5,326935838,208,75,26208,4,410477141,278,80,33638,2,473131527,277,72,35733,3,462876018,279,75,35154,2,313150832,221,101,22100,4,239992458,177,113,15576,7
puerto rican pop,0.74,0.74,128.01,0.67,-4.33,0.11,0.16,0.19,0.0,14613398365,11970,93,1292760,1,3645867776,2907,88,328491,1,89304706,98,91,10780,5,166920711,132,91,14520,3,185352731,155,105,14880,5,274619680,207,101,20700,1,444046952,235,79,28670,1,424940237,232,74,29464,1,390505780,234,71,30420,1,329455130,271,87,30894,2,312371394,327,88,36951,8,325252946,341,86,39215,26,325057808,330,91,36300,9,378039701,345,95,36570,7,3952820637,3478,99,354756,1,369910516,375,109,34500,5,322668893,333,104,32301,7,347903469,351,97,36504,16,298081140,296,102,29304,22,293979322,265,100,26765,8,271590386,251,104,24347,7,354279717,334,104,32398,14,324844659,302,98,31106,13,261819337,236,100,23836,2,382599767,247,95,26182,1,363076521,244,86,28060,1,362066910,244,87,27816,2,4017233054,2988,85,346608,2,359530814,231,76,28875,3,307447281,200,87,22800,7,329174526,238,94,25466,8,260472802,184,71,23920,14,244445055,206,81,24720,20,241052956,224,95,23744,24,255145875,211,101,21100,2,408242795,245,72,31605,2,415383288,260,68,34580,3,425527018,337,85,39092,7,387568395,327,83,38586,12,383242249,325,100,32825,10,2997476898,2597,99,264894,9,310795875,287,106,27265,20,211919110,205,112,18245,30,138202475,140,118,11620,43,159541761,186,125,14136,41,218565236,234,114,20358,11,239719894,242,105,23232,17,272085539,208,91,22880,17,248954323,169,75,21294,15,277925503,217,77,26908,19,302410346,249,94,26643,33,300912012,237,85,27492,21,316444824,223,96,23415,9
toronto rap,0.73,0.58,122.04,0.42,-7.01,0.19,0.19,0.2,0.0,15514915350,11511,94,1231677,1,2785464378,2902,105,278592,2,286456490,330,103,32340,5,230495044,251,106,23845,16,746999352,549,86,63135,2,510625469,510,103,49980,2,257136413,245,89,27440,11,200653425,226,98,23278,14,189085073,222,107,20868,19,122356306,177,120,14337,33,86781400,144,141,8640,86,48103428,82,143,4756,101,49754054,81,142,4779,92,57017924,85,151,4250,43,6358723533,3754,79,457988,1,184207864,132,120,10692,1,373735635,220,106,20900,1,393706904,193,89,21616,1,469706781,188,58,26884,1,438983015,207,52,30843,2,746880816,365,55,53290,1,1364118649,739,71,96070,1,633270978,375,71,48750,1,433789394,334,90,37074,1,489415533,352,80,42592,1,385826691,308,92,33572,2,445081273,341,98,35123,4,2559631889,2345,111,211050,4,413175981,347,97,36088,5,288759068,245,108,22785,13,253148388,238,112,21182,22,173298099,180,124,13860,35,120731495,133,120,10773,44,224321203,179,103,17542,4,244982973,207,105,19872,6,277462826,249,114,21663,14,217094204,205,117,17220,23,152581961,151,114,13137,28,106518252,114,107,10716,20,87557439,97,129,6984,66,3811095550,2510,90,278610,1,190419662,125,120,10125,3,193031178,141,122,11139,7,171715519,142,114,12354,16,402087300,280,107,26320,1,455696509,318,93,34344,1,233196404,158,87,18012,5,301102793,169,52,25181,4,399125857,260,72,33540,2,464070312,263,66,35505,3,450826351,261,67,34974,2,309831207,216,99,22032,4,239992458,177,113,15576,7
r&b,0.67,0.6,117.82,0.46,-6.61,0.14,0.18,0.22,0.01,13938063828,11999,104,1163903,1,3696459035,3269,96,343245,1,206174736,287,109,26404,25,190683563,235,106,22325,16,230926922,249,110,22659,11,275182620,284,106,26980,13,286316338,277,105,26592,5,337205133,285,111,25650,2,366806816,262,102,25938,2,305065202,200,70,26200,3,334397930,234,57,33696,7,367553296,298,75,37548,4,359236724,334,98,34402,5,436909755,324,96,34020,1,4787554125,3873,100,391173,1,318305398,283,99,28866,8,388949734,318,107,29892,2,561678863,360,92,39240,2,561843281,327,72,42183,1,512987518,315,60,44415,2,491847593,396,82,47124,2,496189310,435,97,45240,1,355445001,420,129,30240,9,357270136,387,132,26703,4,254552099,255,124,19635,5,183781946,170,111,15300,3,304703246,207,99,21114,1,3338457021,2899,105,278304,1,294661150,275,107,25850,6,260988649,208,97,21632,7,239448024,216,111,19440,8,335328161,265,102,26235,3,322501297,268,111,24120,5,314138773,235,97,24440,5,330369441,290,100,29290,12,281254820,256,98,26368,14,263129214,255,111,22950,16,240784643,242,108,22506,11,222854529,236,106,22420,11,232998320,153,110,13923,1,2115593647,1958,120,158598,1,86823110,102,140,6222,24,121955874,144,144,8208,45,121178489,148,159,6216,16,146717020,176,142,10384,11,200029898,178,111,16020,8,187721727,181,107,17014,21,236163022,189,90,20979,11,210611294,188,109,17296,17,203725860,195,118,16185,33,179998546,166,103,16268,14,182806298,176,123,13728,2,237862509,115,118,9545,1
dfw rap,0.65,0.64,123.41,0.38,-5.11,0.1,0.15,0.27,0.01,13955113323,9538,83,1125484,1,1874665130,1307,89,146384,1,13605546,33,181,660,108,39781286,54,122,4266,39,56787308,57,111,5130,38,47492809,37,71,4810,35,61660939,53,95,5618,26,78311898,67,111,6030,20,79174131,74,116,6290,22,76501348,87,128,6351,24,218838391,168,104,16296,1,441570236,248,68,32984,1,404889132,234,68,31122,1,356052106,195,66,26325,1,4870932979,3224,76,403000,1,317353561,192,65,26112,1,293877639,201,85,23316,2,372486710,216,76,27000,2,504917220,234,57,33696,1,991264681,594,58,84942,1,552944880,425,88,48025,1,408152920,292,89,32704,9,333961775,248,81,29760,12,240937012,199,84,23283,21,260991937,200,74,25400,4,277448521,210,84,24570,4,316596123,213,90,23643,1,5070359092,3151,78,387573,1,471680267,248,72,31992,1,370131455,208,82,24752,3,375239829,233,81,27960,4,325451013,232,93,25056,7,284179890,217,92,23653,7,216592671,170,89,19040,10,324522543,196,83,23128,2,304368757,199,81,23880,2,1030931888,506,55,73876,1,622976185,417,70,54627,3,403756695,300,85,34800,3,340527899,225,85,26100,3,2139156122,1856,101,185600,4,302716340,209,86,24035,4,278362211,192,86,22080,12,274735500,224,100,22624,14,201244981,189,104,18333,20,187615411,180,112,16020,22,199816801,199,106,18905,27,140654375,135,109,12420,33,113502179,108,101,10800,51,125659130,120,93,12960,51,133412500,131,106,12445,25,104841376,105,115,9030,57,76595318,64,99,6528,45
miami hip hop,0.72,0.57,122.2,0.47,-7.47,0.19,0.18,0.26,0.01,11679288879,10469,105,1005024,1,2865337205,2595,99,264690,2,36116274,64,121,5120,77,57670169,84,103,8232,45,116388602,145,108,13485,41,136565760,143,87,16302,4,285060587,174,79,21228,2,323888953,219,88,24747,2,321615485,192,86,22080,2,322628870,264,102,26136,3,378587490,384,103,37632,7,331853094,344,92,37496,12,300065821,315,109,28980,4,254896100,267,118,22161,6,5465274571,4222,90,468642,1,223545634,262,117,22008,9,143511781,200,135,13200,54,456662302,470,116,39950,3,264579836,253,113,22264,6,176454943,192,112,17088,21,557210069,347,85,40252,1,532788956,367,78,45141,3,493812511,349,79,42578,2,587859791,363,69,47916,1,707124730,462,71,60060,1,654460701,452,74,57404,4,667263317,505,84,59085,3,2100759643,2330,126,174750,11,566570633,514,96,53970,11,344540560,341,113,30008,23,268491573,284,112,25276,41,190962000,227,128,16571,79,209243964,256,136,16640,57,124063308,160,140,9760,70,84652240,114,150,5814,95,60274339,87,160,3567,117,57915235,82,162,3198,118,63328390,91,162,3549,122,60326084,89,170,2759,101,70391317,85,152,4165,70,1247917460,1322,130,93862,4,69871491,90,155,4140,106,68117931,88,156,3960,113,69904799,91,154,4277,113,79292859,107,141,6420,99,66939063,89,138,5607,103,82460024,108,130,7668,66,144902925,123,114,10701,4,168347571,154,107,14476,27,173733952,138,100,13938,13,144924200,133,111,11970,18,107741336,119,135,7854,49,71681309,82,162,3198,114
slap house,0.71,0.65,127.99,0.4,-5.69,0.12,0.2,0.14,0.0,10654975468,8695,94,930365,1,1533153031,1766,101,176600,3,94658456,131,116,11135,26,93602503,124,116,10540,27,95079999,93,103,9114,3,96991540,91,72,11739,24,91872043,104,94,11128,51,184663044,208,97,21632,28,198770473,230,101,23000,28,176939514,191,93,20628,28,123486586,133,82,15827,42,117990913,153,112,13617,29,107709707,125,101,12500,19,151388253,183,115,15738,27,2251726570,1856,105,178176,2,115074707,153,123,11934,40,90134664,105,100,10605,35,73276419,106,135,6996,76,47615026,75,158,3225,118,98667395,115,125,8740,11,112099870,112,117,9408,15,110174721,70,104,6790,11,618867679,426,85,49416,2,239820739,181,92,19729,4,271818898,193,95,20458,3,257346366,178,99,18156,6,216830086,142,106,13490,7,2546642709,1950,89,218400,1,240949552,180,98,18540,6,166027060,133,106,12635,13,112317003,90,81,10800,31,96351026,89,89,9968,24,116484134,106,101,10600,4,170225906,144,93,15552,8,218655144,168,79,20496,6,170143347,163,93,17604,27,247245953,215,104,20855,5,362364722,203,66,27405,1,324788687,211,64,28907,5,321090175,248,100,25048,4,4323453158,3123,87,356022,1,351554971,301,100,30401,20,285626554,239,97,24856,20,258521725,192,99,19584,3,447122848,246,73,31488,1,589641702,314,69,41448,2,497966677,300,61,42000,3,467112115,314,76,39250,4,387077763,298,78,36654,5,315383078,266,88,30058,7,272592082,246,103,24108,19,206956202,200,113,17600,32,243897441,207,115,17802,7
pop r&b,0.65,0.57,110.84,0.39,-7.49,0.14,0.17,0.27,0.05,9951276852,8018,86,922070,3,2278377218,1617,64,221529,3,4946667,12,181,240,167,13460826,28,166,980,135,32508397,31,74,3937,43,49875174,37,59,5254,33,141566029,99,53,14652,25,202100218,138,54,20286,12,243734826,190,65,25840,11,297567538,238,64,32606,12,393825702,234,51,35100,5,378392971,249,66,33615,3,291755347,191,59,27122,9,228643523,170,70,22270,13,3154383572,2726,96,286230,3,191294017,155,69,20460,13,196184511,173,78,21279,13,223037254,196,88,22148,9,204900373,178,99,18156,10,294360929,244,87,27816,14,297368335,265,98,27295,16,310663423,283,103,27734,11,265711477,226,101,22600,3,298552194,264,112,23496,3,392345637,344,107,32336,5,277042508,245,107,23030,10,202922914,153,77,18972,17,3264665106,2407,78,296061,3,252373490,189,80,22869,16,240817702,168,72,21672,16,271509328,188,56,27260,17,432430914,313,72,40377,10,282448561,219,85,25404,7,248534783,175,66,23625,3,353266404,198,60,27918,3,293726491,211,73,27008,3,244359323,193,91,21230,5,240748120,181,83,21358,5,223361787,209,98,21527,13,181088203,163,109,14996,22,1253850956,1268,108,117924,25,179384139,163,101,16300,25,157856978,138,98,14214,27,132311173,124,100,12524,48,117997630,120,95,12720,43,100081934,107,101,10700,53,81260540,90,101,9000,63,76585401,86,125,6536,72,84769150,94,116,7990,81,100456412,112,117,9408,78,111076647,122,121,9760,74,77600950,83,128,6059,56,34470002,29,97,3016,70
modern rock,0.56,0.72,125.21,0.47,-5.78,0.08,0.19,0.14,0.01,9855942337,9747,109,896724,1,2353890060,2450,106,232750,7,174753367,237,97,24648,25,191400164,233,103,22834,17,212393711,237,118,19671,17,164519036,188,113,16544,20,193594618,225,118,18675,18,242096704,261,122,20619,7,250673855,259,121,20720,8,216525321,212,114,18444,11,161665875,117,69,15444,14,190742868,157,84,18369,14,175580979,162,92,17658,17,179943562,162,77,20088,21,3052958482,2865,100,289365,2,179680166,163,76,20375,23,154326488,162,103,15876,39,172671765,197,111,17730,44,180307094,217,119,17794,53,142745765,173,112,15397,74,187674633,233,126,17475,22,279461180,306,112,27234,25,297328683,281,92,30629,13,366486097,288,88,32544,3,442182007,362,98,37286,2,356957154,264,81,31680,3,293137450,219,81,26280,6,2932880307,2622,101,262200,1,322125508,228,71,29640,8,297188883,219,90,24309,5,325374668,294,105,28224,9,298863119,263,105,25248,1,378601421,305,99,31110,2,296882683,245,87,27930,18,275412459,253,96,26565,19,210620915,206,95,21836,29,161213750,180,111,16200,50,139924706,165,123,12870,56,126323046,158,133,10744,48,100349149,106,123,8268,53,1516213488,1810,138,114030,11,101955620,115,129,8280,52,88657835,104,137,6656,82,64766293,74,128,5402,94,107339899,122,115,10492,24,100262579,125,127,9250,75,107242668,149,150,7599,84,111522186,139,144,7923,91,157670210,195,142,11505,54,197334855,246,143,14268,63,194412255,237,144,13509,90,158940469,186,142,10974,72,126108619,118,136,7670,11
uk dance,0.72,0.74,115.81,0.61,-4.99,0.07,0.17,0.19,0.0,10058693157,8171,92,890639,1,3593182995,3005,87,342570,3,260714870,212,66,28620,3,212177368,190,80,22990,5,311769456,242,86,27830,11,362181707,267,86,30705,9,322594894,260,93,28080,10,375046015,315,91,34650,9,455895822,346,85,40136,6,415008478,316,83,37288,5,300470427,227,74,28829,5,203334407,208,95,22048,22,185189538,210,92,22890,21,188800013,212,111,19080,20,3005022990,2155,88,243515,1,231309926,275,121,22000,20,242191440,257,119,21074,11,220497486,194,99,19788,9,263579711,193,101,19300,3,258703196,154,90,17094,1,286817251,133,53,19684,2,327677178,145,47,22330,4,302111834,141,34,23547,8,276755892,151,47,23254,4,245896833,177,73,22656,5,205979715,196,98,20188,12,143502528,139,105,13344,18,2145987343,1894,101,189400,10,190333600,177,92,19293,19,210887458,169,95,17914,16,228762874,186,99,18972,17,211708299,180,104,17460,10,258534515,223,99,22746,11,255535429,240,111,21600,15,231072585,217,123,16926,13,154331110,132,101,13200,18,95932900,79,80,9559,29,86940114,77,75,9702,35,115640094,113,97,11752,31,106308365,101,109,9292,31,1314499829,1117,101,111700,10,132604498,130,122,10270,32,127445311,102,98,10506,27,98912740,93,108,8649,47,91297188,93,100,9393,45,82533846,95,119,7790,62,89234943,101,111,9090,59,88387491,83,98,8549,35,136213308,99,78,12177,11,174073624,135,101,13500,12,132464444,88,95,9328,11,95072897,58,69,7656,14,66259539,40,75,5040,10
rock,0.55,0.7,123.98,0.49,-6.69,0.07,0.2,0.14,0.04,10022696965,10717,119,878794,5,2222939297,2264,107,212816,7,114970882,141,82,16779,25,119428109,148,95,15688,17,144961379,158,113,13904,17,155935091,171,114,14877,15,193281793,234,125,17784,18,227463668,239,124,18403,7,226069238,218,122,17222,8,199766388,182,110,16562,11,167967943,130,80,15730,14,218874122,205,101,20500,14,190209746,192,107,18048,17,264010938,246,88,27798,7,3094197408,3314,115,285004,8,186294534,176,84,20592,23,161196056,175,110,15925,39,179363887,211,118,17513,44,155903799,191,121,15280,56,183645829,227,126,17025,17,162680054,200,126,15000,22,240309598,275,122,21725,25,237738473,286,125,21736,27,234168509,270,127,19980,18,306000111,367,132,25323,22,536290200,495,102,49005,10,510606358,441,101,44100,8,3369745834,3699,126,277425,5,351284034,381,115,32766,22,317843894,336,118,27888,26,348744766,380,119,31160,28,255570077,293,125,22268,40,280588071,319,129,22968,20,291107852,318,127,23532,18,321224202,372,137,23808,19,272397422,336,138,21168,32,235004146,235,126,17625,5,226927698,257,132,17733,19,196424927,237,134,15879,38,272628745,235,111,21150,9,1335814426,1440,133,97920,14,94738322,114,138,7182,67,64294700,72,124,5544,90,56188131,64,125,4864,96,107051111,124,121,9920,24,114011360,146,135,9636,75,111459258,154,148,8162,84,86555486,111,151,5550,91,85076256,111,152,5439,104,66253231,80,135,5280,78,143433986,133,122,10507,17,120055737,123,128,8979,40,286696848,208,118,17264,14
emo rap,0.71,0.56,120.9,0.42,-7.81,0.17,0.18,0.25,0.02,10191975914,9489,109,872988,1,1089438636,1174,106,111530,4,0,0,0,0,0,8973845,17,146,935,121,21405919,30,109,2760,76,25635900,30,82,3570,68,23656812,29,91,3190,83,19555729,29,114,2523,90,15450638,30,151,1500,127,88519840,111,116,9435,24,214025341,234,102,23166,15,211800720,212,93,22896,12,250706914,246,106,23370,4,209706978,206,115,17716,6,5842590854,4640,92,505760,1,225349689,275,124,21175,9,177953458,229,123,17862,54,493343514,506,110,46046,3,322746177,339,122,26781,6,202302770,234,125,17784,21,585652939,388,91,42680,1,566710741,395,84,46215,2,486672266,334,76,41750,2,632967332,377,67,50518,1,706383568,465,68,61845,1,675924563,487,76,60875,3,766583837,611,86,70265,3,2095663681,2345,126,175875,18,560071292,558,100,56358,18,376250237,417,127,30858,37,241463017,254,119,20828,28,170295224,167,114,14529,23,139127088,144,111,12960,25,121639312,138,115,11868,53,100359233,128,138,8064,75,84101612,118,154,5546,116,79089199,112,163,4256,118,82617049,120,165,4320,122,67899394,101,173,2828,101,72751024,88,153,4224,70,1164282743,1330,140,81130,2,69871491,90,155,4140,106,68117931,88,156,3960,113,69904799,91,154,4277,113,79292859,107,141,6420,99,147967307,115,112,10235,2,174484845,155,98,15965,17,139764915,154,125,11704,30,105668439,131,138,8253,84,92977890,124,154,5828,77,76872901,101,159,4242,121,81413255,104,159,4368,113,57946111,70,170,2170,114
chicago rap,0.68,0.61,128.0,0.46,-6.51,0.22,0.2,0.2,0.0,10328507051,8369,98,862007,1,804100166,515,90,57165,2,19435669,41,150,2091,95,24956209,44,139,2728,54,43993167,61,135,4026,26,38285733,54,151,2700,4,164949356,36,39,5832,2,142161507,38,19,6916,2,116465550,37,25,6512,3,80430457,31,12,5859,7,48702756,30,37,4920,25,31071565,31,68,4123,46,37613182,50,105,4800,68,56035015,62,92,6758,54,2529817456,1956,92,213204,1,54210465,62,96,6510,53,44621022,56,117,4704,61,51707905,72,132,4968,80,86846393,93,106,8835,32,152648632,150,96,15750,11,431745303,283,78,34809,1,257463165,185,85,21460,3,306970889,186,80,22506,2,333109908,174,60,24534,1,319282638,233,87,26562,1,260269833,232,98,23896,4,230941303,230,119,18860,11,2425224070,2186,101,218600,2,190948024,216,124,16632,21,134830234,126,110,11466,19,315374678,291,105,27936,11,142474278,145,101,14500,58,177875772,171,99,17442,7,190711387,168,99,17136,16,174930704,154,90,17094,12,142761692,153,100,15453,46,101184522,125,129,9000,67,310977114,204,82,24276,3,218229224,195,97,20280,9,324926441,238,90,26418,2,4569365359,3712,100,374912,2,257600179,171,89,19152,3,223404264,160,94,17120,7,242456019,212,108,19716,13,232989038,238,113,20944,7,244136261,245,109,22540,18,229469210,256,108,23808,31,839733834,624,95,66144,2,604314425,470,99,47940,2,559710656,442,102,43758,4,444989789,313,82,37247,6,365193236,303,101,30300,11,325368448,278,109,25576,35
pop rock,0.6,0.63,119.39,0.48,-6.82,0.06,0.16,0.27,0.01,9336781767,8404,107,789976,2,2054076872,2358,113,207504,4,219003944,283,113,24904,5,193549083,249,117,20916,12,202788885,214,110,19474,18,149916974,159,106,15105,17,139828640,185,120,14985,29,142245907,213,128,15549,55,144602508,228,131,15960,55,123896476,171,123,13338,39,176704305,152,82,18088,10,194162699,169,91,18590,4,193967613,183,116,15555,5,173409838,152,102,15048,7,2395572419,1823,97,189592,2,146613449,137,100,13837,8,80053693,93,134,6231,25,71585759,88,119,7216,47,72199695,109,152,5341,90,60184624,91,158,3913,66,203407001,160,99,16320,2,258179763,220,113,19360,2,297072900,211,88,23843,2,339235336,193,72,24897,3,341077752,187,66,25245,2,273337753,173,79,21106,3,252624694,161,66,21735,6,2680411354,2139,95,226734,2,243182383,177,88,20001,8,236930719,168,97,17472,5,234815125,155,69,20460,9,264079039,195,80,23595,15,241205533,203,89,22736,19,206005677,178,86,20470,30,183502519,180,101,18000,41,165153102,180,111,16200,45,158673970,172,116,14620,17,219079144,160,97,16640,3,257032093,190,106,18050,2,270752050,181,100,18281,3,2206721122,2084,120,168804,4,227775791,151,92,16459,4,183942757,136,98,14008,12,164186150,136,110,12376,21,161627990,148,106,14060,26,170507506,148,94,15836,30,209781376,213,117,17892,30,194862444,204,125,15504,44,221197158,264,136,17160,57,175131197,218,145,12208,63,170515243,202,142,11918,61,131781202,141,130,10011,24,195412308,123,104,11931,5
gangster rap,0.75,0.63,124.04,0.43,-6.18,0.22,0.22,0.12,0.0,8710294285,8126,107,763844,1,2712373844,2646,110,240786,2,122239812,171,135,11286,9,99577197,158,139,9796,31,107872261,146,136,9490,15,98498361,152,135,10032,34,114694698,109,112,9701,15,200128083,181,102,17919,5,269727844,225,91,24750,3,343575812,309,93,33372,3,352406906,311,95,32966,5,372731573,358,112,31862,2,363359399,332,117,27888,2,267561898,194,89,21728,2,2207673855,2149,105,206304,1,283075746,223,100,22523,1,264232630,213,91,23430,2,249866893,229,95,24274,12,211042024,198,98,20394,16,225166663,231,103,22638,18,171878191,208,119,17056,26,108387253,146,136,9490,54,96792127,119,124,9163,11,187330410,178,102,17622,9,181094503,187,110,17017,23,123887115,117,93,12636,34,104920300,100,103,9800,41,2304030550,1792,93,193536,2,101486885,95,85,11020,38,82489521,85,111,7650,47,95588064,109,123,8502,44,106321818,129,135,8514,47,114275816,125,143,7250,4,200064716,122,78,15006,4,381879449,201,59,28542,2,336041924,227,84,26559,4,301309694,203,83,23954,3,274995641,211,77,26164,7,172399499,154,85,17864,24,137177523,131,112,11659,11,1486216036,1539,119,126198,7,187354370,187,113,16456,16,112628338,117,112,10413,20,105327327,120,129,8640,52,102929230,121,111,10890,62,132291673,162,131,11340,14,130390912,178,139,11036,66,176033582,162,118,13446,12,171606350,149,107,14006,26,151329717,129,103,12642,7,134440322,119,92,12971,20,53970500,61,134,4087,86,27913715,34,176,850,121
indie poptimism,0.62,0.67,119.36,0.41,-5.74,0.07,0.18,0.19,0.01,8253872310,7971,107,749274,2,2292319941,2830,113,249040,2,418458757,443,90,49173,2,307044571,354,103,34692,10,229764252,278,115,23908,18,190006264,244,122,19276,27,177606251,221,115,19006,35,170427344,217,114,18879,28,152399186,207,111,18630,19,134143603,209,126,15675,39,116579085,175,134,11725,46,130513238,169,117,14196,42,121105758,175,127,12950,56,144271632,138,109,12696,9,1932432894,1631,99,166362,3,142167688,126,111,11340,6,91980793,86,117,7224,11,78829687,86,108,7998,29,99994090,115,108,10695,53,126446675,163,128,11899,56,85069647,115,129,8280,62,113226493,115,110,10465,11,246796186,183,80,22143,3,244495451,166,73,21248,3,264758215,181,79,22082,5,241846020,175,91,19250,4,196821949,120,89,13440,3,2235895937,1881,100,189981,3,227818929,140,96,14700,3,188703854,122,93,13176,6,244593134,192,101,19200,11,272660618,186,88,21018,3,273059479,190,71,24700,10,197247152,180,87,20520,40,150190220,155,104,15035,58,141784856,168,120,13608,64,186378651,174,109,16008,8,160943289,169,115,14534,25,97307186,102,101,10200,35,95208569,103,126,7725,44,1793223538,1629,116,138465,3,170060060,155,118,12865,16,134077936,111,107,10434,18,168787940,134,107,12596,16,161707566,127,99,12954,10,204064177,142,88,16046,13,160601383,124,98,12772,14,185472991,131,85,15196,3,173092383,183,118,15189,43,186628582,214,129,15408,38,141700942,171,143,9918,50,94577293,120,158,5160,68,12452285,17,188,221,141
colombian pop,0.74,0.72,126.19,0.74,-4.78,0.1,0.19,0.22,0.0,7703628331,8120,109,747040,11,1703260591,2246,118,186418,11,123395639,125,84,14625,11,109597368,111,88,12543,14,123175665,160,130,11360,26,138923360,213,142,12567,35,127518863,200,137,12800,57,144756684,229,134,15343,69,158919869,226,118,18758,44,164194384,231,121,18480,38,141357935,195,126,14625,43,138140505,180,112,16020,52,155743189,178,91,19580,40,177537130,198,99,20196,34,1988218947,2103,106,199785,12,235957888,259,101,25900,30,231658419,250,107,23500,24,211676480,239,117,20076,24,157523666,170,113,14960,28,145336127,176,114,15312,60,129122833,160,111,14400,62,175531416,189,99,19278,31,189317583,183,103,17934,13,169478616,167,112,14863,15,128188041,108,85,12528,12,110210956,105,100,10605,22,104216922,97,98,9991,37,2106637197,2100,110,191100,15,156325727,156,103,15288,33,210158555,211,118,17513,28,280247362,260,103,25480,25,241243072,208,94,22256,15,195494733,184,99,18768,18,191821232,202,116,17170,27,165490582,174,112,15486,48,164007765,176,107,16544,30,181858090,193,127,14282,24,143422006,148,116,12580,29,99635852,106,108,9858,51,76932221,82,121,6560,72,1905511596,1671,101,167100,21,131608495,142,124,10934,46,126122419,138,135,9108,37,35244255,36,114,3132,73,112209318,116,114,10092,28,90193717,71,71,9230,37,75139748,66,73,8448,54,147667842,135,102,13365,26,174668197,163,108,15159,21,194812497,186,110,16926,22,278613065,228,97,23712,23,266543709,193,78,23739,21,272688334,197,85,22852,29
conscious hip hop,0.69,0.68,123.28,0.49,-6.53,0.25,0.21,0.19,0.0,8186213501,6814,98,701842,1,3557122688,2871,92,312939,1,217101037,259,104,25123,5,137502114,174,117,14616,12,116179891,161,133,10948,11,644396070,418,82,49742,1,653560107,464,97,48256,2,402830575,256,80,30976,2,316541309,235,81,28200,3,252826608,196,67,26264,7,256386737,182,70,23842,5,233180321,209,99,21318,3,169975013,161,95,17066,12,156642906,156,97,16224,21,2779887236,2484,103,243432,1,227394444,206,85,23896,12,439835601,328,85,38048,2,553461137,445,86,51175,3,525486631,416,92,45344,2,266347266,296,111,26640,31,173136561,224,128,16352,39,106084894,120,118,9960,3,166697859,117,110,10647,2,143454546,127,125,9652,1,115959978,112,109,10304,4,41982453,64,167,2176,110,20045866,29,177,696,112,1387599904,1113,98,114639,2,94711692,84,142,4956,2,140196197,99,110,9009,5,88708560,48,66,6480,9,88099598,67,82,7973,23,205972237,120,65,16320,2,217425618,153,69,20196,8,198851589,166,92,18094,12,115903965,104,85,12064,27,79075426,77,112,6853,33,58869867,65,112,5785,54,58417185,78,145,4368,80,41367970,52,159,2184,103,461603673,346,115,29756,4,39852400,54,168,1782,134,14488277,21,192,189,181,5096954,7,185,112,131,23034293,31,138,1953,107,14587051,22,172,638,142,14542803,14,108,1302,19,43050047,39,114,3393,21,16289533,23,166,805,136,68853470,40,111,3600,4,97816297,33,18,6039,6,74969847,31,21,5580,11,49022701,31,61,4340,35
viral pop,0.64,0.59,125.08,0.49,-6.84,0.09,0.17,0.31,0.02,7971790524,6617,103,648466,1,2703709525,2493,97,259272,5,178760808,186,74,23622,21,132043114,189,114,16443,38,101312672,162,137,10368,75,109024377,149,124,11473,15,230500154,180,96,18900,5,326019506,234,87,26676,5,341981489,275,92,29975,7,359229720,299,95,31694,7,275044525,230,97,23920,12,259421776,220,85,25520,14,216184511,197,90,21867,15,174186873,172,94,18404,19,1451461265,1669,121,133520,4,176492446,186,99,18972,25,112461667,142,118,11786,57,132269916,142,114,12354,4,155750233,165,123,12870,17,253351694,252,110,22932,12,179104031,194,111,17460,24,60430635,83,136,5395,79,66583767,85,120,6885,42,98705053,118,123,9204,44,127212379,177,143,10266,83,75717459,107,153,5136,81,13381985,18,168,594,112,2421550883,1393,96,146265,1,38859426,48,148,2544,30,97687659,79,102,7821,18,122441235,97,98,9991,17,122168605,90,73,11520,26,238430258,156,87,17784,3,285008282,166,89,18592,1,438333903,191,99,19482,1,331936044,152,100,15352,1,242441317,109,90,12099,1,186789027,102,96,10710,1,160903747,99,82,11781,5,156551380,104,119,8528,3,1395068851,1062,98,109386,6,146728124,102,115,8772,9,123250293,92,110,8372,17,75727589,57,105,5472,31,89454664,88,117,7392,34,68598056,67,124,5159,45,52739844,45,95,4770,41,45725868,33,61,4620,42,47478046,43,90,4773,53,115837168,117,110,10647,49,191186028,134,84,15678,12,209071592,136,81,16320,6,229271579,148,82,17612,8
house,0.71,0.74,121.48,0.57,-5.29,0.09,0.19,0.16,0.0,7307280957,6219,97,646776,1,1723425233,1589,95,168434,5,145708975,166,91,18260,23,110864135,122,79,14884,14,189326315,156,88,17628,13,202860809,177,96,18585,12,162058862,152,103,14896,16,177783910,172,96,18060,9,252381925,195,90,21645,6,204227214,181,103,17738,5,133309782,108,89,12096,5,71695937,73,112,6497,22,37573655,39,80,4719,42,35633714,48,130,3408,60,2599610810,1790,80,216590,1,64486571,95,146,5225,52,120418179,120,123,9360,11,132013329,85,75,10710,9,190187343,85,42,13515,3,266965378,164,82,19516,1,267205666,147,58,21021,2,263426528,147,68,19551,4,244938706,144,58,20592,9,316641507,176,47,27104,4,287552563,198,63,27324,5,250001102,233,92,25397,12,195773938,196,117,16464,18,2094049187,1978,108,183954,10,259868926,239,101,23900,18,242788935,189,91,20790,16,243513978,184,81,22080,17,211013321,168,90,18648,10,207914573,188,106,17860,11,197652434,211,120,17091,19,168259412,194,141,11640,35,101304290,116,132,8004,41,71777202,79,113,6952,53,132496481,143,106,13585,39,155475564,163,106,15485,31,101984071,104,128,7592,31,890195727,862,108,80166,11,121230391,122,132,8418,32,125146340,102,106,9690,27,77697635,63,74,8001,47,70697982,63,72,8127,45,62134364,64,90,7104,62,78894244,85,97,8840,59,64526393,64,103,6272,59,79820382,78,104,7566,11,102396684,117,130,8307,36,24978808,35,185,560,111,32164936,31,109,2852,68,50507568,38,94,4066,22
australian pop,0.61,0.66,117.24,0.45,-5.69,0.07,0.17,0.2,0.01,7596678399,5736,92,625224,1,1456313660,1250,85,145000,3,97704279,139,103,13622,27,66354712,96,100,9696,60,58972086,101,148,5353,65,17456388,30,137,1920,123,25714384,37,134,2479,28,125545858,87,71,11310,17,132446305,92,70,12052,19,145081080,107,66,14445,19,191412502,116,42,18444,5,205831014,134,58,19162,3,202881623,150,75,18900,6,186913429,161,94,17227,14,2386293275,2132,93,230256,9,213990152,190,79,23180,18,214513192,170,70,22270,11,210855056,159,73,20352,9,196510356,161,87,18354,12,262031560,257,108,23901,17,237819581,221,91,24310,17,169089870,187,109,17204,35,146702154,148,93,15984,23,188216272,161,97,16744,12,227227822,198,98,20394,12,174533242,147,92,16023,18,144804018,133,109,12236,30,1995516102,1349,96,141645,1,142006624,137,106,13015,26,142979566,111,90,12321,18,170329602,125,81,15000,17,139622621,119,95,12614,26,127508142,95,59,13490,25,122312551,122,92,13298,50,119409684,133,115,11438,50,143056055,124,101,12400,7,176110025,109,111,9810,2,214133419,79,92,8611,1,233497133,93,88,10509,1,264550680,102,108,9486,1,1758555362,1005,96,105525,1,274404366,102,105,9792,1,240097272,88,76,11000,1,209245694,100,93,10800,3,169904457,105,103,10290,5,161111771,121,113,10648,7,125482296,88,94,9416,8,102482763,64,94,6848,9,83823374,54,84,6318,11,90613187,71,94,7597,23,76874186,60,93,6480,31,68852118,59,105,5664,38,155663878,93,86,10695,9
canadian contemporary r&b,0.59,0.62,125.16,0.37,-6.96,0.12,0.19,0.22,0.01,8007263702,5662,91,622820,1,2586589699,2270,94,242890,1,403651767,390,107,36660,1,289559877,242,91,26620,7,342352485,251,84,29367,5,263337536,191,79,23302,7,252972184,195,83,23010,6,187054732,156,82,18564,10,161088848,172,91,18920,22,133172969,155,95,16430,20,168684259,136,86,15640,5,162317918,148,106,14060,3,120860239,120,115,10320,12,101536885,114,123,8892,21,1401722351,1122,103,109956,1,86885641,114,134,7638,34,143158105,117,114,10179,3,168994571,120,100,12120,1,345271184,234,84,27378,1,110949483,97,101,9700,15,73332564,86,126,6450,35,32460915,44,130,3124,90,65201033,52,102,5148,9,155544729,108,102,10692,4,108818564,70,101,7000,5,57932541,34,45,5304,12,53173021,46,95,4876,18,680499814,586,111,52740,2,119906421,94,83,11092,12,81067050,78,95,8268,40,61250271,70,118,5810,54,62961521,67,120,5427,24,59456749,74,136,4810,52,22061524,32,168,1056,133,16598944,25,180,525,130,13296854,21,187,294,172,0,0,0,0,0,0,0,0,0,0,43110688,30,126,2250,2,200789792,95,64,13015,3,3338451838,1684,71,218920,1,226301985,93,42,14787,3,287119522,115,69,15180,1,579283251,277,70,36287,1,392860250,198,70,25938,1,306036357,152,79,18544,1,229615638,94,41,15040,1,214485613,93,50,14043,3,257015467,122,51,18300,3,242372308,150,70,19650,5,193700933,126,88,14238,6,221410316,150,96,15750,8,188250198,114,104,11058,2
alt z,0.64,0.63,121.13,0.45,-6.38,0.08,0.16,0.29,0.0,6395497658,6544,109,602048,9,1834695638,2130,108,198090,9,229271077,290,93,31320,20,226107184,277,103,27146,9,205602564,229,116,19465,9,170454721,180,107,16920,15,160846833,136,85,15776,18,134687994,116,86,13340,21,125712601,117,80,14157,19,132557812,175,118,14525,29,103948731,165,142,9735,51,95448197,151,134,10117,72,128482508,165,118,13695,21,121575416,129,112,11481,20,1101247738,1270,118,105410,20,127705221,127,102,12573,20,120151989,121,101,12100,24,139438071,150,105,14400,32,148201529,190,128,13870,53,88774349,112,122,8848,55,66222041,101,152,4949,95,53680844,80,154,3760,41,97637565,84,75,10584,27,81061458,77,88,8701,38,88408820,108,121,8640,70,79052488,106,143,6148,79,10913363,14,169,448,76,1139616952,1136,112,101104,21,86838436,98,130,6958,28,129130382,125,110,11375,27,98248600,89,107,8366,31,121647825,91,82,10829,21,124075021,113,90,12543,38,103164092,117,113,10296,73,74774719,84,121,6720,28,95559449,87,95,9222,26,72421855,65,89,7280,32,72539793,67,94,7169,37,84929013,104,134,6968,43,76287767,96,160,3936,80,2319937330,2008,104,194776,10,107510612,114,123,8892,56,109149896,114,128,8322,33,187354833,152,102,15048,16,266464316,239,106,22705,10,292305033,237,98,24411,13,240830224,211,102,20889,14,168226721,140,95,14840,18,154874753,148,100,14948,35,240803268,224,111,20160,14,231284601,181,95,19186,12,193166957,149,92,16241,12,127966116,99,111,8910,20
pop edm,0.65,0.76,117.82,0.49,-4.82,0.08,0.17,0.12,0.03,5519129317,5314,100,536714,6,2211484152,2614,107,245716,20,368636055,469,100,47369,20,299700056,362,108,33666,22,210500184,223,96,23415,27,191581929,217,97,22568,27,199411199,183,86,21045,24,209687647,219,109,20148,21,197494936,217,101,21700,24,196100878,224,101,22400,29,129283266,164,109,15088,47,104508752,166,136,10790,76,64563041,104,141,6240,102,40016209,66,169,2112,82,1377419323,1096,91,120560,6,58431136,88,156,3960,19,100136923,75,89,8400,9,157069343,94,67,12596,6,181865721,117,77,14508,8,166597125,125,75,15750,12,153343021,118,79,14396,15,180032840,132,90,14652,11,136129574,95,72,12255,14,86930605,73,82,8687,28,62808537,62,83,7316,53,49170337,60,122,4740,89,44904161,57,152,2793,58,654286152,651,119,53382,12,60861155,81,146,4455,70,58209843,77,155,3542,96,33774802,46,156,2070,135,23618138,33,158,1419,139,22343339,31,157,1364,142,31201605,43,156,1935,70,55890284,61,121,4880,57,45885623,57,133,3876,80,58766895,58,87,6612,42,96461054,62,48,9486,14,95782374,60,67,8040,12,71491040,42,71,5460,16,1275939690,953,80,115313,6,75255907,49,86,5635,20,55705601,35,64,4795,28,52300238,42,80,5082,51,96875696,87,80,10527,40,109401942,91,81,10920,24,150590570,107,61,14980,12,190962450,124,67,16616,8,192118470,135,74,17145,6,133480795,102,92,11118,13,85756191,62,76,7750,22,67762671,59,100,5959,38,65729159,60,124,4620,37
urban contemporary,0.64,0.64,116.85,0.46,-6.09,0.12,0.17,0.23,0.0,6072278237,5652,111,508680,1,2298436230,2276,105,218496,1,175548988,247,107,23218,25,179981227,233,114,20271,16,226883094,269,118,22327,22,210029424,205,97,21320,4,170613961,197,101,19700,30,240481122,232,121,18560,2,291344080,209,105,20064,2,239374091,159,82,18921,3,164035406,124,74,15748,7,116784315,130,110,11830,34,104279509,135,115,11610,17,179081013,136,95,14416,1,1411378420,1280,106,121600,1,74041254,96,117,8064,63,101053620,116,126,8700,13,158722544,131,105,12576,9,160680134,100,66,13500,10,121600265,63,27,10962,14,170752847,131,75,16506,4,139368829,142,92,15478,33,96653412,137,139,8494,44,73281906,103,144,5871,62,60979436,75,118,6225,70,73300041,81,131,5670,12,180944132,105,114,9135,1,1423754372,1110,94,118770,1,86211820,53,97,5512,6,93989960,42,68,5586,7,93655798,47,67,6298,8,110507750,70,64,9590,14,73969035,63,103,6174,26,59270633,53,101,5300,28,116521510,100,93,10800,25,118740458,104,85,12064,33,130803327,115,87,13110,36,131612793,129,97,13416,35,171186138,177,103,17346,11,237285150,157,117,13188,1,938709215,986,148,52258,1,74589649,93,147,5022,98,68393016,87,152,4263,113,91034664,114,164,4218,16,105856577,121,133,8228,26,85489908,117,153,5616,78,67892104,99,158,4257,66,38910663,57,175,1482,143,37722007,54,171,1620,58,22458627,31,165,1116,147,38232972,49,158,2107,101,97617294,86,129,6192,2,210511734,78,97,8112,1
trap boricua,0.75,0.73,125.39,0.62,-4.51,0.12,0.17,0.31,0.0,5588513678,4947,99,504594,2,209995153,329,127,24346,86,3134044,7,169,224,146,17597026,27,106,2565,91,22799176,31,103,3038,89,22648601,30,96,3150,86,22220842,29,100,2929,88,20768238,29,102,2871,91,21489762,31,102,3069,92,26966282,47,141,2820,100,20351638,37,154,1739,126,16624596,31,160,1271,141,15394948,30,175,780,159,0,0,0,0,0,919244114,908,104,88076,13,0,0,0,0,0,0,0,0,0,0,0,0,0,0,0,0,0,0,0,0,0,0,0,0,0,0,0,0,0,0,11207939,20,181,400,151,51687018,75,139,4650,45,154276829,136,88,15368,17,176642427,155,85,17980,13,243696343,253,107,23782,13,281733558,269,105,25824,24,2751667681,2126,86,244490,2,326734446,294,88,33222,14,304178196,252,100,25452,10,238009682,186,85,21576,9,203722028,169,84,19773,22,190047686,167,87,19038,24,150065117,153,110,13923,31,155770974,123,106,11685,2,291499328,158,82,18802,2,250808523,144,63,19872,3,214575558,150,76,18750,7,231323278,177,68,23541,12,194932865,153,83,18054,24,1707606730,1584,107,148896,12,213348922,172,81,20640,20,240474821,202,84,23634,33,200069545,212,123,16536,42,108415240,149,146,8195,92,86694644,111,143,6438,51,159450635,156,109,14352,22,186549128,153,104,14841,14,126578316,96,92,10464,12,106451041,83,76,10375,21,103785045,97,110,8827,34,95605668,93,113,8184,55,80183725,60,96,6300,25
progressive electro house,0.65,0.77,116.19,0.47,-4.42,0.07,0.19,0.12,0.04,5780955985,4446,92,484614,2,823027019,486,68,64638,3,7378139,14,125,1064,109,6963890,16,188,208,133,894217,2,185,32,179,0,0,0,0,0,0,0,0,0,0,0,0,0,0,0,1605850,3,154,141,113,53540355,52,99,5304,14,123016547,86,88,9718,8,170090296,115,83,13570,4,240548609,104,36,17160,3,218989116,94,17,17296,3,2273752478,1614,83,190452,2,222118345,112,35,18592,4,206891139,118,41,18880,7,332331955,185,37,30340,3,290179917,185,58,26455,4,233639850,192,91,21120,7,145884746,143,105,13728,12,104431526,123,130,8733,34,98923960,105,124,8085,13,174454432,129,98,13287,3,210077530,153,112,13617,2,141038902,95,108,8835,3,113780176,74,92,8066,6,1610099052,1412,102,139788,5,149377841,133,129,9576,8,184823333,154,126,11550,5,156843711,101,86,11615,9,145348977,94,72,12126,17,155129169,127,97,13208,19,141853628,118,81,14160,28,181465710,152,80,18392,26,159193823,155,87,17670,38,125095644,138,111,12420,52,86305443,98,114,8526,56,79944478,98,129,7056,48,44717295,44,110,4004,53,1074077436,934,105,89664,2,59925073,67,130,4757,52,33051044,35,110,3185,82,28221433,31,118,2573,94,44080052,55,118,4565,99,104400952,88,94,9416,19,71399020,61,79,7442,32,189426070,107,68,14231,2,164732634,124,85,14384,8,151028027,139,112,12371,19,121090672,121,126,9075,34,67113223,67,125,5092,51,39609236,39,131,2730,89
atl trap,0.8,0.58,127.28,0.43,-6.93,0.24,0.18,0.11,0.0,5761733505,4672,99,476544,1,684243246,455,101,45500,2,15327554,31,139,1922,118,12979957,27,164,999,149,47450391,45,110,4095,15,41913642,63,126,4725,59,5837435,11,163,418,112,2599104,5,173,140,88,3654993,7,149,364,101,49148809,40,81,4800,10,100622550,56,83,6608,5,140806769,83,93,8964,2,146307202,56,89,6272,2,117594840,31,3,6138,2,1309138491,944,75,118944,1,119147905,31,2,6169,1,87997559,34,22,6086,2,73636366,33,24,5841,12,58177551,34,49,5168,19,84253509,48,31,8160,12,95246662,60,40,9660,15,80390205,62,53,9176,32,78779008,78,82,9282,45,95953485,91,80,11011,16,213788200,189,93,20412,12,156950090,140,98,14420,4,164817951,144,110,13104,10,1869601888,1535,102,151965,2,117220384,108,110,9828,17,74577415,68,108,6324,28,66743978,70,111,6300,47,49896653,60,130,4260,82,71804688,71,132,4899,4,114121733,95,110,8645,8,248189965,156,96,16380,2,267427254,198,99,20196,4,310565565,213,82,25347,3,228472457,201,100,20301,7,174868700,162,92,17658,24,145713096,133,112,11837,4,1898749880,1738,110,158158,6,242283470,233,103,22834,32,209660863,209,106,19855,20,135249294,151,130,10721,52,55096094,68,120,5508,62,81846846,100,133,6800,14,140099453,172,121,13760,38,217666912,209,114,18183,9,208085387,185,112,16465,13,204412883,141,103,13818,7,220540136,148,88,16724,6,105655908,65,78,7995,12,78152634,57,104,5529,26
progressive house,0.66,0.74,117.12,0.47,-4.94,0.06,0.18,0.19,0.02,5146108241,4214,94,450898,1,2251600575,1887,88,213231,5,131172724,98,40,15778,14,179609821,128,67,17152,5,233447484,158,71,20540,7,222787057,180,84,21060,12,202783078,177,97,18408,16,265792386,220,83,25960,9,328342760,237,78,29151,6,245291362,186,80,22506,5,166448724,149,98,15347,5,121450250,150,121,12000,22,68937228,94,124,7238,42,85537701,110,128,8030,47,1788455989,1265,87,144210,1,102897817,132,133,8976,40,87659169,121,144,6897,52,86263408,96,115,8256,24,157662180,77,58,11011,3,167785351,62,26,10850,1,177805569,76,44,11932,2,194961867,92,62,12788,4,190760566,125,69,16500,9,226926677,158,73,20224,4,183884633,140,87,15960,5,132268415,118,93,12744,12,79580337,68,86,7820,18,1023459258,972,109,89424,18,117946026,91,65,12376,19,131339894,107,86,12305,20,154646801,138,98,14214,21,99224788,99,104,9603,38,126078840,124,109,11408,20,128880311,120,117,10080,18,112749028,115,138,7245,19,65823735,69,125,5244,32,24517541,30,127,2220,80,6072400,9,184,153,154,41644760,52,129,3744,61,14535134,18,153,864,67,82592419,90,141,5400,11,30323372,41,168,1353,101,6070194,8,174,216,96,0,0,0,0,0,1861595,3,194,21,185,934557,1,102,99,102,0,0,0,0,0,0,0,0,0,0,9173111,4,24,708,11,31660401,30,104,2910,36,687932,1,192,9,192,0,0,0,0,0,1881257,2,173,56,158
brostep,0.67,0.75,123.32,0.47,-4.27,0.09,0.23,0.1,0.0,5376091507,3911,88,441943,2,643118036,312,41,49920,3,2227158,5,169,160,109,0,0,0,0,0,0,0,0,0,0,0,0,0,0,0,0,0,0,0,0,0,0,0,0,0,2509058,4,122,316,73,65285633,52,57,7488,14,110449133,60,39,9720,8,120638829,68,69,8976,4,178672975,60,8,11580,3,163335250,63,14,11781,3,2166837282,1435,81,172200,2,159800245,81,42,12879,4,152255954,84,41,13440,7,247513001,123,31,20910,3,203532449,120,56,17400,4,185594480,148,91,16280,7,172986920,136,88,15368,12,172882661,124,95,13144,11,174181551,133,98,13699,13,193479370,127,84,14859,3,216077088,150,103,14700,2,155504956,109,102,10791,3,133028607,100,112,8900,6,1450762208,1218,97,126672,5,155511507,140,127,10360,8,180423158,149,127,11026,5,147203327,87,71,11310,9,145348977,94,72,12126,17,139637369,105,84,12285,19,131895287,106,72,13674,28,165682197,133,71,17290,26,127398237,124,91,13640,38,97953042,108,115,9288,52,62296314,67,103,6566,56,62091106,73,118,6059,48,35321687,32,91,3520,53,1115373981,946,102,93654,2,37103482,37,105,3552,52,28764229,29,95,3074,82,28221433,31,118,2573,94,25023256,30,106,2850,99,85044219,62,74,7874,19,70767403,60,77,7440,32,214793109,136,80,16456,2,168009275,129,89,14448,8,151028027,139,112,12371,19,125382909,127,129,9144,34,97003545,96,120,7776,51,84233094,70,106,6650,22
etherpop,0.62,0.65,119.86,0.39,-5.81,0.07,0.17,0.13,0.0,5029794802,4178,98,430334,2,854744385,733,78,90159,2,89168674,32,9,6144,2,65237967,28,18,5124,10,58450487,31,32,5239,18,78618940,56,48,8568,27,81650416,63,54,9261,35,94320546,89,82,10591,28,63652641,62,64,8494,46,49928083,62,87,7068,63,49266250,76,128,5548,86,59314547,81,115,6966,57,50044099,63,102,6237,60,115091735,90,80,10890,9,1245670626,860,89,96320,3,123436290,93,90,10323,6,86008173,75,106,7125,11,62217604,62,94,6634,29,45261787,61,128,4453,79,34961933,55,166,1925,149,19395638,30,151,1500,127,62633498,50,91,5500,11,117973247,62,70,8122,3,118513894,60,70,7860,3,198660462,102,53,15096,5,202607735,119,65,16184,4,174000365,91,70,11921,3,1815443646,1467,93,158436,3,196589797,94,61,13160,3,171714527,98,75,12348,6,163429251,121,93,13068,12,177479088,108,72,13932,3,201880115,138,68,18354,10,157715097,146,91,16060,45,121404137,124,104,12028,58,107191854,122,111,10980,64,168338614,147,96,15435,8,159049756,166,114,14442,25,97307186,102,101,10200,35,93344224,101,125,7676,44,1113936145,1118,125,84968,3,170060060,155,118,12865,16,134077936,111,107,10434,18,109707559,106,125,8056,35,81442366,97,125,7372,47,118406308,108,109,9936,19,87508478,90,122,7110,32,126666019,100,101,10000,3,93697678,106,127,7844,54,70641915,86,141,5160,38,70533312,90,154,4230,74,41498590,56,172,1624,131,9695924,13,186,195,141
north carolina hip hop,0.78,0.61,123.74,0.54,-6.68,0.29,0.17,0.18,0.0,4838919591,3424,88,386912,1,84922700,160,144,9120,54,55542536,104,139,6448,54,23378028,44,148,2332,82,6002136,12,167,408,139,0,0,0,0,0,0,0,0,0,0,0,0,0,0,0,0,0,0,0,0,0,0,0,0,0,0,0,0,0,0,0,0,0,0,0,0,0,0,0,0,0,0,0,0,0,360180850,273,93,29484,2,0,0,0,0,0,0,0,0,0,0,0,0,0,0,0,236203096,129,62,17931,2,96720173,104,110,9464,31,16938846,25,144,1425,86,0,0,0,0,0,5357343,8,151,400,93,4961392,7,142,413,81,0,0,0,0,0,0,0,0,0,0,0,0,0,0,0,1707812751,1424,92,155216,2,36855664,8,3,1584,2,85892814,32,29,5504,5,75787137,31,14,5797,9,58683929,36,53,5328,23,114958477,71,48,10863,4,153890384,96,46,14880,8,162999459,142,85,16472,26,142999935,134,88,15142,27,247224994,204,84,23868,6,241648215,260,106,24700,34,184922460,229,130,16259,35,201949283,181,121,14480,16,2686003290,1567,77,194308,1,278726266,220,102,21780,14,197541561,162,100,16362,21,139240991,129,108,11997,40,181844242,158,90,17538,9,194397271,107,104,10379,1,216288995,101,97,10504,1,312731766,127,55,18542,1,257641941,103,33,17304,2,237327571,93,23,16554,8,250031161,123,43,19434,6,219592973,123,52,18327,12,200638552,121,71,15730,14
queens hip hop,0.75,0.68,127.36,0.51,-5.4,0.21,0.2,0.13,0.0,4148156104,3316,88,374708,2,1257160193,1145,88,129385,5,60972274,36,23,6408,17,96826171,74,64,10138,16,130083979,116,79,14152,22,134475001,94,64,12878,13,140634051,98,75,12348,5,151083430,113,86,12995,5,115351582,102,86,11730,16,108452064,126,110,11466,19,95130581,110,98,11330,37,76048158,101,107,9494,36,92400001,111,111,9990,30,55702901,64,105,6144,50,1344607385,1180,96,123900,2,57438330,66,109,6072,30,43816581,55,127,4070,41,27626327,41,141,2460,94,62132888,61,114,5307,12,78010244,62,67,8308,15,104392510,102,94,10914,21,138740697,104,83,12272,2,256941414,207,97,21528,2,169945737,129,88,14577,5,149032137,120,75,15120,19,146131263,128,100,12928,4,110399257,105,102,10395,23,400013909,330,103,32340,3,72676412,94,137,6016,84,19471287,27,170,837,98,0,0,0,0,0,0,0,0,0,0,0,0,0,0,0,14562253,16,110,1456,55,53604753,45,102,4455,10,41101921,39,90,4329,28,29392295,32,100,3232,58,3756815,5,156,225,128,61608859,41,58,5863,13,103839314,31,11,5890,3,1146374617,661,66,89235,3,164302725,41,32,6929,3,132521971,36,30,6156,4,99724467,31,11,5890,5,65369154,30,23,5340,18,108228760,64,44,10048,22,109044930,79,59,11218,25,125305587,83,67,11122,12,102476850,71,60,10011,26,75962903,61,65,8296,40,65756914,62,89,6944,62,53072907,60,132,4140,97,44607449,43,130,3053,66
hip pop,0.74,0.67,119.45,0.51,-5.58,0.18,0.19,0.14,0.0,4197127390,3493,94,373751,2,1372947040,1325,94,141775,5,60972274,36,23,6408,17,97810431,76,66,10260,16,130584349,117,80,14157,22,134475001,94,64,12878,13,143525856,103,79,12566,5,159401245,126,89,14112,5,134769336,133,93,14364,16,129257960,157,110,14287,19,114595542,140,102,13860,37,93365228,134,122,10586,36,97712812,122,118,10126,30,76477006,87,111,7830,29,1452190281,1286,99,131172,2,57438330,66,109,6072,30,44539382,56,127,4144,41,28232824,42,142,2478,94,62132888,61,114,5307,12,78010244,62,67,8308,15,98556856,94,91,10340,21,139928518,106,85,12296,2,263496365,214,97,22256,2,184611770,139,89,15568,5,177916078,152,85,17632,19,148006562,130,100,13130,4,169320464,164,114,14268,23,372374338,307,107,28858,3,72676412,94,137,6016,84,20204845,28,170,868,98,3546353,4,129,288,84,0,0,0,0,0,0,0,0,0,0,10174112,11,110,1001,55,8129939,12,173,336,150,29182293,23,56,3335,28,29392295,32,100,3232,58,3756815,5,156,225,128,61608859,41,58,5863,13,133702415,57,65,7752,3,999615731,575,75,72450,3,154105546,32,9,6144,3,132521971,36,30,6156,4,99724467,31,11,5890,5,66454599,31,25,5456,18,108228760,64,44,10048,22,110839758,81,60,11421,25,65630355,54,87,6156,33,52056900,46,88,5198,49,34514239,31,77,3844,59,41116175,44,120,3564,80,46673643,54,140,3294,97,87749318,71,125,5396,34
boy band,0.65,0.68,121.18,0.56,-5.31,0.07,0.16,0.16,0.0,3941570965,3649,101,364900,2,721333355,787,91,86570,21,87793141,62,32,10478,21,82589612,54,32,9126,22,78215560,62,57,8928,32,54144170,70,100,7070,59,62278678,87,113,7656,61,60503133,80,112,7120,52,56532466,65,89,7280,48,57964199,76,102,7524,54,57391616,68,90,7548,55,54416244,62,86,7130,53,44491679,60,113,5280,59,25012857,41,170,1271,74,586843026,402,77,49848,6,13377283,25,180,525,134,7956515,8,98,824,27,25684415,38,146,2090,81,16265206,18,108,1674,70,48993465,31,39,5022,16,89146441,40,52,5960,6,84334819,31,16,5735,13,74845705,35,39,5670,16,79093046,64,84,7488,27,54224175,40,67,5360,32,42464305,30,44,4710,35,50457651,42,88,4746,38,1884390200,1633,96,171465,2,51861070,45,76,5625,40,89395402,72,84,8424,31,224047607,121,72,15609,2,195545036,131,78,16113,6,190064945,140,81,16800,9,234193472,173,76,21625,7,207022733,186,89,20832,23,174237673,188,111,16920,36,145900663,154,104,14938,46,160841151,180,110,16380,56,120340921,146,118,12118,76,90939527,97,137,6208,51,749004384,827,133,56236,24,150369453,134,108,12462,24,170762388,152,106,14440,30,118708569,130,127,9620,63,95171719,131,147,7074,85,80667577,114,155,5244,74,49294650,73,160,2993,126,49105069,59,151,2950,29,9667491,15,188,195,179,0,0,0,0,0,0,0,0,0,0,791023,1,171,30,171,24466445,18,133,1224,44
vapor trap,0.75,0.6,127.99,0.47,-6.56,0.23,0.18,0.18,0.0,4064037833,3516,99,358632,4,166917282,244,131,17080,52,5703602,14,184,238,167,0,0,0,0,0,0,0,0,0,0,1878740,4,182,76,174,0,0,0,0,0,0,0,0,0,0,0,0,0,0,0,526716,1,200,1,200,17738327,29,132,2001,111,19004747,32,137,2048,124,54874835,87,142,5133,60,67190315,77,103,7546,52,1693546449,1610,103,157780,6,83436431,95,97,9880,53,171009780,154,88,17402,7,245601378,227,100,22927,6,230768331,226,115,19436,10,155624012,157,123,12246,16,102771835,106,114,9222,25,61712474,64,96,6720,47,67374639,90,136,5850,60,121169274,123,97,12792,16,166243209,138,80,16698,11,150239939,120,92,13080,10,137595147,110,98,11330,14,1263893883,1036,99,105672,4,152289612,127,90,14097,14,115192725,116,118,9628,32,92992093,112,135,7392,52,69744278,88,138,5544,98,76131443,79,131,5530,7,99240275,77,89,8624,16,140457200,94,66,12690,12,113546264,75,65,10200,14,103232025,46,67,6164,4,108697930,64,66,8640,5,108079791,87,83,10266,19,84290247,71,99,7242,10,939680219,626,79,76372,8,77785635,79,114,6873,41,98280268,80,91,8800,21,117496420,69,72,8901,10,129460998,60,53,8880,8,114797222,62,69,8184,9,96912358,60,78,7380,10,82803667,50,80,6050,16,62825842,41,65,5576,21,45248340,30,44,4710,38,44758429,35,68,4655,50,34782997,31,89,3472,64,34528043,29,97,3016,63
west coast rap,0.69,0.65,125.41,0.48,-7.13,0.25,0.24,0.16,0.0,3866423187,3465,102,343035,1,2203612018,1928,96,202440,1,137215322,123,90,13653,5,84038826,82,102,8118,12,63564713,67,102,6633,11,571055835,298,51,44700,1,388565144,309,92,33681,4,221182399,189,92,20601,4,172355132,181,103,17738,14,144118063,152,95,16112,19,120345585,133,102,13167,29,127584949,176,133,11968,33,90441389,124,130,8804,43,83144661,94,114,8178,37,1546713341,1374,103,134652,1,174807671,157,93,16956,12,377931999,258,82,30702,2,322123451,213,75,26838,3,195798725,172,91,18920,12,123172213,124,91,13640,32,83392402,106,121,8480,45,45273189,62,124,4774,102,43316462,67,149,3484,116,57591890,69,151,3450,1,81136002,82,122,6478,4,22985938,36,174,972,118,19183399,28,179,616,112,65480212,99,180,2079,89,36797017,57,179,1254,107,12986013,20,193,160,180,6600603,10,190,110,134,7336805,10,165,360,89,0,0,0,0,0,0,0,0,0,0,0,0,0,0,0,836022,1,134,67,134,0,0,0,0,0,0,0,0,0,0,923752,1,101,100,101,0,0,0,0,0,50617616,64,147,3456,26,0,0,0,0,0,0,0,0,0,0,0,0,0,0,0,0,0,0,0,0,11248250,12,103,1176,54,4325758,4,98,412,26,0,0,0,0,0,13596140,19,161,760,136,18740538,26,163,988,132,1712653,2,156,90,115,0,0,0,0,0,994277,1,159,42,159
country,0.6,0.61,122.86,0.57,-6.37,0.05,0.15,0.26,0.0,4180154096,3343,99,340986,2,380913858,355,90,39405,14,0,0,0,0,0,0,0,0,0,0,0,0,0,0,0,3631718,6,139,372,93,0,0,0,0,0,0,0,0,0,0,11267135,25,182,475,163,9503838,19,169,608,147,54710923,71,113,6248,41,91453239,97,97,10088,28,95256227,61,35,10126,14,115090778,76,50,11476,16,1453152439,1092,80,132132,6,126920262,68,23,12104,14,170955727,84,21,15120,9,203284861,100,36,16500,6,190073847,120,73,15360,8,152153859,101,67,13534,12,105208957,87,82,10353,23,87013893,84,93,9072,38,60457898,62,82,7378,44,64070311,73,106,6935,38,104976861,96,91,10560,19,76809265,89,117,7476,52,111226698,128,145,7168,33,1682660181,1185,106,112575,2,91114952,117,137,7488,70,62922903,82,150,4182,106,72913370,100,157,4400,101,185014763,116,128,8468,2,219058319,135,130,9585,2,197431476,102,105,9792,3,206790091,112,79,13664,4,155578595,97,79,11834,6,100240482,63,55,9198,14,159449329,90,58,12870,5,119586700,88,75,11088,11,112559201,83,79,10126,27,663427618,711,122,56169,15,85257335,69,77,8556,33,70721266,58,72,7482,50,67449724,65,100,6565,59,54067694,60,101,6000,66,50958714,63,125,4788,82,45338004,60,130,4260,86,48992726,69,167,2346,92,45862283,58,144,3306,85,40957223,49,134,3283,81,62605052,68,136,4420,15,45089086,56,152,2744,96,46128511,36,139,2232,34
contemporary country,0.59,0.63,115.64,0.53,-6.19,0.05,0.17,0.26,0.0,3653363793,3379,104,327763,5,600137892,642,96,67410,14,0,0,0,0,0,17809745,26,106,2470,60,27478659,31,81,3720,60,30632289,36,86,4140,61,25289341,29,83,3422,76,26447939,29,74,3683,67,41027170,56,118,4648,55,33854366,50,120,4050,62,73261030,101,117,8484,41,108423123,128,111,11520,28,108156484,87,79,10614,14,107757746,69,44,10833,16,1633561800,1233,78,151659,6,136698519,77,31,13090,14,215877284,112,24,19824,9,250489425,131,37,21484,6,233949547,150,67,20100,8,181608672,132,71,17160,12,116405413,104,92,11336,23,87638575,85,94,9095,38,60457898,62,82,7378,44,64070311,73,106,6935,38,104976861,96,91,10560,19,76809265,89,117,7476,52,104580030,122,145,6832,33,902792257,962,133,65416,5,91114952,117,137,7488,70,62922903,82,150,4182,106,72913370,100,157,4400,101,63328928,90,164,3330,105,72325527,104,167,3536,134,59230153,72,147,3888,28,108733574,100,108,9300,26,55983326,59,117,4956,38,36419952,39,102,3861,62,126989385,87,104,8439,5,87048944,64,94,6848,11,65781243,48,85,5568,27,516871844,542,122,42818,13,47824682,38,81,4560,37,40217540,29,58,4147,50,37594895,31,72,3999,59,31155419,30,72,3870,66,29061758,32,96,3360,82,24723919,30,106,2850,86,34532507,48,165,1728,92,64832165,76,135,5016,13,50506548,63,144,3591,81,62605052,68,136,4420,15,51813175,63,151,3150,63,42004184,34,143,1972,34
philly rap,0.77,0.63,126.66,0.45,-6.15,0.23,0.21,0.12,0.0,3643750647,3431,108,319083,6,1255643734,1107,97,115128,8,86750276,62,71,8060,8,67287592,38,64,5206,8,55456833,38,53,5624,22,89844232,64,54,9408,19,108632806,84,82,9996,15,110593346,87,97,9048,9,101086397,79,94,8453,13,137013588,126,98,12978,10,144047207,143,107,13442,10,134990285,137,111,12330,20,124464205,149,123,11622,21,95476967,100,113,8800,21,748606642,804,109,73968,8,87871492,102,125,7752,30,57981413,63,112,5607,45,35655645,32,63,4416,51,29785524,30,81,3600,65,83625071,81,81,9720,11,57747138,76,121,6080,83,44312968,54,105,5184,76,53693541,64,103,6272,66,70194212,73,104,7081,13,72229282,91,128,6643,54,43388703,56,146,3080,17,112121653,82,101,8200,8,809089070,745,116,63325,8,97592041,62,83,7316,11,82516294,55,99,5610,17,80566506,62,105,5952,24,106505941,91,101,9100,35,96199154,96,107,9024,41,57814409,63,104,6111,79,65648955,83,141,4980,46,43890882,62,156,2790,94,66750478,55,108,5115,10,39454723,54,154,2538,71,19437598,27,167,918,52,52712089,35,98,3605,8,830411201,775,114,67425,6,61195084,51,104,4947,30,35670495,42,143,2436,56,439000265,338,97,35152,6,113602985,138,121,11040,39,74344673,99,143,5742,52,38809263,55,147,2970,89,38183114,21,72,2709,9,5305729,6,131,420,63,3045454,4,158,172,105,0,0,0,0,0,21254139,21,120,1701,40,0,0,0,0,0
trap argentino,0.73,0.66,129.12,0.61,-5.01,0.15,0.18,0.29,0.0,3422206114,3305,105,317280,10,0,0,0,0,0,0,0,0,0,0,0,0,0,0,0,0,0,0,0,0,0,0,0,0,0,0,0,0,0,0,0,0,0,0,0,0,0,0,0,0,0,0,0,0,0,0,0,0,0,0,0,0,0,0,0,0,0,0,0,0,0,0,0,0,0,627371363,673,115,57878,10,0,0,0,0,0,0,0,0,0,0,16140243,26,155,1196,125,32585935,46,139,2852,85,45203197,60,134,4020,74,38235377,54,140,3294,82,33920323,50,143,2900,107,82426671,113,133,7684,57,85588041,100,120,8100,48,70781803,67,88,7571,39,105799473,85,76,10625,14,116690300,72,63,9936,10,1729502038,1618,102,160182,11,106244073,62,50,9362,11,82076114,59,100,5959,16,102075650,70,64,9590,25,153639437,105,60,14805,15,197079603,151,72,19479,18,203231193,171,79,20862,25,191312509,182,94,19474,26,172010722,204,121,16320,55,152837707,195,138,12285,68,138912240,173,140,10553,50,106112464,118,109,10856,51,123970326,128,121,10240,43,1065332713,1014,104,98358,28,159881137,155,112,13795,29,141023492,135,117,11340,28,72201624,63,98,6489,50,54774708,58,86,6670,71,59562372,62,93,6696,59,57984915,60,99,6120,53,66278751,64,115,5504,37,106421306,90,84,10530,33,123540810,120,95,12720,49,102158712,107,119,8774,49,57657812,45,92,4905,35,63847074,55,107,5170,73
detroit hip hop,0.71,0.69,120.38,0.45,-5.91,0.23,0.28,0.17,0.0,3765003040,3406,111,306540,1,1268113008,1328,118,110224,2,73303305,118,137,7552,39,139848033,178,115,15308,19,74945574,90,119,7380,33,55297288,76,123,5928,54,33290756,47,125,3572,74,57988830,59,107,5546,9,130364800,95,109,8740,6,137510531,110,123,8580,5,115266721,103,132,7107,5,88126159,102,122,8058,22,103669690,114,116,9690,11,258501321,236,107,22184,2,1415525585,1247,109,114724,1,180484256,147,108,13671,3,133620842,134,135,8844,6,85326553,83,119,6806,16,38434485,39,97,4056,45,24956564,34,132,2346,102,15071304,25,173,700,148,24884112,38,150,1938,107,77304941,61,97,6344,1,548718285,371,79,45262,1,191562487,192,107,18048,14,73278599,95,140,5795,56,21883157,28,150,1428,131,197516589,168,113,14784,2,21240309,31,165,1116,128,1944890,3,198,9,194,629275,1,196,5,196,0,0,0,0,0,77320040,35,44,5495,2,27030965,30,110,2730,64,52063528,45,110,4095,10,14555949,19,139,1178,93,2059399,3,163,114,161,0,0,0,0,0,672234,1,181,20,181,0,0,0,0,0,883847858,663,99,67626,3,302975712,183,84,21411,3,127836418,71,88,8023,7,75122865,32,29,5504,13,49483240,30,36,4950,27,39538033,31,58,4433,48,33066660,30,70,3930,62,41420532,40,104,3880,26,28374011,33,122,2607,112,58358217,66,118,5478,59,48219831,60,146,3300,105,19772515,27,174,729,163,59679824,60,144,3420,56
rap latina,0.74,0.73,119.31,0.67,-4.4,0.13,0.2,0.22,0.0,2983267377,2974,100,300374,15,496377021,485,82,57715,18,32772711,31,48,4743,33,25372576,27,59,3834,50,24159629,31,96,3255,68,18922560,30,122,2370,99,16430061,29,139,1798,123,14539270,29,166,1015,139,15375873,33,174,891,136,30156051,41,107,3854,62,49794832,50,81,6000,43,82538423,62,46,9610,32,93629806,60,31,10200,18,92685229,62,38,10106,19,1448835816,1412,94,151084,16,84415576,62,46,9610,16,68171679,58,69,7656,28,101501476,110,102,10890,38,97846333,99,102,9801,33,128911493,124,75,15624,36,133678250,120,83,14160,23,155224742,154,113,13552,20,172326993,173,98,17819,22,155124875,149,88,16837,36,127621124,124,86,14260,39,127790648,139,111,12510,42,96222627,100,117,8400,59,875075942,881,109,81052,15,81325297,89,109,8188,58,39759609,46,128,3358,70,69908376,63,99,6426,25,72844617,44,71,5720,15,56892939,31,25,5456,18,60946110,40,43,6320,27,107366917,104,95,11024,48,114610945,124,98,12772,55,97207206,122,133,8296,77,76595525,100,143,5800,87,46971952,57,123,4446,75,50646449,61,152,2989,85,162978598,196,145,10976,74,52931708,62,137,3968,83,41054504,48,133,3264,82,19783761,26,155,1196,131,17681057,27,176,675,147,4403265,7,187,98,175,0,0,0,0,0,0,0,0,0,0,0,0,0,0,0,0,0,0,0,0,800839,1,185,16,185,0,0,0,0,0,26323464,25,128,1825,74
panamanian pop,0.74,0.7,142.63,0.66,-4.15,0.18,0.19,0.24,0.0,3330327800,2837,97,295048,4,93675696,109,90,12099,59,0,0,0,0,0,0,0,0,0,0,0,0,0,0,0,0,0,0,0,0,0,0,0,0,0,0,0,0,0,0,0,0,0,0,0,0,0,0,0,0,10661756,17,134,1139,99,26025021,31,86,3565,71,28684723,30,71,3900,59,28304196,31,88,3503,70,73216699,101,128,7373,74,26397230,31,95,3286,74,20668551,28,122,2212,98,19645592,30,144,1710,117,6505326,12,188,156,168,0,0,0,0,0,0,0,0,0,0,0,0,0,0,0,0,0,0,0,0,0,0,0,0,0,0,0,0,0,0,0,0,0,0,0,0,0,0,0,0,1735861918,1485,95,157410,4,0,0,0,0,0,0,0,0,0,0,44838442,32,72,4128,25,85560654,57,72,7353,15,180424719,100,48,15300,4,215484395,120,50,18120,4,211591948,145,68,19285,8,273629098,245,90,27195,12,243921465,263,115,22618,23,230220651,257,119,21074,43,140085617,151,112,13439,44,110104929,115,122,9085,49,1427573487,1142,97,118768,4,165622861,154,111,13860,19,209238364,169,113,14872,4,155108394,82,67,10988,5,93749462,85,86,9775,36,95096881,112,122,8848,58,91557932,96,107,9024,27,120592036,99,105,9504,22,91121323,62,59,8804,21,126424595,90,76,11250,14,107160235,73,95,7738,11,94547922,60,63,8280,16,77353482,60,110,5460,38
k-pop,0.65,0.74,124.87,0.51,-5.12,0.11,0.19,0.13,0.01,3663466782,2859,99,291618,1,95881739,128,116,10880,41,0,0,0,0,0,1808734,4,176,100,139,0,0,0,0,0,0,0,0,0,0,0,0,0,0,0,0,0,0,0,0,438302,1,193,8,193,0,0,0,0,0,44365312,60,122,4740,41,18042094,25,107,2350,63,5775474,7,86,805,75,25451823,31,108,2883,81,472313049,496,108,46128,13,17434891,25,132,1725,76,621280,1,183,18,183,623057,1,168,33,168,585978,1,164,37,164,81466325,87,109,8004,14,48067091,50,86,5750,37,28522721,40,133,2720,106,54340365,75,137,4800,38,16048081,25,154,1175,113,36084382,20,36,3300,13,119856092,105,86,12075,19,68662786,66,100,6666,49,816677992,739,108,68727,3,56631990,61,107,5734,47,23436159,29,137,1856,122,22624275,33,174,891,125,254576635,171,91,18810,3,118658415,71,50,10721,10,94120855,91,93,9828,23,72003771,72,107,6768,14,41179893,54,140,3294,90,32775272,42,142,2478,64,51171361,61,137,3904,38,33585709,39,115,3354,57,15913657,15,122,1185,44,2278594002,1496,90,166056,1,65194698,59,111,5310,20,192148435,158,92,17222,21,82563519,95,146,5225,26,0,0,0,0,0,38650300,27,106,2565,2,113633818,80,78,9840,2,124278411,85,94,9095,5,153987462,79,76,9875,1,265553023,127,66,17145,4,530921667,306,68,40698,3,474882940,312,90,34632,2,236779729,168,114,14616,7
classic rock,0.56,0.66,123.09,0.63,-8.36,0.05,0.21,0.25,0.03,3692536036,3914,128,285722,7,131594939,141,114,12267,7,1274285,3,158,129,117,842296,2,196,10,192,482336,1,176,25,176,0,0,0,0,0,5360358,9,156,405,60,0,0,0,0,0,457652,1,174,27,174,0,0,0,0,0,0,0,0,0,0,11721944,17,131,1190,51,1055324,2,166,70,165,110400744,106,102,10494,7,950991008,969,122,76551,8,2596284,5,162,195,125,2020568,4,196,20,190,14532086,26,182,494,151,15564064,27,181,540,146,22633692,37,175,962,142,18974244,30,157,1320,124,24975485,41,163,1558,123,31194911,51,163,1938,122,31765509,51,164,1887,128,43433263,65,162,2535,78,331761189,297,98,30591,10,411539713,335,99,34170,8,1728313243,1929,129,138888,9,195752908,216,121,17280,22,182169528,188,119,15416,26,205223191,209,113,18392,28,133635273,147,120,11907,40,108764545,128,128,9344,55,109708577,135,134,9045,59,141161577,186,151,9300,63,135716696,181,148,9593,60,83824653,106,140,6466,65,100777256,132,148,6996,61,82971573,109,146,5995,68,248607466,192,101,19200,9,881636846,875,134,58625,14,38879864,46,132,3174,67,28821570,32,120,2592,96,26915650,32,134,2144,109,41929027,59,152,2891,94,56937098,81,159,3402,97,59993784,86,154,4042,94,47380162,64,160,2624,115,50181824,70,165,2520,115,34919277,45,150,2295,78,97429842,80,111,7200,17,90265217,86,122,6794,35,307983531,194,102,19206,14
uk funky,0.71,0.73,110.39,0.53,-5.2,0.05,0.22,0.19,0.0,3002086904,2509,92,273481,3,1396721535,1094,76,136750,3,153246166,65,20,11765,3,118989876,54,19,9828,5,136088998,77,39,12474,11,173995569,90,35,14940,9,151570734,87,43,13746,10,125840472,88,51,13200,14,107262692,97,70,12707,27,96809456,117,101,11700,36,67864909,90,103,8820,56,66653683,98,118,8134,72,94554341,120,116,10200,21,103844639,111,117,9324,20,1409030377,1177,99,120054,7,123943008,129,109,11868,20,148299954,116,82,13804,11,161981043,124,86,14260,9,136718153,119,105,11424,12,130548569,118,105,11328,17,158590489,105,84,12285,7,168459515,114,92,12426,7,132166497,95,89,10640,8,90101079,81,104,7857,25,69166860,71,108,6603,33,50063806,61,132,4209,64,38991404,44,128,3212,39,117618301,154,147,8316,60,51275694,63,130,4473,60,27825369,36,148,1908,119,22640746,31,157,1364,142,14406898,22,179,484,163,610071,1,198,3,198,0,0,0,0,0,0,0,0,0,0,0,0,0,0,0,0,0,0,0,0,0,0,0,0,0,0,0,0,0,0,859523,1,157,44,157,78716691,84,114,7308,82,653196,1,157,44,157,0,0,0,0,0,0,0,0,0,0,0,0,0,0,0,0,0,0,0,0,0,0,0,0,0,0,0,0,0,0,794822,1,160,41,160,18054830,20,112,1780,97,30854823,31,100,3131,82,26071568,28,120,2268,94,2287452,3,189,36,177
talent show,0.62,0.69,120.2,0.52,-5.21,0.08,0.16,0.17,0.0,2822047270,3188,116,270980,7,1081843967,1220,102,120780,7,141777516,123,73,15744,7,121098644,108,85,12528,7,108200207,98,93,10584,15,91778705,91,87,10374,31,89328826,115,118,9545,46,102062372,145,127,10730,53,81728399,115,120,9315,62,85522721,119,115,10234,66,66663268,77,85,8932,55,60365381,63,72,8127,53,58026249,68,86,7820,59,75291679,98,128,7154,50,703821278,836,121,66880,18,75115494,100,125,7600,73,47892641,56,96,5880,58,41333996,58,131,4060,89,46210824,55,113,4840,53,56536872,72,121,5760,76,38961498,59,147,3186,116,50011529,70,135,4620,74,43540968,62,135,4092,82,23809780,35,143,2030,121,54930233,51,98,5253,22,100598275,94,107,8836,21,124879168,124,116,10540,18,443040819,530,133,36040,17,79632148,93,118,7719,65,45556170,58,147,3132,96,24622989,32,142,1888,123,23421342,32,153,1536,135,33971164,45,146,2475,122,33585757,46,149,2392,99,22899311,31,150,1581,131,23477842,31,141,1860,121,24061655,30,128,2190,108,25478381,31,121,2480,105,27442403,34,122,2686,82,78891657,67,113,5896,17,593341206,602,124,46354,8,25263867,31,140,1891,125,24840803,29,128,2117,106,26667502,33,143,1914,109,23110415,30,128,2190,113,23486690,31,135,2046,120,23101921,30,121,2400,108,53387673,60,133,4080,29,32789198,41,143,2378,54,55420146,68,133,4624,96,55158122,61,122,4819,68,97764347,94,111,8460,24,152350522,94,104,9118,8
r&b en espanol,0.71,0.65,143.12,0.61,-4.85,0.2,0.16,0.26,0.0,2978174655,2566,96,269430,2,0,0,0,0,0,0,0,0,0,0,0,0,0,0,0,0,0,0,0,0,0,0,0,0,0,0,0,0,0,0,0,0,0,0,0,0,0,0,0,0,0,0,0,0,0,0,0,0,0,0,0,0,0,0,0,0,0,0,0,0,0,0,0,0,0,0,0,0,0,0,0,0,0,0,0,0,0,0,0,0,0,0,0,0,0,0,0,0,0,0,0,0,0,0,0,0,0,0,0,0,0,0,0,0,0,0,0,0,0,0,0,0,0,0,0,0,0,0,0,0,0,0,0,0,0,0,0,0,0,0,1525890046,1339,90,148629,4,0,0,0,0,0,0,0,0,0,0,48608408,33,62,4587,25,126694499,78,52,11622,15,147739223,101,55,14746,18,164468270,128,64,17536,27,153804396,130,75,16380,34,157311382,140,84,16380,21,188669982,176,108,16368,19,181330219,186,110,16926,25,163964580,173,98,17819,45,193299087,194,120,15714,4,1452284609,1227,102,121473,2,256322745,249,111,22410,29,175814271,181,127,13394,28,48600138,41,92,4469,50,55394487,59,88,6667,71,85452228,90,110,8190,8,132120499,120,100,12120,18,117571537,94,99,9588,21,84978394,76,94,8132,38,129268569,113,109,10396,14,107018087,77,113,6776,11,81498591,34,21,6120,2,178245063,93,66,12555,4
metropopolis,0.66,0.64,114.9,0.43,-6.09,0.07,0.14,0.2,0.0,2961202547,2479,94,265253,2,579576002,633,105,60768,17,13436104,34,182,646,150,1095205,2,153,96,106,63912286,43,69,5676,22,46743285,33,44,5181,25,89798893,59,57,8496,17,123990074,139,104,13483,23,58390372,74,109,6808,41,35946992,56,126,4200,68,33093888,47,128,3431,53,39512897,44,98,4532,52,44549299,59,106,5605,63,29106707,43,145,2408,111,623739140,354,68,47082,2,17002471,28,161,1120,105,5192884,9,185,144,142,2100843,4,196,20,194,0,0,0,0,0,21780401,22,80,2662,47,28571356,31,88,3503,69,3679442,6,164,222,153,30251327,15,30,2565,13,93127070,30,7,5820,3,137326886,53,52,7897,2,161373167,94,66,12690,3,123333293,62,34,10354,6,1383705458,1051,77,130324,5,136457691,63,21,11340,8,128619117,56,31,9520,5,162281576,87,37,14268,9,170427121,109,52,16241,17,172816666,128,64,17536,19,153237521,146,100,14746,23,121799661,121,104,11737,41,102225513,109,109,10028,45,56530690,63,123,4914,52,49638374,47,79,5734,56,58809099,60,79,7320,61,70862429,62,91,6820,25,374181947,441,136,28665,5,60742652,62,103,6076,52,50874914,58,127,4292,82,44143969,54,144,3078,94,40137466,54,142,3186,99,25076080,31,118,2573,109,23913970,30,113,2640,106,25871516,33,142,1947,112,22391446,31,159,1302,149,20015993,29,177,696,165,19535517,28,182,532,171,6117018,9,194,63,187,35361406,22,96,2310,5
pop reggaeton,0.72,0.69,127.56,0.59,-5.18,0.18,0.18,0.24,0.0,2763660279,2213,87,252282,5,93675696,109,90,12099,59,0,0,0,0,0,0,0,0,0,0,0,0,0,0,0,0,0,0,0,0,0,0,0,0,0,0,0,0,0,0,0,0,0,0,0,0,0,0,0,0,10661756,17,134,1139,99,26025021,31,86,3565,71,28684723,30,71,3900,59,28304196,31,88,3503,70,105891258,155,145,8680,74,26397230,31,95,3286,74,20668551,28,122,2212,98,19645592,30,144,1710,117,21026233,35,172,1015,129,12956293,22,185,352,167,5197359,9,186,135,164,0,0,0,0,0,0,0,0,0,0,0,0,0,0,0,0,0,0,0,0,0,0,0,0,0,0,0,0,0,0,1446055519,1002,69,132264,5,0,0,0,0,0,0,0,0,0,0,125762473,84,67,11256,16,126988940,90,68,11970,15,98094708,82,92,8938,18,167525576,94,49,14288,5,167888042,94,50,14194,6,156603411,102,64,13974,9,177579324,131,82,15589,16,172548632,134,81,16080,21,129681549,90,42,14310,26,123382864,101,81,12120,35,1118037806,947,97,98488,9,131637373,124,95,13144,37,108520992,115,116,9775,59,43672886,50,140,3050,84,48691649,57,123,4446,51,57561889,60,114,5220,53,43428250,42,96,4410,56,131954020,113,107,10622,11,199625176,136,84,15912,9,138900732,90,62,12510,17,101368846,72,74,9144,21,72717143,58,92,6322,28,39958850,30,79,3660,56
big room,0.66,0.79,115.32,0.53,-4.56,0.08,0.21,0.12,0.02,2573855842,2325,98,239475,3,668596104,548,99,55896,3,50501859,48,83,5664,29,43756256,42,92,4578,32,33456418,41,104,3977,40,18238477,34,156,1530,121,3657729,8,192,72,180,100510590,46,98,4738,3,102452255,32,19,5824,4,104630399,63,78,7749,6,71337545,58,99,5916,14,31087581,32,74,4064,44,39722713,57,118,4731,81,69244282,87,122,6873,47,1432099006,1250,89,140000,11,68505003,78,119,6396,40,39266878,39,85,4524,52,106209316,101,79,12322,24,148184918,112,66,15120,24,144679620,107,52,15943,20,168611621,121,66,16335,15,178712697,128,87,14592,11,155140110,113,71,14690,14,162957981,138,74,17526,28,138878141,155,111,13950,53,77566538,101,136,6565,89,43386183,57,158,2451,84,391354515,458,123,35724,50,51006805,62,126,4650,82,48903674,56,130,3976,73,40037133,45,117,3780,74,24926493,30,127,2220,107,17431295,24,161,960,50,27920197,30,101,3000,77,57499424,64,117,5376,68,55685649,62,103,6076,66,41928086,51,128,3723,77,24009129,31,137,1984,97,2006630,3,188,39,177,0,0,0,0,0,81806217,69,101,6900,22,0,0,0,0,0,0,0,0,0,0,0,0,0,0,0,0,0,0,0,0,0,0,0,0,0,0,0,0,0,0,0,0,0,0,0,808568,1,151,50,151,1027783,1,92,109,92,4292237,6,193,48,185,29890322,29,109,2668,74,45787307,32,76,4000,22
underground hip hop,0.73,0.63,128.78,0.45,-6.25,0.25,0.2,0.19,0.0,2442948201,2803,116,238255,10,543113971,737,116,62645,31,86890102,95,66,12825,31,60645487,79,92,8611,50,44246331,66,121,5280,85,40911221,74,153,3552,86,23253888,47,169,1504,142,15239566,30,169,960,57,14998630,29,165,1044,56,3422766,8,192,72,175,25791312,44,143,2552,111,45514150,63,114,5481,58,89654975,108,111,9720,33,92545543,94,81,11280,42,1344470314,1454,111,130860,10,126224487,143,95,15158,53,223063749,222,88,25086,19,226765816,262,106,24890,27,176299175,218,126,16350,32,123824267,161,136,10465,55,88339919,119,138,7497,26,22704983,33,135,2178,121,36893538,60,168,1980,94,49563676,50,103,4900,33,85993334,64,82,7616,11,99448806,62,73,7936,10,85348564,60,85,6960,14,429271973,458,123,35724,10,82059543,65,94,6955,14,49667681,40,87,4560,32,64943896,67,103,6566,44,85632922,98,118,8134,47,52995093,74,159,3108,105,10332492,14,158,602,73,40454152,47,131,3290,45,11105014,15,153,720,93,2059399,3,163,114,161,1332136,2,189,24,188,19297016,28,168,924,89,9392629,5,40,805,10,126091943,154,144,8778,22,9829262,12,129,864,89,9969239,12,149,624,93,38691733,40,118,3320,22,10309603,15,163,570,133,5407517,7,137,448,98,2445205,3,140,183,66,2955922,3,131,210,77,21863396,30,160,1230,106,18740538,26,163,988,132,5062182,5,138,315,50,817346,1,165,36,165,0,0,0,0,0
alternative r&b,0.67,0.53,119.63,0.41,-8.0,0.15,0.17,0.38,0.04,2806984234,2472,105,237312,5,729618118,768,107,72192,12,56835961,81,103,7938,31,50235583,61,86,7015,14,128420567,94,79,11468,13,101732490,81,97,8424,12,74840833,58,91,6380,16,73621386,75,108,6975,20,94848343,94,105,9024,16,59829119,72,100,7272,40,41634635,63,119,5166,86,31200166,60,169,1920,131,12387092,22,166,770,96,4031943,7,178,161,98,525993073,531,103,52038,19,15665722,22,131,1540,97,50819895,42,84,4914,26,47645558,31,37,5084,27,48655904,41,68,5453,33,84120716,69,73,8832,23,62298951,61,97,6344,36,28231417,31,88,3503,77,23056585,31,120,2511,94,46093723,63,134,4221,81,68795912,80,134,5360,19,42548532,48,116,4080,43,8060158,12,175,312,136,442812403,380,113,33440,5,30134390,37,128,2701,58,24676095,28,119,2296,84,24973115,33,149,1716,84,49213744,39,91,4290,14,4692769,7,171,210,120,18758791,17,78,2091,50,67326168,65,107,6110,16,5767942,9,182,171,134,4579152,7,174,189,165,48998971,42,118,3486,11,54921498,54,128,3942,15,108769768,42,56,6090,5,1108560640,793,102,78507,6,136394219,50,66,6750,6,149990589,65,76,8125,6,123159332,58,78,7134,7,111677632,67,82,7973,11,80607356,48,76,6000,15,72234922,52,80,6292,22,115398752,116,112,10324,32,74607262,79,116,6715,56,104345899,110,118,9130,50,58264710,66,136,4290,74,47308463,49,131,3430,24,34571504,33,124,2541,92
dutch edm,0.58,0.68,122.85,0.35,-5.73,0.05,0.18,0.17,0.03,2535951616,2170,92,236530,5,993703882,857,90,95127,5,63458156,40,37,6560,14,114783103,54,24,9558,5,114744529,62,46,9610,7,91799316,60,59,8520,13,82928988,62,72,7998,17,118008167,87,69,11484,17,105888823,93,83,10974,19,90260134,93,98,9579,19,62433179,81,116,6885,44,56653815,90,135,5940,73,37042202,64,153,3072,123,55703470,71,130,5041,47,1017022401,838,90,93018,11,62887152,71,121,5680,40,48963217,57,118,4731,52,74798334,75,95,7950,24,66818983,52,83,6136,24,55394680,45,59,6390,40,119804171,76,55,11096,15,179345284,92,64,12604,11,147749849,93,58,13299,14,114173087,98,77,12152,28,84053605,93,106,8835,53,42663791,58,146,3190,89,20370248,28,167,952,103,444407975,407,101,40700,18,25666103,38,166,1330,127,14209709,19,164,703,72,25637485,31,125,2356,92,7213747,9,135,594,63,49442748,32,48,4896,20,90217752,60,60,8460,18,89484970,62,56,8990,19,68754836,63,84,7371,32,39392896,51,143,2958,80,5377826,8,182,152,154,25967373,30,106,2850,61,3042530,4,148,212,136,80817358,68,100,6868,22,0,0,0,0,0,1076384,1,96,105,96,0,0,0,0,0,0,0,0,0,0,934557,1,102,99,102,0,0,0,0,0,0,0,0,0,0,0,0,0,0,0,0,0,0,0,0,4292237,6,193,48,185,29890322,29,109,2668,74,44623858,31,75,3906,22
trap soul,0.71,0.63,121.07,0.44,-6.21,0.13,0.19,0.14,0.0,2754921028,2356,103,230888,1,841523140,892,112,79388,5,47587899,67,84,7839,35,42898369,74,129,5328,81,69508569,95,130,6745,25,114982092,111,123,8658,13,129773573,112,119,9184,5,107744046,81,106,7695,5,95745269,82,94,8774,16,78034586,70,83,8260,19,59941397,62,87,7068,37,46722879,67,126,5025,60,27787391,42,132,2898,95,20797070,29,135,1914,54,1376676767,872,78,107256,1,25897189,37,141,2220,40,52279039,34,150,1734,2,151570250,43,53,6364,2,144190715,50,44,7850,1,172403457,78,34,13026,2,183696460,100,36,16500,11,188985513,113,54,16611,11,145180113,93,60,13113,14,111905828,99,90,10989,28,95435955,105,113,9240,53,53082469,61,113,5368,74,52049779,59,132,4071,64,444476873,496,125,37696,11,74335392,83,115,7138,38,74253180,68,99,6936,35,58254458,62,102,6138,51,47916556,56,131,3920,40,39836430,53,148,2809,116,20485701,30,167,1020,149,27411241,40,172,1160,95,43378561,46,122,3634,28,34799876,41,122,3239,58,19875936,12,80,1452,11,3929542,5,133,340,80,0,0,0,0,0,92244248,96,124,7392,14,0,0,0,0,0,2192827,3,180,63,158,0,0,0,0,0,0,0,0,0,0,0,0,0,0,0,0,0,0,0,0,25367039,29,127,2146,61,4828741,7,181,140,124,12812403,14,123,1092,40,17626226,11,58,1573,14,28433933,31,125,2356,39,983079,1,161,40,161
dirty south rap,0.75,0.65,129.58,0.43,-5.79,0.19,0.19,0.13,0.0,2298298475,2508,111,225720,4,999959746,1275,115,109650,9,78891090,78,113,6864,9,62883735,87,125,6612,31,42832175,68,140,4148,61,18118607,30,130,2130,109,41914135,67,137,4288,80,74569510,99,118,8217,53,101173172,92,78,11316,9,149801793,165,93,17820,17,140405366,181,101,18100,50,132500391,183,119,15006,42,107312775,158,133,10744,49,49556997,67,132,4623,63,468592716,508,113,44704,24,47072729,68,137,4352,64,29034688,47,161,1880,124,45584207,60,134,4020,51,58536624,60,101,6000,40,67064659,76,120,6156,37,27660168,34,110,3094,70,20787058,34,165,1224,140,1788842,3,173,84,169,29976925,17,30,2907,24,44973398,37,67,4958,35,47829418,35,56,5075,37,48284000,37,69,4884,41,574415517,406,75,51156,4,44671412,32,47,4928,38,35764432,28,63,3864,47,37616257,36,83,4248,65,26749714,34,139,2108,102,24695778,35,164,1295,60,57670466,19,26,3325,4,89806873,37,20,6697,6,75283851,42,58,6006,14,53521989,32,40,5152,25,59379377,39,45,6084,14,40057930,42,95,4452,58,29197438,30,107,2820,77,255330496,319,136,20735,66,30183460,32,108,2976,84,25248185,29,125,2204,106,42355886,52,143,3016,74,52452256,60,108,5580,70,47993637,62,136,4030,82,40493640,60,164,2220,66,14668447,22,177,528,135,0,0,0,0,0,0,0,0,0,0,819014,1,153,48,153,0,0,0,0,0,1115971,1,118,83,118
social media pop,0.68,0.7,114.49,0.57,-5.96,0.09,0.2,0.15,0.02,2394257282,2177,98,224231,9,864029955,897,99,91494,18,48546182,80,118,6640,52,62218698,64,78,7872,24,102508902,92,86,10580,24,124424021,118,83,13924,18,119239339,91,71,11830,21,108889116,87,76,10875,21,97007955,92,94,9844,24,68469923,69,91,7590,29,46542510,60,106,5700,51,38676489,61,134,4087,80,27405414,49,162,1911,122,20101406,34,172,986,82,815598604,715,94,76505,11,110333340,121,114,10527,18,78238682,81,109,7452,23,50370275,65,125,4940,49,61207956,69,114,6003,43,69019401,62,92,6758,26,82408381,73,88,8249,28,106231340,62,50,9362,11,96306151,58,81,6960,12,56262223,30,29,5160,22,43657128,31,45,4836,35,32614070,30,71,3900,54,28949657,33,126,2475,62,134246054,187,160,7667,81,32560009,42,137,2688,91,20334114,28,161,1120,147,33631380,48,170,1488,95,15285811,22,174,594,90,22411683,33,171,990,132,0,0,0,0,0,0,0,0,0,0,10023057,14,151,700,81,0,0,0,0,0,0,0,0,0,0,0,0,0,0,0,0,0,0,0,0,580382669,378,70,49518,9,0,0,0,0,0,0,0,0,0,0,3980912,5,138,315,108,45218590,30,47,4620,27,74842492,31,19,5642,11,80676051,30,11,5700,9,77242306,33,28,5709,12,59530231,31,27,5394,17,74871243,57,59,8094,40,71671190,62,75,7812,49,55290000,60,124,4620,88,37059654,39,165,1404,71
lgbtq+ hip hop,0.64,0.6,125.28,0.42,-7.08,0.12,0.18,0.26,0.02,2944539890,1850,81,222000,2,448950269,341,83,40238,12,10791091,23,150,1173,90,9840963,5,20,905,14,84564133,47,56,6815,13,72832197,31,20,5611,12,59680922,29,24,5133,16,49064971,30,39,4860,20,66552915,44,67,5896,16,34802989,31,61,4340,40,21304758,31,113,2728,86,14945193,29,172,841,140,17230589,28,146,1540,63,7339548,13,182,247,98,263586474,165,79,20130,2,14774503,21,138,1323,74,5135725,9,183,162,131,0,0,0,0,0,0,0,0,0,0,1648891,2,143,116,90,0,0,0,0,0,0,0,0,0,0,0,0,0,0,0,47557232,12,4,2364,2,84068971,32,13,6016,4,76190061,58,84,6786,16,34211091,31,91,3410,57,1850962411,955,62,132745,2,26698496,31,112,2759,95,26208621,36,162,1404,107,49959774,41,112,3649,9,234528276,56,3,11088,2,240239788,62,5,12152,2,266449142,85,20,15385,3,322860431,151,41,24160,4,200607845,118,59,16756,6,172979664,108,57,15552,13,154434926,121,86,13915,15,82285888,76,79,9272,33,73709560,70,112,6230,30,381040736,389,128,28397,12,80124282,76,114,6612,12,33304894,33,97,3432,69,31841990,35,125,2660,65,26029629,33,126,2475,58,21896956,31,155,1426,130,20614085,30,153,1440,132,14460219,21,171,630,134,716176,1,184,17,184,14853157,22,178,506,165,16001506,23,179,506,163,44601777,40,118,3320,30,76596065,44,75,5544,16
pop venezolano,0.74,0.73,118.91,0.64,-4.37,0.14,0.14,0.2,0.0,2136806874,2205,105,211680,18,785192403,738,87,84132,18,0,0,0,0,0,6088383,11,139,682,105,45183035,56,115,4816,51,61127102,60,94,6420,25,77584596,79,108,7347,27,85761360,87,102,8613,26,96112622,93,93,10044,22,97133135,98,103,9604,18,87453607,70,68,9310,24,81835979,62,48,9486,27,73838142,60,49,9120,32,73074442,62,62,8618,29,557621626,667,113,58696,24,77364792,85,96,8925,24,74341287,85,94,9095,65,78685008,94,102,9306,59,64275540,81,118,6723,67,44981058,62,139,3844,91,31793877,46,140,2806,99,21514890,34,156,1530,131,3339104,6,190,66,181,24188441,30,113,2640,83,32638833,31,76,3875,61,45630675,51,109,4692,69,58868121,62,115,5332,55,470314992,519,129,37368,28,71023434,62,79,7564,33,65621191,55,101,5500,28,50368488,36,63,4968,34,50280818,49,107,4606,53,50205785,61,137,3904,67,53762065,76,159,3192,125,45424827,62,154,2914,110,53571630,74,152,3626,90,28092438,41,175,1066,135,1964316,3,195,18,192,0,0,0,0,0,0,0,0,0,0,323677853,281,93,30348,33,0,0,0,0,0,0,0,0,0,0,0,0,0,0,0,14120355,19,139,1178,97,4429743,7,186,105,181,0,0,0,0,0,12845427,8,56,1160,37,62148851,46,67,6164,33,76645646,60,60,8460,43,65379125,57,90,6327,47,34064130,30,86,3450,64,54044576,54,136,3510,74
mexican pop,0.66,0.78,117.17,0.67,-4.67,0.06,0.18,0.15,0.0,2055191283,2137,102,211563,20,552204758,636,109,58512,22,42635276,63,101,6300,37,38489093,59,120,4779,55,69853468,71,92,7739,34,69640732,63,82,7497,23,71553860,58,77,7192,22,66795594,58,86,6670,25,61942798,63,107,5922,34,43308723,57,123,4446,48,26635964,50,164,1850,104,20605836,33,130,2343,110,20660194,30,118,2490,102,20083220,31,154,1457,118,1060214040,1034,93,111672,20,60475415,74,127,5476,36,74440115,78,90,8658,48,137076574,125,78,15375,20,138225110,113,81,13560,22,113932442,93,80,11253,23,86600656,66,60,9306,30,90287488,77,68,10241,39,92084725,93,77,11532,48,104115096,120,103,11760,64,89106893,110,127,8140,64,47989070,56,122,4424,64,25880456,29,122,2291,98,342891253,346,103,33908,28,26955607,36,144,2052,103,40233103,38,97,3952,51,66823367,48,52,7152,28,52327905,55,112,4895,68,27219015,31,112,2759,87,13816770,21,181,420,150,0,0,0,0,0,0,0,0,0,0,19729459,25,135,1650,100,30957906,31,82,3689,60,33211304,30,63,4140,55,31616817,31,100,3131,69,99881232,121,140,7381,77,30417407,32,106,3040,83,22589364,27,138,1701,96,0,0,0,0,0,0,0,0,0,0,3055450,3,92,327,77,15831230,22,151,1100,87,5261344,7,154,329,125,808568,1,151,50,151,7379757,9,159,378,110,5948351,8,169,256,151,8589761,12,185,192,174,0,0,0,0,0
neo soul,0.6,0.62,114.21,0.46,-6.56,0.13,0.18,0.36,0.02,2513732883,2427,115,208722,9,737046392,743,103,72814,12,82202501,92,92,10028,30,84622370,99,95,10494,14,155666877,160,111,14400,13,116547285,106,105,10176,12,89163555,86,115,7396,16,52789106,38,70,4978,20,67624276,46,71,5980,16,35228362,32,65,4352,40,22558563,34,120,2754,86,17148598,34,176,850,140,0,0,0,0,0,13494899,16,127,1184,29,745490941,562,88,63506,9,12186215,14,104,1358,52,69483588,41,67,5494,11,84768953,33,22,5907,9,77869651,39,56,5655,12,62912921,36,44,5652,17,46627431,33,56,4785,29,46087550,51,108,4743,49,39853250,52,129,3744,68,83301928,67,98,6901,13,78395671,62,86,7130,13,47989187,53,119,4346,29,96014596,81,106,7695,19,770007181,773,123,60294,19,140307942,114,91,12540,19,128305468,96,88,10848,20,114859714,92,96,9660,21,71382699,71,114,6177,38,63975556,76,138,4788,25,73648746,84,123,6552,41,70942049,89,144,5073,70,27866709,42,171,1260,107,16384109,25,183,450,169,25030279,34,157,1496,23,22778518,33,164,1221,82,14525392,17,174,459,67,261188369,349,163,13262,45,29388075,36,162,1404,45,22025218,29,163,1102,113,17425989,25,177,600,163,23147124,33,161,1320,58,19134076,29,174,783,160,20349127,30,157,1320,140,19931321,29,169,928,143,22358699,32,166,1120,106,21569112,30,166,1050,149,24320519,31,151,1550,136,20983732,27,158,1161,141,20555377,18,155,828,45
cali rap,0.78,0.6,115.15,0.42,-6.36,0.22,0.17,0.13,0.0,2572841812,2167,105,208032,1,49404849,86,147,4644,111,0,0,0,0,0,0,0,0,0,0,0,0,0,0,0,0,0,0,0,0,0,0,0,0,0,0,0,0,0,0,442305,1,196,5,196,0,0,0,0,0,17738327,29,132,2001,111,18931831,32,138,2016,124,12292386,24,174,648,147,0,0,0,0,0,203297006,238,120,19278,16,0,0,0,0,0,21692811,24,95,2544,57,7637389,12,152,588,114,18147309,12,98,1236,16,37271690,31,77,3844,18,10895665,18,175,468,145,21003503,31,140,1891,107,28953596,33,96,3465,70,25257222,30,105,2880,90,23223756,32,139,1984,103,9214065,15,181,300,144,0,0,0,0,0,889520274,917,113,80696,22,14909701,20,156,900,88,87686748,56,50,8456,22,105209067,77,63,10626,31,96379926,89,90,9879,45,76251658,80,111,7200,37,75807076,62,72,7998,33,110665889,120,116,10200,43,110760126,144,139,8928,79,68689299,92,150,4692,96,49834673,68,152,3332,116,48507331,60,121,4800,83,44818780,49,134,3283,59,1430619683,926,88,104638,1,89287131,71,88,8023,39,99697239,67,58,9581,26,120421712,93,68,12369,45,97413291,90,69,11880,48,79331906,90,104,8730,77,71550895,81,103,7938,52,46051640,63,158,2709,92,95999495,74,118,6142,3,213372617,84,83,9912,1,199127686,70,65,9520,1,198540480,101,89,11312,2,119825591,42,55,6132,2
indie pop,0.62,0.62,115.51,0.45,-6.77,0.07,0.22,0.28,0.0,2566120475,1661,78,204303,4,7317256,16,178,368,106,3488819,9,188,117,168,0,0,0,0,0,0,0,0,0,0,0,0,0,0,0,789122,1,106,95,106,0,0,0,0,0,2550332,5,174,135,148,488983,1,181,20,181,0,0,0,0,0,0,0,0,0,0,0,0,0,0,0,0,0,0,0,0,96411104,112,105,10752,54,0,0,0,0,0,728706,1,144,57,144,13841996,19,131,1330,76,31718084,30,74,3810,54,28071968,31,89,3472,69,20475902,28,125,2128,95,1574448,3,198,9,195,0,0,0,0,0,0,0,0,0,0,0,0,0,0,0,0,0,0,0,0,0,0,0,0,0,279852819,217,86,24955,11,0,0,0,0,0,0,0,0,0,0,46512836,24,29,4128,11,61139327,30,22,5370,17,55899205,31,26,5425,19,36305695,30,64,4110,40,32783129,36,109,3312,71,23797756,31,138,1953,106,18040037,27,178,621,166,1893533,3,199,6,199,829561,1,141,60,141,2651740,4,183,72,178,2182539296,1316,73,168448,4,22493962,30,166,1050,138,60771155,55,113,4840,33,219703040,118,61,16520,6,254626783,120,60,16920,4,212636852,78,39,12636,5,177813199,71,34,11857,4,180055893,103,64,14111,6,179388716,124,68,16492,12,203430042,142,81,17040,11,257114242,179,81,21480,15,209122103,142,68,18886,18,205383309,154,94,16478,5
swedish pop,0.62,0.67,113.82,0.48,-5.96,0.06,0.18,0.18,0.01,2091146631,2146,106,203870,7,995012281,938,96,98490,9,125700204,197,126,14775,28,70069110,96,118,7968,40,71446422,89,135,5874,12,112600267,77,103,7546,9,93361351,53,82,6307,10,66403362,29,19,5278,14,52987009,31,33,5208,27,84371524,58,50,8758,20,89241376,62,50,9362,23,74590705,67,68,8911,26,79648066,90,84,10530,48,74592885,89,107,8366,46,583258701,657,114,57159,7,77226234,93,108,8649,53,55197961,74,127,5476,72,43170045,62,132,4278,103,59574973,69,143,4002,7,38483239,48,127,3552,53,21311423,30,131,2100,95,19481730,31,156,1395,127,31656696,43,132,2967,85,26248050,30,99,3060,83,46027317,51,110,4641,48,89784985,61,45,9516,26,75096048,65,82,7735,42,307316996,335,120,27135,17,99217537,90,81,10800,28,78985574,85,119,6970,27,61663217,82,152,4018,92,19699595,27,159,1134,120,24371991,23,100,2323,17,22550412,27,139,1674,52,0,0,0,0,0,828670,1,125,76,125,0,0,0,0,0,0,0,0,0,0,0,0,0,0,0,0,0,0,0,0,205558653,216,110,19656,43,8685097,8,94,856,51,17402611,20,126,1500,92,7470587,5,45,780,43,36151229,30,59,4260,43,25972261,31,122,2449,75,31333672,40,135,2640,72,32467528,32,101,3200,83,31622770,31,91,3410,68,11560210,16,168,528,110,0,0,0,0,0,0,0,0,0,0,2892688,3,167,102,113
glam rock,0.54,0.6,118.55,0.46,-7.85,0.06,0.28,0.35,0.01,2432719220,2659,125,202084,10,21039637,26,139,1612,35,1274285,3,158,129,117,432190,1,192,9,192,0,0,0,0,0,0,0,0,0,0,1356951,3,189,36,182,0,0,0,0,0,0,0,0,0,0,0,0,0,0,0,0,0,0,0,0,0,0,0,0,0,0,0,0,0,0,17976211,19,125,1444,35,596871011,563,108,52359,10,605714,1,125,76,125,0,0,0,0,0,0,0,0,0,0,0,0,0,0,0,3441151,6,187,84,174,0,0,0,0,0,4477029,8,182,152,174,5379040,10,190,110,182,12366897,21,181,420,129,23146574,33,152,1617,78,310819113,265,88,29945,10,236635493,219,110,19929,18,1389239682,1556,124,119812,22,175179541,184,111,16560,22,171447744,172,113,15136,26,193439393,191,106,18145,28,124752095,133,114,11571,40,103813638,120,125,9120,55,102531978,124,130,8804,59,96582754,118,135,7788,63,95755177,119,132,8211,60,79384041,99,136,6435,65,91438572,118,144,6726,61,76368428,101,147,5454,68,78546321,77,129,5544,38,425568890,514,144,29298,27,37676812,44,129,3168,67,27999150,31,118,2573,96,26915650,32,134,2144,109,33215716,45,141,2700,94,43695569,56,142,3304,29,43409749,60,145,3360,90,32419030,42,149,2184,115,35092182,47,155,2162,115,26406952,35,154,1645,117,25195644,33,160,1353,124,24118872,32,172,928,147,69423564,57,138,3591,27
scandipop,0.65,0.66,120.92,0.49,-5.74,0.08,0.16,0.19,0.0,2149782902,1969,100,198869,6,787495805,810,108,75330,9,117271743,159,106,15105,28,82732119,117,118,9711,40,95063530,136,147,7344,12,126261398,106,125,8056,9,104650347,78,117,6552,10,67199926,31,30,5301,14,53368097,32,38,5216,27,41818204,31,44,4867,36,29147909,30,66,4050,56,24948481,31,89,3472,79,22179103,30,104,2910,98,22854948,29,115,2494,46,318978330,320,99,32640,26,24172697,31,110,2821,71,20273612,28,125,2128,112,19929662,31,148,1643,123,17306998,29,174,783,154,6807361,12,193,96,185,0,0,0,0,0,0,0,0,0,0,862058,1,118,83,118,19400260,22,104,2134,68,52268529,44,62,6116,48,84941355,60,46,9300,26,73015798,62,78,7626,42,314614154,362,124,27874,42,72982159,62,60,8742,42,54268749,56,100,5656,68,51072794,62,131,4340,86,49804358,67,151,3350,114,40476054,49,128,3577,82,30188571,42,159,1764,52,12937938,20,184,340,157,1233161,2,198,6,195,0,0,0,0,0,0,0,0,0,0,713966,1,177,24,177,936404,1,196,5,196,728694613,477,69,62964,6,0,0,0,0,0,0,0,0,0,0,16217158,16,112,1424,43,72305326,60,59,8520,43,74992088,62,83,7316,24,100322958,70,85,8120,12,119824022,63,57,9072,8,117177794,63,52,9387,6,82354155,46,70,6026,13,58101973,31,31,5270,22,43910887,30,56,4350,38,43488252,36,100,3636,37
moombahton,0.67,0.75,125.37,0.51,-5.21,0.1,0.22,0.09,0.0,2020932850,2206,114,191922,13,784374212,932,118,77356,14,94849182,98,87,11172,14,113349360,110,99,11220,16,104077062,112,117,9408,22,83634658,108,124,8316,38,55577455,88,137,5632,61,90711625,109,129,7848,28,84505446,93,117,7812,28,81517301,94,107,8836,28,46614404,70,130,4970,54,18539793,33,151,1650,114,5678629,9,137,576,96,5319297,8,151,400,89,593858753,565,96,59325,13,7061391,10,138,630,100,20674122,28,122,2212,106,16017543,23,134,1541,104,0,0,0,0,0,47069116,58,120,4698,56,47292528,56,106,5320,62,37111660,51,131,3570,87,28758759,35,114,3045,46,100671567,56,37,9184,13,103358694,69,47,10626,13,98198107,91,82,10829,30,87645266,88,117,7392,30,558702855,606,119,49692,18,103268293,93,103,9114,18,66877305,64,112,5696,31,57972937,60,117,5040,57,44562986,48,115,4128,71,29792808,33,108,3069,82,23427637,31,141,1860,115,14644027,22,176,550,142,10782110,17,185,272,174,23731029,28,121,2240,59,87531953,97,112,8633,39,70051298,80,106,7600,51,26060472,33,161,1320,100,83997030,103,146,5665,53,17462419,23,158,989,119,23352233,31,165,1116,127,829533,1,145,56,145,0,0,0,0,0,0,0,0,0,0,0,0,0,0,0,0,0,0,0,0,10659592,11,113,968,53,26934500,32,131,2240,67,2484139,3,152,147,111,2274614,2,119,164,68,0,0,0,0,0
hollywood,0.48,0.49,118.01,0.3,-9.76,0.09,0.15,0.38,0.04,2183335046,1897,100,191597,2,26371780,49,158,2107,60,7699164,17,163,646,111,9202159,19,161,760,74,1027275,2,154,94,149,0,0,0,0,0,0,0,0,0,0,0,0,0,0,0,0,0,0,0,0,0,0,0,0,0,0,0,0,0,0,0,0,0,0,0,0,0,0,0,0,8443182,11,148,583,60,968565926,1014,119,83148,5,231295650,254,109,23368,18,174244496,192,114,16704,23,101685388,128,125,9728,42,59968744,83,134,5561,86,53933473,82,156,3690,130,43544213,72,170,2232,131,26872251,42,151,2100,116,15679849,26,169,832,135,4998147,6,139,372,54,91841348,47,71,6110,5,91591928,39,48,5967,5,72910439,43,61,6020,12,775210108,434,50,65534,2,81689300,46,71,5980,10,89970193,32,30,5472,2,111741731,31,5,6076,2,76520380,30,12,5670,11,66854518,31,17,5704,13,54015576,30,28,5190,21,47303187,31,43,4898,37,43636196,31,45,4836,37,39132631,30,52,4470,44,40524141,31,52,4619,46,45995159,42,75,5292,48,77827096,69,94,7383,40,413187232,400,96,42000,47,52818402,51,98,5253,56,34053210,29,73,3712,64,33336666,31,89,3472,79,28861830,30,82,3570,71,30423599,31,84,3627,71,30172555,30,80,3630,74,30781736,31,103,3038,79,29798210,31,100,3131,91,30143065,30,89,3360,82,31943092,31,94,3317,86,29612030,30,109,2760,98,51242837,45,135,2970,47
adult standards,0.51,0.33,117.04,0.54,-12.02,0.06,0.19,0.75,0.01,2574119554,1753,95,185818,3,354491734,366,114,31842,3,0,0,0,0,0,0,0,0,0,0,0,0,0,0,0,0,0,0,0,0,0,0,0,0,0,0,0,0,0,0,0,0,0,0,0,0,0,0,0,0,0,0,0,0,0,0,0,0,0,0,16666751,28,147,1512,92,337824983,338,112,30082,3,647047134,477,95,50562,3,0,0,0,0,0,0,0,0,0,0,0,0,0,0,0,0,0,0,0,0,0,0,0,0,0,15500080,14,78,1722,34,1121794,2,171,60,162,0,0,0,0,0,0,0,0,0,0,0,0,0,0,0,53400962,66,135,4356,53,577024298,395,88,44635,3,626402630,431,92,46979,5,0,0,0,0,0,0,0,0,0,0,0,0,0,0,0,0,0,0,0,0,0,0,0,0,0,0,0,0,0,0,0,0,0,0,0,0,0,0,0,0,0,0,0,0,0,0,0,0,0,0,40449856,46,120,3726,30,585952774,385,89,43120,5,946178056,479,83,56522,3,0,0,0,0,0,0,0,0,0,0,2665821,3,126,225,84,0,0,0,0,0,0,0,0,0,0,0,0,0,0,0,0,0,0,0,0,0,0,0,0,0,0,0,0,0,0,0,0,0,0,0,123262969,96,99,9792,7,820249266,380,78,46740,3
complextro,0.67,0.74,121.83,0.39,-4.41,0.09,0.23,0.21,0.0,2040418589,1781,97,185224,5,914253992,779,85,90364,5,45501779,32,36,5280,20,40016954,32,45,4992,17,120190422,62,43,9796,5,120146347,60,46,9300,7,111235786,58,53,8584,6,89287734,58,64,7946,10,99930320,91,75,11466,22,110755743,124,86,14260,41,87590147,117,111,10530,59,52387628,87,145,4872,77,18594372,30,141,1800,128,18616760,28,149,1456,103,792197647,591,84,69147,6,28934198,37,137,2368,19,82477978,56,96,5880,9,100370279,44,62,6116,6,85634600,31,19,5642,8,73181928,31,15,5766,12,50468410,30,35,4980,23,56035956,43,55,6278,38,86598075,62,47,9548,27,71308091,63,75,7938,38,77095291,92,113,8096,75,52302549,68,135,4488,103,27790292,34,145,1904,58,303862003,375,137,24000,39,35480131,46,142,2714,70,40493771,42,115,3612,39,50483144,62,130,4402,80,24377063,34,157,1496,139,22343339,31,157,1364,142,22097132,32,164,1184,145,28459967,38,159,1596,47,16435984,26,184,442,163,4303292,6,177,144,94,31757472,29,73,3712,50,26821591,28,89,3136,55,809117,1,179,22,179,30104947,36,137,2304,61,619671,1,179,22,179,0,0,0,0,0,0,0,0,0,0,0,0,0,0,0,0,0,0,0,0,0,0,0,0,0,26208635,30,127,2220,61,3276641,5,190,55,186,0,0,0,0,0,0,0,0,0,0,0,0,0,0,0,0,0,0,0,0
argentine hip hop,0.75,0.64,119.58,0.56,-5.22,0.13,0.16,0.31,0.0,1983465875,1821,101,182100,10,0,0,0,0,0,0,0,0,0,0,0,0,0,0,0,0,0,0,0,0,0,0,0,0,0,0,0,0,0,0,0,0,0,0,0,0,0,0,0,0,0,0,0,0,0,0,0,0,0,0,0,0,0,0,0,0,0,0,0,0,0,0,0,0,0,627371363,673,115,57878,10,0,0,0,0,0,0,0,0,0,0,16140243,26,155,1196,125,32585935,46,139,2852,85,45203197,60,134,4020,74,38235377,54,140,3294,82,33920323,50,143,2900,107,82426671,113,133,7684,57,85588041,100,120,8100,48,70781803,67,88,7571,39,105799473,85,76,10625,14,116690300,72,63,9936,10,1094271374,917,91,100870,11,106244073,62,50,9362,11,82076114,59,100,5959,16,102075650,70,64,9590,25,138422005,87,46,13485,15,158419649,113,65,15368,18,139394639,111,79,13542,25,129304670,120,95,12720,26,105188571,122,118,10126,55,76523428,93,124,7161,79,50940340,72,160,2952,87,3363887,5,167,170,143,2318348,3,194,21,192,261823138,231,96,24255,33,0,0,0,0,0,2250886,1,40,161,40,23601486,22,108,2046,56,0,0,0,0,0,0,0,0,0,0,0,0,0,0,0,14155124,10,83,1180,37,61254396,41,51,6150,33,72769431,60,66,8100,49,50659541,57,124,4389,83,10808810,15,178,345,156,26323464,25,128,1825,74
brooklyn drill,0.68,0.64,123.86,0.46,-6.27,0.26,0.18,0.23,0.0,2209116468,1695,95,179670,5,0,0,0,0,0,0,0,0,0,0,0,0,0,0,0,0,0,0,0,0,0,0,0,0,0,0,0,0,0,0,0,0,0,0,0,0,0,0,0,0,0,0,0,0,0,0,0,0,0,0,0,0,0,0,0,0,0,0,0,0,0,0,0,0,0,0,0,0,0,0,0,0,0,0,0,0,0,0,0,0,0,0,0,0,0,0,0,0,0,0,0,0,0,0,0,0,0,0,0,0,0,0,0,0,0,0,0,0,0,0,0,0,0,0,0,0,0,0,0,0,0,0,0,0,0,0,0,0,0,0,289465311,305,110,27755,21,0,0,0,0,0,0,0,0,0,0,0,0,0,0,0,10218794,14,150,714,119,37414035,31,68,4123,44,43575659,30,48,4590,37,35125718,31,72,3999,61,31287368,33,93,3564,69,45776604,58,134,3886,103,49366752,61,128,4453,73,30403531,42,154,1974,111,6296850,5,93,540,21,1919651157,1390,91,152900,5,1301913,2,192,18,192,15556105,17,126,1275,57,20342538,28,167,952,152,19205706,29,172,841,151,41958487,51,139,3162,25,54504319,65,116,5525,63,325125016,264,92,28776,9,250660108,155,51,23250,10,302908753,195,69,25740,9,365871439,218,76,27250,5,280501075,187,96,19635,5,241715698,179,109,16468,13
trap queen,0.79,0.72,128.4,0.53,-5.04,0.21,0.2,0.09,0.0,2203837027,1542,86,177330,1,151762026,219,119,17958,33,32772711,31,48,4743,33,25372576,27,59,3834,50,24159629,31,96,3255,68,18922560,30,122,2370,99,16430061,29,139,1798,123,14539270,29,166,1015,139,12907448,28,177,672,160,4391142,10,183,180,169,0,0,0,0,0,0,0,0,0,0,0,0,0,0,0,2266629,4,188,52,177,1875594,2,115,172,103,0,0,0,0,0,0,0,0,0,0,0,0,0,0,0,0,0,0,0,0,0,0,0,0,0,0,0,0,0,0,0,0,0,0,0,0,0,0,0,0,0,0,0,0,0,948471,1,103,98,103,927123,1,127,74,127,0,0,0,0,0,795406566,597,77,74028,15,0,0,0,0,0,0,0,0,0,0,0,0,0,0,0,10664695,12,128,876,47,79961573,62,96,6510,17,59810115,37,55,5402,21,104175815,74,86,8510,15,144100268,108,75,13608,15,135549055,96,65,13056,18,113087288,78,60,10998,18,85933881,70,69,9240,28,62123876,60,99,6120,40,1254792841,724,85,83984,1,65190144,69,113,6072,49,47954775,58,139,3596,97,42940701,45,138,2835,25,82369110,45,69,5940,11,112899936,62,36,10230,11,89320698,64,60,9024,21,64294184,60,107,5640,33,201302120,95,94,10165,1,217659878,85,96,8925,1,127289718,35,23,6230,2,97772922,45,51,6750,7,105798655,61,57,8784,17
german techno,0.67,0.72,110.11,0.43,-4.57,0.07,0.13,0.28,0.0,1930057316,1657,97,172328,5,843011531,700,86,80500,5,45157972,31,31,5270,20,46385637,47,91,5170,17,121084639,64,47,9856,5,120146347,60,46,9300,7,111235786,58,53,8584,6,89287734,58,64,7946,10,97421262,87,73,11136,22,81915931,93,91,10230,41,58855392,87,126,6525,62,34309699,57,145,3192,100,18594372,30,141,1800,128,18616760,28,149,1456,103,790177544,588,84,68796,6,28934198,37,137,2368,19,82477978,56,96,5880,9,100370279,44,62,6116,6,85634600,31,19,5642,8,73181928,31,15,5766,12,50468410,30,35,4980,23,56035956,43,55,6278,38,86598075,62,47,9548,27,71308091,63,75,7938,38,77095291,92,113,8096,75,51594054,67,134,4489,103,26478684,32,142,1888,58,295406974,367,138,23121,39,35480131,46,142,2714,70,40493771,42,115,3612,39,50483144,62,130,4402,80,24377063,34,157,1496,139,22343339,31,157,1364,142,22097132,32,164,1184,145,20004938,30,174,810,150,16435984,26,184,442,163,4303292,6,177,144,94,31757472,29,73,3712,50,26821591,28,89,3136,55,809117,1,179,22,179,1461267,2,158,86,138,619671,1,179,22,179,0,0,0,0,0,0,0,0,0,0,0,0,0,0,0,0,0,0,0,0,0,0,0,0,0,841596,1,138,63,138,0,0,0,0,0,0,0,0,0,0,0,0,0,0,0,0,0,0,0,0,0,0,0,0,0
canadian trap,0.79,0.65,125.41,0.49,-5.84,0.16,0.18,0.15,0.0,2226209783,1687,101,168700,2,76355402,119,129,8568,71,21195346,31,87,3534,71,6325477,13,170,403,113,2214497,5,194,35,185,2742140,6,182,114,167,6041712,13,186,195,171,0,0,0,0,0,0,0,0,0,0,0,0,0,0,0,0,0,0,0,0,0,0,0,0,0,15134600,21,109,1932,92,22701630,30,123,2340,96,915225116,612,81,73440,2,26661910,40,143,2320,100,43530689,62,134,4154,72,17121428,25,137,1600,111,0,0,0,0,0,23151180,29,128,2117,53,76789605,58,86,6670,15,130173936,49,42,7791,2,190442098,64,17,11776,2,132350556,60,24,10620,5,95579584,72,65,9792,19,73889941,64,86,7360,3,105534189,89,95,9434,11,289115164,378,147,20412,54,79251458,93,120,7533,64,41456193,56,160,2296,106,26620996,35,153,1680,54,27538561,41,176,1025,140,8956752,13,175,338,113,5247943,8,178,184,149,32080163,44,156,1980,125,30191418,43,160,1763,119,24986625,30,120,2430,96,2275159,3,146,165,145,10509896,12,116,1020,63,0,0,0,0,0,945514101,578,86,66470,2,0,0,0,0,0,23309154,27,128,1971,102,38218898,42,153,2016,17,93631407,112,134,7504,34,38124198,49,137,3136,58,23736522,25,129,1800,23,66200589,31,25,5456,11,87247166,49,36,8085,17,149336700,60,23,10680,3,170017852,62,36,10230,2,141393799,62,65,8432,4,114297816,59,84,6903,7
florida rap,0.75,0.57,135.24,0.45,-7.16,0.2,0.17,0.18,0.0,1738107259,1750,107,164500,3,529231454,728,120,58968,37,390969,1,198,3,198,8541238,10,82,1190,45,40510199,31,54,4557,41,51933998,50,83,5900,37,52951443,58,83,6844,55,42960473,59,101,5900,73,35752243,61,131,4270,91,37257945,70,156,3150,100,65552480,103,134,6901,79,72145036,100,109,9200,76,64835139,104,142,6136,93,56400291,81,141,4860,64,576206008,437,91,48070,3,58438370,69,111,6210,47,38443599,56,140,3416,78,34511596,60,175,1560,144,2569918,5,193,40,187,1992385,2,107,188,59,11414002,12,104,1164,33,1160723,2,162,78,158,0,0,0,0,0,32734919,20,41,3200,24,116529612,56,43,8848,3,140570670,75,45,11700,7,137840214,80,57,11520,7,540683580,477,96,50085,11,129860218,87,72,11223,11,83186177,56,50,8456,23,74566605,62,66,8370,41,50344482,60,125,4560,87,41960764,59,160,2419,127,20483387,30,168,990,151,6973070,11,186,165,176,0,0,0,0,0,24512817,22,83,2596,34,46363423,31,41,4960,29,37090638,30,54,4410,39,25341999,29,132,2001,97,91986217,108,139,6696,59,21574717,28,156,1260,119,2784565,4,177,96,164,0,0,0,0,0,6186614,10,191,100,186,0,0,0,0,0,0,0,0,0,0,27685867,24,84,2808,59,33121854,41,142,2419,77,632600,1,195,6,195,0,0,0,0,0,0,0,0,0,0,0,0,0,0,0
electronic trap,0.74,0.72,117.96,0.48,-4.54,0.11,0.21,0.18,0.0,2012385742,1592,101,159200,1,565491903,729,123,56862,3,120590369,124,99,12648,3,79144737,92,118,7636,19,54176973,60,118,4980,33,45143089,60,123,4680,55,37511722,57,136,3705,78,34051430,55,137,3520,63,31621770,55,139,3410,87,19062211,33,136,2145,115,23277541,39,146,2145,73,43604889,61,125,4636,56,33639824,47,124,3619,71,43667348,46,119,3772,18,513562089,202,74,25654,1,46527495,59,122,4661,38,17363193,25,140,1525,86,5584788,10,178,230,148,0,0,0,0,0,0,0,0,0,0,0,0,0,0,0,616465,1,176,25,176,0,0,0,0,0,16647633,12,135,792,2,163221662,32,6,6240,1,146014561,30,2,5970,1,117586292,33,14,6171,2,887738576,601,78,73923,3,95790471,31,7,6014,3,76193657,35,31,5950,11,84441312,62,81,7440,18,59866642,55,103,5390,41,37322474,35,84,4095,55,58072799,47,69,6204,25,106820263,63,59,8946,9,112697329,62,65,8432,8,94717073,60,86,6900,13,74137275,62,100,6262,21,45948338,44,96,4620,42,41730943,45,126,3375,71,45593174,60,161,2400,92,34013096,44,155,2024,92,11580078,16,177,384,142,0,0,0,0,0,0,0,0,0,0,0,0,0,0,0,0,0,0,0,0,0,0,0,0,0,0,0,0,0,0,0,0,0,0,0,0,0,0,0,0,0,0,0,0,0,0,0,0,0,0
lounge,0.5,0.32,116.21,0.53,-11.67,0.05,0.18,0.75,0.01,2178161652,1427,91,156970,3,293609055,293,109,26956,3,0,0,0,0,0,0,0,0,0,0,0,0,0,0,0,0,0,0,0,0,0,0,0,0,0,0,0,0,0,0,0,0,0,0,0,0,0,0,0,0,0,0,0,0,0,0,0,0,0,0,16666751,28,147,1512,92,276942304,265,105,25440,3,549014298,393,92,42837,3,0,0,0,0,0,0,0,0,0,0,0,0,0,0,0,0,0,0,0,0,0,0,0,0,0,12812242,11,71,1430,34,0,0,0,0,0,0,0,0,0,0,0,0,0,0,0,0,0,0,0,0,48422054,58,128,4234,53,487780002,324,86,37260,3,534200596,359,90,39849,5,0,0,0,0,0,0,0,0,0,0,0,0,0,0,0,0,0,0,0,0,0,0,0,0,0,0,0,0,0,0,0,0,0,0,0,0,0,0,0,0,0,0,0,0,0,0,0,0,0,0,37399788,42,117,3528,30,496800808,317,87,36138,5,801337703,382,76,47750,3,0,0,0,0,0,0,0,0,0,0,0,0,0,0,0,0,0,0,0,0,0,0,0,0,0,0,0,0,0,0,0,0,0,0,0,0,0,0,0,0,0,0,0,0,0,0,0,0,0,0,115020529,87,94,9309,7,686317174,295,71,38350,3
funk carioca,0.78,0.72,134.4,0.71,-4.87,0.13,0.18,0.26,0.0,1752795902,2007,123,156546,14,293747685,356,119,29192,17,11692125,23,139,1426,75,450436,1,186,15,186,0,0,0,0,0,0,0,0,0,0,2891805,5,150,255,82,17414939,32,151,1600,116,20971725,42,162,1638,89,28584522,48,133,3264,88,16370036,30,157,1320,123,10447833,19,162,741,80,44161509,54,112,4806,28,140762755,102,61,14280,17,868846825,931,109,85652,14,193070126,151,64,20687,14,176530020,156,81,18720,19,152904759,144,79,17568,33,113430454,131,106,12445,53,67482162,91,133,6188,85,60081822,97,164,3589,106,24310252,39,162,1521,61,21939340,34,154,1598,112,12211271,19,157,836,118,3154572,5,171,150,149,22214199,34,171,1020,120,21517848,30,160,1230,89,265726769,342,153,16416,28,33261823,50,166,1750,79,22941575,28,146,1540,43,57746586,58,114,5046,28,47931161,67,163,2546,85,3742150,6,183,108,163,2700288,4,182,76,161,1661427,2,145,112,100,0,0,0,0,0,2640925,4,190,44,183,12825985,19,174,513,135,33359099,47,162,1833,97,46915750,57,151,2850,85,324474623,378,136,24570,24,57597057,68,137,4352,83,46826702,54,129,3888,82,4566364,6,167,204,145,4605174,7,181,140,159,1386539,2,158,86,154,15991795,22,140,1342,95,34583760,44,146,2420,98,43654739,54,139,3348,77,49384103,50,120,4050,24,42315359,45,119,3690,56,7705006,11,187,154,173,15858025,15,130,1065,57
bedroom pop,0.65,0.55,111.52,0.42,-7.67,0.07,0.26,0.38,0.01,2048041519,1217,73,155776,4,3240759,6,168,198,141,0,0,0,0,0,0,0,0,0,0,0,0,0,0,0,0,0,0,0,0,0,0,0,0,0,0,0,0,0,0,3240759,6,168,198,141,0,0,0,0,0,0,0,0,0,0,0,0,0,0,0,0,0,0,0,0,0,0,0,0,0,0,0,0,0,0,0,0,0,0,0,0,0,0,0,0,0,0,0,0,0,0,0,0,0,0,0,0,0,0,0,0,0,0,0,0,0,0,0,0,0,0,0,0,0,0,0,0,0,0,0,0,0,0,0,0,0,0,0,0,0,0,0,0,0,0,3418654,5,180,105,167,0,0,0,0,0,0,0,0,0,0,0,0,0,0,0,0,0,0,0,0,0,0,0,0,0,0,0,0,0,0,0,0,0,0,0,0,0,0,0,0,0,0,0,0,0,766914,1,167,34,167,0,0,0,0,0,2651740,4,183,72,178,2041382106,1206,72,155574,4,21690456,29,166,1015,138,46047527,45,122,3555,34,172234721,87,64,11919,6,224710450,90,54,13230,4,201001081,62,10,11842,5,177813199,71,34,11857,4,180055893,103,64,14111,6,179388716,124,68,16492,12,205111773,144,82,17136,11,257114242,179,81,21480,15,208449930,141,67,18894,18,167764118,131,95,13886,23
latin viral pop,0.75,0.72,130.94,0.65,-4.5,0.12,0.22,0.18,0.0,1487758050,1470,96,154350,20,260048264,281,97,29224,30,0,0,0,0,0,0,0,0,0,0,0,0,0,0,0,0,0,0,0,0,0,0,0,0,0,0,0,0,0,0,2468425,5,156,225,136,39591579,58,119,4756,62,53875184,60,94,6420,43,60578161,62,91,6820,36,59657936,60,98,6180,30,43876979,36,65,4896,37,980156602,887,84,103779,20,38633967,38,85,4408,31,25800670,30,98,3090,68,51575387,61,109,5612,41,57518429,54,98,5562,33,101093736,93,70,12183,36,112564197,90,66,12150,23,119276456,94,77,11656,20,118753783,102,80,12342,22,100548965,89,84,10413,36,76637301,62,59,8804,39,88803629,84,85,9744,42,88950082,90,111,8100,59,211233623,252,128,18396,58,80718374,88,108,8184,58,39759609,46,128,3358,70,26355883,33,132,2277,101,9390363,14,181,280,165,0,0,0,0,0,0,0,0,0,0,12023209,15,132,1035,92,24503629,31,131,2170,92,10997165,15,159,630,92,653594,1,191,10,191,6831797,9,139,558,89,0,0,0,0,0,36319561,50,163,1900,97,0,0,0,0,0,0,0,0,0,0,0,0,0,0,0,14120355,19,139,1178,97,4429743,7,186,105,181,0,0,0,0,0,716580,1,176,25,176,1713932,2,137,128,123,0,0,0,0,0,6749190,9,171,270,151,8589761,12,185,192,174,0,0,0,0,0
permanent wave,0.51,0.73,123.11,0.45,-6.07,0.05,0.21,0.11,0.04,2540899073,3083,152,151067,2,1005772349,886,118,73538,2,33576429,67,148,3551,74,40040295,43,151,2150,2,129157483,39,39,6318,2,149412699,57,47,8778,2,111839041,64,80,7744,5,89113064,62,102,6138,10,101576122,104,128,7592,14,72620312,75,121,6000,22,64029453,76,127,5624,38,82863345,120,136,7800,48,73639855,118,154,5546,58,57904251,61,103,5978,33,629377680,902,153,43296,17,40251287,48,115,4128,47,45664307,66,145,3696,81,58248503,90,152,4410,95,47280794,73,153,3504,106,77588182,97,137,6208,17,34899854,57,166,1995,144,44170275,73,166,2555,133,47076178,78,167,2652,137,43183198,72,171,2160,147,54258055,89,180,1869,152,66270437,83,143,4814,50,70486610,76,136,4940,34,636787416,915,172,26535,33,57564081,84,166,2940,95,34068000,43,147,2322,94,38072806,49,145,2744,90,47485800,70,170,2170,129,51692052,80,182,1520,155,54410861,84,183,1512,159,76820230,119,185,1904,160,71937569,112,178,2576,150,27988700,44,193,352,181,65208097,94,178,2162,33,68576622,94,158,4042,69,42962598,42,139,2604,45,268961628,380,180,7980,35,12179036,18,184,306,168,4302198,6,197,24,190,646674,1,200,1,200,30158115,47,183,846,86,27464843,44,191,440,173,38984528,61,180,1281,161,26545093,40,183,720,154,30742181,46,180,966,163,19300521,29,187,406,171,18388263,27,192,243,174,13834372,20,189,240,168,46415804,41,144,2337,35
uk contemporary r&b,0.68,0.72,116.82,0.55,-5.76,0.1,0.17,0.14,0.03,1602404583,1322,90,146742,9,404832935,416,95,44096,11,54059472,54,71,7020,31,48459430,54,66,7290,44,99114676,77,83,9086,11,92131076,88,108,8184,17,41252521,35,74,4445,34,28300507,36,103,3528,63,20339082,31,110,2821,90,16115591,31,155,1426,130,4221064,9,184,153,174,0,0,0,0,0,0,0,0,0,0,839516,1,122,79,122,584937496,475,91,52250,9,10507541,11,91,1210,52,73267160,44,59,6248,11,83680647,31,11,5890,9,72410081,30,19,5460,12,59503268,31,24,5487,17,54342185,44,76,5500,29,65133952,62,71,8060,49,39132786,47,107,4418,68,39161503,54,133,3672,104,48596182,62,124,4774,82,29284908,45,171,1350,108,9917283,14,171,420,93,99545657,130,148,6890,39,21317132,31,163,1178,135,5209470,8,190,88,183,0,0,0,0,0,0,0,0,0,0,5528846,7,150,357,50,0,0,0,0,0,10834365,10,105,960,39,11221968,14,134,938,106,20267144,28,158,1204,125,24452766,31,131,2170,112,713966,1,177,24,177,0,0,0,0,0,513088495,301,57,43344,10,0,0,0,0,0,0,0,0,0,0,0,0,0,0,0,6666461,8,126,600,61,3620259,5,157,220,126,28248814,28,85,3248,59,59358743,50,82,5950,35,100627833,62,49,9424,13,103189807,56,64,7672,12,83407189,31,13,5828,11,69001329,30,21,5400,14,58968060,31,45,4836,10
modern alternative rock,0.56,0.68,126.74,0.44,-6.32,0.08,0.18,0.14,0.01,1524513286,1544,106,146680,14,609170179,604,94,64628,14,22005952,34,97,3536,71,17256320,31,137,1984,113,24433950,48,170,1488,145,14653300,31,183,558,171,11232834,25,192,225,180,6006320,13,182,247,154,31821002,51,122,4029,66,50409353,62,100,6262,52,65833585,55,59,7810,38,110538274,74,42,11766,18,120752652,79,47,12166,14,134226637,101,55,14746,16,528727775,507,97,52728,14,136274450,94,49,14288,14,101871041,78,72,10062,18,82195502,62,48,9486,30,62148164,60,76,7500,56,46603981,58,117,4872,77,30073607,43,137,2752,49,21482119,33,148,1749,74,21533319,35,166,1225,84,17336641,30,182,570,140,3640471,6,188,78,146,1658986,2,162,78,125,3909494,6,180,126,113,47549438,68,164,2516,125,16050209,25,177,600,125,624773,1,195,6,195,0,0,0,0,0,0,0,0,0,0,16800336,23,156,1035,134,10116940,14,153,672,137,0,0,0,0,0,1470178,2,166,70,165,0,0,0,0,0,813211,1,148,53,148,0,0,0,0,0,1673791,2,171,60,152,339065894,365,128,26645,45,3198804,4,163,152,115,0,0,0,0,0,0,0,0,0,0,3228116,4,141,240,67,1056842,1,93,108,93,0,0,0,0,0,735660,1,176,25,176,38990595,42,121,3360,60,53975842,60,124,4620,63,78582260,89,127,6586,90,86281937,96,132,6624,72,73015838,68,128,4964,45
art pop,0.6,0.54,112.52,0.33,-7.68,0.07,0.16,0.34,0.01,1474949835,1767,118,146661,2,943910771,1266,122,100014,14,108227485,119,90,13209,14,105038966,114,98,11742,29,154710739,162,105,15552,22,113404238,140,116,11900,27,84076570,136,141,8160,54,120045531,193,132,13317,53,93211903,170,148,9010,81,27873618,58,168,1914,125,20857863,26,112,2314,53,33907281,32,63,4416,52,49179037,66,108,6138,63,33377540,50,147,2700,111,169747889,190,112,16910,19,17002471,28,161,1120,105,2199118,4,196,20,189,0,0,0,0,0,0,0,0,0,0,25429122,26,84,3042,44,28571356,31,88,3503,69,4310357,7,168,231,153,862058,1,118,83,118,4819185,7,155,322,67,33023232,28,91,3080,19,51605842,55,102,5445,43,1925148,3,199,6,198,263469018,221,104,21437,2,1797371,2,134,134,72,0,0,0,0,0,0,0,0,0,0,0,0,0,0,0,7351178,9,147,486,80,18648089,21,125,1596,23,2018379,3,190,33,182,26789821,27,118,2241,26,94472673,62,101,6200,2,52129180,31,35,5146,13,29686061,36,124,2772,66,30576266,30,104,2910,51,97822157,90,121,7200,5,16964424,21,139,1302,87,0,0,0,0,0,0,0,0,0,0,0,0,0,0,0,3046193,3,105,288,68,2681205,4,166,140,144,25367039,29,127,2146,61,3276641,5,190,55,186,0,0,0,0,0,2124746,2,113,176,59,7928105,4,54,588,24,36433804,22,88,2486,5
k-pop boy group,0.64,0.73,122.03,0.5,-5.47,0.12,0.18,0.14,0.01,1922889548,1449,100,146349,1,95881739,128,116,10880,41,0,0,0,0,0,1808734,4,176,100,139,0,0,0,0,0,0,0,0,0,0,0,0,0,0,0,0,0,0,0,0,438302,1,193,8,193,0,0,0,0,0,44365312,60,122,4740,41,18042094,25,107,2350,63,5775474,7,86,805,75,25451823,31,108,2883,81,230650421,273,118,22659,14,17434891,25,132,1725,76,0,0,0,0,0,0,0,0,0,0,585978,1,164,37,164,81466325,87,109,8004,14,28694767,30,86,3450,47,5222819,9,179,198,151,39271840,50,122,3950,38,16048081,25,154,1175,113,8123721,7,69,924,30,29240965,33,109,3036,80,4561034,6,156,270,141,444966314,369,98,38007,3,0,0,0,0,0,0,0,0,0,0,3628798,5,164,185,125,154170164,99,82,11781,3,62825815,31,26,5425,10,64801484,61,94,6527,23,47489893,41,86,4715,14,26950461,32,117,2688,90,21339224,30,161,1200,123,31566150,34,127,2516,38,26753912,30,107,2820,57,5440413,6,163,228,44,1151391074,679,91,74690,1,36698744,28,107,2632,20,185669425,149,88,16837,21,80513557,94,147,5076,60,0,0,0,0,0,0,0,0,0,0,11625117,12,96,1260,25,9089775,11,139,682,89,78885541,37,106,3515,1,139792012,57,84,6669,4,162693941,78,78,9594,3,280198349,125,64,17125,2,166224613,88,72,11352,7
australian dance,0.58,0.68,127.77,0.41,-5.25,0.08,0.16,0.14,0.01,1596913363,1546,107,145324,3,635901512,657,115,56502,3,104405495,161,116,13685,27,65799520,114,131,7980,79,53239788,95,152,4655,91,17456388,30,137,1920,123,15499483,29,152,1421,145,15407929,29,153,1392,144,15093881,30,158,1290,111,10869014,24,180,504,167,71047195,26,25,4576,5,96768348,31,4,6107,3,83196962,30,10,5730,6,87117509,58,76,7250,14,736474310,691,94,73937,17,53588542,33,34,5511,18,33746959,28,56,4060,41,35946074,40,86,4600,62,61176170,60,89,6720,35,113449626,108,102,10692,20,100833573,83,87,9462,17,73443977,64,77,7936,35,56563668,62,95,6572,45,68669522,60,83,7080,30,59606269,63,114,5481,36,27664793,32,114,2784,85,51785137,58,145,3248,39,80559452,99,155,4554,50,22605533,32,156,1440,126,5239740,8,187,112,182,11209412,15,162,585,59,12663274,18,170,558,135,0,0,0,0,0,2667780,3,142,177,65,0,0,0,0,0,0,0,0,0,0,0,0,0,0,0,0,0,0,0,0,0,0,0,0,0,26173713,23,130,1633,50,143978089,99,99,10098,9,0,0,0,0,0,16050091,9,43,1422,24,11884498,12,121,960,81,0,0,0,0,0,3200803,4,145,224,94,0,0,0,0,0,0,0,0,0,0,0,0,0,0,0,14777630,16,109,1472,63,0,0,0,0,0,768042,1,196,5,196,97297025,57,95,6042,9
country road,0.56,0.66,120.29,0.58,-6.07,0.05,0.19,0.17,0.0,1601449842,1498,104,145306,14,369450715,340,87,38760,14,0,0,0,0,0,0,0,0,0,0,0,0,0,0,0,3631718,6,139,372,93,0,0,0,0,0,0,0,0,0,0,11267135,25,182,475,163,9503838,19,169,608,147,54710923,71,113,6248,41,89287094,93,94,9951,28,95256227,61,35,10126,14,105793780,65,35,10790,16,739858477,613,88,69269,14,117227995,62,21,11160,14,104423983,56,25,9856,18,108303233,66,43,10428,16,91009113,69,72,8901,20,70189015,60,86,6900,30,54740547,57,107,5358,39,43317371,53,120,4293,62,25448411,31,104,3007,86,24045681,33,132,2277,112,24877823,34,138,2142,119,20035426,29,154,1363,134,56239879,63,147,3402,33,333982286,375,134,25125,26,38811824,55,158,2365,120,17528216,26,182,494,163,12158407,19,190,209,183,8756718,14,193,112,180,36989660,53,168,1749,134,37735387,41,135,2706,28,52769592,33,47,5082,26,38218641,31,56,4495,38,30498915,30,76,3750,62,24758167,31,127,2294,75,19498642,28,160,1148,137,16258117,14,137,896,62,158158364,170,129,12240,34,3904250,6,197,24,194,0,0,0,0,0,0,0,0,0,0,0,0,0,0,0,0,0,0,0,0,0,0,0,0,0,15197029,20,157,880,92,28021254,31,113,2728,85,28922120,31,104,3007,81,27273529,31,124,2387,109,18603276,22,138,1386,118,36236906,29,138,1827,34
mellow gold,0.58,0.59,127.56,0.66,-9.65,0.04,0.19,0.33,0.01,2189909002,1768,119,144976,2,243193964,210,95,22260,2,0,0,0,0,0,410106,1,199,2,199,0,0,0,0,0,0,0,0,0,0,1804421,4,189,48,182,0,0,0,0,0,1827818,3,151,150,104,0,0,0,0,0,0,0,0,0,0,11107956,16,130,1136,51,15978281,22,120,1782,49,212065382,164,84,19188,2,553870770,515,126,38625,2,2056769,4,163,152,128,2020568,4,196,20,190,14532086,26,182,494,151,15564064,27,181,540,146,19192541,31,173,868,142,18974244,30,157,1320,124,20498456,33,158,1419,123,25815871,41,156,1845,122,22366666,34,153,1632,128,19471119,31,173,868,143,45705456,56,139,3472,35,347672930,198,71,25740,2,556337924,496,133,33728,2,21110253,33,180,693,118,10721784,16,185,256,148,11783798,18,188,234,170,8883178,14,180,294,151,6340169,10,186,150,175,18874299,29,179,638,145,44578823,68,180,1428,147,39961519,62,177,1488,139,4440612,7,189,84,178,4972930,8,196,40,183,36836519,37,104,3589,19,347834040,194,73,24832,2,836506344,547,108,50871,2,1203052,2,190,22,181,822420,1,190,11,190,2665821,3,126,225,84,7990534,13,191,130,165,22701463,31,170,961,29,22436871,34,169,1088,90,28987016,37,157,1628,47,38266527,54,167,1836,120,14836467,19,159,798,78,65204251,39,64,5343,17,130870632,97,89,10864,3,500521290,217,71,28210,2
dancehall,0.77,0.74,108.11,0.58,-5.15,0.15,0.18,0.12,0.01,1412993031,1478,107,138932,3,708564356,720,109,66240,3,128426860,93,93,10044,3,112143348,83,82,9877,5,110719130,102,110,9282,11,76698271,72,112,6408,18,47605399,39,77,4836,33,37195343,37,82,4403,47,40840273,58,120,4698,57,43379493,62,105,5952,74,43384765,60,107,5640,72,24692947,44,150,2244,122,15812411,30,169,960,159,27666116,40,153,1920,64,342240449,385,103,37730,33,44393041,56,121,4480,60,31015549,33,90,3663,58,59866021,61,81,7320,41,67795249,60,75,7560,33,41813697,43,92,4687,53,24581735,31,110,2821,80,43229525,59,125,4484,89,28978655,41,136,2665,94,566977,1,190,11,190,0,0,0,0,0,0,0,0,0,0,0,0,0,0,0,269148360,278,106,26410,24,0,0,0,0,0,0,0,0,0,0,11133426,15,156,675,114,32037326,30,83,3540,64,35212186,31,68,4123,61,35275050,30,65,4080,55,31853648,35,109,3220,81,28546599,38,143,2204,104,20267144,28,158,1204,125,24452766,31,131,2170,112,13482908,9,41,1440,24,36887307,31,81,3720,52,93039866,95,107,8930,54,35506050,31,78,3813,56,28207035,29,102,2871,82,3603572,5,182,95,172,0,0,0,0,0,698063,1,182,19,182,0,0,0,0,0,2254724,2,122,158,54,22770422,27,129,1944,90,0,0,0,0,0,0,0,0,0,0,0,0,0,0,0,0,0,0,0,0
k-pop girl group,0.68,0.76,134.16,0.53,-4.32,0.09,0.19,0.08,0.0,1650184604,1306,95,138436,2,0,0,0,0,0,0,0,0,0,0,0,0,0,0,0,0,0,0,0,0,0,0,0,0,0,0,0,0,0,0,0,0,0,0,0,0,0,0,0,0,0,0,0,0,0,0,0,0,0,0,0,0,0,0,0,0,0,0,0,0,0,0,0,0,0,195133503,174,92,18966,13,0,0,0,0,0,621280,1,183,18,183,0,0,0,0,0,0,0,0,0,0,0,0,0,0,0,19372324,20,85,2320,37,23299902,31,120,2511,106,15068525,25,168,825,135,0,0,0,0,0,27960661,13,18,2379,13,71319847,53,71,6890,19,37490964,31,73,3968,49,332103650,318,114,27666,4,33658733,31,75,3906,47,22843852,28,135,1848,122,18995477,28,176,700,158,100406471,72,104,6984,4,55832600,40,69,5280,17,29319371,30,92,3270,69,24513878,31,135,2046,103,14229432,22,174,594,155,7905336,8,84,936,64,13925256,19,147,1026,93,0,0,0,0,0,10473244,9,95,954,53,1122947451,814,89,91168,2,28495954,31,116,2635,69,6479010,9,169,288,145,18837994,22,128,1606,95,9282902,14,171,420,149,17810367,4,5,784,2,102008701,68,75,8568,2,106645835,63,77,7812,5,88656454,56,62,7784,4,133887277,81,66,10935,8,361047124,219,61,30660,3,179240717,167,101,16700,40,70555116,80,160,3280,116
country pop,0.56,0.65,129.66,0.56,-6.8,0.06,0.11,0.21,0.0,1390570581,1325,98,136475,14,554646116,556,85,64496,14,0,0,0,0,0,17809745,26,106,2470,60,27478659,31,81,3720,60,30632289,36,86,4140,61,25289341,29,83,3422,76,26447939,29,74,3683,67,29760035,31,66,4185,55,24350528,31,90,3441,62,55421146,70,104,6790,41,104260833,120,107,11280,28,108156484,87,79,10614,14,105039117,66,40,10626,16,699037011,569,84,66573,14,118667085,65,29,11180,14,104423983,56,25,9856,18,106144416,62,33,10416,16,85834723,60,55,8760,20,69084376,58,83,6844,30,54740547,57,107,5358,39,43942053,54,121,4320,62,25448411,31,104,3007,86,24045681,33,132,2277,112,24877823,34,138,2142,119,20035426,29,154,1363,134,21792487,30,167,1020,121,136887454,200,171,6000,120,38811824,55,158,2365,120,17528216,26,182,494,163,12158407,19,190,209,183,8756718,14,193,112,180,36989660,53,168,1749,134,21385079,31,167,1054,137,1257550,2,196,10,194,0,0,0,0,0,0,0,0,0,0,0,0,0,0,0,0,0,0,0,0,0,0,0,0,0,0,0,0,0,0,0,0,0,0,0,0,0,0,0,0,0,0,0,0,0,0,0,0,0,0,0,0,0,0,0,0,0,0,0,0,0,0,0,0,0,0,0,0,0,0,0,0,0,0,0,0,0,0,0,0,0,0,0,0,0,0,0,0,0,0
viral rap,0.81,0.61,128.25,0.54,-6.44,0.24,0.18,0.14,0.01,1376940274,1622,119,133004,18,566209314,652,109,59984,18,54974921,62,64,8494,31,58220208,54,58,7722,24,80248461,62,76,7750,24,77489591,66,94,7062,18,65631351,59,97,6136,21,48945742,59,113,5192,43,32579918,48,118,3984,64,36838459,63,136,4095,102,25186548,46,155,2116,123,16779461,32,168,1056,147,27294674,48,161,1920,68,42019980,53,123,4134,54,433267368,556,127,41144,32,35157037,38,92,4142,53,42751781,52,110,4732,61,81656428,105,113,9240,63,98975673,114,117,9576,32,69787569,87,129,6264,55,42216606,59,139,3658,79,23439038,34,136,2210,121,21427165,38,185,608,129,10129148,18,185,288,175,7726923,11,156,495,97,0,0,0,0,0,0,0,0,0,0,14935835,21,168,693,92,0,0,0,0,0,0,0,0,0,0,0,0,0,0,0,0,0,0,0,0,7799388,12,184,204,122,0,0,0,0,0,4727860,6,139,372,95,0,0,0,0,0,1717360,2,144,114,92,0,0,0,0,0,691227,1,194,7,194,0,0,0,0,0,362527757,393,122,31047,32,16291924,21,158,903,122,32171468,40,147,2160,93,73991734,75,107,7050,50,73851460,69,103,6762,32,53616528,52,102,5148,49,30288894,31,86,3565,68,21779706,29,153,1392,105,1321708,2,175,52,151,29918975,34,118,2822,94,13086285,18,178,414,143,13224267,18,171,540,145,2984808,4,187,56,181
barbadian pop,0.66,0.6,123.19,0.4,-6.53,0.11,0.15,0.13,0.01,1343135135,1408,109,129536,2,1159323457,1204,108,111972,2,103976774,155,94,16585,34,83359596,141,126,10575,65,120578302,166,126,12450,44,124914925,126,108,11718,4,93410402,116,113,10208,30,123099092,126,134,8442,2,163977637,95,100,9595,2,131007395,67,56,9715,3,86735449,60,65,8160,7,58154244,61,102,6039,34,45980265,60,108,5580,54,24129376,31,119,2542,64,88513758,121,137,7744,56,23039177,33,133,2244,81,16850102,28,167,952,145,24385107,35,152,1715,58,23398697,24,89,2688,56,0,0,0,0,0,0,0,0,0,0,0,0,0,0,0,0,0,0,0,0,0,0,0,0,0,840675,1,113,88,113,0,0,0,0,0,0,0,0,0,0,889811,1,127,74,127,0,0,0,0,0,0,0,0,0,0,0,0,0,0,0,0,0,0,0,0,0,0,0,0,0,0,0,0,0,0,0,0,0,0,0,0,0,0,0,0,0,0,0,0,0,889811,1,127,74,127,0,0,0,0,0,0,0,0,0,0,94408109,82,83,9676,16,0,0,0,0,0,0,0,0,0,0,11030625,5,23,890,16,43638701,30,48,4590,26,27696048,31,99,3162,78,11056948,15,138,945,94,0,0,0,0,0,0,0,0,0,0,0,0,0,0,0,985787,1,128,73,128,0,0,0,0,0,0,0,0,0,0
escape room,0.68,0.7,133.93,0.49,-5.76,0.21,0.26,0.15,0.0,1371268034,1248,99,127296,7,162235024,237,122,18723,33,33113714,32,53,4736,33,25372576,27,59,3834,50,26579665,35,103,3430,68,22880156,36,125,2736,86,20184424,36,144,2052,91,14539270,29,166,1015,139,12907448,28,177,672,160,4391142,10,183,180,169,0,0,0,0,0,0,0,0,0,0,0,0,0,0,0,2266629,4,188,52,177,91740623,96,109,8832,19,0,0,0,0,0,24112345,33,134,2211,58,574479,1,193,8,193,0,0,0,0,0,4342652,5,117,420,44,0,0,0,0,0,0,0,0,0,0,0,0,0,0,0,592144,1,185,16,185,27669729,20,66,2700,19,32524126,33,97,3432,43,1925148,3,199,6,198,736887876,539,75,67914,15,0,0,0,0,0,0,0,0,0,0,3546353,4,129,288,84,10664695,12,128,876,47,79961573,62,96,6510,17,59810115,37,55,5402,21,104669808,75,88,8475,15,106084773,71,61,9940,15,107930532,66,51,9900,18,109330473,73,53,10804,18,92765678,79,77,9796,28,62123876,60,99,6120,40,380404511,376,117,31584,7,70469072,71,106,6745,49,47954775,58,139,3596,97,28167026,36,164,1332,65,7464515,12,192,108,187,5622322,6,117,504,68,4341555,6,147,324,108,25367039,29,127,2146,61,3992817,6,189,72,184,28901416,22,106,2090,7,76557619,62,77,7688,20,47038343,35,71,4550,24,34528012,33,125,2508,94
perreo,0.77,0.74,143.89,0.77,-4.62,0.2,0.19,0.15,0.03,1422479211,1253,100,126553,7,229564047,216,71,28080,37,1189588,3,192,27,187,2463390,6,196,30,187,0,0,0,0,0,0,0,0,0,0,0,0,0,0,0,16433134,23,108,2139,73,33940962,31,58,4433,51,41074001,31,46,4805,37,40229004,30,46,4650,41,36040585,31,54,4557,42,30846290,30,62,4170,51,27347093,31,95,3286,70,182443810,230,119,18860,61,21626480,31,134,2077,87,9179499,16,179,352,152,0,0,0,0,0,11138255,16,145,896,124,25975657,31,103,3038,75,30306626,30,74,3810,61,30239471,31,78,3813,65,25205314,31,106,2945,88,20444059,30,144,1710,113,8328449,14,186,210,167,0,0,0,0,0,0,0,0,0,0,93956030,127,153,6096,91,0,0,0,0,0,20364448,30,180,630,144,7831125,12,188,156,172,0,0,0,0,0,0,0,0,0,0,0,0,0,0,0,5168935,8,174,216,155,26347666,31,112,2759,93,23802350,30,134,2010,91,10441506,16,182,304,151,0,0,0,0,0,0,0,0,0,0,916515324,680,92,74120,7,641303,1,165,36,165,2453233,1,31,170,31,94044367,31,14,5797,7,73571188,31,24,5487,11,86628854,70,98,7210,20,109263238,90,87,10260,22,115897632,71,66,9585,14,131485792,106,101,10600,12,117315783,98,94,10486,21,94909995,85,105,8160,34,57677438,62,134,4154,55,32626501,34,145,1904,114
new orleans rap,0.72,0.64,120.59,0.48,-5.62,0.25,0.22,0.16,0.0,1628724899,1318,105,126528,1,845966787,627,106,59565,2,36328545,62,113,5456,71,31972538,54,128,3942,54,49623128,84,151,4200,57,39883589,64,175,1664,4,176851856,62,102,6138,2,152281695,65,88,7345,2,119767394,44,48,6732,3,80430457,31,12,5859,7,49504604,32,47,4928,25,32133662,33,74,4191,46,26507605,34,98,3502,86,50681714,62,109,5704,59,467756623,463,115,39818,1,57192182,62,92,6758,47,38815739,56,138,3528,78,35662940,62,175,1612,137,10153940,19,190,209,169,0,0,0,0,0,3488688,5,137,320,98,0,0,0,0,0,2633393,4,149,208,101,126715353,68,58,9724,1,186373592,177,105,16992,4,5928699,9,163,342,118,792097,1,166,35,166,11994404,15,147,810,71,0,0,0,0,0,5999550,7,127,518,71,705087,1,184,17,184,0,0,0,0,0,4594383,6,154,282,134,0,0,0,0,0,0,0,0,0,0,0,0,0,0,0,0,0,0,0,0,695384,1,199,2,199,0,0,0,0,0,0,0,0,0,0,303007085,213,77,26412,11,4123782,4,126,300,51,13788012,15,119,1230,52,0,0,0,0,0,0,0,0,0,0,758495,1,171,30,171,14090687,10,74,1270,23,66200589,31,25,5456,11,59971156,31,27,5394,17,52804701,32,42,5088,33,37745125,31,70,4061,39,27989777,30,120,2430,96,25534761,28,157,1232,133
dmv rap,0.71,0.74,128.38,0.56,-5.95,0.21,0.2,0.17,0.0,1373906179,1288,103,126224,2,602543470,492,92,53628,3,20771702,31,89,3472,71,15684661,27,128,1971,113,17300172,32,160,1312,98,32419326,62,165,2232,82,99158292,117,127,8658,25,47697516,37,75,4662,33,34622762,31,57,4464,49,36405491,31,56,4495,20,93376056,32,19,5824,5,89631704,31,7,6014,3,67672526,30,14,5610,12,47803262,31,36,5115,21,505693316,553,110,50323,14,37196351,31,55,4526,34,34573617,34,76,4250,35,203444455,191,86,21965,14,68184493,77,109,7084,41,46454880,68,149,3536,107,56147211,71,134,4757,39,24307909,30,127,2220,48,10801030,16,153,768,67,22762385,32,164,1184,94,1820985,3,184,51,166,0,0,0,0,0,0,0,0,0,0,240615606,217,111,19530,2,18101302,14,54,2058,37,41317370,47,129,3384,52,7366988,8,120,648,51,0,0,0,0,0,100983630,58,69,7656,2,49815052,57,117,4788,64,21032181,30,164,1110,115,1291689,2,194,14,189,0,0,0,0,0,707394,1,178,23,178,0,0,0,0,0,0,0,0,0,0,25053787,26,135,1716,55,0,0,0,0,0,1353382,2,196,10,194,0,0,0,0,0,0,0,0,0,0,0,0,0,0,0,0,0,0,0,0,21377415,21,126,1575,55,2322990,3,157,132,106,0,0,0,0,0,0,0,0,0,0,0,0,0,0,0,0,0,0,0,0
soft rock,0.58,0.6,127.08,0.68,-9.66,0.04,0.17,0.28,0.01,1909382229,1610,123,125580,2,207935877,181,99,18462,2,0,0,0,0,0,410106,1,199,2,199,0,0,0,0,0,0,0,0,0,0,1804421,4,189,48,182,0,0,0,0,0,0,0,0,0,0,450769,1,173,28,173,0,0,0,0,0,11721944,17,131,1190,51,11745399,15,110,1365,49,181803238,143,90,15873,2,487116991,477,132,32913,2,2056769,4,163,152,128,2020568,4,196,20,190,14532086,26,182,494,151,15564064,27,181,540,146,19192541,31,173,868,142,18974244,30,157,1320,124,20498456,33,158,1419,123,26871626,43,158,1849,122,21439945,33,154,1551,128,20286689,32,172,928,119,37465073,47,145,2632,35,288214930,167,73,21376,2,485503072,449,137,28736,2,21676247,34,180,714,118,10721784,16,185,256,148,11783798,18,188,234,170,8883178,14,180,294,151,5645538,9,185,144,175,13025449,20,180,420,154,43876315,67,180,1407,147,39961519,62,177,1488,139,4440612,7,189,84,178,4972930,8,196,40,183,30440784,30,102,2970,19,290074918,164,74,20828,2,728826289,503,111,45270,2,1203052,2,190,22,181,822420,1,190,11,190,2665821,3,126,225,84,7990534,13,191,130,165,17971496,28,182,532,166,19510453,30,172,870,143,27548478,35,157,1540,47,38266527,54,167,1836,120,14836467,19,159,798,78,66119341,40,66,5400,17,110774606,82,88,9266,3,421117094,196,76,24500,2
memphis hip hop,0.82,0.66,138.18,0.58,-5.75,0.27,0.21,0.09,0.0,1383761034,1358,109,124936,6,108008299,170,134,11390,74,0,0,0,0,0,0,0,0,0,0,0,0,0,0,0,0,0,0,0,0,2132439,4,166,140,113,0,0,0,0,0,2367229,5,167,170,148,18578024,31,129,2232,98,24574609,30,86,3450,74,23673211,34,113,2992,78,33495652,60,162,2340,125,3187135,6,194,42,182,694753827,550,89,61600,6,457182,1,191,10,191,53168285,20,11,3800,7,123648654,63,50,9513,6,137067591,90,69,11880,10,123223859,99,89,11088,16,77487983,65,78,7995,25,57848052,62,109,5704,47,32352989,33,79,4026,60,25863942,30,101,3000,87,23616363,31,129,2232,118,20549267,30,158,1290,135,19469660,26,160,1066,128,225080177,261,124,20097,46,23482799,31,141,1860,120,20027165,28,166,980,153,7807033,12,184,204,171,0,0,0,0,0,1288553,2,191,20,189,4359270,7,189,84,184,16957923,22,142,1298,100,26625784,31,111,2790,92,45030758,51,122,4029,50,41852355,37,76,4625,46,29971642,30,77,3720,59,7676895,10,153,480,109,355918731,377,116,32045,48,32669572,30,94,3210,60,42623813,42,103,4116,63,61194508,68,125,5168,65,47633368,45,91,4950,48,42687148,38,77,4712,54,47027313,46,91,5060,49,25841248,31,134,2077,79,13204158,20,182,380,163,16582265,23,167,782,127,23727461,30,149,1560,125,2727877,4,191,40,184,0,0,0,0,0
funk pop,0.79,0.74,132.06,0.67,-4.87,0.12,0.18,0.19,0.01,1305516228,1411,114,122757,14,264017762,307,115,26402,17,0,0,0,0,0,450436,1,186,15,186,0,0,0,0,0,0,0,0,0,0,2891805,5,150,255,82,17414939,32,151,1600,116,20088479,40,160,1640,89,27217568,45,130,3195,88,16370036,30,157,1320,123,10447833,19,162,741,80,43666623,53,111,4770,28,125470043,82,43,12956,17,685845288,703,104,68191,14,160331163,116,58,16588,14,144310893,121,78,14883,19,123301600,113,79,13786,33,84541131,95,102,9405,53,51563318,66,119,5412,85,53245339,85,161,3400,106,23718832,38,161,1520,61,21939340,34,154,1598,112,12211271,19,157,836,118,0,0,0,0,0,7441786,11,165,396,120,3240615,5,170,155,150,171049222,203,142,11977,28,7064558,11,173,308,140,17527640,20,133,1360,43,53649270,52,108,4836,28,34371988,47,159,1974,85,1240082,2,187,28,181,1430188,2,180,42,161,1661427,2,145,112,100,0,0,0,0,0,0,0,0,0,0,0,0,0,0,0,14568522,20,160,820,97,39535547,47,147,2538,85,184603956,198,119,16236,24,35764298,39,115,3354,83,30227454,33,115,2838,82,4566364,6,167,204,145,0,0,0,0,0,0,0,0,0,0,3936285,5,119,410,95,26147821,32,136,2080,98,15232494,21,160,861,122,24943638,20,85,2320,24,31680457,31,99,3162,56,1431678,2,183,36,178,10673467,9,96,945,57
bachata,0.75,0.7,132.86,0.66,-4.99,0.13,0.13,0.24,0.0,1298154158,1497,120,121257,19,222315975,271,115,23306,19,0,0,0,0,0,0,0,0,0,0,2500181,5,186,75,180,9498553,20,184,340,165,0,0,0,0,0,0,0,0,0,0,7409224,15,163,570,147,28242657,50,141,3000,105,20722602,30,110,2730,95,20211448,31,121,2480,108,56898240,58,91,6380,21,76833070,62,76,7750,19,616231905,733,124,56441,23,74144080,62,75,7812,23,72110780,82,119,6724,33,70098145,84,110,7644,45,65853048,89,133,6052,70,55310189,84,158,3612,115,35333457,58,170,1798,125,22125128,33,141,1980,116,19106561,31,161,1240,121,10095365,18,192,162,179,19285918,25,126,1875,94,79718782,82,95,8692,45,93050452,85,100,8585,31,428661236,448,112,39872,30,94876362,85,89,9520,30,68493171,56,74,7112,37,90895048,93,106,8835,38,67805351,75,116,6375,72,52214607,62,120,5022,95,40237241,54,148,2862,104,6318436,10,196,50,189,7821020,13,192,117,176,0,0,0,0,0,0,0,0,0,0,0,0,0,0,0,0,0,0,0,0,30945042,45,162,1755,103,0,0,0,0,0,0,0,0,0,0,0,0,0,0,0,14115178,19,138,1197,103,15534937,24,179,528,144,1294927,2,185,32,185,0,0,0,0,0,0,0,0,0,0,0,0,0,0,0,0,0,0,0,0,0,0,0,0,0,0,0,0,0,0
neo mellow,0.6,0.56,120.74,0.46,-7.15,0.05,0.15,0.37,0.01,1439932947,1959,140,119499,8,669800692,1051,130,74621,50,127617836,226,124,17402,52,100194669,178,138,11214,67,69522768,97,131,6790,53,49576300,62,112,5518,52,53548244,80,129,5760,68,75448264,113,131,7910,55,64233413,96,129,6912,55,42879494,61,122,4819,58,38158751,60,134,4020,78,22707233,37,135,2442,104,13824528,27,176,675,148,12089192,14,138,882,50,309357233,425,147,22950,18,0,0,0,0,0,4038043,6,156,270,99,9897003,18,187,252,169,30520680,51,171,1530,136,24623300,38,167,1292,66,49865162,61,121,4880,52,51532052,73,136,4745,71,27216353,41,144,2337,118,25450560,39,155,1794,117,20875785,31,155,1426,138,17359498,28,184,476,160,47978797,39,100,3939,18,238101180,267,149,13884,15,16230340,26,188,338,160,13032490,18,178,414,64,3198044,5,195,30,186,54318441,46,107,4324,15,43314949,56,153,2688,66,14887167,23,183,414,165,12819832,20,188,260,176,15002336,24,186,360,173,904926,1,121,80,121,640495,1,200,1,200,3056597,4,150,204,82,60695563,43,92,4687,17,222673842,216,158,9288,8,0,0,0,0,0,0,0,0,0,0,0,0,0,0,0,797681,1,123,78,123,1268809,2,192,18,191,22839430,37,191,370,178,14314972,22,187,308,138,28017165,43,182,817,167,14480779,22,187,308,174,20334165,30,187,420,176,20501816,17,109,1564,24,100119025,42,72,5418,8
east coast hip hop,0.67,0.69,124.24,0.48,-6.16,0.26,0.28,0.19,0.0,1242675040,1231,104,119407,9,221634156,276,117,23184,22,13182666,31,169,992,155,12579088,27,171,810,140,0,0,0,0,0,1267745,2,144,114,110,1496936,2,122,158,82,4012608,8,171,240,122,27107719,44,137,2816,49,7083143,14,163,532,106,2536966,5,172,145,107,19162019,30,136,1950,82,54491577,50,74,6350,31,78713689,63,58,9009,22,668592286,658,99,67116,9,88891485,62,46,9610,18,64652684,63,80,7623,30,69564878,85,105,8160,53,66496835,91,132,6279,53,64416299,73,127,5402,14,87687832,74,103,7252,9,70209030,50,61,7000,17,44027506,32,49,4864,34,36794054,32,65,4352,51,28888254,32,99,3264,65,25777141,35,143,2030,74,21186288,29,165,1044,90,110272293,117,129,8424,10,21130301,31,165,1116,152,9967211,15,189,180,175,0,0,0,0,0,0,0,0,0,0,1203329,1,73,128,73,1384766,2,169,64,143,45174065,31,66,4185,10,16089937,19,127,1406,35,14615290,17,126,1275,54,707394,1,178,23,178,0,0,0,0,0,0,0,0,0,0,242176305,180,82,21420,12,10197179,9,115,774,45,0,0,0,0,0,0,0,0,0,0,0,0,0,0,0,2576129,3,129,216,91,1794828,2,122,158,66,59675232,29,30,4959,12,56354857,32,37,5248,26,41448664,30,52,4470,40,35359354,32,83,3776,62,23743311,29,147,1566,126,11026751,14,182,266,139
europop,0.64,0.7,114.28,0.58,-6.53,0.05,0.22,0.24,0.0,1486127610,1039,90,115329,2,156072958,172,120,13932,2,0,0,0,0,0,0,0,0,0,0,956802,2,178,46,156,0,0,0,0,0,0,0,0,0,0,11231593,22,164,814,140,17537483,31,134,2077,117,21588856,33,115,2838,91,15946943,30,165,1080,127,454836,1,198,3,198,10690075,13,101,1300,49,77666370,40,55,5840,2,546884043,271,51,40650,2,0,0,0,0,0,0,0,0,0,0,0,0,0,0,0,4259661,7,185,112,167,1760762,3,184,51,170,1141866,2,198,6,197,35828033,28,72,3612,18,88811316,34,26,5950,6,91043371,31,14,5797,4,80391613,31,10,5921,6,74488889,45,43,7110,12,169158532,90,65,12240,2,550404310,497,103,48706,2,46813477,32,43,5056,28,33795824,28,68,3724,51,32206157,31,82,3689,64,27304150,30,106,2850,95,49691857,53,111,4770,17,58100839,63,107,5922,55,61969070,62,96,6510,56,52383743,62,117,5208,68,34477818,50,172,1450,134,6630440,10,188,130,177,23058513,21,87,2394,19,123972422,55,76,6875,2,232766299,99,82,11781,2,611800,1,200,1,200,0,0,0,0,0,5853504,6,112,534,48,0,0,0,0,0,0,0,0,0,0,0,0,0,0,0,0,0,0,0,0,0,0,0,0,0,0,0,0,0,0,803820,1,176,25,176,40598862,24,71,3120,3,184898313,67,80,8107,2
modern country rock,0.51,0.63,122.61,0.55,-6.85,0.05,0.14,0.25,0.0,1268166182,1169,103,114562,14,366732086,337,87,38418,14,0,0,0,0,0,0,0,0,0,0,0,0,0,0,0,3631718,6,139,372,93,0,0,0,0,0,0,0,0,0,0,11267135,25,182,475,163,9503838,19,169,608,147,54710923,71,113,6248,41,89287094,93,94,9951,28,95256227,61,35,10126,14,103075151,62,30,10602,16,731297332,604,88,68252,14,117227995,62,21,11160,14,104423983,56,25,9856,18,108303233,66,43,10428,16,91009113,69,72,8901,20,69084376,58,83,6844,30,54740547,57,107,5358,39,43317371,53,120,4293,62,25448411,31,104,3007,86,24045681,33,132,2277,112,24877823,34,138,2142,119,20035426,29,154,1363,134,48783373,56,148,2968,33,144672463,207,170,6417,73,38811824,55,158,2365,120,17528216,26,182,494,163,12158407,19,190,209,183,8756718,14,193,112,180,36989660,53,168,1749,134,21385079,31,167,1054,137,1257550,2,196,10,194,0,0,0,0,0,0,0,0,0,0,0,0,0,0,0,0,0,0,0,0,7785009,7,149,364,73,25464301,21,139,1302,34,0,0,0,0,0,0,0,0,0,0,0,0,0,0,0,0,0,0,0,0,0,0,0,0,0,0,0,0,0,0,0,0,0,0,0,0,0,0,0,0,0,0,0,0,0,0,0,0,0,0,1856882,2,146,110,132,23607419,19,139,1178,34
pop nacional,0.78,0.73,133.26,0.65,-5.06,0.1,0.16,0.19,0.01,1194448328,1363,117,114492,18,390139982,469,112,41741,18,44616520,31,31,5270,26,40162567,27,33,4536,27,29056226,31,77,3844,47,24890423,30,85,3480,74,25536179,40,130,2840,82,34668312,62,145,3472,113,36260529,71,156,3195,89,34942606,61,139,3782,88,16370036,30,157,1320,123,10447833,19,162,741,80,19948068,22,115,1892,28,73240683,45,32,7605,18,452589889,499,112,44411,21,97734694,75,56,10875,21,95884263,89,87,10146,26,81646952,82,91,9020,36,54310740,65,113,5720,57,26057330,35,130,2485,99,33807268,55,166,1925,120,20941081,33,157,1452,61,21939340,34,154,1598,112,12211271,19,157,836,118,0,0,0,0,0,7441786,11,165,396,120,615164,1,179,22,179,161249531,188,139,11656,28,0,0,0,0,0,16161060,18,128,1314,43,52280717,50,105,4800,28,34371988,47,159,1974,85,1240082,2,187,28,181,1430188,2,180,42,161,1661427,2,145,112,100,0,0,0,0,0,0,0,0,0,0,0,0,0,0,0,14568522,20,160,820,97,39535547,47,147,2538,85,190468926,207,122,16353,24,35764298,39,115,3354,83,30227454,33,115,2838,82,4566364,6,167,204,145,4605174,7,181,140,159,0,0,0,0,0,3936285,5,119,410,95,26147821,32,136,2080,98,16492290,23,163,874,122,24943638,20,85,2320,24,31680457,31,99,3162,56,1431678,2,183,36,178,10673467,9,96,945,57
german dance,0.66,0.77,124.19,0.61,-5.37,0.09,0.16,0.15,0.0,1259270544,1165,103,114170,6,330846036,414,110,37674,29,45238792,36,55,5256,29,37387573,27,37,4428,32,27145243,31,91,3410,40,16362189,30,151,1500,121,11703484,20,151,1000,85,55902756,81,131,5670,55,46785094,60,105,5760,55,34028816,42,98,4326,58,23493487,31,98,3193,78,19944694,31,123,2418,104,12853908,25,175,650,148,0,0,0,0,0,2560419,4,170,124,116,0,0,0,0,0,0,0,0,0,0,0,0,0,0,0,0,0,0,0,0,0,0,0,0,0,0,0,0,0,0,636702,1,167,34,167,1378197,2,156,90,116,545520,1,200,1,200,0,0,0,0,0,0,0,0,0,0,0,0,0,0,0,103841736,135,147,7290,110,18389117,26,166,910,129,41079080,49,130,3479,110,24881498,31,131,2170,110,19492041,29,174,783,150,0,0,0,0,0,0,0,0,0,0,0,0,0,0,0,0,0,0,0,0,0,0,0,0,0,0,0,0,0,0,0,0,0,0,0,0,0,0,0,0,822022353,612,88,69156,6,1201937,1,74,127,74,16147908,18,123,1404,73,26063009,30,121,2400,84,63566105,60,75,7560,49,75360347,62,76,7750,24,104988216,77,92,8393,12,150903462,106,102,10494,8,147714369,103,91,11330,6,90575888,58,94,6206,13,58101973,31,31,5270,22,43910887,30,56,4350,38,43488252,36,100,3636,37
piano rock,0.62,0.69,128.55,0.43,-6.13,0.09,0.25,0.16,0.0,1153538314,1110,101,111000,13,507116632,459,86,52785,13,0,0,0,0,0,0,0,0,0,0,0,0,0,0,0,744065,1,115,86,115,17318211,21,96,2205,64,26232268,30,82,3570,59,57387900,74,100,7474,40,107500377,84,73,10752,19,99328546,60,40,9660,13,84759920,62,70,8122,14,64816390,67,105,6432,22,49028955,60,123,4680,35,160096922,205,131,14350,38,22426244,32,132,2208,92,16547462,28,171,840,149,5818782,11,194,77,186,0,0,0,0,0,5429761,8,149,416,119,32396443,31,80,3751,39,33833900,42,118,3486,74,22210253,31,129,2232,92,3133771,5,179,110,129,0,0,0,0,0,0,0,0,0,0,18300306,17,126,1275,38,259209741,247,102,24453,30,0,0,0,0,0,16248780,20,142,1180,95,1334378,2,188,26,179,0,0,0,0,0,20569595,16,68,2128,41,53383449,39,71,5070,30,41319317,31,53,4588,44,35469484,31,62,4309,51,36598698,43,119,3526,61,23438579,31,141,1860,103,10381795,16,179,352,165,20465666,18,127,1332,38,227115019,199,104,19303,29,16368582,13,101,1300,30,0,0,0,0,0,850412,1,166,35,166,0,0,0,0,0,30949656,20,47,3080,29,50303602,34,52,5066,30,38469167,31,73,3968,44,29554168,31,103,3038,83,22375803,31,166,1085,138,13207160,19,184,323,148,776462,1,181,20,181,24260007,18,120,1458,31
seattle hip hop,0.73,0.7,123.73,0.43,-5.64,0.06,0.11,0.13,0.0,1216683074,979,88,110627,9,388930169,312,74,39624,13,440038,1,138,63,138,0,0,0,0,0,0,0,0,0,0,0,0,0,0,0,0,0,0,0,0,491813,1,198,3,198,21335506,26,103,2548,40,76444638,57,76,7125,19,80657881,53,71,6890,13,97509988,63,42,10017,14,71283476,60,57,8640,22,40766829,51,114,4437,54,520188292,412,93,44496,9,42844188,61,138,3843,52,77816832,56,96,5880,11,89499429,42,59,5964,9,72410081,30,19,5460,12,59503268,31,24,5487,17,44934354,30,42,4770,29,35867417,33,69,4356,49,28441012,31,86,3565,68,22601915,30,124,2310,104,21839325,31,144,1767,127,13524107,22,184,374,162,10906364,15,167,510,93,301520315,247,94,26429,18,21984299,32,162,1248,133,5209470,8,190,88,183,900553,1,125,76,125,14539068,20,154,940,63,66086139,54,86,6210,20,62297555,30,20,5430,18,56914853,31,30,5301,19,41785308,31,49,4712,32,24517541,30,127,2220,80,6077527,9,183,162,154,0,0,0,0,0,1208002,1,85,116,85,6044298,8,173,224,80,759930,1,126,75,126,0,0,0,0,0,0,0,0,0,0,0,0,0,0,0,0,0,0,0,0,2552386,4,197,16,194,625530,1,196,5,196,0,0,0,0,0,0,0,0,0,0,758087,1,195,6,195,0,0,0,0,0,1348365,1,80,121,80
bmore,0.65,0.72,128.82,0.49,-5.48,0.09,0.23,0.1,0.0,1185047190,1200,109,110400,13,9949462,16,147,864,96,0,0,0,0,0,0,0,0,0,0,0,0,0,0,0,0,0,0,0,0,0,0,0,0,0,0,0,0,0,0,0,0,0,0,0,0,0,0,0,0,0,0,0,0,0,0,0,0,0,0,5678629,9,137,576,96,4270833,7,160,287,138,534590670,478,88,54014,13,0,0,0,0,0,0,0,0,0,0,1422889,2,148,106,104,0,0,0,0,0,47069116,58,120,4698,56,44367115,51,99,5202,62,25719527,32,108,2976,87,27636588,33,111,2970,46,100011116,55,34,9185,13,102520946,68,45,10608,13,98198107,91,82,10829,30,87645266,88,117,7392,30,558702855,606,119,49692,18,103268293,93,103,9114,18,66877305,64,112,5696,31,57972937,60,117,5040,57,44562986,48,115,4128,71,29792808,33,108,3069,82,23427637,31,141,1860,115,14644027,22,176,550,142,10782110,17,185,272,174,23731029,28,121,2240,59,87531953,97,112,8633,39,70051298,80,106,7600,51,26060472,33,161,1320,100,81804203,100,145,5600,53,17462419,23,158,989,119,21159406,28,163,1064,127,829533,1,145,56,145,0,0,0,0,0,0,0,0,0,0,0,0,0,0,0,0,0,0,0,0,10659592,11,113,968,53,26934500,32,131,2240,67,2484139,3,152,147,111,2274614,2,119,164,68,0,0,0,0,0
ninja,0.65,0.72,128.82,0.49,-5.48,0.09,0.23,0.1,0.0,1185047190,1200,109,110400,13,9949462,16,147,864,96,0,0,0,0,0,0,0,0,0,0,0,0,0,0,0,0,0,0,0,0,0,0,0,0,0,0,0,0,0,0,0,0,0,0,0,0,0,0,0,0,0,0,0,0,0,0,0,0,0,0,5678629,9,137,576,96,4270833,7,160,287,138,534590670,478,88,54014,13,0,0,0,0,0,0,0,0,0,0,1422889,2,148,106,104,0,0,0,0,0,47069116,58,120,4698,56,44367115,51,99,5202,62,25719527,32,108,2976,87,27636588,33,111,2970,46,100011116,55,34,9185,13,102520946,68,45,10608,13,98198107,91,82,10829,30,87645266,88,117,7392,30,558702855,606,119,49692,18,103268293,93,103,9114,18,66877305,64,112,5696,31,57972937,60,117,5040,57,44562986,48,115,4128,71,29792808,33,108,3069,82,23427637,31,141,1860,115,14644027,22,176,550,142,10782110,17,185,272,174,23731029,28,121,2240,59,87531953,97,112,8633,39,70051298,80,106,7600,51,26060472,33,161,1320,100,81804203,100,145,5600,53,17462419,23,158,989,119,21159406,28,163,1064,127,829533,1,145,56,145,0,0,0,0,0,0,0,0,0,0,0,0,0,0,0,0,0,0,0,0,10659592,11,113,968,53,26934500,32,131,2240,67,2484139,3,152,147,111,2274614,2,119,164,68,0,0,0,0,0
german hip hop,0.73,0.68,122.49,0.49,-6.31,0.23,0.16,0.21,0.01,1376445293,1687,137,107968,26,47348804,74,137,4736,87,0,0,0,0,0,0,0,0,0,0,0,0,0,0,0,0,0,0,0,0,0,0,0,0,0,0,0,0,0,0,4238306,8,163,304,99,0,0,0,0,0,573245,1,169,32,169,14322808,21,116,1785,87,20240189,30,125,2280,100,7974256,14,179,308,142,150243197,214,152,10486,69,1183199,2,185,32,171,0,0,0,0,0,0,0,0,0,0,3455213,5,154,235,122,13326971,19,146,1045,96,11080532,17,158,731,111,6617639,9,136,585,101,40981831,59,145,3304,69,23247893,34,151,1700,76,25431778,38,170,1178,103,8114202,10,137,640,88,16803939,21,149,1092,106,789326989,924,131,64680,26,37768069,46,139,2852,35,43648610,55,153,2640,52,95653947,104,121,8320,35,43932074,55,144,3135,58,68629958,75,122,5925,50,83293370,97,133,6596,26,48698154,63,149,3276,69,27519319,37,157,1628,69,109103379,118,111,10620,34,136229381,157,121,12560,45,60958099,76,133,5168,42,33892629,41,154,1927,80,389526303,475,143,27550,26,37374517,42,141,2520,72,42267382,50,142,2950,73,20513752,26,163,988,82,23145957,29,133,1972,35,65362593,76,128,5548,26,59719818,80,144,4560,52,63283536,71,134,4757,45,42861565,59,165,2124,81,20411533,26,154,1222,79,12504441,13,121,1040,59,2081209,3,182,57,158,0,0,0,0,0
latin arena pop,0.65,0.75,115.52,0.67,-4.94,0.07,0.22,0.16,0.0,1111274374,1222,113,107536,20,138829399,233,145,13048,102,0,0,0,0,0,419149,1,198,3,198,430682,1,196,5,196,453944,1,199,2,199,0,0,0,0,0,0,0,0,0,0,0,0,0,0,0,13826670,27,161,1080,143,25788495,45,146,2475,122,37886328,62,132,4278,110,37360146,60,139,3720,102,22663985,36,157,1584,118,538441901,515,95,54590,20,36886009,61,161,2440,128,32384810,40,108,3720,59,70886164,62,88,7006,20,65613660,49,84,5733,22,50717744,31,33,5208,23,44900999,30,42,4770,30,42435229,31,48,4743,39,33615039,31,65,4216,48,51416218,60,103,5880,72,51942344,60,118,4980,64,31763229,31,83,3658,64,25880456,29,122,2291,98,297383824,303,102,29997,49,26348684,35,144,1995,103,40233103,38,97,3952,51,40757827,31,56,4495,49,33492939,30,77,3720,68,27219015,31,112,2759,87,13816770,21,181,420,150,0,0,0,0,0,0,0,0,0,0,19729459,25,135,1650,100,30957906,31,82,3689,60,33211304,30,63,4140,55,31616817,31,100,3131,69,136619250,171,146,9405,83,29830721,31,103,3038,83,22589364,27,138,1701,96,0,0,0,0,0,0,0,0,0,0,0,0,0,0,0,1291832,2,192,18,188,14074880,19,160,779,133,24422991,32,147,1728,126,28779007,38,159,1596,110,15630455,22,180,462,130,0,0,0,0,0,0,0,0,0,0
nz pop,0.65,0.48,108.51,0.36,-8.1,0.08,0.14,0.3,0.01,1380208697,819,70,107289,1,306384649,341,99,34782,22,0,0,0,0,0,0,0,0,0,0,63912286,43,69,5676,22,42443939,30,44,4710,32,24787415,29,92,3161,54,72245114,110,123,8580,53,20650353,39,147,2106,110,0,0,0,0,0,16410683,16,64,2192,53,33346702,31,60,4371,52,24230491,30,94,3210,63,8357666,13,153,624,118,0,0,0,0,0,0,0,0,0,0,0,0,0,0,0,0,0,0,0,0,0,0,0,0,0,0,0,0,0,0,0,0,0,0,0,0,0,0,0,0,0,0,0,0,0,0,0,0,0,0,0,0,0,0,0,0,0,0,0,0,0,0,0,0,0,0,0,0,0,0,0,0,0,0,0,0,0,0,0,0,0,0,0,0,0,0,0,0,0,0,0,0,0,0,0,0,0,0,0,0,0,0,0,0,0,0,0,0,0,0,0,0,0,0,0,0,0,0,0,0,0,0,0,0,0,0,0,0,0,0,1073824048,478,49,72656,1,0,0,0,0,0,0,0,0,0,0,59080381,28,38,4564,16,80265200,30,14,5610,10,82611676,31,15,5766,13,124664904,49,22,8771,2,208516452,62,18,11346,2,173011668,62,35,10292,1,131105426,65,74,8255,5,116545151,76,78,9348,10,57259470,44,89,4928,25,40763720,31,86,3565,27
swedish electropop,0.63,0.66,112.16,0.43,-6.04,0.06,0.17,0.13,0.0,1155030968,1165,109,107180,9,697550991,661,102,65439,9,102369490,152,124,11704,28,56492676,78,125,5928,40,70489620,87,134,5829,12,112600267,77,103,7546,9,93361351,53,82,6307,10,66403362,29,19,5278,14,52987009,31,33,5208,27,41818204,31,44,4867,36,30395219,32,72,4128,56,24948481,31,89,3472,79,22179103,30,104,2910,98,23506209,30,117,2520,46,230592001,261,120,21141,26,24172697,31,110,2821,71,20273612,28,125,2128,112,19929662,31,148,1643,123,17306998,29,174,783,154,6807361,12,193,96,185,0,0,0,0,0,0,0,0,0,0,862058,1,118,83,118,761791,1,166,35,166,36852742,44,126,3300,48,64486108,53,87,6042,26,39138972,31,68,4123,42,142720821,155,119,12710,17,38070926,31,57,4464,42,25132326,28,114,2436,90,21874849,30,160,1230,94,16683313,23,161,920,120,24371991,23,100,2323,17,16587416,20,137,1280,52,0,0,0,0,0,0,0,0,0,0,0,0,0,0,0,0,0,0,0,0,0,0,0,0,0,0,0,0,0,0,84167155,88,109,8096,43,0,0,0,0,0,0,0,0,0,0,7470587,5,45,780,43,36151229,30,59,4260,43,25972261,31,122,2449,75,13850484,21,173,588,119,722594,1,173,28,173,0,0,0,0,0,0,0,0,0,0,0,0,0,0,0,0,0,0,0,0,0,0,0,0,0
electro,0.68,0.77,141.22,0.38,-4.88,0.15,0.32,0.11,0.0,1121828412,1042,101,104200,1,969337925,811,83,95698,1,180854042,63,10,12033,1,134933966,54,11,10260,7,122930843,62,30,10602,12,90232087,60,40,9660,26,69549712,58,57,8352,40,53380651,58,74,7366,57,51043627,66,90,7326,71,72447493,93,92,10137,54,68262643,90,101,9000,59,55992657,92,136,5980,77,34593341,60,154,2820,136,35116863,55,159,2310,112,87932647,150,171,4500,124,30447359,52,167,1768,124,19791098,34,173,952,160,18820864,33,177,792,127,14886662,25,168,825,124,0,0,0,0,0,0,0,0,0,0,622097,1,173,28,173,0,0,0,0,0,0,0,0,0,0,748735,1,146,55,146,1304224,2,190,22,182,1311608,2,194,14,193,12067990,13,129,936,47,0,0,0,0,0,0,0,0,0,0,0,0,0,0,0,0,0,0,0,0,0,0,0,0,0,0,0,0,0,0,8455029,8,104,776,47,0,0,0,0,0,0,0,0,0,0,0,0,0,0,0,1618672,2,134,134,96,1994289,3,193,24,187,52489850,68,157,2992,61,0,0,0,0,0,8211217,11,170,341,158,13112286,19,178,437,148,2522667,4,192,36,190,0,0,0,0,0,0,0,0,0,0,25367039,29,127,2146,61,3276641,5,190,55,186,0,0,0,0,0,0,0,0,0,0,0,0,0,0,0,0,0,0,0,0
francoton,0.8,0.77,126.31,0.62,-5.06,0.2,0.13,0.2,0.0,1292776156,968,94,103576,1,666723883,286,35,47476,1,0,0,0,0,0,0,0,0,0,0,0,0,0,0,0,4522533,7,128,511,72,0,0,0,0,0,1215147,1,52,149,52,101168353,31,11,5890,1,140837346,31,1,6200,1,124638822,33,9,6336,1,134495008,62,17,11408,5,92270996,60,33,10080,17,67575678,61,88,6893,17,271356438,323,120,26163,19,45921017,43,85,4988,19,26534697,28,80,3388,64,22843843,31,119,2542,92,19352471,30,155,1380,121,20722195,31,155,1426,87,18742947,30,161,1200,118,15129976,27,187,378,166,7912236,11,137,704,63,35542909,30,65,4080,44,35113376,31,70,4061,56,22066453,29,136,1885,92,1474318,2,172,58,168,53686435,69,152,3381,81,0,0,0,0,0,0,0,0,0,0,7206303,9,141,540,81,0,0,0,0,0,0,0,0,0,0,2882781,3,102,297,90,4505979,6,150,306,109,0,0,0,0,0,706008,1,193,8,193,15719311,21,143,1218,87,1686129,2,119,164,116,20979924,27,170,837,102,301009400,290,109,26680,33,8349519,10,168,330,125,0,0,0,0,0,0,0,0,0,0,0,0,0,0,0,0,0,0,0,0,18086301,24,130,1704,98,53938713,46,89,5152,43,79265427,67,102,6633,33,69666568,60,78,7380,41,50553208,56,125,4256,70,21149664,27,157,1188,125,0,0,0,0,0
easy listening,0.48,0.29,115.83,0.56,-12.53,0.05,0.19,0.79,0.01,1409718804,916,88,103508,3,185287318,185,106,17575,4,0,0,0,0,0,0,0,0,0,0,0,0,0,0,0,0,0,0,0,0,0,0,0,0,0,0,0,0,0,0,0,0,0,0,0,0,0,0,0,0,0,0,0,0,0,0,0,0,0,0,12107740,21,153,1008,101,173179578,164,100,16564,4,344999169,243,89,27216,3,0,0,0,0,0,0,0,0,0,0,0,0,0,0,0,0,0,0,0,0,0,0,0,0,0,0,0,0,0,0,0,0,0,0,0,0,0,0,0,0,0,0,0,0,0,0,0,0,0,0,30826662,37,128,2701,53,314172507,206,82,24514,3,339566320,230,90,25530,5,0,0,0,0,0,0,0,0,0,0,0,0,0,0,0,0,0,0,0,0,0,0,0,0,0,0,0,0,0,0,0,0,0,0,0,0,0,0,0,0,0,0,0,0,0,0,0,0,0,0,22841872,26,120,2106,43,316724448,204,86,23460,5,539865997,258,74,32766,3,0,0,0,0,0,0,0,0,0,0,0,0,0,0,0,0,0,0,0,0,0,0,0,0,0,0,0,0,0,0,0,0,0,0,0,0,0,0,0,0,0,0,0,0,0,0,0,0,0,0,76234118,59,96,6195,14,463631879,199,67,26666,3
kentucky hip hop,0.72,0.57,129.41,0.5,-7.06,0.21,0.22,0.2,0.0,1262344348,871,84,101907,2,464863881,227,58,32461,2,687523,2,200,2,199,0,0,0,0,0,0,0,0,0,0,0,0,0,0,0,11841455,21,158,903,119,62740429,21,57,3024,2,128586642,31,2,6169,2,103434313,31,5,6076,3,65751565,30,20,5430,7,42083999,31,45,4836,34,26164316,30,83,3540,70,23573639,30,116,2550,64,53220316,85,160,3485,81,21933520,31,129,2232,81,16850102,28,167,952,145,12216807,22,187,308,165,1556587,3,198,9,197,663300,1,184,17,184,0,0,0,0,0,0,0,0,0,0,0,0,0,0,0,0,0,0,0,0,0,0,0,0,0,0,0,0,0,0,0,0,0,0,0,19857643,24,141,1440,47,0,0,0,0,0,0,0,0,0,0,0,0,0,0,0,0,0,0,0,0,0,0,0,0,0,0,0,0,0,0,0,0,0,0,0,0,0,0,0,0,0,0,0,0,0,15846301,18,129,1296,47,4011342,6,176,150,154,0,0,0,0,0,724402508,535,81,64200,11,0,0,0,0,0,30208565,27,91,2970,53,49260622,31,48,4743,34,57037201,30,29,5160,24,57802680,31,32,5239,24,62863840,37,37,6068,23,101474018,62,55,9052,11,86770985,62,74,7874,17,74878660,62,100,6262,33,67456104,58,89,6496,39,63869565,60,99,6120,59,72780268,75,146,4125,80
album rock,0.56,0.66,128.44,0.63,-8.47,0.04,0.18,0.22,0.03,1463685570,1391,128,101543,5,112104117,118,110,10738,7,0,0,0,0,0,410106,1,199,2,199,0,0,0,0,0,0,0,0,0,0,1804421,4,189,48,182,0,0,0,0,0,1827818,3,151,150,104,0,0,0,0,0,0,0,0,0,0,11721944,17,131,1190,51,1055324,2,166,70,165,95284504,91,99,9282,7,350715598,403,141,24180,8,1469364,3,175,78,146,2020568,4,196,20,190,14532086,26,182,494,151,15564064,27,181,540,146,19192541,31,173,868,142,18974244,30,157,1320,124,20498456,33,158,1419,123,25815871,41,156,1845,122,20882639,32,153,1536,128,20286689,32,172,928,119,20942076,32,173,896,129,170537000,112,76,14000,8,524523694,487,127,36038,5,20573367,32,180,672,118,10721784,16,185,256,148,11783798,18,188,234,170,8883178,14,180,294,151,5645538,9,185,144,175,13025449,20,180,420,154,44578823,68,180,1428,147,39961519,62,177,1488,139,73441300,32,53,4736,5,57829518,39,64,5343,19,45129173,38,68,5054,38,192950247,139,87,15846,9,476342161,383,119,31406,14,13133218,18,159,756,131,2543907,3,169,96,129,0,0,0,0,0,7990534,13,191,130,165,17971496,28,182,532,166,19510453,30,172,870,143,14961132,22,181,440,139,15089642,23,185,368,162,8512325,10,137,640,78,72234198,47,76,5875,17,66922807,55,94,5885,35,237472449,134,83,15812,14
indie pop rap,0.71,0.72,115.62,0.48,-5.4,0.21,0.19,0.09,0.0,1017809298,1027,104,99619,6,477632561,532,100,53732,9,87960528,143,112,12727,57,61005591,99,125,7524,59,17394417,33,163,1254,112,34674325,30,70,3930,25,47954220,29,34,4843,24,25283008,29,89,3248,46,12564470,24,149,1248,117,0,0,0,0,0,2536966,5,172,145,107,17279662,27,134,1809,89,42036203,32,49,4864,31,128943171,81,53,11988,9,452009706,378,93,40824,6,147113651,79,45,12324,6,89932082,56,39,9072,11,66201970,62,78,7626,29,68228848,79,124,6083,16,69175897,83,140,5063,18,11357258,19,180,399,145,0,0,0,0,0,0,0,0,0,0,0,0,0,0,0,0,0,0,0,0,0,0,0,0,0,0,0,0,0,0,33237265,45,155,2070,59,3175560,4,144,228,86,2025761,3,186,45,173,0,0,0,0,0,0,0,0,0,0,15158845,20,148,1060,80,8691224,13,174,351,145,0,0,0,0,0,0,0,0,0,0,0,0,0,0,0,4185875,5,123,390,59,0,0,0,0,0,0,0,0,0,0,54929766,72,154,3384,99,0,0,0,0,0,19454317,22,122,1738,102,11984472,16,172,464,131,18181746,27,167,918,117,0,0,0,0,0,0,0,0,0,0,0,0,0,0,0,843385,1,141,60,141,0,0,0,0,0,4465846,6,168,198,99,0,0,0,0,0,0,0,0,0,0
filter house,0.69,0.75,128.15,0.57,-5.45,0.11,0.11,0.21,0.0,1081012134,1009,104,97873,1,909313205,749,84,87633,1,180510235,62,7,12028,1,139731852,63,30,10773,7,134784472,83,59,11786,12,90232087,60,40,9660,26,70922136,61,63,8418,40,53837353,59,76,7375,57,48534569,62,88,7006,71,43607681,62,101,6200,88,39527888,60,118,4980,102,37914728,62,131,4340,114,34593341,60,154,2820,136,35116863,55,159,2310,112,85912544,147,171,4410,124,30447359,52,167,1768,124,19791098,34,173,952,160,18820864,33,177,792,127,14886662,25,168,825,124,0,0,0,0,0,0,0,0,0,0,622097,1,173,28,173,0,0,0,0,0,0,0,0,0,0,748735,1,146,55,146,595729,1,182,19,182,0,0,0,0,0,61940215,79,142,4661,89,0,0,0,0,0,0,0,0,0,0,0,0,0,0,0,0,0,0,0,0,18958136,22,124,1694,89,24174536,30,128,2190,96,15194582,22,172,638,99,0,0,0,0,0,0,0,0,0,0,0,0,0,0,0,1618672,2,134,134,96,1994289,3,193,24,187,23846170,34,177,816,148,0,0,0,0,0,8211217,11,170,341,158,13112286,19,178,437,148,2522667,4,192,36,190,0,0,0,0,0,0,0,0,0,0,0,0,0,0,0,0,0,0,0,0,0,0,0,0,0,0,0,0,0,0,0,0,0,0,0,0,0,0,0,0
pop house,0.63,0.6,124.02,0.53,-7.94,0.04,0.14,0.09,0.0,1055372727,864,89,96768,13,0,0,0,0,0,0,0,0,0,0,0,0,0,0,0,0,0,0,0,0,0,0,0,0,0,0,0,0,0,0,0,0,0,0,0,0,0,0,0,0,0,0,0,0,0,0,0,0,0,0,0,0,0,0,0,0,0,0,0,0,0,0,0,0,0,0,0,0,0,0,0,0,0,0,0,0,0,0,0,0,0,0,0,0,0,0,0,0,0,0,0,0,0,0,0,0,0,0,0,0,0,0,0,0,0,0,0,0,0,0,0,0,0,0,0,0,0,0,0,0,0,0,0,0,0,0,0,0,0,0,512215558,335,50,50585,13,0,0,0,0,0,0,0,0,0,0,0,0,0,0,0,16009108,16,95,1696,57,48313721,31,41,4960,24,60299643,30,21,5400,15,69115054,31,19,5642,13,62575769,31,24,5487,18,49380364,30,38,4890,29,57071493,45,58,6435,35,75954627,60,56,8700,31,73495779,61,81,7320,31,543157169,529,113,46552,27,82249893,62,74,7874,32,77908607,58,84,6786,27,64731250,62,119,5084,47,59848398,60,106,5700,45,53160715,61,125,4636,62,40239967,46,116,3910,73,27761186,31,118,2573,88,24901366,31,136,2015,113,21168586,29,161,1160,143,18474397,26,185,416,128,31712712,29,97,3016,67,41000092,34,101,3400,41
sad rap,0.68,0.48,115.04,0.37,-10.46,0.16,0.22,0.48,0.0,1407037257,1190,122,94010,4,0,0,0,0,0,0,0,0,0,0,0,0,0,0,0,0,0,0,0,0,0,0,0,0,0,0,0,0,0,0,0,0,0,0,0,0,0,0,0,0,0,0,0,0,0,0,0,0,0,0,0,0,0,0,0,0,0,0,0,0,0,0,0,0,0,140142173,201,140,12261,80,19512107,27,129,1944,92,26110916,34,118,2822,80,44260827,60,123,4680,80,36070373,56,155,2576,93,12908201,22,188,286,168,1279749,2,169,64,142,0,0,0,0,0,0,0,0,0,0,0,0,0,0,0,0,0,0,0,0,0,0,0,0,0,0,0,0,0,0,139164771,195,161,7800,90,0,0,0,0,0,0,0,0,0,0,751710,1,169,32,169,1924253,3,172,87,164,25398599,31,129,2232,90,20918549,28,144,1596,97,7415884,12,193,96,178,8416317,14,191,140,183,7396097,12,193,96,181,13925750,21,172,609,150,28047354,39,151,1950,111,24970258,34,172,986,147,1127730313,794,108,73842,4,62467159,80,154,3760,122,89227840,98,131,6860,34,140432635,95,108,8835,6,167150970,90,94,9630,4,144410987,70,96,7350,5,119258463,59,84,6903,4,100380982,54,83,6372,6,80936716,53,85,6148,12,66718893,52,94,5564,30,62203125,54,104,5238,37,52330961,53,124,4081,62,42211582,36,105,3456,56
indietronica,0.61,0.61,124.94,0.47,-7.5,0.07,0.17,0.3,0.06,961984395,945,105,90720,7,242579970,242,102,23958,17,21272376,41,143,2378,62,6269443,12,150,612,106,11853629,21,146,1155,119,4299346,3,45,468,25,64222356,29,21,5220,17,51744960,29,32,4901,23,35428957,31,59,4402,41,24402291,32,95,3392,68,15934000,30,163,1140,130,6166195,13,191,130,180,0,0,0,0,0,986417,1,96,105,96,91063017,70,61,9800,30,683869,1,109,92,109,695947,1,142,59,142,0,0,0,0,0,0,0,0,0,0,0,0,0,0,0,0,0,0,0,0,0,0,0,0,0,0,0,0,0,0,0,0,0,0,0,7067353,6,64,822,39,39333055,31,61,4340,30,43282793,31,56,4495,30,482391447,472,101,47200,18,56495216,31,24,5487,18,40334827,28,52,4172,31,38195538,32,68,4256,57,51362394,50,88,5650,71,76039572,83,109,7636,59,49239071,63,136,4095,76,48057353,57,130,4047,64,39186775,47,126,3525,69,3951918,6,180,126,173,13464499,13,83,1534,62,28962122,30,82,3570,61,37102162,32,97,3328,25,145949961,161,141,9660,7,28167370,32,121,2560,82,22110685,29,159,1218,134,15922536,23,179,506,158,15114210,24,186,360,167,0,0,0,0,0,0,0,0,0,0,1567184,2,154,94,149,754332,1,166,35,166,15899310,6,14,1122,7,36009323,31,91,3410,20,664812,1,197,4,197,9740199,12,172,348,128
pagode baiano,0.79,0.74,130.42,0.65,-4.93,0.12,0.18,0.16,0.02,975928493,1105,119,90610,18,186712661,236,124,18172,18,0,0,0,0,0,0,0,0,0,0,0,0,0,0,0,0,0,0,0,0,2891805,5,150,255,82,17414939,32,151,1600,116,20088479,40,160,1640,89,26310818,43,127,3182,88,16370036,30,157,1320,123,10447833,19,162,741,80,19948068,22,115,1892,28,73240683,45,32,7605,18,444691691,485,110,44135,21,97734694,75,56,10875,21,91363808,81,78,9963,26,78825521,77,85,8932,36,53754428,64,112,5696,57,26057330,35,130,2485,99,33807268,55,166,1925,120,20941081,33,157,1452,61,21939340,34,154,1598,112,12211271,19,157,836,118,0,0,0,0,0,7441786,11,165,396,120,615164,1,179,22,179,159920185,186,139,11532,28,0,0,0,0,0,16161060,18,128,1314,43,52280717,50,105,4800,28,34371988,47,159,1974,85,1240082,2,187,28,181,1430188,2,180,42,161,973035,1,100,101,100,0,0,0,0,0,0,0,0,0,0,0,0,0,0,0,13927568,19,158,817,97,39535547,47,147,2538,85,184603956,198,119,16236,24,35764298,39,115,3354,83,30227454,33,115,2838,82,4566364,6,167,204,145,0,0,0,0,0,0,0,0,0,0,3936285,5,119,410,95,26147821,32,136,2080,98,15232494,21,160,861,122,24943638,20,85,2320,24,31680457,31,99,3162,56,1431678,2,183,36,178,10673467,9,96,945,57
ohio hip hop,0.62,0.7,135.24,0.37,-6.58,0.12,0.24,0.22,0.05,1082993009,900,102,89100,1,261321448,282,110,25662,16,60216544,31,19,5642,17,51627210,27,20,4887,16,38116612,41,90,4551,30,34343766,60,142,3540,106,40791016,81,169,2592,124,903307,2,196,10,194,0,0,0,0,0,0,0,0,0,0,0,0,0,0,0,0,0,0,0,0,5954933,9,127,666,95,29368060,31,83,3658,56,70930626,86,115,7396,37,28492834,31,87,3534,61,13458397,22,164,814,129,0,0,0,0,0,0,0,0,0,0,5494946,6,106,570,37,0,0,0,0,0,0,0,0,0,0,0,0,0,0,0,20224137,22,96,2310,64,3260312,5,171,150,163,0,0,0,0,0,0,0,0,0,0,44610298,53,133,3604,73,0,0,0,0,0,0,0,0,0,0,0,0,0,0,0,821086,1,140,61,140,0,0,0,0,0,7414831,11,176,275,155,29517665,31,104,3007,73,6016879,9,172,261,141,0,0,0,0,0,0,0,0,0,0,0,0,0,0,0,839837,1,180,21,180,706130637,479,92,52211,1,2878031,3,125,228,71,0,0,0,0,0,0,0,0,0,0,45892675,8,17,1472,1,123592569,32,11,6080,2,73475394,30,14,5610,8,61096583,40,58,5720,22,58436678,56,86,6440,58,84206191,79,93,8532,36,76240820,76,118,6308,38,33495176,33,110,3003,75,146816520,122,129,8784,21
dominican pop,0.77,0.7,132.51,0.66,-4.97,0.17,0.14,0.38,0.0,985973180,985,113,86680,15,0,0,0,0,0,0,0,0,0,0,0,0,0,0,0,0,0,0,0,0,0,0,0,0,0,0,0,0,0,0,0,0,0,0,0,0,0,0,0,0,0,0,0,0,0,0,0,0,0,0,0,0,0,0,0,0,0,0,0,0,0,0,0,0,0,0,0,0,0,0,0,0,0,0,0,0,0,0,0,0,0,0,0,0,0,0,0,0,0,0,0,0,0,0,0,0,0,0,0,0,0,0,0,0,0,0,0,0,0,0,0,0,0,0,0,0,0,0,0,0,0,0,0,0,0,0,0,0,0,0,611433421,561,99,57222,15,0,0,0,0,0,7161187,11,187,154,160,71232574,71,130,5041,25,67301801,36,48,5508,15,61614895,38,54,5586,18,80199008,60,59,8520,27,72344155,62,71,8060,48,59122981,62,91,6820,55,67146332,85,134,5695,100,58164019,72,136,4680,60,33211304,30,63,4140,55,33935165,34,109,3128,69,374539759,424,132,29256,43,30419275,32,106,3040,83,22589364,27,138,1701,96,13763444,20,180,420,155,22202468,30,139,1860,113,23215618,31,138,1953,114,21619718,30,139,1860,117,36136062,52,172,1508,136,46599610,63,160,2583,61,53224969,49,102,4851,43,42983989,31,55,4526,47,34064130,30,86,3450,64,27721112,29,143,1682,116
oakland hip hop,0.72,0.71,118.1,0.45,-5.55,0.23,0.19,0.11,0.0,909424315,866,102,85734,6,383770328,392,97,40768,9,41632352,81,138,5103,82,26486271,47,138,2961,87,4379680,7,132,483,112,34674325,30,70,3930,25,47954220,29,34,4843,24,25283008,29,89,3248,46,12564470,24,149,1248,117,0,0,0,0,0,2536966,5,172,145,107,17279662,27,134,1809,89,42036203,32,49,4864,31,128943171,81,53,11988,9,452009706,378,93,40824,6,147113651,79,45,12324,6,89932082,56,39,9072,11,66201970,62,78,7626,29,68228848,79,124,6083,16,69175897,83,140,5063,18,11357258,19,180,399,145,0,0,0,0,0,0,0,0,0,0,0,0,0,0,0,0,0,0,0,0,0,0,0,0,0,0,0,0,0,0,18714515,24,145,1344,59,3175560,4,144,228,86,2025761,3,186,45,173,0,0,0,0,0,0,0,0,0,0,3134222,4,142,236,80,0,0,0,0,0,6193097,8,146,440,95,0,0,0,0,0,0,0,0,0,0,4185875,5,123,390,59,0,0,0,0,0,0,0,0,0,0,54929766,72,154,3384,99,0,0,0,0,0,19454317,22,122,1738,102,11984472,16,172,464,131,18181746,27,167,918,117,0,0,0,0,0,0,0,0,0,0,0,0,0,0,0,843385,1,141,60,141,0,0,0,0,0,4465846,6,168,198,99,0,0,0,0,0,0,0,0,0,0
vocal jazz,0.5,0.33,118.86,0.6,-12.27,0.08,0.21,0.78,0.0,1198517739,779,91,85690,3,141828096,144,110,13104,4,0,0,0,0,0,0,0,0,0,0,0,0,0,0,0,0,0,0,0,0,0,0,0,0,0,0,0,0,0,0,0,0,0,0,0,0,0,0,0,0,0,0,0,0,0,0,0,0,0,0,8642638,14,137,896,101,133185458,130,107,12220,4,296369758,212,91,23320,3,0,0,0,0,0,0,0,0,0,0,0,0,0,0,0,0,0,0,0,0,0,0,0,0,0,12812242,11,71,1430,34,0,0,0,0,0,0,0,0,0,0,0,0,0,0,0,0,0,0,0,0,21388921,24,114,2088,53,262168595,177,89,19824,3,281507997,192,91,21120,5,0,0,0,0,0,0,0,0,0,0,0,0,0,0,0,0,0,0,0,0,0,0,0,0,0,0,0,0,0,0,0,0,0,0,0,0,0,0,0,0,0,0,0,0,0,0,0,0,0,0,18569797,21,119,1722,43,262938200,171,88,19323,5,478811888,231,78,28413,3,0,0,0,0,0,0,0,0,0,0,0,0,0,0,0,0,0,0,0,0,0,0,0,0,0,0,0,0,0,0,0,0,0,0,0,0,0,0,0,0,0,0,0,0,0,0,0,0,0,0,66875734,51,94,5457,14,411936154,180,74,22860,3
danish pop,0.68,0.68,120.9,0.41,-4.7,0.07,0.25,0.16,0.0,821482566,1100,124,84700,14,564581422,844,133,57392,14,126033074,150,95,15900,14,109667173,132,110,12012,29,90113661,123,127,9102,41,69961572,124,151,6200,78,57151472,108,162,4212,106,48596981,85,144,4845,102,32685994,63,152,3087,106,15414274,32,167,1088,147,4447180,10,190,110,184,560579,1,164,37,164,5678629,9,137,576,96,4270833,7,160,287,138,126749549,115,77,14260,50,0,0,0,0,0,0,0,0,0,0,0,0,0,0,0,0,0,0,0,0,0,0,0,0,0,0,0,0,0,0,630915,1,187,14,187,0,0,0,0,0,19400260,22,104,2134,68,36652521,31,63,4278,50,36189027,30,58,4290,50,33876826,31,87,3534,56,129308210,140,109,12880,55,34911233,31,64,4247,55,29136423,28,85,3248,68,28446987,31,101,3100,86,23290402,30,141,1800,114,11972555,18,171,540,146,614206,1,198,3,198,0,0,0,0,0,0,0,0,0,0,0,0,0,0,0,0,0,0,0,0,0,0,0,0,0,936404,1,196,5,196,843385,1,141,60,141,0,0,0,0,0,0,0,0,0,0,0,0,0,0,0,0,0,0,0,0,0,0,0,0,0,0,0,0,0,0,0,0,0,0,0,843385,1,141,60,141,0,0,0,0,0,0,0,0,0,0,0,0,0,0,0,0,0,0,0,0
girl group,0.67,0.73,115.15,0.52,-4.64,0.12,0.16,0.11,0.0,766565098,981,115,84366,21,530756641,743,115,63898,35,61394340,92,95,9752,35,53495588,81,110,7371,67,46523283,67,122,5293,68,48450469,61,108,5673,55,53965226,86,139,5332,66,59380928,90,137,5760,53,45098825,68,133,4624,63,46528391,63,109,5796,67,39592477,46,90,5106,55,33517175,32,64,4384,53,26581112,31,87,3534,59,16228827,26,166,910,116,177006509,163,97,16952,21,9273512,17,178,391,152,0,0,0,0,0,0,0,0,0,0,0,0,0,0,0,0,0,0,0,0,713405,1,142,59,142,22071583,26,101,2600,74,22877671,31,129,2232,82,2773696,5,185,80,178,32153095,20,38,3260,22,54836293,32,36,5280,21,32307254,31,102,3069,44,34307397,46,154,2162,99,23149012,31,145,1736,117,4666084,7,190,77,180,0,0,0,0,0,0,0,0,0,0,0,0,0,0,0,3621985,5,159,210,99,676467,1,176,25,176,0,0,0,0,0,0,0,0,0,0,0,0,0,0,0,0,0,0,0,0,2193849,2,150,102,142,24494551,29,147,1566,104,0,0,0,0,0,0,0,0,0,0,1648870,2,144,114,109,0,0,0,0,0,0,0,0,0,0,0,0,0,0,0,856769,1,156,45,156,0,0,0,0,0,0,0,0,0,0,6719056,8,134,536,104,12984563,16,147,864,104,2285293,2,192,18,187
pop soul,0.55,0.6,117.82,0.4,-6.35,0.09,0.15,0.36,0.0,1136770923,1342,140,81862,3,315339825,487,133,33116,30,120829683,176,120,14256,30,96366486,138,121,11040,35,66068782,112,151,5600,58,19922112,39,168,1287,136,0,0,0,0,0,685434,1,112,89,112,510464,1,159,42,159,425373,1,199,2,199,1253805,3,197,12,196,2203405,5,197,20,194,7074281,11,139,682,96,0,0,0,0,0,42487563,72,181,1440,77,0,0,0,0,0,6840780,11,169,352,77,1088306,2,192,18,187,1899674,3,167,102,103,0,0,0,0,0,551211,1,195,6,195,10340229,18,177,432,147,11412238,21,191,210,172,6633926,12,188,156,182,0,0,0,0,0,875026,1,117,84,117,2846173,3,170,93,149,540977413,449,123,35022,3,0,0,0,0,0,3196222,4,158,172,112,7595438,12,195,72,189,77643972,32,73,4096,3,112452358,59,86,6785,5,85227097,49,81,5880,5,99624320,85,96,8925,16,54224719,63,126,4725,52,39525262,55,160,2255,96,31351324,47,176,1175,149,18250532,27,169,864,149,11886169,16,184,272,154,237966122,334,167,11356,113,19444018,27,177,648,162,22025218,29,163,1102,113,17425989,25,177,600,163,20029770,30,168,990,146,20359936,31,175,806,160,20349127,30,157,1320,140,19931321,29,169,928,143,21367280,31,168,1023,157,21569112,30,166,1050,149,27760244,36,156,1620,136,20983732,27,158,1161,141,6720375,9,180,189,167
afro dancehall,0.74,0.71,116.48,0.57,-6.02,0.13,0.19,0.16,0.0,822038748,1013,121,81040,5,393061486,464,105,44544,5,74147877,62,65,8432,5,54157163,54,99,5508,24,46012782,51,112,4539,44,38940815,48,114,4176,54,28345773,31,82,3689,67,26232233,31,87,3534,74,26103241,35,99,3570,68,21684978,31,102,3069,93,19856175,30,117,2520,105,20328880,32,125,2432,101,18214633,30,144,1710,132,19036936,29,161,1160,43,209254800,316,148,16748,50,21294744,32,142,1888,50,19353004,28,135,1848,118,21978969,31,125,2356,112,21855068,30,126,2250,107,22041963,31,135,2046,124,22590246,35,152,1715,122,31456458,50,157,2200,91,20115755,33,164,1221,145,12679394,22,182,418,160,9783152,15,166,525,70,5332196,8,169,256,115,773851,1,152,49,152,123063060,134,121,10720,24,614205,1,152,49,152,0,0,0,0,0,0,0,0,0,0,0,0,0,0,0,0,0,0,0,0,2753008,3,118,249,81,11872859,15,138,945,69,11873340,15,137,960,106,20267144,28,158,1204,125,24452766,31,131,2170,112,13482908,9,41,1440,24,37746830,32,84,3744,52,96659402,99,108,9207,54,36159246,32,80,3872,56,28207035,29,102,2871,82,6486291,8,161,320,69,0,0,0,0,0,698063,1,182,19,182,0,0,0,0,0,1511719,1,54,147,54,22770422,27,129,1944,90,826626,1,136,65,136,0,0,0,0,0,0,0,0,0,0,0,0,0,0,0
plugg,0.78,0.6,127.35,0.42,-6.67,0.21,0.17,0.07,0.0,862503691,1044,125,79344,4,234839784,363,136,23595,54,0,0,0,0,0,0,0,0,0,0,0,0,0,0,0,1784724,4,193,32,192,29699704,51,145,2856,104,42989277,58,119,4756,54,46342939,66,121,5280,63,26003146,31,80,3751,71,27209502,38,112,3382,80,37267474,69,163,2622,113,21256261,42,180,882,155,2286757,4,181,80,169,373261547,403,112,35867,18,1082784,2,198,6,197,21185208,31,142,1829,95,70905915,73,97,7592,22,79116385,60,85,6960,18,64707029,56,74,7112,38,53120341,59,101,5900,44,26238652,32,105,3072,92,20349551,31,145,1736,109,16018726,27,172,783,153,13916588,22,175,572,97,562398,1,198,3,198,6057970,9,172,261,154,168288214,212,136,13780,85,28017229,35,133,2380,86,27534070,31,119,2542,85,28857238,36,134,2412,88,6159916,9,178,207,152,0,0,0,0,0,1321270,2,167,68,159,23728786,31,142,1829,125,25407921,35,151,1750,89,24986625,30,120,2430,96,2275159,3,146,165,145,0,0,0,0,0,0,0,0,0,0,86114146,66,107,6204,4,0,0,0,0,0,0,0,0,0,0,769461,1,193,8,193,19198916,15,77,1860,15,37090069,25,80,3025,4,0,0,0,0,0,0,0,0,0,0,0,0,0,0,0,0,0,0,0,0,0,0,0,0,0,0,0,0,0,0,29055700,25,147,1350,74
rap conscient,0.73,0.6,124.08,0.42,-7.59,0.19,0.15,0.28,0.02,981916629,676,84,79092,8,546878,1,200,1,200,0,0,0,0,0,0,0,0,0,0,0,0,0,0,0,0,0,0,0,0,0,0,0,0,0,0,0,0,0,0,0,0,0,0,0,0,0,0,0,0,0,0,0,0,0,0,0,0,0,0,0,0,0,0,0,546878,1,200,1,200,116713397,123,110,11193,38,0,0,0,0,0,0,0,0,0,0,0,0,0,0,0,0,0,0,0,0,0,0,0,0,0,3687483,6,166,210,110,0,0,0,0,0,0,0,0,0,0,30731337,30,87,3420,44,40565295,33,64,4521,38,26674664,32,122,2528,62,15054618,22,177,528,152,155867784,183,133,12444,30,22599363,31,149,1612,128,20051877,28,166,980,147,5651373,9,190,99,182,0,0,0,0,0,0,0,0,0,0,15066114,18,143,1044,63,4505979,6,150,306,109,0,0,0,0,0,645970,1,186,15,186,27200748,31,111,2790,82,37564640,31,61,4340,30,22581720,28,153,1344,104,708788570,369,51,55350,8,14838600,19,150,969,124,43519649,23,39,3726,21,81486690,31,19,5642,10,103277175,30,9,5760,8,90627932,31,12,5859,9,75716870,30,14,5610,10,70912065,33,32,5577,16,55320316,31,34,5177,21,62608480,49,78,6027,38,40377056,31,61,4340,51,35575694,32,92,3488,64,34528043,29,97,3016,63
houston rap,0.82,0.67,138.35,0.55,-5.48,0.24,0.16,0.07,0.0,1144223836,572,65,77792,1,0,0,0,0,0,0,0,0,0,0,0,0,0,0,0,0,0,0,0,0,0,0,0,0,0,0,0,0,0,0,0,0,0,0,0,0,0,0,0,0,0,0,0,0,0,0,0,0,0,0,0,0,0,0,0,0,0,0,0,0,0,0,0,0,0,24795761,21,95,2226,16,0,0,0,0,0,0,0,0,0,0,0,0,0,0,0,0,0,0,0,0,0,0,0,0,0,617486,1,194,7,194,0,0,0,0,0,0,0,0,0,0,7012290,3,20,543,16,17165985,17,103,1666,25,0,0,0,0,0,0,0,0,0,0,66991001,67,97,6968,28,0,0,0,0,0,0,0,0,0,0,0,0,0,0,0,0,0,0,0,0,3653323,5,170,155,122,0,0,0,0,0,2780047,4,164,148,130,29182293,23,56,3335,28,27618523,30,98,3090,58,3756815,5,156,225,128,0,0,0,0,0,0,0,0,0,0,1052437074,484,59,68728,1,5383773,7,162,273,108,0,0,0,0,0,19426657,13,59,1846,25,74904595,33,24,5841,11,112899936,62,36,10230,11,89320698,64,60,9024,21,64294184,60,107,5640,33,173439266,64,82,7616,1,184841044,44,55,6424,1,125837333,33,13,6204,2,96290933,43,44,6751,7,105798655,61,57,8784,17
minnesota hip hop,0.7,0.83,110.98,0.54,-2.98,0.08,0.47,0.17,0.0,858123929,679,87,77406,15,0,0,0,0,0,0,0,0,0,0,0,0,0,0,0,0,0,0,0,0,0,0,0,0,0,0,0,0,0,0,0,0,0,0,0,0,0,0,0,0,0,0,0,0,0,0,0,0,0,0,0,0,0,0,0,0,0,0,0,0,0,0,0,0,0,0,0,0,0,0,0,0,0,0,0,0,0,0,0,0,0,0,0,0,0,0,0,0,0,0,0,0,0,0,0,0,0,0,0,0,0,0,0,0,0,0,0,0,0,0,0,0,0,0,0,0,0,0,0,0,0,0,0,0,0,0,0,0,0,0,719384224,515,71,66950,15,0,0,0,0,0,0,0,0,0,0,0,0,0,0,0,10664695,12,128,876,47,79961573,62,96,6510,17,59810115,37,55,5402,21,101413236,70,82,8330,15,104793084,69,57,9936,15,107930532,66,51,9900,18,106753232,69,45,10764,18,85933881,70,69,9240,28,62123876,60,99,6120,40,138739705,164,137,10496,49,59806371,62,107,5828,49,47954775,58,139,3596,97,23514044,32,170,992,140,7464515,12,192,108,187,0,0,0,0,0,0,0,0,0,0,0,0,0,0,0,0,0,0,0,0,0,0,0,0,0,0,0,0,0,0,0,0,0,0,0,0,0,0,0,0
nigerian pop,0.74,0.7,117.01,0.56,-6.16,0.14,0.19,0.16,0.0,768770429,908,116,77180,5,340277178,360,90,39960,5,55770424,31,19,5642,5,41357648,27,31,4590,24,37211907,32,64,4384,44,30726213,30,66,4050,54,27468328,29,75,3654,67,25375868,29,79,3538,74,24293652,31,88,3503,68,21684978,31,102,3069,93,19856175,30,117,2520,105,20328880,32,125,2432,101,18214633,30,144,1710,132,17988472,28,164,1036,43,208770789,315,148,16695,50,20810733,31,141,1860,50,19353004,28,135,1848,118,21978969,31,125,2356,112,21855068,30,126,2250,107,22041963,31,135,2046,124,22590246,35,152,1715,122,31456458,50,157,2200,91,20115755,33,164,1221,145,12679394,22,182,418,160,9783152,15,166,525,70,5332196,8,169,256,115,773851,1,152,49,152,123063060,134,121,10720,24,614205,1,152,49,152,0,0,0,0,0,0,0,0,0,0,0,0,0,0,0,0,0,0,0,0,2753008,3,118,249,81,11872859,15,138,945,69,11873340,15,137,960,106,20267144,28,158,1204,125,24452766,31,131,2170,112,13482908,9,41,1440,24,37746830,32,84,3744,52,96659402,99,108,9207,54,36159246,32,80,3872,56,28207035,29,102,2871,82,6486291,8,161,320,69,0,0,0,0,0,698063,1,182,19,182,0,0,0,0,0,1511719,1,54,147,54,22770422,27,129,1944,90,826626,1,136,65,136,0,0,0,0,0,0,0,0,0,0,0,0,0,0,0
nyc rap,0.7,0.65,129.57,0.47,-6.16,0.31,0.18,0.22,0.0,851289420,729,96,76545,10,16449097,29,141,1740,36,10791091,23,150,1173,90,0,0,0,0,0,0,0,0,0,0,0,0,0,0,0,0,0,0,0,0,0,0,0,0,0,0,0,0,0,0,0,0,0,0,0,0,0,0,0,0,0,0,0,0,0,0,0,0,0,0,5658006,6,108,558,36,64283904,59,104,5723,14,0,0,0,0,0,0,0,0,0,0,0,0,0,0,0,0,0,0,0,0,0,0,0,0,0,0,0,0,0,0,0,0,0,0,0,0,0,0,0,0,0,0,0,0,0,39501930,27,50,4077,14,18838245,25,153,1200,43,5943729,7,137,448,101,283168461,300,110,27300,37,0,0,0,0,0,0,0,0,0,0,0,0,0,0,0,10218794,14,150,714,119,37414035,31,68,4123,44,43575659,30,48,4590,37,35125718,31,72,3999,61,31287368,33,93,3564,69,45776604,58,134,3886,103,49366752,61,128,4453,73,30403531,42,154,1974,111,0,0,0,0,0,487387958,341,78,41943,10,20652019,14,82,1666,12,0,0,0,0,0,0,0,0,0,0,0,0,0,0,0,18506256,23,128,1679,76,34963343,37,93,3996,63,41496507,47,131,3290,40,67811537,31,23,5518,10,69862977,30,19,5460,11,58806436,39,64,5343,27,76100914,60,76,7500,26,99187969,60,78,7380,12
nigerian hip hop,0.74,0.64,115.69,0.53,-6.72,0.16,0.17,0.22,0.0,744220724,871,114,75777,5,339659176,359,89,40208,5,55770424,31,19,5642,5,41357648,27,31,4590,24,37211907,32,64,4384,44,30726213,30,66,4050,54,27468328,29,75,3654,67,25375868,29,79,3538,74,24293652,31,88,3503,68,21684978,31,102,3069,93,19856175,30,117,2520,105,19710878,31,124,2387,101,18214633,30,144,1710,132,17988472,28,164,1036,43,192670621,288,146,15840,50,20810733,31,141,1860,50,19353004,28,135,1848,118,21978969,31,125,2356,112,21855068,30,126,2250,107,22041963,31,135,2046,124,19664833,30,148,1590,122,20064325,31,149,1612,91,18993584,31,164,1147,145,12018943,21,181,420,160,9783152,15,166,525,70,5332196,8,169,256,115,773851,1,152,49,152,118940870,129,120,10449,24,614205,1,152,49,152,0,0,0,0,0,0,0,0,0,0,0,0,0,0,0,0,0,0,0,0,0,0,0,0,0,10503677,13,133,884,69,11873340,15,137,960,106,20267144,28,158,1204,125,24452766,31,131,2170,112,13482908,9,41,1440,24,37746830,32,84,3744,52,92950057,95,107,8930,54,36159246,32,80,3872,56,28207035,29,102,2871,82,3603572,5,182,95,172,0,0,0,0,0,698063,1,182,19,182,0,0,0,0,0,1511719,1,54,147,54,22770422,27,129,1944,90,0,0,0,0,0,0,0,0,0,0,0,0,0,0,0,0,0,0,0,0
eurodance,0.73,0.71,110.18,0.45,-5.38,0.08,0.14,0.22,0.0,852334499,703,94,75221,4,116948638,182,127,13468,36,28731221,31,59,4402,36,15658083,27,130,1917,84,2317216,5,190,55,183,0,0,0,0,0,0,0,0,0,0,11231593,22,164,814,140,17537483,31,134,2077,117,20668527,31,111,2790,91,15448838,29,164,1073,127,454836,1,198,3,198,0,0,0,0,0,4900841,5,122,395,53,419411596,198,36,32670,4,0,0,0,0,0,0,0,0,0,0,0,0,0,0,0,0,0,0,0,0,0,0,0,0,0,0,0,0,0,0,35828033,28,72,3612,18,86893503,31,12,5859,6,90486065,30,8,5790,4,80391613,31,10,5921,6,57965892,30,21,5400,12,67846490,48,72,6192,14,280117162,294,111,26460,28,46247483,31,39,5022,28,33795824,28,68,3724,51,32206157,31,82,3689,64,27304150,30,106,2850,95,26094087,31,120,2511,107,25147782,30,117,2520,105,25493926,31,124,2387,108,23992090,31,135,2046,112,19512592,29,178,667,159,6630440,10,188,130,177,0,0,0,0,0,13692631,12,131,840,50,35857103,29,121,2320,26,611800,1,200,1,200,0,0,0,0,0,5853504,6,112,534,48,0,0,0,0,0,0,0,0,0,0,0,0,0,0,0,0,0,0,0,0,0,0,0,0,0,0,0,0,0,0,0,0,0,0,0,0,0,0,0,0,29391799,22,120,1782,26
norwegian pop,0.6,0.74,124.64,0.45,-4.78,0.09,0.17,0.19,0.0,692657117,919,120,74439,32,328485742,482,122,38078,32,47404830,62,79,7564,32,33126613,55,127,4070,73,29942483,48,135,3168,91,19682645,30,116,2550,102,19942639,32,129,2304,113,17151257,30,140,1830,130,31401632,50,127,3700,64,51061027,62,109,5704,47,50318386,66,131,4620,47,20219904,31,123,2418,76,7635199,15,181,300,152,599127,1,197,4,197,218665633,269,120,21789,44,13968365,23,168,759,136,20452857,28,124,2156,103,35444719,31,60,4371,44,34330238,41,112,3649,62,31719689,48,159,2016,114,585834,1,199,2,199,3335428,5,139,310,106,30396994,31,76,3875,63,27394743,30,93,3240,76,20453227,30,153,1440,128,583539,1,185,16,185,0,0,0,0,0,40434363,41,106,3895,51,585922,1,199,2,199,0,0,0,0,0,0,0,0,0,0,0,0,0,0,0,1395314,2,162,78,139,0,0,0,0,0,0,0,0,0,0,0,0,0,0,0,0,0,0,0,0,0,0,0,0,0,7876861,8,88,904,66,30576266,30,104,2910,51,105071379,127,122,10033,81,16160918,20,137,1280,87,0,0,0,0,0,17316438,19,110,1729,85,27412008,30,91,3300,81,26340520,31,108,2883,81,17841495,27,170,837,140,0,0,0,0,0,0,0,0,0,0,0,0,0,0,0,0,0,0,0,0,0,0,0,0,0,0,0,0,0,0
uk hip hop,0.73,0.67,124.65,0.55,-5.63,0.21,0.2,0.14,0.0,791176573,950,125,72200,6,169564664,222,126,16650,6,0,0,0,0,0,4439550,8,140,488,116,56467911,46,98,4738,6,21663949,36,139,2232,81,862954,2,196,10,195,3369968,7,183,126,129,16449367,32,165,1152,56,21057700,31,111,2790,74,24523940,30,88,3390,72,6899502,13,163,494,122,0,0,0,0,0,13829823,17,124,1309,64,270709760,358,130,25418,58,37727833,43,104,4171,60,44320612,56,125,4256,58,45744879,59,124,4543,60,51274252,70,133,4760,80,41004641,61,154,2867,114,5820928,10,184,170,155,21882487,28,114,2436,89,22367151,30,123,2340,94,566977,1,190,11,190,0,0,0,0,0,0,0,0,0,0,0,0,0,0,0,202009942,205,113,18040,22,0,0,0,0,0,0,0,0,0,0,0,0,0,0,0,5307457,5,77,620,54,33061765,31,80,3751,55,22489379,30,144,1710,107,74167733,74,118,6142,22,10951155,17,180,357,145,0,0,0,0,0,0,0,0,0,0,18188107,16,98,1648,24,37844346,32,83,3776,52,148892207,165,130,11715,38,36294762,32,81,3840,56,28920145,30,105,2880,82,3603572,5,182,95,172,2587803,4,172,116,151,6409923,9,178,207,114,0,0,0,0,0,14827382,11,71,1430,38,21973616,29,153,1392,115,11456451,17,191,170,172,6217420,8,160,328,143,16601133,20,138,1260,112,0,0,0,0,0
cubaton,0.72,0.82,96.89,0.74,-3.3,0.09,0.21,0.22,0.0,666075055,698,103,68404,22,492159423,539,104,52283,22,19437012,32,105,3072,77,24812898,32,79,3904,55,65043939,62,81,7440,34,68991161,60,74,7620,23,68691075,58,91,6380,22,62024881,54,100,5454,25,58068425,54,94,5778,34,42161994,54,117,4536,48,22569796,41,158,1763,104,20605836,33,130,2343,110,20660194,30,118,2490,102,19092212,29,152,1421,118,14606619,24,158,1032,128,14606619,24,158,1032,128,0,0,0,0,0,0,0,0,0,0,0,0,0,0,0,0,0,0,0,0,0,0,0,0,0,0,0,0,0,0,0,0,0,0,0,0,0,0,0,0,0,0,0,0,0,0,0,0,0,0,0,0,0,0,0,0,0,0,0,0,0,0,0,0,0,0,0,0,0,0,0,0,0,0,0,0,0,0,0,0,0,0,0,0,0,0,0,0,0,0,0,0,0,0,0,0,0,0,0,0,0,0,0,0,0,0,0,0,0,0,0,0,0,0,0,0,0,0,0,0,159309013,135,87,15390,43,0,0,0,0,0,0,0,0,0,0,0,0,0,0,0,0,0,0,0,0,0,0,0,0,0,0,0,0,0,0,0,0,0,0,0,14256682,15,110,1365,61,40283100,30,53,4440,43,42983989,31,55,4526,47,34064130,30,86,3450,64,27721112,29,143,1682,116
tennessee hip hop,0.85,0.61,140.11,0.58,-6.37,0.28,0.24,0.05,0.0,787719725,714,106,67830,6,105875860,166,133,11288,74,0,0,0,0,0,0,0,0,0,0,0,0,0,0,0,0,0,0,0,0,0,0,0,0,0,0,0,0,0,0,2367229,5,167,170,148,18578024,31,129,2232,98,24574609,30,86,3450,74,23673211,34,113,2992,78,33495652,60,162,2340,125,3187135,6,194,42,182,538261283,384,84,44928,6,457182,1,191,10,191,53168285,20,11,3800,7,95005768,33,14,6171,6,99186997,60,75,7560,10,78537999,56,90,6216,16,52152683,35,59,4970,25,39007491,31,54,4557,47,31245646,31,73,3968,60,25863942,30,101,3000,87,23616363,31,129,2232,118,20549267,30,158,1290,135,19469660,26,160,1066,128,56258665,77,157,3388,60,23482799,31,141,1860,120,20027165,28,166,980,153,7807033,12,184,204,171,0,0,0,0,0,0,0,0,0,0,0,0,0,0,0,0,0,0,0,0,0,0,0,0,0,3594147,4,122,316,60,1347521,2,177,48,158,0,0,0,0,0,0,0,0,0,0,87323917,87,107,8178,60,32669572,30,94,3210,60,32654574,30,84,3510,63,20204943,25,148,1325,114,0,0,0,0,0,0,0,0,0,0,1794828,2,122,158,66,0,0,0,0,0,0,0,0,0,0,0,0,0,0,0,0,0,0,0,0,0,0,0,0,0,0,0,0,0,0
country rock,0.63,0.61,129.62,0.72,-8.9,0.05,0.17,0.18,0.02,1023689407,515,71,66950,2,11565608,17,133,1156,51,0,0,0,0,0,0,0,0,0,0,0,0,0,0,0,0,0,0,0,0,0,0,0,0,0,0,0,0,0,0,457652,1,174,27,174,0,0,0,0,0,0,0,0,0,0,11107956,16,130,1136,51,0,0,0,0,0,0,0,0,0,0,985942,1,167,34,167,0,0,0,0,0,0,0,0,0,0,0,0,0,0,0,0,0,0,0,0,0,0,0,0,0,0,0,0,0,0,0,0,0,0,0,0,0,0,0,0,0,0,0,0,0,0,0,0,0,0,0,0,0,0,0,985942,1,167,34,167,828759514,288,27,50112,2,0,0,0,0,0,0,0,0,0,0,0,0,0,0,0,121685835,26,3,5148,2,146732792,31,3,6138,2,138201323,30,3,5940,3,132190070,46,33,7728,4,90243246,31,10,5921,6,67791028,30,20,5430,14,51479919,31,33,5208,22,36637173,30,54,4410,39,43798128,33,72,4257,30,182378343,209,126,15675,33,37432653,31,71,4030,33,30503726,29,87,3306,69,27189008,31,126,2325,102,22912275,30,129,2160,110,21896956,31,155,1426,130,20614085,30,153,1440,132,16566820,24,171,720,134,0,0,0,0,0,0,0,0,0,0,0,0,0,0,0,0,0,0,0,0,5262820,3,114,261,71
brill building pop,0.51,0.5,111.74,0.67,-10.16,0.05,0.19,0.61,0.0,922247775,556,82,66164,3,102507335,95,94,10165,4,0,0,0,0,0,0,0,0,0,0,0,0,0,0,0,0,0,0,0,0,0,0,0,0,0,0,0,0,0,0,0,0,0,0,0,0,0,0,0,0,0,0,0,0,0,0,0,0,0,0,8642638,14,137,896,101,93864697,81,87,9234,4,201970578,130,78,15990,3,0,0,0,0,0,0,0,0,0,0,0,0,0,0,0,0,0,0,0,0,0,0,0,0,0,0,0,0,0,0,0,0,0,0,0,0,0,0,0,0,0,0,0,0,0,0,0,0,0,0,20156553,22,108,2046,53,181814025,108,72,13932,3,221793846,146,85,16936,5,0,0,0,0,0,0,0,0,0,0,0,0,0,0,0,0,0,0,0,0,0,0,0,0,0,0,0,0,0,0,0,0,0,0,0,0,0,0,0,0,0,0,0,0,0,0,0,0,0,0,16991805,19,117,1596,43,204802041,127,81,15240,5,395976016,185,75,23310,3,0,0,0,0,0,0,0,0,0,0,0,0,0,0,0,0,0,0,0,0,0,0,0,0,0,0,0,0,0,0,0,0,0,0,0,0,0,0,0,0,0,0,0,0,0,0,0,0,0,0,62169979,47,93,5076,14,333806037,138,69,18216,3
drill,0.79,0.6,130.93,0.49,-7.34,0.27,0.2,0.12,0.0,737599508,602,94,64414,2,44025708,51,95,5406,54,0,0,0,0,0,0,0,0,0,0,0,0,0,0,0,0,0,0,0,0,0,0,0,0,0,0,0,0,0,0,0,0,0,0,0,0,0,0,0,0,0,0,0,0,0,0,0,0,0,0,13685676,20,123,1560,68,30340032,31,78,3813,54,290957529,337,109,31004,32,31583735,31,69,4092,53,27118139,28,78,3444,61,33901779,41,100,4141,80,63675824,60,84,7020,32,54379010,62,110,5642,55,39891738,55,136,3575,79,21653119,31,132,2139,121,10006989,18,187,252,129,0,0,0,0,0,8747196,11,143,638,51,0,0,0,0,0,0,0,0,0,0,1331865,2,180,42,161,0,0,0,0,0,0,0,0,0,0,0,0,0,0,0,0,0,0,0,0,0,0,0,0,0,0,0,0,0,0,1331865,2,180,42,161,0,0,0,0,0,0,0,0,0,0,0,0,0,0,0,0,0,0,0,0,0,0,0,0,0,401284406,212,70,27772,2,0,0,0,0,0,728809,1,195,6,195,16035665,16,134,1072,22,22397258,30,136,1950,107,16682704,25,170,775,128,0,0,0,0,0,0,0,0,0,0,75803909,18,5,3528,2,96179282,30,10,5730,8,76814423,32,21,5760,11,54559495,30,35,4980,21,42082861,30,72,3870,49
italo dance,0.76,0.77,119.31,0.44,-5.17,0.1,0.1,0.09,0.0,740712763,585,91,64350,4,65341277,114,142,6726,91,0,0,0,0,0,0,0,0,0,0,0,0,0,0,0,0,0,0,0,0,0,0,0,0,0,11231593,22,164,814,140,17537483,31,134,2077,117,20668527,31,111,2790,91,15448838,29,164,1073,127,454836,1,198,3,198,0,0,0,0,0,0,0,0,0,0,401508530,181,27,31494,4,0,0,0,0,0,0,0,0,0,0,0,0,0,0,0,0,0,0,0,0,0,0,0,0,0,0,0,0,0,0,35828033,28,72,3612,18,86893503,31,12,5859,6,90486065,30,8,5790,4,80391613,31,10,5921,6,57965892,30,21,5400,12,49943424,31,40,4991,14,267397652,283,110,25753,28,46247483,31,39,5022,28,33795824,28,68,3724,51,32206157,31,82,3689,64,27304150,30,106,2850,95,26094087,31,120,2511,107,25147782,30,117,2520,105,25493926,31,124,2387,108,23992090,31,135,2046,112,19512592,29,178,667,159,6630440,10,188,130,177,0,0,0,0,0,973121,1,128,73,128,6465304,7,125,532,48,611800,1,200,1,200,0,0,0,0,0,5853504,6,112,534,48,0,0,0,0,0,0,0,0,0,0,0,0,0,0,0,0,0,0,0,0,0,0,0,0,0,0,0,0,0,0,0,0,0,0,0,0,0,0,0,0,0,0,0,0,0
reggae fusion,0.77,0.67,99.75,0.61,-5.03,0.14,0.22,0.07,0.01,918774596,647,102,64053,1,74810634,160,179,3520,83,11149779,28,184,476,165,13054825,28,170,868,148,9573306,18,172,522,101,12894396,26,177,624,83,15335018,32,178,736,151,9014562,20,192,180,177,3070732,7,193,56,185,0,0,0,0,0,0,0,0,0,0,0,0,0,0,0,0,0,0,0,0,718016,1,155,46,155,536092,1,153,48,153,536092,1,153,48,153,0,0,0,0,0,0,0,0,0,0,0,0,0,0,0,0,0,0,0,0,0,0,0,0,0,0,0,0,0,0,0,0,0,0,0,0,0,0,0,0,0,0,0,0,0,0,0,0,0,0,0,0,0,0,0,731771930,361,59,51262,1,7055112,7,90,777,56,80436511,28,16,5180,3,131230803,31,3,6138,1,115459823,42,49,6384,2,91166187,41,55,5986,6,81746493,30,9,5760,5,71822981,34,30,5814,11,48032210,31,38,5053,25,32921261,30,68,3990,47,26433765,31,113,2728,81,21553357,30,152,1470,117,23913427,26,126,1950,72,111655940,125,127,9250,60,23590405,30,153,1440,75,8535865,12,181,240,149,0,0,0,0,0,0,0,0,0,0,0,0,0,0,0,16016066,19,116,1615,67,36500886,32,85,3712,60,26300637,31,129,2232,87,712081,1,200,1,200,0,0,0,0,0,0,0,0,0,0,0,0,0,0,0
rhode island rap,0.72,0.59,108.41,0.54,-5.78,0.12,0.28,0.08,0.0,974576947,462,63,63756,2,0,0,0,0,0,0,0,0,0,0,0,0,0,0,0,0,0,0,0,0,0,0,0,0,0,0,0,0,0,0,0,0,0,0,0,0,0,0,0,0,0,0,0,0,0,0,0,0,0,0,0,0,0,0,0,0,0,0,0,0,0,0,0,0,0,0,0,0,0,0,0,0,0,0,0,0,0,0,0,0,0,0,0,0,0,0,0,0,0,0,0,0,0,0,0,0,0,0,0,0,0,0,0,0,0,0,0,0,0,0,0,0,0,0,0,0,0,0,0,0,0,0,0,0,0,0,0,0,0,0,248774554,65,12,12285,2,0,0,0,0,0,0,0,0,0,0,0,0,0,0,0,0,0,0,0,0,0,0,0,0,0,0,0,0,0,0,0,0,0,0,0,0,0,0,0,0,0,0,0,0,0,4025346,4,106,380,45,107636782,30,8,5790,2,137112426,31,3,6138,2,725802393,397,71,51610,2,164398597,58,61,8120,2,116597626,36,32,6084,7,93751884,31,14,5797,9,69155731,30,20,5430,17,59212646,31,31,5270,25,46466839,30,41,4800,31,36612844,31,77,3844,57,32521591,31,85,3596,76,28529579,30,99,3060,81,27775609,31,119,2542,107,25227237,30,141,1800,115,25552210,28,156,1260,122
grime,0.73,0.69,123.98,0.49,-5.56,0.2,0.2,0.14,0.01,705273481,716,113,63008,6,94737270,114,130,8094,6,0,0,0,0,0,4439550,8,140,488,116,56467911,46,98,4738,6,21663949,36,139,2232,81,862954,2,196,10,195,2697362,6,192,54,176,8605544,16,164,592,56,0,0,0,0,0,0,0,0,0,0,0,0,0,0,0,0,0,0,0,0,0,0,0,0,0,254657283,215,81,25800,14,0,0,0,0,0,0,0,0,0,0,0,0,0,0,0,0,0,0,0,0,12903226,7,25,1232,14,49938951,30,36,4950,24,45542763,31,44,4867,34,43342008,31,46,4805,34,34995106,30,61,4200,51,28291226,31,96,3255,65,21864546,30,142,1770,116,17779457,25,170,775,149,224501125,249,128,18177,22,21130301,31,165,1116,152,9967211,15,189,180,175,0,0,0,0,0,5307457,5,77,620,54,39446212,39,92,4251,55,36722602,51,155,2346,107,50255007,51,120,4131,22,10345081,16,179,352,145,0,0,0,0,0,0,0,0,0,0,13482908,9,41,1440,24,37844346,32,83,3776,52,131377803,138,125,10488,31,35506050,31,78,3813,56,28207035,29,102,2871,82,3603572,5,182,95,172,0,0,0,0,0,698063,1,182,19,182,0,0,0,0,0,0,0,0,0,0,7576887,10,154,470,115,10757326,16,190,176,172,6217420,8,160,328,143,16601133,20,138,1260,112,22210317,18,119,1476,31
texas country,0.64,0.59,93.69,0.43,-6.13,0.04,0.28,0.27,0.0,788601747,656,105,62976,6,13870968,30,181,600,104,0,0,0,0,0,0,0,0,0,0,0,0,0,0,0,0,0,0,0,0,0,0,0,0,0,0,0,0,0,0,11267135,25,182,475,163,437688,1,191,10,191,0,0,0,0,0,2166145,4,173,112,104,0,0,0,0,0,0,0,0,0,0,561322081,338,57,48672,6,9692267,6,36,990,19,66531744,28,13,5264,9,93372220,31,8,5983,6,85117558,30,13,5640,8,73181928,31,15,5766,12,50468410,30,35,4980,23,43696522,31,46,4805,38,35009487,31,60,4371,44,27090327,30,93,3240,81,27794500,31,97,3224,88,24833205,30,120,2430,103,24533913,29,136,1885,58,210210092,285,153,13680,70,26301561,31,117,2604,70,22052318,28,142,1652,129,38363608,50,143,2900,101,35886103,48,149,2496,105,22343339,31,157,1364,142,20848098,30,162,1170,145,22532937,34,175,884,150,17078246,27,184,459,163,1950539,3,196,15,194,0,0,0,0,0,0,0,0,0,0,2853343,3,168,99,159,3198606,3,171,90,149,619671,1,179,22,179,0,0,0,0,0,0,0,0,0,0,0,0,0,0,0,0,0,0,0,0,0,0,0,0,0,0,0,0,0,0,0,0,0,0,0,0,0,0,0,0,0,0,0,0,0,0,0,0,0,0,2578935,2,168,66,149
deep underground hip hop,0.88,0.65,131.77,0.71,-6.86,0.22,0.24,0.05,0.0,707835571,519,80,62799,11,0,0,0,0,0,0,0,0,0,0,0,0,0,0,0,0,0,0,0,0,0,0,0,0,0,0,0,0,0,0,0,0,0,0,0,0,0,0,0,0,0,0,0,0,0,0,0,0,0,0,0,0,0,0,0,0,0,0,0,0,0,0,0,0,0,0,0,0,0,0,0,0,0,0,0,0,0,0,0,0,0,0,0,0,0,0,0,0,0,0,0,0,0,0,0,0,0,0,0,0,0,0,0,0,0,0,0,0,0,0,0,0,0,0,0,0,0,0,0,0,0,0,0,0,0,0,0,0,0,0,0,0,0,0,0,0,0,0,0,0,0,0,0,0,0,0,0,0,0,0,0,0,0,0,0,0,0,0,0,0,0,0,0,0,0,0,0,0,0,0,0,0,0,0,0,0,0,0,0,0,0,0,0,0,0,0,0,0,0,0,0,0,0,0,0,707835571,519,80,62799,11,0,0,0,0,0,30208565,27,91,2970,53,49260622,31,48,4743,34,57037201,30,29,5160,24,57802680,31,32,5239,24,62863840,37,37,6068,23,101474018,62,55,9052,11,86770985,62,74,7874,17,74878660,62,100,6262,33,50889167,42,75,5292,39,63869565,60,99,6120,59,72780268,75,146,4125,80
pop peruano,0.76,0.88,94.21,0.69,-4.02,0.09,0.13,0.15,0.0,546503085,746,117,62664,52,388220589,533,115,45838,52,0,0,0,0,0,0,0,0,0,0,13212927,25,168,825,144,16778450,30,147,1620,131,26858483,50,152,2450,129,33764765,58,137,3712,110,37905712,62,126,4650,90,38943226,67,140,4087,85,44589596,57,107,5358,55,58596847,62,74,7874,54,59597967,60,66,8100,52,57972616,62,84,7254,60,158282496,213,123,16614,61,53954930,62,92,6758,61,42261563,56,118,4648,92,41937248,62,137,3968,106,20128755,33,163,1254,124,0,0,0,0,0,0,0,0,0,0,0,0,0,0,0,0,0,0,0,0,0,0,0,0,0,0,0,0,0,0,0,0,0,0,0,0,0,0,0,0,0,0,0,0,0,0,0,0,0,0,0,0,0,0,0,0,0,0,0,0,0,0,0,0,0,0,0,0,0,0,0,0,0,0,0,0,0,0,0,0,0,0,0,0,0,0,0,0,0,0,0,0,0,0,0,0,0,0,0,0,0,0,0,0,0,0,0,0,0,0,0,0,0,0,0,0,0,0,0,0,0,0,0,0,0,0,0,0,0,0,0,0,0,0,0,0,0,0,0,0,0,0,0,0,0,0,0,0,0,0,0,0,0,0,0,0,0,0,0,0,0,0,0,0,0,0,0,0,0,0
show tunes,0.46,0.58,122.27,0.24,-9.66,0.11,0.17,0.24,0.01,672184864,786,122,62094,18,5533394,8,159,336,88,0,0,0,0,0,0,0,0,0,0,0,0,0,0,0,0,0,0,0,0,0,0,0,0,0,0,0,0,0,0,0,0,0,0,0,0,0,0,0,0,0,0,0,0,0,0,0,0,0,0,0,0,0,0,0,5533394,8,159,336,88,583445630,686,120,55566,18,198982207,209,104,20273,18,153442651,161,108,14973,23,93753049,114,119,9348,42,56249225,76,128,5548,86,42223561,62,146,3410,130,25309062,42,170,1302,138,5910375,11,188,143,179,1076304,2,190,22,183,0,0,0,0,0,0,0,0,0,0,0,0,0,0,0,6499196,9,172,261,108,55490170,63,130,4473,51,8921453,15,187,210,165,0,0,0,0,0,0,0,0,0,0,0,0,0,0,0,0,0,0,0,0,0,0,0,0,0,0,0,0,0,0,0,0,0,0,0,0,0,0,0,0,0,0,0,0,0,10501933,12,122,948,66,36066784,36,110,3276,51,27715670,29,138,1827,47,16160918,20,137,1280,87,0,0,0,0,0,0,0,0,0,0,0,0,0,0,0,0,0,0,0,0,0,0,0,0,0,0,0,0,0,0,0,0,0,0,0,0,0,0,0,0,0,0,0,0,0,0,0,0,0,0,11554752,9,141,540,47
azonto,0.73,0.64,113.44,0.58,-6.35,0.18,0.2,0.19,0.0,598880089,769,121,61520,5,392443484,463,105,44448,5,74147877,62,65,8432,5,54157163,54,99,5508,24,46012782,51,112,4539,44,38940815,48,114,4176,54,28345773,31,82,3689,67,26232233,31,87,3534,74,26103241,35,99,3570,68,21684978,31,102,3069,93,19856175,30,117,2520,105,19710878,31,124,2387,101,18214633,30,144,1710,132,19036936,29,161,1160,43,193154632,289,146,15895,50,21294744,32,142,1888,50,19353004,28,135,1848,118,21978969,31,125,2356,112,21855068,30,126,2250,107,22041963,31,135,2046,124,19664833,30,148,1590,122,20064325,31,149,1612,91,18993584,31,164,1147,145,12018943,21,181,420,160,9783152,15,166,525,70,5332196,8,169,256,115,773851,1,152,49,152,12628777,16,139,992,69,614205,1,152,49,152,0,0,0,0,0,0,0,0,0,0,0,0,0,0,0,0,0,0,0,0,0,0,0,0,0,10503677,13,133,884,69,651372,1,179,22,179,0,0,0,0,0,0,0,0,0,0,0,0,0,0,0,859523,1,157,44,157,653196,1,157,44,157,653196,1,157,44,157,0,0,0,0,0,0,0,0,0,0,0,0,0,0,0,0,0,0,0,0,0,0,0,0,0,0,0,0,0,0,0,0,0,0,0,0,0,0,0,0,0,0,0,0,0,0,0,0,0,0,0,0,0,0,0
chill r&b,0.74,0.62,135.17,0.57,-6.96,0.12,0.17,0.28,0.01,681811806,546,89,61152,11,391266904,234,51,35100,11,0,0,0,0,0,0,0,0,0,0,0,0,0,0,0,0,0,0,0,0,23161438,23,91,2530,33,69651096,29,17,5336,12,82084234,31,12,5859,11,73923889,31,15,5766,12,56148274,30,30,5130,21,39109596,31,52,4619,37,24945246,30,88,3390,77,22243131,29,119,2378,78,48066868,75,152,3675,107,21460919,31,134,2077,107,17428280,28,158,1204,148,9177669,16,176,400,153,0,0,0,0,0,0,0,0,0,0,0,0,0,0,0,0,0,0,0,0,0,0,0,0,0,0,0,0,0,0,0,0,0,0,0,0,0,0,0,0,0,0,0,0,0,109109754,87,72,11223,14,0,0,0,0,0,0,0,0,0,0,0,0,0,0,0,42526776,29,60,4089,14,2283748,3,140,183,120,0,0,0,0,0,0,0,0,0,0,0,0,0,0,0,0,0,0,0,0,0,0,0,0,0,30702274,24,50,3624,43,33596956,31,93,3348,54,133368280,150,126,11250,54,34378914,31,82,3689,62,13625194,15,113,1320,91,4652982,4,112,356,65,0,0,0,0,0,0,0,0,0,0,8001592,12,160,492,132,27158425,31,124,2387,102,30474598,36,132,2484,54,13594586,19,172,551,96,0,0,0,0,0,1481989,2,194,14,191,0,0,0,0,0
afropop,0.71,0.69,118.86,0.61,-6.3,0.18,0.22,0.12,0.0,582762155,714,117,59976,5,339659176,359,89,40208,5,55770424,31,19,5642,5,41357648,27,31,4590,24,37211907,32,64,4384,44,30726213,30,66,4050,54,27468328,29,75,3654,67,25375868,29,79,3538,74,24293652,31,88,3503,68,21684978,31,102,3069,93,19856175,30,117,2520,105,19710878,31,124,2387,101,18214633,30,144,1710,132,17988472,28,164,1036,43,208770789,315,148,16695,50,20810733,31,141,1860,50,19353004,28,135,1848,118,21978969,31,125,2356,112,21855068,30,126,2250,107,22041963,31,135,2046,124,22590246,35,152,1715,122,31456458,50,157,2200,91,20115755,33,164,1221,145,12679394,22,182,418,160,9783152,15,166,525,70,5332196,8,169,256,115,773851,1,152,49,152,27762987,32,125,2432,46,614205,1,152,49,152,0,0,0,0,0,0,0,0,0,0,0,0,0,0,0,0,0,0,0,0,2753008,3,118,249,81,22884879,26,122,2054,46,651372,1,179,22,179,0,0,0,0,0,0,0,0,0,0,0,0,0,0,0,859523,1,157,44,157,6569203,8,147,432,69,653196,1,157,44,157,1464503,2,165,72,143,2882719,3,124,231,69,0,0,0,0,0,0,0,0,0,0,0,0,0,0,0,0,0,0,0,0,0,0,0,0,0,1568785,2,158,86,136,0,0,0,0,0,0,0,0,0,0,0,0,0,0,0
mississippi hip hop,0.79,0.63,136.88,0.24,-5.96,0.08,0.18,0.08,0.0,554518116,709,117,59556,9,355298054,479,118,39757,9,74895837,62,75,7812,9,52393516,54,71,7020,31,51609489,62,88,7006,61,42940960,60,108,5580,69,34613124,58,140,3538,100,28744190,54,158,2322,119,18856755,38,160,1558,132,30521996,53,139,3286,83,17287795,31,151,1550,141,3434392,7,188,91,179,0,0,0,0,0,0,0,0,0,0,199220062,230,116,19550,40,0,0,0,0,0,1845148,3,171,90,154,29225119,31,92,3379,51,50279152,47,86,5405,40,61013307,66,107,6204,52,27091845,33,107,3102,70,28658148,48,171,1440,140,1107343,2,176,50,173,0,0,0,0,0,0,0,0,0,0,0,0,0,0,0,0,0,0,0,0,0,0,0,0,0,0,0,0,0,0,0,0,0,0,0,0,0,0,0,0,0,0,0,0,0,0,0,0,0,0,0,0,0,0,0,0,0,0,0,0,0,0,0,0,0,0,0,0,0,0,0,0,0,0,0,0,0,0,0,0,0,0,0,0,0,0,0,0,0,0,0,0,0,0,0,0,0,0,0,0,0,0,0,0,0,0,0,0,0,0,0,0,0,0,0,0,0,0,0,0,0,0,0,0,0,0,0,0,0,0,0,0,0,0,0,0,0,0,0,0,0,0,0,0,0,0,0,0,0,0
soul,0.61,0.57,118.11,0.71,-9.58,0.09,0.25,0.39,0.0,831970185,625,108,58125,1,57597234,70,135,4620,17,1718733,4,148,212,103,0,0,0,0,0,482336,1,176,25,176,2295142,4,163,152,127,0,0,0,0,0,0,0,0,0,0,0,0,0,0,0,0,0,0,0,0,1103297,2,169,64,153,2886696,4,141,240,44,683251,1,115,86,115,48427779,54,129,3888,17,381786412,271,100,27371,1,3715780,6,134,402,65,0,0,0,0,0,0,0,0,0,0,0,0,0,0,0,0,0,0,0,0,29672280,16,69,2112,2,125513896,36,28,6228,1,58254362,48,70,6288,20,32391166,44,136,2860,70,13398460,20,175,520,20,2096864,3,152,147,95,116743604,98,112,8722,14,141978387,117,113,10296,14,1450482,2,126,150,83,0,0,0,0,0,0,0,0,0,0,0,0,0,0,0,0,0,0,0,0,0,0,0,0,0,0,0,0,0,0,0,0,0,0,0,2600236,3,114,261,73,2236769,2,112,178,42,3108097,4,144,228,112,132582803,106,111,9540,14,250608152,167,108,15531,11,0,0,0,0,0,0,0,0,0,0,0,0,0,0,0,5606248,7,130,497,82,0,0,0,0,0,2084130,2,117,168,51,722328,1,165,36,165,0,0,0,0,0,4327271,5,141,300,62,4187792,3,108,279,20,18876094,18,125,1368,37,214804289,131,102,12969,11
new wave pop,0.6,0.67,116.04,0.65,-7.45,0.05,0.16,0.25,0.0,868748893,551,97,57304,2,127766582,98,92,10682,2,0,0,0,0,0,0,0,0,0,0,0,0,0,0,0,663109,1,139,62,139,0,0,0,0,0,0,0,0,0,0,0,0,0,0,0,450769,1,173,28,173,0,0,0,0,0,0,0,0,0,0,10690075,13,101,1300,49,115962629,83,89,9296,2,185004052,117,91,12870,2,0,0,0,0,0,0,0,0,0,0,0,0,0,0,0,0,0,0,0,0,0,0,0,0,0,0,0,0,0,0,0,0,0,0,0,1055755,2,196,10,192,557306,1,196,5,196,0,0,0,0,0,16522997,15,86,1725,35,166867994,99,89,11088,2,193925614,116,89,12992,2,565994,1,177,24,177,0,0,0,0,0,0,0,0,0,0,0,0,0,0,0,0,0,0,0,0,0,0,0,0,0,0,0,0,0,0,0,0,0,0,0,0,0,0,0,0,0,0,0,0,0,24522920,23,94,2461,19,168836700,92,87,10488,2,362052645,220,107,20680,2,12496634,14,128,1022,104,5037060,7,175,182,145,0,0,0,0,0,0,0,0,0,0,0,0,0,0,0,0,0,0,0,0,14025884,15,122,1185,47,23176885,31,154,1457,120,8165440,11,174,297,89,803820,1,176,25,176,47577583,31,86,3565,3,250769339,110,84,12870,2
deep house,0.64,0.74,120.45,0.59,-6.16,0.09,0.15,0.12,0.03,567213099,673,116,57205,11,343534850,391,101,39100,11,45238792,36,55,5256,29,37387573,27,37,4428,32,53719495,44,73,5632,11,37265150,62,139,3844,60,11575704,20,153,960,85,40696859,52,117,4368,55,31802930,31,61,4340,55,29556258,32,73,4096,58,23493487,31,98,3193,78,19944694,31,123,2418,104,12853908,25,175,650,148,0,0,0,0,0,4271776,7,173,196,116,0,0,0,0,0,0,0,0,0,0,0,0,0,0,0,0,0,0,0,0,0,0,0,0,0,0,0,0,0,0,1761473,3,173,84,166,1964783,3,163,114,116,545520,1,200,1,200,0,0,0,0,0,0,0,0,0,0,0,0,0,0,0,74936100,96,143,5568,110,5917234,8,156,360,129,24645327,28,119,2296,110,24881498,31,131,2170,110,19492041,29,174,783,150,0,0,0,0,0,0,0,0,0,0,0,0,0,0,0,0,0,0,0,0,0,0,0,0,0,0,0,0,0,0,0,0,0,0,0,0,0,0,0,0,144470373,179,133,12172,81,0,0,0,0,0,0,0,0,0,0,17316438,19,110,1729,85,27412008,30,91,3300,81,26340520,31,108,2883,81,17841495,27,170,837,140,17428057,23,156,1035,125,24707665,31,140,1891,99,8221733,12,184,204,155,0,0,0,0,0,0,0,0,0,0,5202457,6,153,288,112
indie rock,0.6,0.71,120.53,0.55,-6.91,0.11,0.14,0.23,0.0,525193120,469,84,54873,11,237565032,175,51,26250,17,0,0,0,0,0,0,0,0,0,0,535620,1,178,23,178,531902,1,183,18,183,0,0,0,0,0,0,0,0,0,0,13588315,20,114,1740,66,33062568,31,58,4433,52,40423089,30,46,4650,38,55789748,31,26,5425,18,52445557,30,24,5310,17,41188233,31,50,4681,21,259633350,272,103,26656,23,44779647,31,39,5022,23,38695102,28,44,4396,39,39901601,31,50,4681,44,32409977,30,70,3930,56,26747363,31,98,3193,77,21444788,30,127,2220,106,19855619,31,150,1581,134,18776450,31,167,1054,142,14948835,26,181,520,161,1127128,2,200,2,199,0,0,0,0,0,946840,1,113,88,113,9279752,11,129,792,63,1513761,2,136,130,125,0,0,0,0,0,0,0,0,0,0,2893085,3,110,273,63,0,0,0,0,0,0,0,0,0,0,3997046,5,134,335,71,0,0,0,0,0,0,0,0,0,0,0,0,0,0,0,0,0,0,0,0,875860,1,152,49,152,18714986,11,83,1298,11,601606,1,189,12,189,0,0,0,0,0,0,0,0,0,0,0,0,0,0,0,0,0,0,0,0,0,0,0,0,0,0,0,0,0,0,0,0,0,0,0,0,0,0,0,0,0,0,0,0,0,0,0,0,0,0,18113380,10,73,1280,11
bubblegrunge,0.73,0.43,144.03,0.35,-8.76,0.14,0.7,0.73,0.0,779015290,321,33,53928,4,0,0,0,0,0,0,0,0,0,0,0,0,0,0,0,0,0,0,0,0,0,0,0,0,0,0,0,0,0,0,0,0,0,0,0,0,0,0,0,0,0,0,0,0,0,0,0,0,0,0,0,0,0,0,0,0,0,0,0,0,0,0,0,0,0,0,0,0,0,0,0,0,0,0,0,0,0,0,0,0,0,0,0,0,0,0,0,0,0,0,0,0,0,0,0,0,0,0,0,0,0,0,0,0,0,0,0,0,0,0,0,0,0,0,0,0,0,0,0,0,0,0,0,0,0,0,0,0,0,0,0,0,0,0,0,0,0,0,0,0,0,0,0,0,0,0,0,0,0,0,0,0,0,0,0,0,0,0,0,0,0,0,0,0,0,0,0,0,0,0,0,0,0,0,0,0,0,0,0,0,0,0,0,0,0,0,0,0,0,0,0,0,0,0,0,779015290,321,33,53928,4,0,0,0,0,0,23498715,16,63,2208,34,90539753,31,17,5704,6,122493363,30,5,5880,4,118389405,31,6,6045,5,100092944,30,6,5850,4,85103023,31,12,5859,6,66593051,31,19,5642,12,51813442,30,35,4980,30,46110347,31,50,4681,37,36435307,30,74,3810,62,37945940,30,88,3390,56
dark trap,0.71,0.56,125.62,0.49,-7.55,0.28,0.14,0.35,0.0,619831434,437,80,52877,4,4474831,8,161,320,129,0,0,0,0,0,0,0,0,0,0,0,0,0,0,0,0,0,0,0,0,0,0,0,0,0,0,0,0,0,0,0,0,0,0,0,0,0,0,0,0,0,0,0,0,0,591018,1,155,46,155,3883813,7,162,273,129,0,0,0,0,0,15479288,27,183,486,142,0,0,0,0,0,0,0,0,0,0,0,0,0,0,0,0,0,0,0,0,0,0,0,0,0,730566,1,142,59,142,0,0,0,0,0,11420176,20,183,360,167,3328546,6,188,78,180,0,0,0,0,0,0,0,0,0,0,0,0,0,0,0,414421316,204,35,33864,4,2144724,3,169,96,130,0,0,0,0,0,0,0,0,0,0,0,0,0,0,0,0,0,0,0,0,10703938,10,85,1160,60,59439617,37,52,5513,16,70468797,31,18,5673,14,92213970,30,9,5760,4,80165046,31,13,5828,5,53620788,31,33,5208,19,45664436,31,54,4557,34,185455999,198,108,18414,41,40308725,31,60,4371,41,32558390,29,79,3538,62,30436964,31,103,3038,88,26183823,30,97,3120,86,24169290,31,127,2294,115,21195488,30,143,1740,128,10603319,16,180,336,148,0,0,0,0,0,0,0,0,0,0,0,0,0,0,0,0,0,0,0,0,0,0,0,0,0
deep euro house,0.59,0.76,124.89,0.55,-5.45,0.09,0.15,0.12,0.0,516087971,622,116,52870,29,295637464,345,100,34845,29,45238792,36,55,5256,29,37387573,27,37,4428,32,27145243,31,91,3410,40,16362189,30,151,1500,121,11155531,19,150,969,85,40696859,52,117,4368,55,31802930,31,61,4340,55,29556258,32,73,4096,58,23493487,31,98,3193,78,19944694,31,123,2418,104,12853908,25,175,650,148,0,0,0,0,0,1923717,3,170,93,116,0,0,0,0,0,0,0,0,0,0,0,0,0,0,0,0,0,0,0,0,0,0,0,0,0,0,0,0,0,0,0,0,0,0,0,1378197,2,156,90,116,545520,1,200,1,200,0,0,0,0,0,0,0,0,0,0,0,0,0,0,0,74936100,96,143,5568,110,5917234,8,156,360,129,24645327,28,119,2296,110,24881498,31,131,2170,110,19492041,29,174,783,150,0,0,0,0,0,0,0,0,0,0,0,0,0,0,0,0,0,0,0,0,0,0,0,0,0,0,0,0,0,0,0,0,0,0,0,0,0,0,0,0,143590690,178,133,12104,81,0,0,0,0,0,0,0,0,0,0,17316438,19,110,1729,85,27412008,30,91,3300,81,26340520,31,108,2883,81,17841495,27,170,837,140,17428057,23,156,1035,125,24707665,31,140,1891,99,8221733,12,184,204,155,0,0,0,0,0,0,0,0,0,0,4322774,5,145,280,112
canadian old school hip hop,0.74,0.86,94.01,0.63,-2.83,0.05,0.05,0.14,0.0,761512269,400,69,52800,1,0,0,0,0,0,0,0,0,0,0,0,0,0,0,0,0,0,0,0,0,0,0,0,0,0,0,0,0,0,0,0,0,0,0,0,0,0,0,0,0,0,0,0,0,0,0,0,0,0,0,0,0,0,0,0,0,0,0,0,0,0,0,0,0,0,0,0,0,0,0,0,0,0,0,0,0,0,0,0,0,0,0,0,0,0,0,0,0,0,0,0,0,0,0,0,0,0,0,0,0,0,0,0,0,0,0,0,0,0,0,0,0,0,0,0,0,0,0,0,0,0,0,0,0,0,0,0,0,0,0,729385999,358,58,51194,1,7055112,7,90,777,56,80436511,28,16,5180,3,131230803,31,3,6138,1,115459823,42,49,6384,2,91166187,41,55,5986,6,81746493,30,9,5760,5,69437050,31,19,5642,11,48032210,31,38,5053,25,32921261,30,68,3990,47,26433765,31,113,2728,81,21553357,30,152,1470,117,23913427,26,126,1950,72,32126270,42,161,1680,75,23590405,30,153,1440,75,8535865,12,181,240,149,0,0,0,0,0,0,0,0,0,0,0,0,0,0,0,0,0,0,0,0,0,0,0,0,0,0,0,0,0,0,0,0,0,0,0,0,0,0,0,0,0,0,0,0,0,0,0,0,0,0
art rock,0.41,0.56,118.17,0.37,-10.18,0.04,0.18,0.22,0.35,733455560,711,128,51903,7,62548141,63,104,6111,7,0,0,0,0,0,0,0,0,0,0,0,0,0,0,0,663109,1,139,62,139,1356951,3,189,36,182,0,0,0,0,0,0,0,0,0,0,0,0,0,0,0,0,0,0,0,0,613988,1,146,55,146,1055324,2,166,70,165,58858769,56,96,5880,7,167445116,129,84,15093,8,0,0,0,0,0,0,0,0,0,0,0,0,0,0,0,0,0,0,0,0,0,0,0,0,0,0,0,0,0,0,0,0,0,0,0,0,0,0,0,0,0,0,0,0,0,815570,1,119,82,119,43741649,44,98,4532,50,122887897,84,76,10500,8,328077910,386,148,20458,9,24833400,31,128,2263,95,24819447,29,126,2175,94,26601626,31,115,2666,90,21931887,30,152,1470,129,16986671,26,180,546,155,16365961,25,180,525,159,28729349,45,189,540,165,39396115,57,171,1710,65,5687112,9,192,81,181,19770726,31,189,372,168,11174260,16,172,464,77,91781356,56,64,7672,9,175384393,133,126,9975,14,1244316,2,185,32,171,822420,1,190,11,190,0,0,0,0,0,6647344,11,195,66,185,10658849,17,189,204,173,10178330,16,180,336,163,3225757,5,195,30,191,3174721,5,193,40,188,0,0,0,0,0,2295195,3,179,66,145,14963340,14,128,1022,46,122174121,59,63,8142,14
trance,0.66,0.78,118.4,0.54,-4.36,0.09,0.19,0.16,0.0,619128992,508,99,51816,11,1883351,4,164,148,109,1883351,4,164,148,109,0,0,0,0,0,0,0,0,0,0,0,0,0,0,0,0,0,0,0,0,0,0,0,0,0,0,0,0,0,0,0,0,0,0,0,0,0,0,0,0,0,0,0,0,0,0,0,0,0,0,0,0,0,0,0,406148187,281,82,33439,11,0,0,0,0,0,0,0,0,0,0,0,0,0,0,0,0,0,0,0,0,13602964,14,83,1652,53,58195776,30,32,5070,15,87227505,31,15,5766,11,87366919,48,71,6240,14,74236394,60,80,7260,28,41680847,41,94,4387,53,24337132,30,124,2310,89,19500650,27,169,864,103,132291037,157,128,11461,64,21501789,31,160,1271,127,7974185,12,190,132,178,0,0,0,0,0,0,0,0,0,0,1308536,1,64,137,64,27920197,30,101,3000,77,32570117,31,83,3658,68,26140858,31,116,2635,66,14875355,21,167,714,126,0,0,0,0,0,0,0,0,0,0,0,0,0,0,0,78806417,66,100,6666,22,0,0,0,0,0,0,0,0,0,0,0,0,0,0,0,0,0,0,0,0,0,0,0,0,0,0,0,0,0,0,0,0,0,0,0,0,0,0,0,0,0,0,0,0,0,4292237,6,193,48,185,29890322,29,109,2668,74,44623858,31,75,3906,22
jazz pop,0.5,0.41,107.42,0.46,-9.56,0.04,0.15,0.63,0.0,719087074,464,92,50576,3,97887808,95,110,8645,3,0,0,0,0,0,0,0,0,0,0,0,0,0,0,0,0,0,0,0,0,0,0,0,0,0,0,0,0,0,0,0,0,0,0,0,0,0,0,0,0,0,0,0,0,0,0,0,0,0,0,4559011,7,128,511,92,93328797,88,108,8184,3,181510353,129,95,13674,4,0,0,0,0,0,0,0,0,0,0,0,0,0,0,0,0,0,0,0,0,0,0,0,0,0,0,0,0,0,0,0,0,0,0,0,0,0,0,0,0,0,0,0,0,0,0,0,0,0,0,17595392,21,127,1554,54,163914961,108,88,12204,4,189044958,124,90,13764,5,0,0,0,0,0,0,0,0,0,0,0,0,0,0,0,0,0,0,0,0,0,0,0,0,0,0,0,0,0,0,0,0,0,0,0,0,0,0,0,0,0,0,0,0,0,0,0,0,0,0,14557916,16,113,1408,30,174487042,108,87,12312,5,250643955,116,76,14500,4,0,0,0,0,0,0,0,0,0,0,0,0,0,0,0,0,0,0,0,0,0,0,0,0,0,0,0,0,0,0,0,0,0,0,0,0,0,0,0,0,0,0,0,0,0,0,0,0,0,0,38786411,28,90,3108,7,211857544,88,72,11352,4
nyc pop,0.68,0.65,104.3,0.42,-6.38,0.07,0.26,0.12,0.02,467999666,607,121,48560,50,215399605,301,113,26488,53,21995711,40,126,3000,90,21589343,40,143,2320,115,31464406,48,128,3504,78,40213922,48,93,5184,58,31544674,29,61,4060,53,27247104,29,70,3799,57,22310056,31,99,3162,70,16272838,31,154,1457,122,1956364,4,181,80,171,0,0,0,0,0,0,0,0,0,0,805187,1,133,68,133,141108532,169,108,15717,54,0,0,0,0,0,0,0,0,0,0,13298868,18,128,1314,76,31718084,30,74,3810,54,28071968,31,89,3472,69,20475902,28,125,2128,95,5472017,8,150,408,54,25897032,31,101,3100,84,16174661,23,139,1426,103,0,0,0,0,0,0,0,0,0,0,0,0,0,0,0,21389971,30,169,960,96,0,0,0,0,0,11749587,16,163,608,96,9640384,14,176,350,166,0,0,0,0,0,0,0,0,0,0,0,0,0,0,0,0,0,0,0,0,0,0,0,0,0,0,0,0,0,0,0,0,0,0,0,0,0,0,0,0,0,0,0,0,0,90101558,107,152,5243,50,0,0,0,0,0,0,0,0,0,0,0,0,0,0,0,0,0,0,0,0,0,0,0,0,0,0,0,0,0,0,0,0,0,0,0,0,0,0,0,0,12916257,18,173,504,149,22705922,30,164,1110,142,26358262,30,135,1980,111,28121117,29,144,1653,50
trap triste,0.7,0.72,129.57,0.55,-4.8,0.08,0.15,0.33,0.0,522706128,460,96,48300,15,0,0,0,0,0,0,0,0,0,0,0,0,0,0,0,0,0,0,0,0,0,0,0,0,0,0,0,0,0,0,0,0,0,0,0,0,0,0,0,0,0,0,0,0,0,0,0,0,0,0,0,0,0,0,0,0,0,0,0,0,0,0,0,0,0,17070168,29,167,986,125,0,0,0,0,0,0,0,0,0,0,8771998,14,152,686,125,8298170,15,182,285,160,0,0,0,0,0,0,0,0,0,0,0,0,0,0,0,0,0,0,0,0,0,0,0,0,0,0,0,0,0,0,0,0,0,0,0,0,0,0,0,0,390941261,322,87,36708,15,0,0,0,0,0,0,0,0,0,0,43552493,30,64,4110,25,63454254,30,19,5460,15,56892939,31,25,5456,18,48541804,30,36,4950,27,39959063,31,56,4495,48,45341202,51,110,4641,55,50578680,60,117,5040,79,36938591,51,153,2448,87,3363887,5,167,170,143,2318348,3,194,21,192,114694699,109,105,10464,40,0,0,0,0,0,2250886,1,40,161,40,23601486,22,108,2046,56,0,0,0,0,0,0,0,0,0,0,0,0,0,0,0,0,0,0,0,0,13362227,10,65,1360,48,36406885,30,66,4050,49,28264405,31,119,2542,83,10808810,15,178,345,156,0,0,0,0,0
folk-pop,0.59,0.67,125.46,0.5,-6.5,0.06,0.15,0.27,0.0,626174489,761,141,45660,35,24905393,58,182,1102,125,10749552,27,184,459,171,9741614,22,178,506,125,2170917,5,194,35,186,0,0,0,0,0,0,0,0,0,0,0,0,0,0,0,563560,1,150,51,150,0,0,0,0,0,394026,1,197,4,197,0,0,0,0,0,510562,1,180,21,180,775162,1,168,33,168,267932459,274,109,25208,35,0,0,0,0,0,1232544,2,168,66,145,5287809,9,167,306,157,18106594,29,165,1044,137,7771998,13,180,273,141,5675930,9,157,396,133,34531870,44,125,3344,53,46417896,37,69,4884,35,50688217,39,78,4797,36,40781289,31,52,4619,40,29715016,30,90,3330,58,27723296,31,128,2263,68,142638433,187,147,10098,86,26578030,31,114,2697,86,24963191,34,159,1428,129,23554624,33,163,1254,139,19363406,29,174,783,142,4192659,7,191,70,180,0,0,0,0,0,0,0,0,0,0,1220326,2,197,8,197,622530,1,196,5,196,27240507,31,110,2821,87,12626003,17,146,935,93,2277157,2,146,110,145,190698204,242,162,9438,41,0,0,0,0,0,0,0,0,0,0,0,0,0,0,0,0,0,0,0,0,2466073,4,196,20,192,18432208,30,189,360,168,25639888,39,185,624,163,36294082,55,179,1210,164,17591004,27,189,324,174,16706790,24,183,432,128,33149211,31,103,3038,67,40418948,32,95,3392,41
electro latino,0.74,0.81,113.73,0.66,-3.53,0.08,0.26,0.11,0.0,506924464,716,139,44392,58,111919734,226,172,6554,64,15145032,32,148,1696,107,14670694,29,154,1363,136,12511113,26,179,572,155,15268466,33,187,462,164,13809725,29,180,609,168,9014562,20,192,180,177,4434331,10,193,80,185,8867946,20,188,260,171,4066168,9,195,54,184,0,0,0,0,0,0,0,0,0,0,14131697,18,129,1296,64,201315739,252,117,21168,58,49473526,61,114,5307,60,49879902,56,92,6104,58,50105985,62,110,5642,60,36299777,49,129,3528,80,7999679,12,159,504,129,0,0,0,0,0,1139773,2,190,22,189,0,0,0,0,0,0,0,0,0,0,0,0,0,0,0,2350305,4,196,20,192,4066792,6,190,66,178,179150879,218,127,16132,87,0,0,0,0,0,0,0,0,0,0,24830525,31,134,2077,104,26222263,30,114,2610,98,26908181,31,113,2728,102,26033508,33,131,2310,104,29936606,35,121,2800,100,26448680,31,112,2759,87,18771116,27,169,864,138,0,0,0,0,0,0,0,0,0,0,0,0,0,0,0,14538112,20,179,440,151,0,0,0,0,0,0,0,0,0,0,0,0,0,0,0,0,0,0,0,0,0,0,0,0,0,0,0,0,0,0,0,0,0,0,0,0,0,0,0,0,0,0,0,0,0,5948351,8,169,256,151,8589761,12,185,192,174,0,0,0,0,0
beatlesque,0.42,0.68,138.99,0.51,-7.35,0.04,0.26,0.3,0.0,781921066,922,153,44256,7,119366066,186,158,7998,7,431853,1,170,31,170,1940838,4,167,136,149,0,0,0,0,0,0,0,0,0,0,2775524,6,188,78,177,6096074,13,183,234,151,8687057,20,191,200,161,5319817,12,191,120,169,5638164,12,188,156,147,15617347,30,168,990,135,15677658,32,186,480,165,57181734,56,101,5600,7,268549160,341,155,15686,8,3575202,7,197,28,190,10145141,18,179,396,150,17928256,31,173,868,149,14328712,24,171,720,139,11666610,20,187,280,166,14061568,24,179,528,158,14138429,24,172,696,135,18658323,31,168,1023,145,18221037,30,168,990,157,18467262,30,177,720,163,27137103,42,175,1092,129,100221517,60,62,8340,8,256626371,314,164,11618,9,19652384,31,185,496,178,9248553,14,192,126,149,11471180,18,196,90,187,7536976,12,184,204,167,18654500,29,185,464,170,18700486,29,184,493,169,20171984,31,182,589,171,18785381,29,176,725,158,8340570,13,195,78,183,17300236,27,190,297,182,19498340,29,183,522,77,87265781,52,58,7436,9,137379469,81,91,8910,14,0,0,0,0,0,0,0,0,0,0,0,0,0,0,0,0,0,0,0,0,0,0,0,0,0,653582,1,184,17,184,1347020,2,196,10,195,1985956,3,195,18,193,0,0,0,0,0,6251374,9,189,108,174,14963340,14,128,1022,46,112178197,52,53,7696,14
basshall,0.76,0.72,118.34,0.57,-4.73,0.13,0.2,0.12,0.01,472949202,498,114,43326,33,2029102,4,165,144,123,0,0,0,0,0,1119558,2,150,102,123,909544,2,181,40,178,0,0,0,0,0,0,0,0,0,0,0,0,0,0,0,0,0,0,0,0,0,0,0,0,0,0,0,0,0,0,0,0,0,0,0,0,0,0,0,0,0,0,0,0,0,131989966,155,120,12555,42,0,0,0,0,0,0,0,0,0,0,0,0,0,0,0,7068394,10,144,570,111,22217255,31,135,2046,114,5252753,9,184,153,155,1692117,3,184,51,174,27807601,30,94,3210,42,37882698,30,57,4320,44,23056005,31,136,2015,83,6070220,10,188,130,170,942923,1,115,86,115,108200512,130,123,10140,75,0,0,0,0,0,0,0,0,0,0,0,0,0,0,0,0,0,0,0,0,0,0,0,0,0,0,0,0,0,0,20333515,27,147,1458,99,29544791,31,90,3441,75,27052731,30,101,3000,77,29976811,40,146,2200,97,1292664,2,194,14,190,0,0,0,0,0,230729622,209,104,20273,33,0,0,0,0,0,0,0,0,0,0,0,0,0,0,0,0,0,0,0,0,0,0,0,0,0,4015448,5,114,435,103,55315262,48,93,5184,43,78077467,69,116,5865,33,41770289,30,52,4470,41,31194189,31,99,3162,70,20356967,26,156,1170,125,0,0,0,0,0
bedroom soul,0.74,0.46,131.93,0.6,-7.0,0.09,0.09,0.5,0.01,537160607,362,84,42354,12,0,0,0,0,0,0,0,0,0,0,0,0,0,0,0,0,0,0,0,0,0,0,0,0,0,0,0,0,0,0,0,0,0,0,0,0,0,0,0,0,0,0,0,0,0,0,0,0,0,0,0,0,0,0,0,0,0,0,0,0,0,0,0,0,0,0,0,0,0,0,0,0,0,0,0,0,0,0,0,0,0,0,0,0,0,0,0,0,0,0,0,0,0,0,0,0,0,0,0,0,0,0,0,0,0,0,0,0,0,0,0,0,0,0,0,0,0,0,0,0,0,0,0,0,0,0,0,0,0,0,0,0,0,0,0,0,0,0,0,0,0,0,0,0,0,0,0,0,0,0,0,0,0,0,0,0,0,0,0,0,0,0,0,0,0,0,0,0,0,0,0,0,0,0,0,0,0,0,0,0,0,0,0,0,0,0,0,0,0,0,0,0,0,0,0,537160607,362,84,42354,12,13876787,14,106,1330,78,46866121,29,48,4437,23,80664362,31,20,5611,12,78771826,30,15,5580,13,68725002,31,20,5611,17,57442816,31,30,5301,22,48809181,31,46,4805,30,35457998,31,74,3937,55,27428556,32,123,2496,95,23977990,32,163,1216,134,29277886,40,176,1000,137,25862082,30,164,1110,103
rockabilly,0.52,0.49,123.15,0.74,-11.41,0.05,0.19,0.73,0.0,604331140,413,99,42126,3,82049715,84,112,7476,4,0,0,0,0,0,0,0,0,0,0,482336,1,176,25,176,0,0,0,0,0,0,0,0,0,0,0,0,0,0,0,0,0,0,0,0,0,0,0,0,0,0,0,0,0,0,0,0,0,0,0,4409756,7,132,483,101,77157623,76,110,6916,4,142408156,105,100,10605,3,0,0,0,0,0,0,0,0,0,0,0,0,0,0,0,0,0,0,0,0,0,0,0,0,0,0,0,0,0,0,0,0,0,0,0,0,0,0,0,0,0,0,0,0,0,0,0,0,0,0,11916170,13,110,1183,53,130491986,92,98,9476,3,147304766,104,98,10712,5,0,0,0,0,0,0,0,0,0,0,0,0,0,0,0,0,0,0,0,0,0,0,0,0,0,0,0,0,0,0,0,0,0,0,0,0,0,0,0,0,0,0,0,0,0,0,0,0,0,0,9701411,11,121,880,43,137603355,93,95,9858,5,232568503,120,88,13560,3,0,0,0,0,0,0,0,0,0,0,0,0,0,0,0,0,0,0,0,0,0,0,0,0,0,0,0,0,0,0,0,0,0,0,0,0,0,0,0,0,0,0,0,0,0,0,0,0,0,0,29562370,21,84,2457,14,203006133,99,89,11088,3
teen pop,0.69,0.61,113.82,0.46,-5.25,0.04,0.11,0.23,0.0,526805544,463,111,41670,11,0,0,0,0,0,0,0,0,0,0,0,0,0,0,0,0,0,0,0,0,0,0,0,0,0,0,0,0,0,0,0,0,0,0,0,0,0,0,0,0,0,0,0,0,0,0,0,0,0,0,0,0,0,0,0,0,0,0,0,0,0,0,0,0,0,377771275,254,70,33274,11,0,0,0,0,0,0,0,0,0,0,0,0,0,0,0,0,0,0,0,0,0,0,0,0,0,31108587,27,84,3159,28,76437900,31,20,5611,11,81314777,35,35,5810,12,78402679,60,78,7380,22,49301094,40,74,5080,35,32614070,30,71,3900,54,28592168,31,120,2511,62,149034269,209,162,8151,91,25890399,31,120,2511,91,26390727,37,166,1295,147,38400452,57,179,1254,125,15352918,23,175,598,124,20937386,28,148,1484,102,0,0,0,0,0,0,0,0,0,0,0,0,0,0,0,0,0,0,0,0,13129542,20,179,440,158,8932845,13,163,494,145,0,0,0,0,0,0,0,0,0,0,0,0,0,0,0,0,0,0,0,0,0,0,0,0,0,0,0,0,0,0,0,0,0,0,0,0,0,0,0,0,0,0,0,0,0,0,0,0,0,0,0,0,0,0,0,0,0,0,0,0,0,0,0,0,0,0,0,0,0,0
dream smp,0.69,0.62,125.13,0.57,-7.58,0.14,0.12,0.38,0.0,505839261,539,125,40964,21,0,0,0,0,0,0,0,0,0,0,0,0,0,0,0,0,0,0,0,0,0,0,0,0,0,0,0,0,0,0,0,0,0,0,0,0,0,0,0,0,0,0,0,0,0,0,0,0,0,0,0,0,0,0,0,0,0,0,0,0,0,0,0,0,0,15109909,26,173,728,149,0,0,0,0,0,0,0,0,0,0,0,0,0,0,0,0,0,0,0,0,0,0,0,0,0,2475072,4,157,176,150,11496404,20,176,500,149,1138433,2,170,62,163,0,0,0,0,0,0,0,0,0,0,0,0,0,0,0,0,0,0,0,0,375966129,346,96,36330,21,18195167,20,112,1780,61,39778336,28,52,4172,42,51312230,31,37,5084,31,54966892,30,31,5100,21,39662001,31,59,4402,38,29962698,30,87,3420,73,28185409,31,106,2945,96,26605808,31,110,2821,94,24883264,30,118,2490,102,24144812,31,131,2170,106,21199296,30,157,1320,138,17070216,23,176,575,137,114763223,167,179,3674,39,16940790,24,178,552,151,15235407,22,188,286,172,10570692,16,184,272,175,22906739,33,167,1122,39,13977906,22,183,396,168,11219584,18,187,252,173,0,0,0,0,0,0,0,0,0,0,0,0,0,0,0,5135689,7,171,210,152,13224267,18,171,540,145,5552149,7,182,133,156
musica canaria,0.88,0.69,97.96,0.75,-4.03,0.12,0.05,0.39,0.0,398495826,322,77,39928,28,0,0,0,0,0,0,0,0,0,0,0,0,0,0,0,0,0,0,0,0,0,0,0,0,0,0,0,0,0,0,0,0,0,0,0,0,0,0,0,0,0,0,0,0,0,0,0,0,0,0,0,0,0,0,0,0,0,0,0,0,0,0,0,0,0,0,0,0,0,0,0,0,0,0,0,0,0,0,0,0,0,0,0,0,0,0,0,0,0,0,0,0,0,0,0,0,0,0,0,0,0,0,0,0,0,0,0,0,0,0,0,0,0,0,0,0,0,0,0,0,0,0,0,0,0,0,0,0,0,0,363263081,277,65,37672,28,0,0,0,0,0,0,0,0,0,0,5055915,3,44,471,42,48022813,30,40,4830,28,51042516,31,36,5115,29,46011738,30,43,4740,36,47707506,31,42,4929,34,44193672,31,44,4867,37,38406911,30,54,4410,40,30688618,31,86,3565,61,25788287,30,106,2850,80,26345105,30,136,1950,82,35232745,45,154,2115,59,25066982,31,145,1736,59,10165763,14,175,364,139,0,0,0,0,0,0,0,0,0,0,0,0,0,0,0,0,0,0,0,0,0,0,0,0,0,0,0,0,0,0,0,0,0,0,0,0,0,0,0,0,0,0,0,0,0,0,0,0,0,0
tropical,0.74,0.82,124.77,0.77,-3.84,0.11,0.18,0.17,0.0,403373702,597,135,39402,57,256382633,384,125,29184,57,34762991,63,124,4851,57,30659645,54,132,3726,94,26505223,52,169,1664,127,18271087,39,184,663,164,8677081,19,187,266,163,3756414,8,182,152,167,0,0,0,0,0,20933541,27,94,2889,65,29389992,30,65,4080,61,29406648,31,72,3999,63,27377096,30,78,3690,66,26642915,31,99,3162,74,99968160,147,148,7791,70,25083306,31,104,3007,70,19938095,28,129,2016,110,18234211,30,162,1170,127,1532682,3,190,33,179,0,0,0,0,0,0,0,0,0,0,0,0,0,0,0,0,0,0,0,0,0,0,0,0,0,13452170,21,166,735,141,18481991,29,175,754,151,3245705,5,194,35,181,46436223,65,164,2405,122,0,0,0,0,0,10339701,14,157,616,135,23099667,31,151,1550,122,12996855,20,188,260,174,0,0,0,0,0,0,0,0,0,0,0,0,0,0,0,0,0,0,0,0,0,0,0,0,0,0,0,0,0,0,0,0,0,0,0,0,0,0,0,0,586686,1,200,1,200,586686,1,200,1,200,0,0,0,0,0,0,0,0,0,0,0,0,0,0,0,0,0,0,0,0,0,0,0,0,0,0,0,0,0,0,0,0,0,0,0,0,0,0,0,0,0,0,0,0,0,0,0,0,0,0,0,0,0,0,0
baton rouge rap,0.74,0.7,128.45,0.57,-4.97,0.24,0.16,0.14,0.0,453986803,399,105,38304,6,0,0,0,0,0,0,0,0,0,0,0,0,0,0,0,0,0,0,0,0,0,0,0,0,0,0,0,0,0,0,0,0,0,0,0,0,0,0,0,0,0,0,0,0,0,0,0,0,0,0,0,0,0,0,0,0,0,0,0,0,0,0,0,0,0,1410925,2,172,58,150,0,0,0,0,0,0,0,0,0,0,706130,1,150,51,150,0,0,0,0,0,0,0,0,0,0,0,0,0,0,0,0,0,0,0,0,0,0,0,0,0,0,0,0,0,0,0,0,0,0,0,704795,1,193,8,193,0,0,0,0,0,208258332,133,72,17157,6,0,0,0,0,0,0,0,0,0,0,0,0,0,0,0,0,0,0,0,0,0,0,0,0,0,0,0,0,0,0,0,0,0,0,0,0,0,0,0,0,1896736,2,124,154,69,76147270,48,81,5760,13,70875645,52,81,6240,17,59338681,31,39,5022,6,244317546,264,121,21120,26,51842699,31,41,4960,26,35288924,30,76,3750,48,28370072,31,118,2573,98,29973706,36,114,3132,46,31578914,41,136,2665,54,23116975,32,137,2048,119,20335498,28,160,1148,128,15457019,24,187,336,166,3607347,5,169,160,103,0,0,0,0,0,4746392,6,162,234,100,0,0,0,0,0
dutch house,0.63,0.72,106.38,0.45,-5.7,0.08,0.17,0.16,0.01,400023163,496,124,38192,42,75005904,130,150,6630,81,14384282,31,152,1519,110,2538324,6,186,90,175,0,0,0,0,0,0,0,0,0,0,0,0,0,0,0,0,0,0,0,0,0,0,0,0,0,0,0,0,0,0,2543600,5,185,80,176,14208515,28,176,700,145,21233403,31,123,2418,81,20097780,29,140,1769,111,116324987,136,120,11016,42,17792548,29,160,1189,105,2199118,4,196,20,189,0,0,0,0,0,0,0,0,0,0,0,0,0,0,0,0,0,0,0,0,573874,1,189,12,189,27807601,30,94,3210,42,37882698,30,57,4320,44,23056005,31,136,2015,83,6070220,10,188,130,170,942923,1,115,86,115,208692272,230,110,20930,56,0,0,0,0,0,0,0,0,0,0,0,0,0,0,0,0,0,0,0,0,0,0,0,0,0,24929017,24,89,2688,59,56808659,58,104,5626,56,57936444,62,95,6572,68,42017957,51,126,3825,77,24009129,31,137,1984,97,2175985,3,166,105,111,815081,1,177,24,177,0,0,0,0,0,0,0,0,0,0,0,0,0,0,0,0,0,0,0,0,0,0,0,0,0,0,0,0,0,0,0,0,0,0,0,0,0,0,0,0,0,0,0,0,0,0,0,0,0,0,0,0,0,0,0,0,0,0,0,0,0,0,0,0,0
gqom,0.69,0.64,122.92,0.55,-8.81,0.12,0.12,0.29,0.01,332834844,385,104,37345,15,219917354,259,104,25123,15,0,0,0,0,0,0,0,0,0,0,0,0,0,0,0,35620199,17,23,3026,15,37929834,29,49,4408,34,25967129,29,76,3625,65,21961632,31,99,3162,76,19993923,31,117,2604,100,18114688,30,133,2040,112,17826549,31,142,1829,130,19075291,30,134,2010,106,23428109,31,123,2418,81,112917490,126,105,12096,43,35383360,31,59,4402,43,39614503,40,89,4480,52,23562512,31,120,2511,62,14357115,24,170,744,144,0,0,0,0,0,0,0,0,0,0,0,0,0,0,0,0,0,0,0,0,0,0,0,0,0,0,0,0,0,0,0,0,0,0,0,0,0,0,0,0,0,0,0,0,0,0,0,0,0,0,0,0,0,0,0,0,0,0,0,0,0,0,0,0,0,0,0,0,0,0,0,0,0,0,0,0,0,0,0,0,0,0,0,0,0,0,0,0,0,0,0,0,0,0,0,0,0,0,0,0,0,0,0,0,0,0,0,0,0,0,0,0,0,0,0,0,0,0,0,0,0,0,0,0,0,0,0,0,0,0,0,0,0,0,0,0,0,0,0,0,0,0,0,0,0,0,0,0,0,0,0,0,0,0,0,0,0,0,0,0,0,0,0,0,0,0,0,0,0,0
canadian electronic,0.76,0.73,107.67,0.66,-4.52,0.12,0.17,0.3,0.0,431441509,328,90,36408,11,35301011,61,124,4697,63,16882279,30,120,2430,93,14258477,24,125,1824,105,0,0,0,0,0,0,0,0,0,0,0,0,0,0,0,1024118,1,63,138,63,3136137,6,154,282,96,0,0,0,0,0,0,0,0,0,0,0,0,0,0,0,0,0,0,0,0,0,0,0,0,0,366664524,224,66,30240,11,0,0,0,0,0,0,0,0,0,0,0,0,0,0,0,0,0,0,0,0,13602964,14,83,1652,53,58195776,30,32,5070,15,87227505,31,15,5766,11,77169517,31,18,5673,14,51616943,30,36,4950,28,35014037,31,70,4061,53,24337132,30,124,2310,89,19500650,27,169,864,103,29475974,43,169,1376,127,21501789,31,160,1271,127,7974185,12,190,132,178,0,0,0,0,0,0,0,0,0,0,0,0,0,0,0,0,0,0,0,0,0,0,0,0,0,0,0,0,0,0,0,0,0,0,0,0,0,0,0,0,0,0,0,0,0,0,0,0,0,0,0,0,0,0,0,0,0,0,0,0,0,0,0,0,0,0,0,0,0,0,0,0,0,0,0,0,0,0,0,0,0,0,0,0,0,0,0,0,0,0,0,0,0,0,0,0,0,0,0,0,0,0,0,0,0,0,0,0,0,0,0,0,0,0,0
danish electronic,0.65,0.8,117.0,0.41,-4.17,0.06,0.16,0.1,0.02,323751510,305,82,36295,24,320985041,301,81,36120,24,38223290,31,42,4929,26,44403330,27,27,4698,24,50039171,31,40,4991,27,49753609,31,37,5084,27,36295066,29,53,4292,42,25384423,29,80,3509,63,22770694,31,96,3255,86,21146127,31,107,2914,90,17195606,30,145,1680,113,15032793,30,179,660,159,0,0,0,0,0,740932,1,152,49,152,0,0,0,0,0,0,0,0,0,0,0,0,0,0,0,0,0,0,0,0,0,0,0,0,0,0,0,0,0,0,0,0,0,0,0,0,0,0,0,0,0,0,0,0,0,0,0,0,0,0,0,0,0,0,0,0,0,0,0,0,0,0,0,0,0,2766469,4,183,72,174,0,0,0,0,0,0,0,0,0,0,734115,1,174,27,174,1318388,2,190,22,186,0,0,0,0,0,0,0,0,0,0,0,0,0,0,0,0,0,0,0,0,0,0,0,0,0,0,0,0,0,0,713966,1,177,24,177,0,0,0,0,0,0,0,0,0,0,0,0,0,0,0,0,0,0,0,0,0,0,0,0,0,0,0,0,0,0,0,0,0,0,0,0,0,0,0,0,0,0,0,0,0,0,0,0,0,0,0,0,0,0,0,0,0,0,0,0,0,0,0,0,0,0,0,0,0,0
israeli pop,0.6,0.68,102.91,0.54,-6.18,0.22,0.25,0.08,0.0,376914403,268,66,36180,17,0,0,0,0,0,0,0,0,0,0,0,0,0,0,0,0,0,0,0,0,0,0,0,0,0,0,0,0,0,0,0,0,0,0,0,0,0,0,0,0,0,0,0,0,0,0,0,0,0,0,0,0,0,0,0,0,0,0,0,0,0,0,0,0,0,366670557,255,62,35445,17,0,0,0,0,0,0,0,0,0,0,17378340,20,111,1800,44,55775396,30,30,5130,18,67167697,39,44,6123,17,58701216,30,26,5250,18,54701480,31,32,5239,28,47632452,31,38,5053,32,31971280,30,72,3870,57,24836524,31,119,2542,95,7607931,12,177,288,149,898241,1,123,78,123,10243846,13,146,715,118,0,0,0,0,0,10243846,13,146,715,118,0,0,0,0,0,0,0,0,0,0,0,0,0,0,0,0,0,0,0,0,0,0,0,0,0,0,0,0,0,0,0,0,0,0,0,0,0,0,0,0,0,0,0,0,0,0,0,0,0,0,0,0,0,0,0,0,0,0,0,0,0,0,0,0,0,0,0,0,0,0,0,0,0,0,0,0,0,0,0,0,0,0,0,0,0,0,0,0,0,0,0,0,0,0,0,0,0,0,0,0,0,0,0,0,0,0,0,0,0,0,0,0,0,0,0
funk ostentacao,0.77,0.68,120.57,0.64,-4.84,0.15,0.14,0.25,0.0,376679123,382,108,35526,14,90340676,97,101,9700,17,11692125,23,139,1426,75,450436,1,186,15,186,0,0,0,0,0,0,0,0,0,0,0,0,0,0,0,0,0,0,0,0,883246,2,192,18,190,1366954,3,181,60,172,0,0,0,0,0,0,0,0,0,0,23718555,31,109,2852,55,52229360,37,57,5328,17,259484457,246,101,24600,14,62596469,41,61,5740,14,52947085,40,78,4920,19,44476079,36,66,4860,33,33984106,36,95,3816,53,30417675,39,122,3081,85,20002181,31,153,1488,106,2777751,5,190,55,175,0,0,0,0,0,0,0,0,0,0,0,0,0,0,0,2574293,4,189,48,177,9708818,14,164,518,121,24661163,36,168,1188,66,11000299,17,169,544,109,9754620,13,162,507,66,3906244,6,178,138,155,0,0,0,0,0,0,0,0,0,0,0,0,0,0,0,0,0,0,0,0,0,0,0,0,0,0,0,0,0,0,0,0,0,0,0,0,0,0,0,0,0,0,0,0,0,2192827,3,180,63,158,0,0,0,0,0,2192827,3,180,63,158,0,0,0,0,0,0,0,0,0,0,0,0,0,0,0,0,0,0,0,0,0,0,0,0,0,0,0,0,0,0,0,0,0,0,0,0,0,0,0,0,0,0,0,0,0,0,0,0,0,0
disco,0.69,0.72,119.93,0.77,-7.88,0.07,0.21,0.12,0.01,554579444,287,79,35014,2,80994504,46,56,6670,2,0,0,0,0,0,0,0,0,0,0,0,0,0,0,0,663109,1,139,62,139,0,0,0,0,0,0,0,0,0,0,0,0,0,0,0,0,0,0,0,0,1103297,2,169,64,153,1181517,1,52,149,52,10690075,13,101,1300,49,67356506,29,25,5104,2,119877823,65,77,8060,2,1170029,2,130,142,128,0,0,0,0,0,0,0,0,0,0,0,0,0,0,0,0,0,0,0,0,2687838,3,105,288,87,2626230,4,158,172,106,0,0,0,0,0,7269771,11,162,429,70,1781978,1,32,169,32,17131248,16,91,1760,35,87210729,28,18,5124,2,122557940,56,59,7952,2,1117174,2,180,42,168,0,0,0,0,0,0,0,0,0,0,0,0,0,0,0,0,0,0,0,0,0,0,0,0,0,0,0,0,0,0,0,0,0,0,0,2600236,3,114,261,73,1429689,1,47,154,47,23058513,21,87,2394,19,94352328,29,25,5104,2,231149177,120,99,12240,2,0,0,0,0,0,0,0,0,0,0,0,0,0,0,0,0,0,0,0,0,0,0,0,0,0,0,0,0,0,0,14748212,16,125,1216,47,23176885,31,154,1457,120,12492711,16,163,608,62,2139930,1,32,169,32,41439913,25,73,3200,3,137151526,31,21,5580,2
australian hip hop,0.67,0.63,115.51,0.44,-6.22,0.12,0.2,0.1,0.0,416578076,370,108,34410,7,3392175,6,158,258,82,0,0,0,0,0,0,0,0,0,0,500370,1,193,8,193,0,0,0,0,0,2891805,5,150,255,82,0,0,0,0,0,0,0,0,0,0,0,0,0,0,0,0,0,0,0,0,0,0,0,0,0,0,0,0,0,0,0,0,0,0,0,0,0,0,0,0,0,0,0,0,0,0,0,0,0,0,0,0,0,0,0,0,0,0,0,0,0,0,0,0,0,0,0,0,0,0,0,0,0,0,0,0,0,0,0,0,0,0,0,0,0,0,0,0,0,0,0,0,0,0,0,0,0,0,0,0,0,0,0,0,0,0,0,0,0,0,0,0,0,0,0,0,0,0,0,0,0,0,0,0,0,0,0,0,0,0,0,0,0,0,0,0,0,0,0,0,0,0,0,0,0,0,0,0,0,0,0,0,0,0,0,0,0,0,0,0,0,0,0,0,0,413185901,364,107,34216,7,0,0,0,0,0,0,0,0,0,0,0,0,0,0,0,0,0,0,0,0,0,0,0,0,0,22033989,19,65,2584,54,82445984,62,84,7254,7,55652759,62,116,5270,79,37070508,52,167,1768,130,10835783,10,93,1080,70,71887757,71,123,5538,40,133259121,88,79,10736,11
aussietronica,0.69,0.82,104.96,0.76,-4.53,0.04,0.09,0.14,0.0,356586265,271,75,34146,12,356586265,271,75,34146,12,68028476,31,14,5797,12,62483231,27,14,5049,12,60301625,31,30,5301,19,49802369,30,32,5070,26,38700797,29,49,4408,32,24206887,29,86,3335,69,20390479,31,110,2821,90,16523260,31,152,1519,129,13485776,27,177,648,161,1857813,4,198,12,194,0,0,0,0,0,805552,1,132,69,132,0,0,0,0,0,0,0,0,0,0,0,0,0,0,0,0,0,0,0,0,0,0,0,0,0,0,0,0,0,0,0,0,0,0,0,0,0,0,0,0,0,0,0,0,0,0,0,0,0,0,0,0,0,0,0,0,0,0,0,0,0,0,0,0,0,0,0,0,0,0,0,0,0,0,0,0,0,0,0,0,0,0,0,0,0,0,0,0,0,0,0,0,0,0,0,0,0,0,0,0,0,0,0,0,0,0,0,0,0,0,0,0,0,0,0,0,0,0,0,0,0,0,0,0,0,0,0,0,0,0,0,0,0,0,0,0,0,0,0,0,0,0,0,0,0,0,0,0,0,0,0,0,0,0,0,0,0,0,0,0,0,0,0,0,0,0,0,0,0,0,0,0,0,0,0,0,0,0,0,0,0,0,0,0,0,0,0,0,0,0,0,0,0,0,0
melbourne bounce,0.69,0.82,104.96,0.76,-4.53,0.04,0.09,0.14,0.0,356586265,271,75,34146,12,356586265,271,75,34146,12,68028476,31,14,5797,12,62483231,27,14,5049,12,60301625,31,30,5301,19,49802369,30,32,5070,26,38700797,29,49,4408,32,24206887,29,86,3335,69,20390479,31,110,2821,90,16523260,31,152,1519,129,13485776,27,177,648,161,1857813,4,198,12,194,0,0,0,0,0,805552,1,132,69,132,0,0,0,0,0,0,0,0,0,0,0,0,0,0,0,0,0,0,0,0,0,0,0,0,0,0,0,0,0,0,0,0,0,0,0,0,0,0,0,0,0,0,0,0,0,0,0,0,0,0,0,0,0,0,0,0,0,0,0,0,0,0,0,0,0,0,0,0,0,0,0,0,0,0,0,0,0,0,0,0,0,0,0,0,0,0,0,0,0,0,0,0,0,0,0,0,0,0,0,0,0,0,0,0,0,0,0,0,0,0,0,0,0,0,0,0,0,0,0,0,0,0,0,0,0,0,0,0,0,0,0,0,0,0,0,0,0,0,0,0,0,0,0,0,0,0,0,0,0,0,0,0,0,0,0,0,0,0,0,0,0,0,0,0,0,0,0,0,0,0,0,0,0,0,0,0,0,0,0,0,0,0,0,0,0,0,0,0,0,0,0,0,0,0,0
pittsburgh rap,0.72,0.51,126.54,0.4,-8.36,0.15,0.18,0.35,0.02,412066612,480,130,34080,9,85055715,159,154,7473,71,20771702,31,89,3472,71,15684661,27,128,1971,113,16473811,31,162,1209,145,16098435,34,182,646,171,11232834,25,192,225,180,3002454,7,196,35,189,0,0,0,0,0,467193,1,197,4,197,801848,2,195,12,192,0,0,0,0,0,522777,1,195,6,195,0,0,0,0,0,147938190,197,137,12608,18,0,0,0,0,0,0,0,0,0,0,8497659,9,94,963,40,0,0,0,0,0,0,0,0,0,0,0,0,0,0,0,30656753,43,132,2967,73,20921800,34,167,1156,122,76746825,93,125,7068,18,11115153,18,181,360,146,0,0,0,0,0,0,0,0,0,0,2785826,3,128,219,65,0,0,0,0,0,0,0,0,0,0,0,0,0,0,0,0,0,0,0,0,828466,1,137,64,137,1957360,2,124,154,65,0,0,0,0,0,0,0,0,0,0,0,0,0,0,0,0,0,0,0,0,0,0,0,0,0,0,0,0,0,0,176286881,121,86,13915,9,154145355,101,83,11918,9,21372648,19,96,1995,49,768878,1,161,40,161,0,0,0,0,0,0,0,0,0,0,0,0,0,0,0,0,0,0,0,0,0,0,0,0,0,0,0,0,0,0,0,0,0,0,0,0,0,0,0,0,0,0,0,0,0
movie tunes,0.42,0.5,115.43,0.22,-10.94,0.11,0.19,0.39,0.12,371264001,463,128,33799,26,3223721,6,178,138,112,385300,1,196,5,196,408135,1,195,6,195,0,0,0,0,0,0,0,0,0,0,0,0,0,0,0,0,0,0,0,0,0,0,0,0,0,0,0,0,0,0,0,0,0,0,0,0,0,0,0,0,0,0,0,0,0,2430286,4,169,128,112,363335828,451,127,33374,26,130372407,148,112,13172,26,93997162,107,116,9095,29,59004978,75,129,5400,42,32484704,46,138,2898,86,21144956,31,146,1705,132,15573871,26,171,780,138,5910375,11,188,143,179,1076304,2,190,22,183,0,0,0,0,0,0,0,0,0,0,0,0,0,0,0,3771071,5,177,120,107,3256064,5,186,75,155,2251843,4,194,28,186,0,0,0,0,0,0,0,0,0,0,0,0,0,0,0,0,0,0,0,0,0,0,0,0,0,0,0,0,0,0,0,0,0,0,0,0,0,0,0,0,0,0,0,0,0,0,0,0,0,0,1004221,1,155,46,155,1448388,1,137,64,137,0,0,0,0,0,0,0,0,0,0,0,0,0,0,0,0,0,0,0,0,0,0,0,0,0,0,0,0,0,0,0,0,0,0,0,0,0,0,0,0,0,0,0,0,0,0,0,0,0,0,0,0,0,0,0,1448388,1,137,64,137
champeta,0.74,0.84,121.17,0.77,-3.47,0.07,0.33,0.09,0.0,346616305,525,137,33600,57,267289899,413,135,27258,57,20057070,32,102,3168,57,17685563,29,120,2349,94,18651624,36,168,1188,127,24519223,52,183,936,164,22486806,48,183,864,163,12770976,28,189,336,167,4434331,10,193,80,185,29801487,47,134,3149,65,33456160,39,95,4134,61,29406648,31,72,3999,63,27377096,30,78,3690,66,26642915,31,99,3162,74,64788294,92,133,6256,70,25083306,31,104,3007,70,19938095,28,129,2016,110,18234211,30,162,1170,127,1532682,3,190,33,179,0,0,0,0,0,0,0,0,0,0,0,0,0,0,0,0,0,0,0,0,0,0,0,0,0,0,0,0,0,0,0,0,0,0,0,0,0,0,0,0,0,0,0,0,0,0,0,0,0,0,0,0,0,0,0,0,0,0,0,0,0,0,0,0,0,0,0,0,0,0,0,0,0,0,0,0,0,0,0,0,0,0,0,0,0,0,0,0,0,0,0,0,0,0,0,0,0,0,0,0,0,0,0,0,0,14538112,20,179,440,151,0,0,0,0,0,0,0,0,0,0,0,0,0,0,0,0,0,0,0,0,0,0,0,0,0,0,0,0,0,0,0,0,0,0,0,0,0,0,0,0,0,0,0,0,0,5948351,8,169,256,151,8589761,12,185,192,174,0,0,0,0,0
yacht rock,0.66,0.56,143.83,0.7,-9.91,0.05,0.08,0.24,0.02,523925226,639,151,31950,17,6910522,8,138,504,49,0,0,0,0,0,0,0,0,0,0,0,0,0,0,0,0,0,0,0,0,447470,1,189,12,189,0,0,0,0,0,0,0,0,0,0,0,0,0,0,0,0,0,0,0,0,0,0,0,0,0,0,0,0,0,0,6463052,7,131,490,49,189243074,284,161,11360,25,1019168,2,165,72,146,2020568,4,196,20,190,12877387,23,181,460,151,15094701,26,180,546,146,19192541,31,173,868,142,20468459,31,150,1581,87,19396267,31,156,1395,123,20274303,31,145,1736,122,19765975,30,150,1530,128,19471119,31,173,868,143,9791812,16,184,272,160,29870774,28,126,2100,25,141339004,195,170,6045,25,20037204,31,179,682,118,9900189,15,188,195,171,11783798,18,188,234,170,7733901,12,177,288,151,5645538,9,185,144,175,9222046,14,176,350,154,21062476,31,170,961,147,18931768,28,166,980,139,4440612,7,189,84,178,1301467,2,189,24,183,739139,1,163,38,163,30540866,27,125,2052,25,186432626,152,107,14288,17,616152,1,181,20,181,0,0,0,0,0,0,0,0,0,0,1259778,2,191,20,190,5170293,8,184,136,174,5816466,9,173,252,155,4830146,7,181,140,153,4633908,7,185,112,173,5755669,6,108,558,78,61638307,34,45,5304,17,41216866,31,67,4154,40,55495041,47,124,3619,29
funk das antigas,0.82,0.81,159.38,0.65,-4.98,0.19,0.15,0.58,0.0,307670980,265,81,31800,14,71341509,59,65,8024,17,0,0,0,0,0,0,0,0,0,0,0,0,0,0,0,0,0,0,0,0,0,0,0,0,0,0,0,0,0,0,0,0,0,0,0,0,0,0,0,0,0,0,0,0,0,0,0,0,0,0,22337131,28,99,2856,55,49004378,31,34,5177,17,225993333,190,79,23180,14,57383001,31,23,5518,14,46378032,28,31,4760,19,41654648,31,47,4774,33,30230391,30,79,3660,53,25505988,31,108,2883,85,19438071,30,152,1470,106,2777751,5,190,55,175,0,0,0,0,0,0,0,0,0,0,0,0,0,0,0,0,0,0,0,0,2625451,4,168,132,150,10336138,16,174,432,140,7601005,12,174,324,140,1366580,2,182,38,180,1368553,2,162,78,155,0,0,0,0,0,0,0,0,0,0,0,0,0,0,0,0,0,0,0,0,0,0,0,0,0,0,0,0,0,0,0,0,0,0,0,0,0,0,0,0,0,0,0,0,0,0,0,0,0,0,0,0,0,0,0,0,0,0,0,0,0,0,0,0,0,0,0,0,0,0,0,0,0,0,0,0,0,0,0,0,0,0,0,0,0,0,0,0,0,0,0,0,0,0,0,0,0,0,0,0,0,0,0,0,0,0,0,0,0,0
neo-singer-songwriter,0.56,0.53,137.12,0.61,-7.81,0.04,0.17,0.48,0.0,354278308,378,117,31752,35,775162,1,168,33,168,0,0,0,0,0,0,0,0,0,0,0,0,0,0,0,0,0,0,0,0,0,0,0,0,0,0,0,0,0,0,0,0,0,0,0,0,0,0,0,0,0,0,0,0,0,0,0,0,0,0,0,0,0,0,0,775162,1,168,33,168,253269298,245,98,25235,35,0,0,0,0,0,0,0,0,0,0,5287809,9,167,306,157,18106594,29,165,1044,137,7771998,13,180,273,141,5127305,8,152,392,133,27453380,31,97,3224,53,43163326,31,46,4805,35,45811305,30,42,4770,36,40781289,31,52,4619,40,29715016,30,90,3330,58,30051276,33,127,2442,68,97692222,130,152,6370,86,26578030,31,114,2697,86,21083758,28,152,1372,129,22332867,31,161,1240,139,19363406,29,174,783,142,4192659,7,191,70,180,0,0,0,0,0,0,0,0,0,0,0,0,0,0,0,0,0,0,0,0,0,0,0,0,0,0,0,0,0,0,4141502,4,165,144,145,2541626,2,166,70,157,0,0,0,0,0,0,0,0,0,0,0,0,0,0,0,0,0,0,0,0,0,0,0,0,0,0,0,0,0,0,0,0,0,0,0,0,0,0,0,0,0,0,0,0,0,0,0,0,0,0,0,0,0,0,0,2541626,2,166,70,157
dutch pop,0.69,0.61,109.39,0.39,-7.78,0.09,0.15,0.29,0.0,298013246,327,104,31719,14,50082307,70,120,5670,47,14384282,31,152,1519,110,2538324,6,186,90,175,0,0,0,0,0,0,0,0,0,0,422820,1,193,8,193,460812,1,192,9,192,0,0,0,0,0,0,0,0,0,0,0,0,0,0,0,0,0,0,0,0,0,0,0,0,0,32276069,31,71,4030,47,216658015,228,99,23256,40,40634185,31,49,4712,40,31550515,28,61,3920,52,25334431,31,102,3069,67,11696244,19,158,817,128,0,0,0,0,0,0,0,0,0,0,573874,1,189,12,189,27807601,30,94,3210,42,48992017,46,87,5244,44,23056005,31,136,2015,83,6070220,10,188,130,170,942923,1,115,86,115,30604900,28,99,2856,14,0,0,0,0,0,0,0,0,0,0,0,0,0,0,0,0,0,0,0,0,20482268,15,66,2025,14,10122632,13,137,832,108,0,0,0,0,0,0,0,0,0,0,0,0,0,0,0,0,0,0,0,0,0,0,0,0,0,0,0,0,0,0,668024,1,182,19,182,0,0,0,0,0,0,0,0,0,0,0,0,0,0,0,0,0,0,0,0,0,0,0,0,0,668024,1,182,19,182,0,0,0,0,0,0,0,0,0,0,0,0,0,0,0,0,0,0,0,0,0,0,0,0,0,0,0,0,0,0
vallenato,0.74,0.91,137.52,0.8,-3.59,0.09,0.34,0.14,0.0,277541718,386,119,31652,57,212753424,294,114,25578,57,19648691,31,99,3162,57,16837257,27,114,2349,94,16322867,31,164,1147,127,13760922,29,181,580,164,8677081,19,187,266,163,3756414,8,182,152,167,0,0,0,0,0,20933541,27,94,2889,65,29389992,30,65,4080,61,29406648,31,72,3999,63,27377096,30,78,3690,66,26642915,31,99,3162,74,64788294,92,133,6256,70,25083306,31,104,3007,70,19938095,28,129,2016,110,18234211,30,162,1170,127,1532682,3,190,33,179,0,0,0,0,0,0,0,0,0,0,0,0,0,0,0,0,0,0,0,0,0,0,0,0,0,0,0,0,0,0,0,0,0,0,0,0,0,0,0,0,0,0,0,0,0,0,0,0,0,0,0,0,0,0,0,0,0,0,0,0,0,0,0,0,0,0,0,0,0,0,0,0,0,0,0,0,0,0,0,0,0,0,0,0,0,0,0,0,0,0,0,0,0,0,0,0,0,0,0,0,0,0,0,0,0,0,0,0,0,0,0,0,0,0,0,0,0,0,0,0,0,0,0,0,0,0,0,0,0,0,0,0,0,0,0,0,0,0,0,0,0,0,0,0,0,0,0,0,0,0,0,0,0,0,0,0,0,0,0,0,0,0,0,0,0,0,0,0,0,0
uk dancehall,0.82,0.77,120.2,0.72,-4.02,0.14,0.25,0.13,0.01,278783721,353,113,31064,58,74827394,108,121,8640,64,0,0,0,0,0,0,0,0,0,0,0,0,0,0,0,0,0,0,0,0,0,0,0,0,0,672606,1,129,72,129,7843823,16,165,576,138,21057700,31,111,2790,74,24523940,30,88,3390,72,6899502,13,163,494,122,0,0,0,0,0,13829823,17,124,1309,64,201570396,242,108,22506,58,30631286,31,73,3968,60,28328335,28,71,3640,58,29603159,31,77,3844,60,32153139,40,114,3480,80,30216934,43,142,2537,114,5820928,10,184,170,155,21882487,28,114,2436,89,22367151,30,123,2340,94,566977,1,190,11,190,0,0,0,0,0,0,0,0,0,0,0,0,0,0,0,2385931,3,139,186,102,0,0,0,0,0,0,0,0,0,0,0,0,0,0,0,0,0,0,0,0,0,0,0,0,0,0,0,0,0,0,2385931,3,139,186,102,0,0,0,0,0,0,0,0,0,0,0,0,0,0,0,0,0,0,0,0,0,0,0,0,0,0,0,0,0,0,0,0,0,0,0,0,0,0,0,0,0,0,0,0,0,0,0,0,0,0,0,0,0,0,0,0,0,0,0,0,0,0,0,0,0,0,0,0,0,0,0,0,0,0,0,0,0,0,0,0,0,0,0,0,0,0,0,0,0,0
new wave,0.61,0.7,110.42,0.72,-7.95,0.04,0.17,0.16,0.01,544980452,292,95,30952,2,79434767,44,54,6468,2,0,0,0,0,0,0,0,0,0,0,0,0,0,0,0,663109,1,139,62,139,0,0,0,0,0,0,0,0,0,0,0,0,0,0,0,0,0,0,0,0,0,0,0,0,0,0,0,0,0,0,10690075,13,101,1300,49,68081583,30,31,5100,2,106862257,48,57,6912,2,0,0,0,0,0,0,0,0,0,0,0,0,0,0,0,0,0,0,0,0,0,0,0,0,0,0,0,0,0,0,0,0,0,0,0,1055755,2,196,10,192,557306,1,196,5,196,0,0,0,0,0,16522997,15,86,1725,35,88726199,30,29,5160,2,146250731,96,117,8064,2,565994,1,177,24,177,821595,1,148,53,148,0,0,0,0,0,0,0,0,0,0,0,0,0,0,0,0,0,0,0,0,12694132,20,190,220,168,10991002,18,188,234,179,0,0,0,0,0,3671463,6,198,18,195,23058513,21,87,2394,19,94448032,29,25,5104,2,212432697,104,110,9464,2,0,0,0,0,0,822420,1,190,11,190,0,0,0,0,0,4839557,8,194,56,185,6896981,11,187,154,173,6380221,10,177,240,163,2551121,4,196,20,192,3174721,5,193,40,188,0,0,0,0,0,2183925,3,189,36,176,42437302,26,77,3224,3,143146449,36,41,5760,2
rock-and-roll,0.48,0.54,127.06,0.67,-11.4,0.05,0.18,0.67,0.0,443155498,356,115,30616,11,46958514,55,137,3520,21,0,0,0,0,0,0,0,0,0,0,482336,1,176,25,176,0,0,0,0,0,0,0,0,0,0,0,0,0,0,0,0,0,0,0,0,0,0,0,0,0,0,0,0,0,0,0,0,0,0,0,0,0,0,0,0,46476178,54,136,3510,21,102106248,91,120,7371,20,0,0,0,0,0,0,0,0,0,0,0,0,0,0,0,0,0,0,0,0,0,0,0,0,0,0,0,0,0,0,0,0,0,0,0,0,0,0,0,0,0,0,0,0,0,0,0,0,0,0,0,0,0,0,0,102106248,91,120,7371,20,111956838,96,118,7968,19,0,0,0,0,0,0,0,0,0,0,0,0,0,0,0,0,0,0,0,0,0,0,0,0,0,0,0,0,0,0,0,0,0,0,0,0,0,0,0,0,0,0,0,0,0,0,0,0,0,0,2246525,3,155,138,140,109710313,93,117,7812,19,182133898,114,99,11628,11,0,0,0,0,0,0,0,0,0,0,0,0,0,0,0,0,0,0,0,0,0,0,0,0,0,0,0,0,0,0,0,0,0,0,0,0,0,0,0,0,0,0,0,0,0,0,0,0,0,0,15528795,14,115,1204,37,166605103,100,96,10500,11
comedy rap,0.74,0.62,126.35,0.8,-5.67,0.11,0.1,0.41,0.0,357435232,241,75,30366,7,0,0,0,0,0,0,0,0,0,0,0,0,0,0,0,0,0,0,0,0,0,0,0,0,0,0,0,0,0,0,0,0,0,0,0,0,0,0,0,0,0,0,0,0,0,0,0,0,0,0,0,0,0,0,0,0,0,0,0,0,0,0,0,0,0,290176541,184,73,23552,7,0,0,0,0,0,0,0,0,0,0,35694491,16,21,2880,9,91628496,30,11,5700,7,68686417,31,17,5704,12,39451864,30,53,4440,28,26096085,31,100,3131,87,19978819,31,153,1488,113,7912517,14,184,238,155,0,0,0,0,0,0,0,0,0,0,727852,1,179,22,179,59874721,50,77,6200,31,0,0,0,0,0,0,0,0,0,0,0,0,0,0,0,17492446,12,44,1884,31,37573402,31,71,4030,36,4808873,7,164,259,131,0,0,0,0,0,0,0,0,0,0,0,0,0,0,0,0,0,0,0,0,0,0,0,0,0,0,0,0,0,0,7383970,7,111,630,44,0,0,0,0,0,7383970,7,111,630,44,0,0,0,0,0,0,0,0,0,0,0,0,0,0,0,0,0,0,0,0,0,0,0,0,0,0,0,0,0,0,0,0,0,0,0,0,0,0,0,0,0,0,0,0,0,0,0,0,0,0
instrumental grime,0.73,0.63,122.83,0.34,-6.65,0.16,0.2,0.26,0.02,334730917,313,104,30361,14,0,0,0,0,0,0,0,0,0,0,0,0,0,0,0,0,0,0,0,0,0,0,0,0,0,0,0,0,0,0,0,0,0,0,0,0,0,0,0,0,0,0,0,0,0,0,0,0,0,0,0,0,0,0,0,0,0,0,0,0,0,0,0,0,0,254657283,215,81,25800,14,0,0,0,0,0,0,0,0,0,0,0,0,0,0,0,0,0,0,0,0,12903226,7,25,1232,14,49938951,30,36,4950,24,45542763,31,44,4867,34,43342008,31,46,4805,34,34995106,30,61,4200,51,28291226,31,96,3255,65,21864546,30,142,1770,116,17779457,25,170,775,149,35802711,53,173,1484,149,21130301,31,165,1116,152,9967211,15,189,180,175,0,0,0,0,0,0,0,0,0,0,0,0,0,0,0,0,0,0,0,0,0,0,0,0,0,0,0,0,0,0,0,0,0,0,0,0,0,0,0,0,4705199,7,172,203,149,0,0,0,0,0,44270923,45,134,3015,31,0,0,0,0,0,0,0,0,0,0,0,0,0,0,0,0,0,0,0,0,0,0,0,0,0,0,0,0,0,0,0,0,0,0,0,0,0,0,0,0,0,0,0,0,0,5459473,7,158,301,143,16601133,20,138,1260,112,22210317,18,119,1476,31
birmingham grime,0.78,0.57,117.29,0.25,-7.22,0.11,0.19,0.23,0.03,330025718,306,102,30294,14,0,0,0,0,0,0,0,0,0,0,0,0,0,0,0,0,0,0,0,0,0,0,0,0,0,0,0,0,0,0,0,0,0,0,0,0,0,0,0,0,0,0,0,0,0,0,0,0,0,0,0,0,0,0,0,0,0,0,0,0,0,0,0,0,0,254657283,215,81,25800,14,0,0,0,0,0,0,0,0,0,0,0,0,0,0,0,0,0,0,0,0,12903226,7,25,1232,14,49938951,30,36,4950,24,45542763,31,44,4867,34,43342008,31,46,4805,34,34995106,30,61,4200,51,28291226,31,96,3255,65,21864546,30,142,1770,116,17779457,25,170,775,149,31097512,46,173,1288,152,21130301,31,165,1116,152,9967211,15,189,180,175,0,0,0,0,0,0,0,0,0,0,0,0,0,0,0,0,0,0,0,0,0,0,0,0,0,0,0,0,0,0,0,0,0,0,0,0,0,0,0,0,0,0,0,0,0,0,0,0,0,0,44270923,45,134,3015,31,0,0,0,0,0,0,0,0,0,0,0,0,0,0,0,0,0,0,0,0,0,0,0,0,0,0,0,0,0,0,0,0,0,0,0,0,0,0,0,0,0,0,0,0,0,5459473,7,158,301,143,16601133,20,138,1260,112,22210317,18,119,1476,31
new romantic,0.57,0.74,109.25,0.72,-7.64,0.04,0.19,0.1,0.01,488514610,203,54,29841,2,79434767,44,54,6468,2,0,0,0,0,0,0,0,0,0,0,0,0,0,0,0,663109,1,139,62,139,0,0,0,0,0,0,0,0,0,0,0,0,0,0,0,0,0,0,0,0,0,0,0,0,0,0,0,0,0,0,10690075,13,101,1300,49,68081583,30,31,5100,2,106862257,48,57,6912,2,0,0,0,0,0,0,0,0,0,0,0,0,0,0,0,0,0,0,0,0,0,0,0,0,0,0,0,0,0,0,0,0,0,0,0,1055755,2,196,10,192,557306,1,196,5,196,0,0,0,0,0,16522997,15,86,1725,35,88726199,30,29,5160,2,118072539,51,54,7497,2,565994,1,177,24,177,0,0,0,0,0,0,0,0,0,0,0,0,0,0,0,0,0,0,0,0,0,0,0,0,0,0,0,0,0,0,0,0,0,0,0,0,0,0,0,0,0,0,0,0,0,23058513,21,87,2394,19,94448032,29,25,5104,2,184145047,60,51,9000,2,0,0,0,0,0,0,0,0,0,0,0,0,0,0,0,0,0,0,0,0,0,0,0,0,0,0,0,0,0,0,0,0,0,0,0,0,0,0,0,0,0,0,0,0,0,803820,1,176,25,176,42437302,26,77,3224,3,140903925,33,27,5742,2
synthpop,0.64,0.75,117.86,0.78,-7.36,0.04,0.2,0.12,0.0,480810530,197,52,29353,2,77602938,42,51,6300,2,0,0,0,0,0,0,0,0,0,0,0,0,0,0,0,663109,1,139,62,139,0,0,0,0,0,0,0,0,0,0,0,0,0,0,0,0,0,0,0,0,0,0,0,0,0,0,0,0,0,0,10690075,13,101,1300,49,66249754,28,24,4956,2,105957253,47,55,6862,2,0,0,0,0,0,0,0,0,0,0,0,0,0,0,0,0,0,0,0,0,0,0,0,0,0,0,0,0,0,0,0,0,0,0,0,1055755,2,196,10,192,557306,1,196,5,196,0,0,0,0,0,16522997,15,86,1725,35,87821195,29,24,5133,2,117143814,50,51,7500,2,565994,1,177,24,177,0,0,0,0,0,0,0,0,0,0,0,0,0,0,0,0,0,0,0,0,0,0,0,0,0,0,0,0,0,0,0,0,0,0,0,0,0,0,0,0,0,0,0,0,0,23058513,21,87,2394,19,93519307,28,20,5068,2,180106525,58,50,8758,2,0,0,0,0,0,0,0,0,0,0,0,0,0,0,0,0,0,0,0,0,0,0,0,0,0,0,0,0,0,0,0,0,0,0,0,0,0,0,0,0,0,0,0,0,0,803820,1,176,25,176,42437302,26,77,3224,3,136865403,31,23,5518,2
indie soul,0.65,0.56,132.92,0.4,-7.97,0.14,0.22,0.29,0.01,291172221,285,101,28500,16,37437664,39,112,3471,20,0,0,0,0,0,0,0,0,0,0,21492993,13,49,1976,20,8870390,15,146,825,101,0,0,0,0,0,0,0,0,0,0,0,0,0,0,0,0,0,0,0,0,0,0,0,0,0,0,0,0,0,0,7074281,11,139,682,96,0,0,0,0,0,187948205,181,93,19548,26,14491609,20,130,1420,97,49268511,40,82,4760,26,47645558,31,37,5084,27,31453713,30,75,3780,54,26092717,31,104,3007,86,18032854,28,152,1372,111,0,0,0,0,0,0,0,0,0,0,0,0,0,0,0,0,0,0,0,0,0,0,0,0,0,963243,1,171,30,171,56384233,55,113,4840,16,4819380,6,146,330,58,0,0,0,0,0,3546353,4,129,288,84,684903,1,169,32,169,0,0,0,0,0,0,0,0,0,0,35886532,28,77,3472,16,4615268,7,179,154,134,0,0,0,0,0,0,0,0,0,0,6831797,9,139,558,89,0,0,0,0,0,9402119,10,132,690,65,0,0,0,0,0,0,0,0,0,0,6109814,6,125,456,65,0,0,0,0,0,2576129,3,129,216,91,0,0,0,0,0,0,0,0,0,0,716176,1,184,17,184,0,0,0,0,0,0,0,0,0,0,0,0,0,0,0,0,0,0,0,0
british soul,0.57,0.63,124.84,0.44,-5.92,0.05,0.17,0.31,0.0,265380380,394,130,27974,36,218099865,342,126,25650,36,89180974,130,102,12870,36,72443650,115,127,8510,42,39363631,66,152,3234,58,13892282,27,165,972,136,0,0,0,0,0,0,0,0,0,0,0,0,0,0,0,0,0,0,0,0,0,0,0,0,0,0,0,0,0,0,523976,1,165,36,165,2695352,3,131,210,95,19160870,24,159,1008,55,0,0,0,0,0,900747,1,93,108,93,0,0,0,0,0,4259661,7,185,112,167,1760762,3,184,51,170,1141866,2,198,6,197,0,0,0,0,0,0,0,0,0,0,0,0,0,0,0,0,0,0,0,0,0,0,0,0,0,11097834,11,135,726,55,13763281,13,138,819,51,0,0,0,0,0,843563,1,139,62,139,0,0,0,0,0,0,0,0,0,0,0,0,0,0,0,0,0,0,0,0,0,0,0,0,0,0,0,0,0,0,0,0,0,0,0,0,0,0,0,0,0,0,0,0,0,12919718,12,138,756,51,14356364,15,171,450,58,0,0,0,0,0,0,0,0,0,0,0,0,0,0,0,0,0,0,0,0,1225860,2,192,18,186,0,0,0,0,0,0,0,0,0,0,0,0,0,0,0,0,0,0,0,0,3439725,5,184,85,168,0,0,0,0,0,9690779,8,158,344,58
chicago drill,0.81,0.6,130.45,0.51,-7.13,0.28,0.17,0.11,0.0,405903986,218,73,27904,2,0,0,0,0,0,0,0,0,0,0,0,0,0,0,0,0,0,0,0,0,0,0,0,0,0,0,0,0,0,0,0,0,0,0,0,0,0,0,0,0,0,0,0,0,0,0,0,0,0,0,0,0,0,0,0,0,0,0,0,0,0,0,0,0,0,3912954,5,150,255,56,0,0,0,0,0,0,0,0,0,0,0,0,0,0,0,0,0,0,0,0,0,0,0,0,0,0,0,0,0,0,0,0,0,0,0,0,0,0,0,0,0,0,0,0,0,3912954,5,150,255,56,0,0,0,0,0,0,0,0,0,0,706626,1,161,40,161,0,0,0,0,0,0,0,0,0,0,0,0,0,0,0,0,0,0,0,0,0,0,0,0,0,0,0,0,0,0,706626,1,161,40,161,0,0,0,0,0,0,0,0,0,0,0,0,0,0,0,0,0,0,0,0,0,0,0,0,0,401284406,212,70,27772,2,0,0,0,0,0,728809,1,195,6,195,16035665,16,134,1072,22,22397258,30,136,1950,107,16682704,25,170,775,128,0,0,0,0,0,0,0,0,0,0,75803909,18,5,3528,2,96179282,30,10,5730,8,76814423,32,21,5760,11,54559495,30,35,4980,21,42082861,30,72,3870,49
alternative pop rock,0.82,0.52,151.89,0.88,-6.59,0.09,0.1,0.22,0.0,303526966,343,121,27440,46,0,0,0,0,0,0,0,0,0,0,0,0,0,0,0,0,0,0,0,0,0,0,0,0,0,0,0,0,0,0,0,0,0,0,0,0,0,0,0,0,0,0,0,0,0,0,0,0,0,0,0,0,0,0,0,0,0,0,0,0,0,0,0,0,0,0,0,0,0,0,0,0,0,0,0,0,0,0,0,0,0,0,0,0,0,0,0,0,0,0,0,0,0,0,0,0,0,0,0,0,0,0,0,0,0,0,0,0,0,0,0,0,0,0,0,0,0,0,0,0,0,0,0,0,0,0,0,0,0,0,241871669,255,103,24990,46,2775752,4,171,120,162,5491184,8,176,200,164,0,0,0,0,0,17713622,20,114,1740,71,39195386,31,60,4371,46,31200052,30,80,3630,66,29120544,31,100,3131,78,32569938,31,72,3999,63,28212935,30,90,3330,79,27338218,31,105,2976,87,21167236,29,149,1508,127,7086802,10,189,120,162,61655297,88,176,2200,145,22550012,30,165,1080,145,15156149,21,174,567,154,9298628,14,187,196,175,14650508,23,183,414,155,0,0,0,0,0,0,0,0,0,0,0,0,0,0,0,0,0,0,0,0,0,0,0,0,0,0,0,0,0,0,0,0,0,0,0,0,0,0,0,0
indie r&b,0.69,0.58,127.91,0.59,-8.07,0.17,0.15,0.33,0.0,325026416,319,115,27434,11,4737402,7,149,364,85,744415,2,174,54,149,0,0,0,0,0,0,0,0,0,0,0,0,0,0,0,0,0,0,0,0,0,0,0,0,0,0,0,0,0,0,0,0,0,0,0,0,0,0,0,0,501860,1,187,14,187,0,0,0,0,0,3491127,4,128,292,85,9852690,10,139,620,48,1152570,2,148,106,115,0,0,0,0,0,0,0,0,0,0,0,0,0,0,0,0,0,0,0,0,0,0,0,0,0,719899,1,145,56,145,0,0,0,0,0,0,0,0,0,0,0,0,0,0,0,0,0,0,0,0,7980221,7,136,455,48,93632320,69,84,8073,11,0,0,0,0,0,0,0,0,0,0,0,0,0,0,0,42526776,29,60,4089,14,2283748,3,140,183,120,0,0,0,0,0,1572240,2,150,102,124,0,0,0,0,0,0,0,0,0,0,29252175,15,46,2325,11,11523280,15,138,945,80,6474101,5,123,390,63,216804004,233,122,18407,42,0,0,0,0,0,0,0,0,0,0,4652982,4,112,356,65,0,0,0,0,0,15104632,19,131,1330,76,37115195,42,106,3990,67,34052239,40,127,2960,102,25584177,32,140,1952,120,7572483,11,182,209,126,20696541,20,100,2020,69,35448221,30,79,3660,62,36577534,35,144,1995,42
venezuelan hip hop,0.71,0.67,124.19,0.62,-5.46,0.17,0.11,0.18,0.0,272386030,259,96,27195,39,0,0,0,0,0,0,0,0,0,0,0,0,0,0,0,0,0,0,0,0,0,0,0,0,0,0,0,0,0,0,0,0,0,0,0,0,0,0,0,0,0,0,0,0,0,0,0,0,0,0,0,0,0,0,0,0,0,0,0,0,0,0,0,0,0,0,0,0,0,0,0,0,0,0,0,0,0,0,0,0,0,0,0,0,0,0,0,0,0,0,0,0,0,0,0,0,0,0,0,0,0,0,0,0,0,0,0,0,0,0,0,0,0,0,0,0,0,0,0,0,0,0,0,0,0,0,0,0,0,0,251910145,243,95,25758,43,20033374,21,102,2079,63,37121948,28,58,4004,51,41832604,31,53,4588,43,36459322,30,66,4050,54,34093026,31,74,3937,58,26171742,30,111,2700,91,17798967,25,160,1025,101,28807952,33,111,2970,74,9591210,14,175,364,146,0,0,0,0,0,0,0,0,0,0,0,0,0,0,0,20475885,16,102,1584,39,0,0,0,0,0,2770045,2,104,194,52,17705840,14,102,1386,39,0,0,0,0,0,0,0,0,0,0,0,0,0,0,0,0,0,0,0,0,0,0,0,0,0,0,0,0,0,0,0,0,0,0,0,0,0,0,0,0,0,0,0,0,0
broadway,0.47,0.77,155.89,0.24,-8.02,0.14,0.11,0.0,0.02,288928677,342,122,27018,26,1493426,3,188,39,172,0,0,0,0,0,0,0,0,0,0,0,0,0,0,0,0,0,0,0,0,0,0,0,0,0,0,0,0,0,0,0,0,0,0,0,0,0,0,0,0,0,0,0,0,0,0,0,0,0,0,0,0,0,0,0,1493426,3,188,39,172,285183408,335,120,27135,26,89245439,90,97,9360,26,68526779,68,96,7140,29,51072639,61,118,5063,42,30945983,43,134,2881,86,21144956,31,146,1705,132,15573871,26,171,780,138,5910375,11,188,143,179,1076304,2,190,22,183,0,0,0,0,0,0,0,0,0,0,0,0,0,0,0,1687062,3,198,9,195,2251843,4,194,28,186,2251843,4,194,28,186,0,0,0,0,0,0,0,0,0,0,0,0,0,0,0,0,0,0,0,0,0,0,0,0,0,0,0,0,0,0,0,0,0,0,0,0,0,0,0,0,0,0,0,0,0,0,0,0,0,0,0,0,0,0,0,0,0,0,0,0,0,0,0,0,0,0,0,0,0,0,0,0,0,0,0,0,0,0,0,0,0,0,0,0,0,0,0,0,0,0,0,0,0,0,0,0,0,0,0,0,0,0,0,0,0,0,0,0,0,0,0,0,0,0,0,0,0,0,0,0
virginia hip hop,0.71,0.68,110.43,0.39,-5.36,0.17,0.25,0.11,0.0,250185156,336,121,26880,14,159942794,248,130,17608,31,30335011,31,52,4619,31,21426065,27,77,3348,62,20524501,31,122,2449,101,19136811,34,147,1836,114,15159911,29,157,1276,142,15239566,30,169,960,57,14126636,27,163,1026,56,2512925,6,190,66,175,864916,2,192,18,190,0,0,0,0,0,19365755,29,131,2030,54,1250697,2,178,46,161,67936363,71,98,7313,26,0,0,0,0,0,0,0,0,0,0,12168300,13,92,1417,58,21842110,21,73,2688,56,13458772,17,138,1071,65,14077981,13,88,1469,26,0,0,0,0,0,6389200,7,104,679,44,0,0,0,0,0,0,0,0,0,0,0,0,0,0,0,0,0,0,0,0,18230812,12,77,1488,14,0,0,0,0,0,0,0,0,0,0,0,0,0,0,0,0,0,0,0,0,0,0,0,0,0,0,0,0,0,0,0,0,0,0,0,0,0,0,0,0,0,0,0,0,0,14434398,7,31,1190,14,3796414,5,142,295,86,0,0,0,0,0,4075187,5,147,270,58,0,0,0,0,0,0,0,0,0,0,0,0,0,0,0,0,0,0,0,0,0,0,0,0,0,0,0,0,0,0,0,0,0,0,0,4075187,5,147,270,58,0,0,0,0,0,0,0,0,0,0,0,0,0,0,0,0,0,0,0,0
new french touch,0.78,0.72,116.61,0.59,-6.12,0.07,0.12,0.19,0.13,296692755,453,143,26274,50,206591197,346,140,21106,52,42626340,62,95,6572,55,39976432,54,102,5346,52,41757065,62,131,4340,52,28304896,57,171,1710,141,15372672,34,190,374,172,15048730,29,160,1189,138,15092675,30,158,1290,129,7638662,17,184,289,164,0,0,0,0,0,0,0,0,0,0,0,0,0,0,0,773725,1,140,61,140,0,0,0,0,0,0,0,0,0,0,0,0,0,0,0,0,0,0,0,0,0,0,0,0,0,0,0,0,0,0,0,0,0,0,0,0,0,0,0,0,0,0,0,0,0,0,0,0,0,0,0,0,0,0,0,0,0,0,0,0,0,0,0,0,0,0,0,0,0,0,0,0,0,0,0,0,0,0,0,0,0,0,0,0,0,0,0,0,0,0,0,0,0,0,0,0,0,0,0,0,0,0,0,0,0,0,0,0,0,0,0,0,0,0,0,0,0,0,0,0,0,0,0,0,0,0,0,0,0,0,90101558,107,152,5243,50,0,0,0,0,0,0,0,0,0,0,0,0,0,0,0,0,0,0,0,0,0,0,0,0,0,0,0,0,0,0,0,0,0,0,0,0,0,0,0,0,12916257,18,173,504,149,22705922,30,164,1110,142,26358262,30,135,1980,111,28121117,29,144,1653,50
la pop,0.7,0.61,108.01,0.47,-6.97,0.14,0.26,0.17,0.01,243416975,344,125,26144,24,136821486,239,133,16252,66,47537656,76,102,7524,66,30034599,58,151,2900,115,8904909,18,170,558,146,1353287,3,198,9,197,0,0,0,0,0,0,0,0,0,0,10377973,20,152,980,111,18665669,31,127,2294,111,17346453,28,128,2044,111,1349175,3,196,15,194,652234,1,148,53,148,599531,1,200,1,200,9335408,16,180,336,125,0,0,0,0,0,0,0,0,0,0,0,0,0,0,0,0,0,0,0,0,0,0,0,0,0,0,0,0,0,0,2445908,4,169,128,125,6260962,11,182,209,164,0,0,0,0,0,628538,1,200,1,200,0,0,0,0,0,0,0,0,0,0,60241715,51,81,6120,24,0,0,0,0,0,0,0,0,0,0,0,0,0,0,0,705351,1,180,21,180,0,0,0,0,0,0,0,0,0,0,0,0,0,0,0,836022,1,134,67,134,0,0,0,0,0,836650,1,138,63,138,24453929,17,46,2635,24,33409763,31,94,3317,54,37018366,38,115,3268,65,31281960,30,95,3180,65,2729947,4,187,56,177,3006459,4,190,44,184,0,0,0,0,0,0,0,0,0,0,0,0,0,0,0,0,0,0,0,0,0,0,0,0,0,0,0,0,0,0,0,0,0,0,0,0,0,0,0,0,0,0,0,0,0
sad lo-fi,0.63,0.34,128.16,0.34,-14.46,0.11,0.13,0.68,0.15,446713046,615,160,25215,90,0,0,0,0,0,0,0,0,0,0,0,0,0,0,0,0,0,0,0,0,0,0,0,0,0,0,0,0,0,0,0,0,0,0,0,0,0,0,0,0,0,0,0,0,0,0,0,0,0,0,0,0,0,0,0,0,0,0,0,0,0,0,0,0,0,0,0,0,0,0,0,0,0,0,0,0,0,0,0,0,0,0,0,0,0,0,0,0,0,0,0,0,0,0,0,0,0,0,0,0,0,0,0,0,0,0,0,0,0,0,0,0,0,0,0,0,0,0,0,0,0,0,0,0,0,0,0,0,0,0,138413061,194,161,7760,90,0,0,0,0,0,0,0,0,0,0,0,0,0,0,0,1924253,3,172,87,164,25398599,31,129,2232,90,20918549,28,144,1596,97,7415884,12,193,96,178,8416317,14,191,140,183,7396097,12,193,96,181,13925750,21,172,609,150,28047354,39,151,1950,111,24970258,34,172,986,147,308299985,421,159,17682,98,46175235,59,152,2891,125,43526896,54,143,3132,106,46341911,59,150,3009,107,44657607,60,138,3780,98,26021582,39,168,1287,145,19165519,29,165,1044,145,15277959,23,178,529,160,14343665,22,178,506,171,16535537,24,175,624,141,16092778,23,177,552,164,15895654,23,189,276,171,4265642,6,190,66,180
london rap,0.77,0.61,119.58,0.51,-6.82,0.19,0.18,0.09,0.0,291028566,340,127,25160,6,160073240,146,87,16644,6,0,0,0,0,0,0,0,0,0,0,46460120,26,43,4108,6,21214376,35,137,2240,81,0,0,0,0,0,0,0,0,0,0,0,0,0,0,0,0,0,0,0,0,0,0,0,0,0,13261089,24,163,912,95,35855784,30,52,4470,38,43281871,31,44,4867,28,105588355,162,160,6642,39,34854194,43,121,3440,39,24683621,43,178,989,136,16141720,28,175,728,152,19121113,30,158,1290,139,10787707,18,184,306,159,0,0,0,0,0,0,0,0,0,0,0,0,0,0,0,0,0,0,0,0,0,0,0,0,0,0,0,0,0,0,0,0,0,0,0,0,0,0,0,0,0,0,0,0,0,0,0,0,0,0,0,0,0,0,0,0,0,0,0,0,0,0,0,0,0,0,0,0,0,0,0,0,0,0,0,0,0,0,0,0,0,0,0,0,0,0,0,0,0,0,0,0,0,0,0,0,0,0,0,0,25366971,32,148,1696,112,0,0,0,0,0,0,0,0,0,0,0,0,0,0,0,2587803,4,172,116,151,718562,1,186,15,186,0,0,0,0,0,0,0,0,0,0,0,0,0,0,0,0,0,0,0,0,5459473,7,158,301,143,16601133,20,138,1260,112,0,0,0,0,0
shimmer pop,0.66,0.63,115.51,0.43,-5.61,0.11,0.2,0.07,0.01,274455530,210,83,24780,11,647604,1,143,58,143,0,0,0,0,0,0,0,0,0,0,0,0,0,0,0,647604,1,143,58,143,0,0,0,0,0,0,0,0,0,0,0,0,0,0,0,0,0,0,0,0,0,0,0,0,0,0,0,0,0,0,0,0,0,0,0,0,0,0,0,0,728706,1,144,57,144,0,0,0,0,0,728706,1,144,57,144,0,0,0,0,0,0,0,0,0,0,0,0,0,0,0,0,0,0,0,0,0,0,0,0,0,0,0,0,0,0,0,0,0,0,0,0,0,0,0,0,0,0,0,0,0,0,0,0,0,0,273079220,208,83,24544,11,0,0,0,0,0,0,0,0,0,0,46512836,24,29,4128,11,61139327,30,22,5370,17,55899205,31,26,5425,19,36305695,30,64,4110,40,29490831,32,107,3008,80,23797756,31,138,1953,106,18040037,27,178,621,166,1893533,3,199,6,199,0,0,0,0,0,0,0,0,0,0,0,0,0,0,0,0,0,0,0,0,0,0,0,0,0,0,0,0,0,0,0,0,0,0,0,0,0,0,0,0,0,0,0,0,0,0,0,0,0,0,0,0,0,0,0,0,0,0,0,0,0,0,0,0,0,0,0,0,0,0,0,0,0,0,0
neo-synthpop,0.64,0.71,131.01,0.19,-4.04,0.04,0.19,0.03,0.02,273103178,208,83,24544,11,0,0,0,0,0,0,0,0,0,0,0,0,0,0,0,0,0,0,0,0,0,0,0,0,0,0,0,0,0,0,0,0,0,0,0,0,0,0,0,0,0,0,0,0,0,0,0,0,0,0,0,0,0,0,0,0,0,0,0,0,0,0,0,0,0,728706,1,144,57,144,0,0,0,0,0,728706,1,144,57,144,0,0,0,0,0,0,0,0,0,0,0,0,0,0,0,0,0,0,0,0,0,0,0,0,0,0,0,0,0,0,0,0,0,0,0,0,0,0,0,0,0,0,0,0,0,0,0,0,0,0,272374472,207,82,24633,11,0,0,0,0,0,0,0,0,0,0,46512836,24,29,4128,11,61139327,30,22,5370,17,55899205,31,26,5425,19,36305695,30,64,4110,40,28786083,31,105,2976,80,23797756,31,138,1953,106,18040037,27,178,621,166,1893533,3,199,6,199,0,0,0,0,0,0,0,0,0,0,0,0,0,0,0,0,0,0,0,0,0,0,0,0,0,0,0,0,0,0,0,0,0,0,0,0,0,0,0,0,0,0,0,0,0,0,0,0,0,0,0,0,0,0,0,0,0,0,0,0,0,0,0,0,0,0,0,0,0,0,0,0,0,0,0
emo,0.57,0.85,128.08,0.55,-4.85,0.09,0.19,0.06,0.0,266823577,207,83,24426,18,16159723,30,165,1080,121,0,0,0,0,0,0,0,0,0,0,0,0,0,0,0,669783,1,138,63,138,0,0,0,0,0,544380,1,164,37,164,0,0,0,0,0,0,0,0,0,0,3062867,6,181,120,164,11281485,21,162,819,121,601208,1,163,38,163,0,0,0,0,0,1656559,3,186,45,178,1656559,3,186,45,178,0,0,0,0,0,0,0,0,0,0,0,0,0,0,0,0,0,0,0,0,0,0,0,0,0,0,0,0,0,0,0,0,0,0,0,0,0,0,0,0,0,0,0,0,0,0,0,0,0,0,0,0,0,0,0,249007295,174,67,23316,18,0,0,0,0,0,5782535,8,166,280,107,0,0,0,0,0,4197465,5,125,380,63,48134212,31,48,4743,20,62297555,30,20,5430,18,56914853,31,30,5301,19,41785308,31,49,4712,32,24517541,30,127,2220,80,5377826,8,182,152,154,0,0,0,0,0,0,0,0,0,0,0,0,0,0,0,0,0,0,0,0,0,0,0,0,0,0,0,0,0,0,0,0,0,0,0,0,0,0,0,0,0,0,0,0,0,0,0,0,0,0,0,0,0,0,0,0,0,0,0,0,0,0,0,0,0,0,0,0,0,0,0,0,0,0,0
brazilian edm,0.79,0.7,128.68,0.54,-5.38,0.08,0.1,0.43,0.0,215482160,251,104,24347,26,202520571,231,98,23793,26,44616520,31,31,5270,26,40162567,27,33,4536,27,29056226,31,77,3844,47,24890423,30,85,3480,74,22644374,35,127,2590,90,17253373,30,139,1860,113,16172050,31,150,1581,130,7725038,16,166,560,140,0,0,0,0,0,0,0,0,0,0,0,0,0,0,0,0,0,0,0,0,2625451,4,168,132,150,0,0,0,0,0,0,0,0,0,0,0,0,0,0,0,0,0,0,0,0,0,0,0,0,0,0,0,0,0,0,0,0,0,0,0,0,0,0,0,0,0,0,0,0,0,0,0,0,0,0,0,0,0,0,0,2625451,4,168,132,150,10336138,16,174,432,140,7601005,12,174,324,140,1366580,2,182,38,180,1368553,2,162,78,155,0,0,0,0,0,0,0,0,0,0,0,0,0,0,0,0,0,0,0,0,0,0,0,0,0,0,0,0,0,0,0,0,0,0,0,0,0,0,0,0,0,0,0,0,0,0,0,0,0,0,0,0,0,0,0,0,0,0,0,0,0,0,0,0,0,0,0,0,0,0,0,0,0,0,0,0,0,0,0,0,0,0,0,0,0,0,0,0,0,0,0,0,0,0,0,0,0,0,0,0,0,0,0,0,0,0,0,0,0,0
modern reggae,0.64,0.69,126.38,0.46,-5.67,0.13,0.22,0.05,0.01,283346449,255,106,24225,6,280158575,251,105,24096,6,11149779,28,184,476,165,63654128,45,105,4320,6,85945105,44,60,6204,8,50644542,33,44,5181,19,28886261,32,85,3712,52,20230672,29,109,2668,75,15188009,30,156,1350,128,4460079,10,187,140,175,0,0,0,0,0,0,0,0,0,0,0,0,0,0,0,0,0,0,0,0,0,0,0,0,0,0,0,0,0,0,0,0,0,0,0,0,0,0,0,0,0,0,0,0,0,0,0,0,0,0,0,0,0,0,0,0,0,0,0,0,0,0,0,0,0,0,0,0,0,0,0,0,0,0,0,0,0,0,0,0,0,0,0,0,0,3187874,4,141,240,102,0,0,0,0,0,0,0,0,0,0,0,0,0,0,0,0,0,0,0,0,801943,1,148,53,148,0,0,0,0,0,2385931,3,139,186,102,0,0,0,0,0,0,0,0,0,0,0,0,0,0,0,0,0,0,0,0,0,0,0,0,0,0,0,0,0,0,0,0,0,0,0,0,0,0,0,0,0,0,0,0,0,0,0,0,0,0,0,0,0,0,0,0,0,0,0,0,0,0,0,0,0,0,0,0,0,0,0,0,0,0,0,0,0,0,0,0,0,0,0,0,0,0,0,0,0,0
nova mpb,0.74,0.66,124.25,0.59,-6.09,0.07,0.09,0.2,0.0,203780367,233,99,23766,26,202520571,231,98,23793,26,44616520,31,31,5270,26,40162567,27,33,4536,27,29056226,31,77,3844,47,24890423,30,85,3480,74,22644374,35,127,2590,90,17253373,30,139,1860,113,16172050,31,150,1581,130,7725038,16,166,560,140,0,0,0,0,0,0,0,0,0,0,0,0,0,0,0,0,0,0,0,0,0,0,0,0,0,0,0,0,0,0,0,0,0,0,0,0,0,0,0,0,0,0,0,0,0,0,0,0,0,0,0,0,0,0,0,0,0,0,0,0,0,0,0,0,0,0,0,0,0,0,0,0,0,0,0,0,0,0,0,0,0,0,0,0,0,0,0,0,0,0,0,0,0,0,0,0,0,0,0,0,0,0,0,0,0,0,0,0,0,0,0,0,0,0,0,0,0,0,0,0,0,0,0,0,0,0,0,0,0,0,0,0,0,0,0,0,0,0,0,0,0,0,0,0,0,0,0,0,0,0,1259796,2,194,14,187,0,0,0,0,0,0,0,0,0,0,0,0,0,0,0,0,0,0,0,0,0,0,0,0,0,0,0,0,0,0,0,0,0,0,0,1259796,2,194,14,187,0,0,0,0,0,0,0,0,0,0,0,0,0,0,0,0,0,0,0,0
hard rock,0.51,0.8,123.7,0.59,-6.17,0.06,0.2,0.1,0.04,325724903,308,125,23408,5,12973515,19,140,1159,60,0,0,0,0,0,410106,1,199,2,199,0,0,0,0,0,0,0,0,0,0,3555937,5,129,360,60,0,0,0,0,0,457652,1,174,27,174,0,0,0,0,0,0,0,0,0,0,5399718,8,129,576,84,0,0,0,0,0,3150102,4,150,204,106,21143178,33,175,858,53,893078,2,196,10,194,0,0,0,0,0,1654699,3,185,48,176,469363,1,188,13,188,0,0,0,0,0,1193623,2,182,38,168,2223983,4,181,80,167,5541568,10,189,120,177,1116664,2,198,6,195,3300556,4,134,268,53,681839,1,148,53,148,4067805,4,144,228,110,220601043,162,90,17982,5,536163,1,195,6,195,0,0,0,0,0,0,0,0,0,0,1149277,2,196,10,195,0,0,0,0,0,3803403,6,190,66,180,10822215,17,185,272,156,10038749,16,186,240,165,69000688,25,15,4650,5,54011563,32,32,5408,19,39275604,31,54,4557,38,31963381,32,115,2752,61,71007167,94,166,3290,61,12517066,17,158,731,131,1721487,2,158,86,129,0,0,0,0,0,1891199,3,182,57,165,5904222,9,175,234,166,7313766,11,166,385,143,8284696,12,177,288,139,7281013,11,181,220,162,2756656,4,181,80,172,15135288,18,157,792,61,3575206,4,146,220,129,4626568,3,127,222,93
future house,0.67,0.84,126.67,0.36,-3.99,0.04,0.21,0.03,0.01,261928190,260,111,23400,24,0,0,0,0,0,0,0,0,0,0,0,0,0,0,0,0,0,0,0,0,0,0,0,0,0,0,0,0,0,0,0,0,0,0,0,0,0,0,0,0,0,0,0,0,0,0,0,0,0,0,0,0,0,0,0,0,0,0,0,0,0,0,0,0,0,189171899,161,79,19642,24,0,0,0,0,0,4917643,6,110,546,59,42525053,31,48,4743,24,52228084,30,32,5070,24,41791716,31,49,4712,40,26990536,30,94,3210,61,18776370,30,159,1260,138,1072899,2,190,22,188,0,0,0,0,0,0,0,0,0,0,0,0,0,0,0,869598,1,127,74,127,45647885,63,164,2331,75,0,0,0,0,0,11749587,16,163,608,96,9640384,14,176,350,166,0,0,0,0,0,0,0,0,0,0,0,0,0,0,0,0,0,0,0,0,0,0,0,0,0,0,0,0,0,0,0,0,0,0,0,15677387,22,159,924,117,8580527,11,160,451,75,27108406,36,166,1260,134,22821591,30,162,1170,134,4286815,6,184,102,169,0,0,0,0,0,0,0,0,0,0,0,0,0,0,0,0,0,0,0,0,0,0,0,0,0,0,0,0,0,0,0,0,0,0,0,0,0,0,0,0,0,0,0,0,0,0,0,0,0,0
melodic dubstep,0.52,0.67,128.73,0.31,-5.89,0.04,0.14,0.18,0.0,265739033,243,108,22599,26,503393,1,176,25,176,0,0,0,0,0,0,0,0,0,0,503393,1,176,25,176,0,0,0,0,0,0,0,0,0,0,0,0,0,0,0,0,0,0,0,0,0,0,0,0,0,0,0,0,0,0,0,0,0,0,0,0,0,0,0,0,0,0,0,0,0,0,0,0,0,0,0,0,0,0,0,0,0,0,0,0,0,0,0,0,0,0,0,0,0,0,0,0,0,0,0,0,0,0,0,0,0,0,0,0,0,0,0,0,0,0,0,0,0,0,0,0,0,0,0,0,0,0,0,0,0,0,0,0,0,0,202554939,152,66,20520,26,0,0,0,0,0,0,0,0,0,0,0,0,0,0,0,0,0,0,0,0,0,0,0,0,0,0,0,0,0,0,10331434,6,32,1014,28,52368387,32,36,5280,26,44334212,30,44,4710,32,44947684,31,42,4929,37,32732806,30,75,3780,43,17840416,23,163,874,130,62680701,90,177,2160,141,20446809,28,171,840,141,17455499,24,173,672,148,11543757,17,184,289,162,13234636,21,187,294,167,0,0,0,0,0,0,0,0,0,0,0,0,0,0,0,0,0,0,0,0,0,0,0,0,0,0,0,0,0,0,0,0,0,0,0,0,0,0,0,0
candy pop,0.74,0.74,114.55,0.6,-5.16,0.06,0.12,0.05,0.0,232860799,320,132,22080,23,84977740,134,138,8442,59,0,0,0,0,0,0,0,0,0,0,0,0,0,0,0,8845306,12,114,1044,59,21790672,36,139,2232,82,471697,1,187,14,187,2311062,4,133,272,87,11540045,24,168,792,125,0,0,0,0,0,0,0,0,0,0,19269917,27,114,2349,81,20749041,30,141,1800,111,124497856,159,126,11925,47,17002471,28,161,1120,105,2199118,4,196,20,189,0,0,0,0,0,0,0,0,0,0,21086470,21,76,2625,47,28571356,31,88,3503,69,3679442,6,164,222,153,0,0,0,0,0,1359238,2,165,72,133,28034372,40,148,2120,99,22565389,27,120,2187,81,0,0,0,0,0,23385203,27,133,1836,23,0,0,0,0,0,1750446,2,142,118,98,0,0,0,0,0,0,0,0,0,0,1593528,2,161,80,140,18648089,21,125,1596,23,1393140,2,186,30,182,0,0,0,0,0,0,0,0,0,0,0,0,0,0,0,0,0,0,0,0,0,0,0,0,0,0,0,0,0,0,0,0,0,0,0,0,0,0,0,0,0,0,0,0,0,0,0,0,0,0,0,0,0,0,0,0,0,0,0,0,0,0,0,0,0,0,0,0,0,0,0,0,0,0,0,0,0,0,0,0,0,0,0,0,0,0,0,0,0,0
alternative metal,0.51,0.78,121.26,0.42,-6.13,0.07,0.22,0.07,0.1,249644684,344,137,22016,7,199454484,284,134,19028,7,0,0,0,0,0,6582190,11,133,748,54,2042033,4,165,144,144,449573,1,199,2,199,11722341,20,155,920,60,0,0,0,0,0,123393265,144,112,12816,7,36565426,68,150,3468,81,8285115,15,167,510,103,9921573,20,183,360,147,492968,1,190,11,190,0,0,0,0,0,793624,1,124,77,124,0,0,0,0,0,0,0,0,0,0,0,0,0,0,0,0,0,0,0,0,0,0,0,0,0,0,0,0,0,0,0,0,0,0,0,0,0,0,0,0,0,0,0,0,0,793624,1,124,77,124,0,0,0,0,0,0,0,0,0,0,37580490,43,139,2666,62,0,0,0,0,0,0,0,0,0,0,3317845,3,89,336,62,4439851,5,124,385,92,14935142,18,155,828,82,0,0,0,0,0,0,0,0,0,0,14887652,17,134,1139,65,0,0,0,0,0,0,0,0,0,0,0,0,0,0,0,0,0,0,0,0,11816086,16,175,416,84,0,0,0,0,0,0,0,0,0,0,0,0,0,0,0,0,0,0,0,0,0,0,0,0,0,0,0,0,0,0,0,0,0,0,0,684536,1,186,15,186,0,0,0,0,0,9042294,13,184,221,165,2089256,2,110,182,84,0,0,0,0,0
motown,0.62,0.62,120.35,0.74,-9.68,0.07,0.19,0.3,0.0,326299221,265,118,21995,11,18147742,22,133,1496,56,1180599,3,163,114,142,0,0,0,0,0,0,0,0,0,0,0,0,0,0,0,0,0,0,0,0,0,0,0,0,0,0,0,0,0,0,0,0,0,0,0,1103297,2,169,64,153,501860,1,187,14,187,0,0,0,0,0,15361986,16,120,1296,56,76021724,75,127,5550,20,2356962,4,137,256,115,0,0,0,0,0,0,0,0,0,0,0,0,0,0,0,0,0,0,0,0,2687838,3,105,288,87,3346129,5,155,230,106,0,0,0,0,0,7269771,11,162,429,70,0,0,0,0,0,0,0,0,0,0,60361024,52,118,4316,20,78501516,67,120,5427,23,580288,1,168,33,168,0,0,0,0,0,0,0,0,0,0,0,0,0,0,0,0,0,0,0,0,0,0,0,0,0,0,0,0,0,0,0,0,0,0,0,2600236,3,114,261,73,715520,1,183,18,183,784388,1,140,61,140,73821084,61,119,5002,23,153628239,101,105,9696,11,0,0,0,0,0,0,0,0,0,0,0,0,0,0,0,5606248,7,130,497,82,0,0,0,0,0,2084130,2,117,168,51,722328,1,165,36,165,0,0,0,0,0,6168569,7,138,441,62,829801,1,167,34,167,13093074,12,120,972,37,125124089,71,95,7526,11
trap venezolano,0.88,0.78,102.02,0.71,-4.25,0.12,0.09,0.04,0.0,209597510,192,87,21888,43,0,0,0,0,0,0,0,0,0,0,0,0,0,0,0,0,0,0,0,0,0,0,0,0,0,0,0,0,0,0,0,0,0,0,0,0,0,0,0,0,0,0,0,0,0,0,0,0,0,0,0,0,0,0,0,0,0,0,0,0,0,0,0,0,0,0,0,0,0,0,0,0,0,0,0,0,0,0,0,0,0,0,0,0,0,0,0,0,0,0,0,0,0,0,0,0,0,0,0,0,0,0,0,0,0,0,0,0,0,0,0,0,0,0,0,0,0,0,0,0,0,0,0,0,0,0,0,0,0,0,209597510,192,87,21888,43,20033374,21,102,2079,63,37121948,28,58,4004,51,41832604,31,53,4588,43,36459322,30,66,4050,54,34093026,31,74,3937,58,26171742,30,111,2700,91,12670470,19,174,513,152,1215024,2,198,6,198,0,0,0,0,0,0,0,0,0,0,0,0,0,0,0,0,0,0,0,0,0,0,0,0,0,0,0,0,0,0,0,0,0,0,0,0,0,0,0,0,0,0,0,0,0,0,0,0,0,0,0,0,0,0,0,0,0,0,0,0,0,0,0,0,0,0,0,0,0,0,0,0,0,0,0,0,0,0,0,0,0,0,0,0,0
nu metal,0.52,0.78,118.97,0.42,-5.91,0.07,0.21,0.07,0.11,243667177,334,136,21710,7,193476977,274,134,18358,7,0,0,0,0,0,6582190,11,133,748,54,2042033,4,165,144,144,449573,1,199,2,199,11254572,19,153,912,60,0,0,0,0,0,123393265,144,112,12816,7,35944124,67,150,3417,81,3396679,7,187,98,156,9921573,20,183,360,147,492968,1,190,11,190,0,0,0,0,0,793624,1,124,77,124,0,0,0,0,0,0,0,0,0,0,0,0,0,0,0,0,0,0,0,0,0,0,0,0,0,0,0,0,0,0,0,0,0,0,0,0,0,0,0,0,0,0,0,0,0,793624,1,124,77,124,0,0,0,0,0,0,0,0,0,0,37580490,43,139,2666,62,0,0,0,0,0,0,0,0,0,0,3317845,3,89,336,62,4439851,5,124,385,92,14935142,18,155,828,82,0,0,0,0,0,0,0,0,0,0,14887652,17,134,1139,65,0,0,0,0,0,0,0,0,0,0,0,0,0,0,0,0,0,0,0,0,11816086,16,175,416,84,0,0,0,0,0,0,0,0,0,0,0,0,0,0,0,0,0,0,0,0,0,0,0,0,0,0,0,0,0,0,0,0,0,0,0,684536,1,186,15,186,0,0,0,0,0,9042294,13,184,221,165,2089256,2,110,182,84,0,0,0,0,0
outlaw country,0.67,0.71,94.75,0.48,-6.19,0.06,0.23,0.05,0.01,203192331,162,68,21546,21,0,0,0,0,0,0,0,0,0,0,0,0,0,0,0,0,0,0,0,0,0,0,0,0,0,0,0,0,0,0,0,0,0,0,0,0,0,0,0,0,0,0,0,0,0,0,0,0,0,0,0,0,0,0,0,0,0,0,0,0,0,0,0,0,0,184992257,143,62,19877,21,8339167,6,47,924,32,44921557,28,34,4676,21,47204564,31,37,5084,33,43875700,30,43,4740,32,29454813,31,86,3565,55,11196456,17,146,935,107,0,0,0,0,0,0,0,0,0,0,0,0,0,0,0,0,0,0,0,0,0,0,0,0,0,0,0,0,0,0,18200074,19,115,1634,37,0,0,0,0,0,0,0,0,0,0,0,0,0,0,0,0,0,0,0,0,0,0,0,0,0,0,0,0,0,0,18200074,19,115,1634,37,0,0,0,0,0,0,0,0,0,0,0,0,0,0,0,0,0,0,0,0,0,0,0,0,0,0,0,0,0,0,0,0,0,0,0,0,0,0,0,0,0,0,0,0,0,0,0,0,0,0,0,0,0,0,0,0,0,0,0,0,0,0,0,0,0,0,0,0,0,0,0,0,0,0,0,0,0,0,0,0,0,0,0,0,0,0,0,0,0,0
rap dominicano,0.82,0.82,129.98,0.72,-3.7,0.09,0.14,0.24,0.01,292790015,359,141,21540,39,0,0,0,0,0,0,0,0,0,0,0,0,0,0,0,0,0,0,0,0,0,0,0,0,0,0,0,0,0,0,0,0,0,0,0,0,0,0,0,0,0,0,0,0,0,0,0,0,0,0,0,0,0,0,0,0,0,0,0,0,0,0,0,0,0,0,0,0,0,0,0,0,0,0,0,0,0,0,0,0,0,0,0,0,0,0,0,0,0,0,0,0,0,0,0,0,0,0,0,0,0,0,0,0,0,0,0,0,0,0,0,0,0,0,0,0,0,0,0,0,0,0,0,0,0,0,0,0,0,0,123440073,151,134,10117,59,0,0,0,0,0,3969303,6,184,102,160,21194087,31,176,775,152,3847547,6,195,36,190,0,0,0,0,0,0,0,0,0,0,0,0,0,0,0,0,0,0,0,0,16076547,18,104,1746,59,29139085,31,93,3348,71,25940612,30,104,2910,80,23272892,29,159,1218,100,169349942,208,146,11440,39,17462419,23,158,989,119,21159406,28,163,1064,127,0,0,0,0,0,0,0,0,0,0,14070541,19,145,1064,112,23019007,30,123,2340,101,32390842,44,159,1848,117,25448447,37,170,1147,149,0,0,0,0,0,0,0,0,0,0,0,0,0,0,0,35799280,27,90,2997,39
swing,0.51,0.28,125.96,0.55,-11.91,0.07,0.22,0.74,0.01,284953140,229,109,21068,10,52287576,56,120,4536,10,0,0,0,0,0,0,0,0,0,0,0,0,0,0,0,0,0,0,0,0,0,0,0,0,0,0,0,0,0,0,0,0,0,0,0,0,0,0,0,0,0,0,0,0,0,0,0,0,0,0,969870,2,184,34,182,51317706,54,118,4482,10,85871260,71,104,6887,12,0,0,0,0,0,0,0,0,0,0,0,0,0,0,0,0,0,0,0,0,0,0,0,0,0,12812242,11,71,1430,34,0,0,0,0,0,0,0,0,0,0,0,0,0,0,0,0,0,0,0,0,4776700,7,164,259,130,68282318,53,103,5194,12,65998087,50,105,4800,17,0,0,0,0,0,0,0,0,0,0,0,0,0,0,0,0,0,0,0,0,0,0,0,0,0,0,0,0,0,0,0,0,0,0,0,0,0,0,0,0,0,0,0,0,0,0,0,0,0,0,1642822,2,132,138,102,64355265,48,104,4656,17,80796217,52,108,4836,20,0,0,0,0,0,0,0,0,0,0,0,0,0,0,0,0,0,0,0,0,0,0,0,0,0,0,0,0,0,0,0,0,0,0,0,0,0,0,0,0,0,0,0,0,0,0,0,0,0,0,2922041,3,137,192,99,77874176,49,107,4606,20
uk alternative pop,0.56,0.48,114.88,0.25,-8.36,0.1,0.12,0.5,0.01,205537438,205,100,20705,26,0,0,0,0,0,0,0,0,0,0,0,0,0,0,0,0,0,0,0,0,0,0,0,0,0,0,0,0,0,0,0,0,0,0,0,0,0,0,0,0,0,0,0,0,0,0,0,0,0,0,0,0,0,0,0,0,0,0,0,0,0,0,0,0,0,198595698,196,98,20188,26,14491609,20,130,1420,97,49268511,40,82,4760,26,47645558,31,37,5084,27,32221824,31,77,3844,54,27782245,33,106,3135,76,22343610,34,154,1598,111,0,0,0,0,0,0,0,0,0,0,0,0,0,0,0,0,0,0,0,0,4842341,7,156,315,102,0,0,0,0,0,6941740,9,153,432,58,4819380,6,146,330,58,0,0,0,0,0,0,0,0,0,0,2122360,3,169,96,168,0,0,0,0,0,0,0,0,0,0,0,0,0,0,0,0,0,0,0,0,0,0,0,0,0,0,0,0,0,0,0,0,0,0,0,0,0,0,0,0,0,0,0,0,0,0,0,0,0,0,0,0,0,0,0,0,0,0,0,0,0,0,0,0,0,0,0,0,0,0,0,0,0,0,0,0,0,0,0,0,0,0,0,0,0,0,0,0,0,0,0,0,0,0,0,0,0,0,0,0,0,0,0,0,0
dembow,0.85,0.84,120.49,0.75,-3.42,0.1,0.14,0.22,0.01,263779078,316,136,20540,39,0,0,0,0,0,0,0,0,0,0,0,0,0,0,0,0,0,0,0,0,0,0,0,0,0,0,0,0,0,0,0,0,0,0,0,0,0,0,0,0,0,0,0,0,0,0,0,0,0,0,0,0,0,0,0,0,0,0,0,0,0,0,0,0,0,0,0,0,0,0,0,0,0,0,0,0,0,0,0,0,0,0,0,0,0,0,0,0,0,0,0,0,0,0,0,0,0,0,0,0,0,0,0,0,0,0,0,0,0,0,0,0,0,0,0,0,0,0,0,0,0,0,0,0,0,0,0,0,0,0,94429136,108,116,9180,59,0,0,0,0,0,0,0,0,0,0,0,0,0,0,0,0,0,0,0,0,0,0,0,0,0,0,0,0,0,0,0,0,0,0,0,0,0,0,0,0,16076547,18,104,1746,59,29139085,31,93,3348,71,25940612,30,104,2910,80,23272892,29,159,1218,100,169349942,208,146,11440,39,17462419,23,158,989,119,21159406,28,163,1064,127,0,0,0,0,0,0,0,0,0,0,14070541,19,145,1064,112,23019007,30,123,2340,101,32390842,44,159,1848,117,25448447,37,170,1147,149,0,0,0,0,0,0,0,0,0,0,0,0,0,0,0,35799280,27,90,2997,39
boston hip hop,0.86,0.76,138.68,0.6,-6.37,0.24,0.16,0.12,0.04,273829115,191,96,20055,1,0,0,0,0,0,0,0,0,0,0,0,0,0,0,0,0,0,0,0,0,0,0,0,0,0,0,0,0,0,0,0,0,0,0,0,0,0,0,0,0,0,0,0,0,0,0,0,0,0,0,0,0,0,0,0,0,0,0,0,0,0,0,0,0,0,215065218,120,71,15600,1,0,0,0,0,0,0,0,0,0,0,0,0,0,0,0,0,0,0,0,0,0,0,0,0,0,0,0,0,0,0,0,0,0,0,0,4917821,1,3,198,3,109789569,30,5,5880,1,50147427,31,38,5053,14,28327244,30,98,3090,56,21883157,28,150,1428,131,58018934,70,139,4340,46,21240309,31,165,1116,128,1944890,3,198,9,194,629275,1,196,5,196,0,0,0,0,0,11420373,8,50,1208,46,22784087,27,125,2052,66,0,0,0,0,0,0,0,0,0,0,0,0,0,0,0,0,0,0,0,0,0,0,0,0,0,0,0,0,0,0,744963,1,172,29,172,0,0,0,0,0,0,0,0,0,0,744963,1,172,29,172,0,0,0,0,0,0,0,0,0,0,0,0,0,0,0,0,0,0,0,0,0,0,0,0,0,0,0,0,0,0,0,0,0,0,0,0,0,0,0,0,0,0,0,0,0
blues rock,0.57,0.71,144.83,0.73,-7.95,0.08,0.17,0.26,0.01,263050107,194,99,19788,8,36946295,36,104,3492,8,0,0,0,0,0,0,0,0,0,0,482336,1,176,25,176,0,0,0,0,0,0,0,0,0,0,0,0,0,0,0,457652,1,174,27,174,531101,1,157,44,157,0,0,0,0,0,0,0,0,0,0,0,0,0,0,0,35475206,33,98,3399,8,59084089,44,95,4664,11,0,0,0,0,0,0,0,0,0,0,0,0,0,0,0,0,0,0,0,0,0,0,0,0,0,0,0,0,0,0,0,0,0,0,0,0,0,0,0,0,0,0,0,0,0,0,0,0,0,0,1343716,2,174,54,159,57740373,42,91,4620,11,70497190,56,105,5376,14,0,0,0,0,0,0,0,0,0,0,791570,1,163,38,163,2893085,3,110,273,63,0,0,0,0,0,0,0,0,0,0,702508,1,156,45,156,0,0,0,0,0,0,0,0,0,0,4365754,6,160,246,138,1637735,2,138,126,95,60106538,43,92,4687,14,96522533,58,94,6206,14,0,0,0,0,0,0,0,0,0,0,0,0,0,0,0,0,0,0,0,0,0,0,0,0,0,0,0,0,0,0,1438538,2,156,90,139,0,0,0,0,0,0,0,0,0,0,0,0,0,0,0,8904161,8,124,616,35,86179834,48,86,5520,14
colombian hip hop,0.74,0.8,125.33,0.78,-4.87,0.09,0.25,0.08,0.0,214377066,240,119,19680,55,0,0,0,0,0,0,0,0,0,0,0,0,0,0,0,0,0,0,0,0,0,0,0,0,0,0,0,0,0,0,0,0,0,0,0,0,0,0,0,0,0,0,0,0,0,0,0,0,0,0,0,0,0,0,0,0,0,0,0,0,0,0,0,0,0,0,0,0,0,0,0,0,0,0,0,0,0,0,0,0,0,0,0,0,0,0,0,0,0,0,0,0,0,0,0,0,0,0,0,0,0,0,0,0,0,0,0,0,0,0,0,0,0,0,0,0,0,0,0,0,0,0,0,0,0,0,0,0,0,0,161148413,181,118,15023,55,0,0,0,0,0,10339701,14,157,616,135,23099667,31,151,1550,122,12193559,19,189,228,174,0,0,0,0,0,0,0,0,0,0,0,0,0,0,0,0,0,0,0,0,19729459,25,135,1650,100,30957906,31,82,3689,60,33211304,30,63,4140,55,31616817,31,100,3131,69,53228653,59,120,4779,83,29830721,31,103,3038,83,22589364,27,138,1701,96,0,0,0,0,0,0,0,0,0,0,0,0,0,0,0,0,0,0,0,0,0,0,0,0,0,808568,1,151,50,151,0,0,0,0,0,0,0,0,0,0,0,0,0,0,0,0,0,0,0,0
indie folk,0.48,0.46,122.07,0.28,-9.53,0.08,0.31,0.69,0.04,241831364,260,126,19500,3,101022300,155,139,9610,51,0,0,0,0,0,438573,1,200,1,200,0,0,0,0,0,16263623,21,108,1953,64,32963571,31,68,4123,51,17413638,29,137,1856,72,13278660,28,169,896,155,10046905,22,178,506,159,6949900,15,186,225,173,3667430,8,197,32,189,0,0,0,0,0,0,0,0,0,0,15850886,25,164,925,119,0,0,0,0,0,1113040,2,192,18,186,0,0,0,0,0,0,0,0,0,0,5910803,9,149,468,134,7847265,13,174,351,142,0,0,0,0,0,0,0,0,0,0,979778,1,119,82,119,0,0,0,0,0,0,0,0,0,0,0,0,0,0,0,1479121,2,171,60,152,0,0,0,0,0,697812,1,190,11,190,0,0,0,0,0,0,0,0,0,0,0,0,0,0,0,0,0,0,0,0,0,0,0,0,0,781309,1,152,49,152,0,0,0,0,0,0,0,0,0,0,0,0,0,0,0,0,0,0,0,0,123479057,78,87,8892,3,0,0,0,0,0,0,0,0,0,0,0,0,0,0,0,0,0,0,0,0,0,0,0,0,0,0,0,0,0,0,34077096,8,5,1568,3,50537317,31,50,4681,10,20694763,27,148,1431,93,665377,1,200,1,200,704471,1,198,3,198,16800033,10,85,1160,16
german pop,0.74,0.61,119.68,0.51,-7.14,0.18,0.14,0.28,0.01,245180673,337,144,19209,58,57657690,101,149,5252,87,12620634,30,172,870,157,2499803,6,193,48,182,0,0,0,0,0,0,0,0,0,0,0,0,0,0,0,0,0,0,0,0,0,0,0,0,0,0,0,0,0,0,0,0,0,0,0,14322808,21,116,1785,87,20240189,30,125,2280,100,7974256,14,179,308,142,28693941,41,149,2132,69,0,0,0,0,0,0,0,0,0,0,0,0,0,0,0,0,0,0,0,0,1271569,2,150,102,126,603534,1,194,7,194,0,0,0,0,0,20746383,28,135,1848,69,559120,1,194,7,194,5513335,9,183,162,164,0,0,0,0,0,0,0,0,0,0,89058917,107,133,7276,58,753901,1,169,32,169,3416867,5,189,60,186,5365618,6,123,468,85,5135516,7,164,259,137,27438191,31,120,2511,59,4784810,6,150,306,90,4505979,6,150,306,109,677725,1,191,10,191,700947,1,179,22,179,31580483,36,112,3204,58,4698880,7,187,98,173,0,0,0,0,0,69770125,88,151,4400,68,18040696,18,116,1530,72,2264457,3,167,102,150,675074,1,191,10,191,5326982,7,140,427,68,1760426,2,120,162,98,12601385,17,148,901,76,9743816,12,151,600,90,13906423,20,174,540,122,5450866,8,187,112,179,0,0,0,0,0,0,0,0,0,0,0,0,0,0,0
shiver pop,0.61,0.56,118.65,0.47,-6.81,0.12,0.12,0.22,0.0,172802219,212,111,19080,19,66759515,96,108,8928,61,21195346,31,87,3534,71,2690963,5,152,245,113,0,0,0,0,0,1190044,2,150,102,122,22718231,29,106,2755,61,18964931,29,122,2291,84,0,0,0,0,0,0,0,0,0,0,0,0,0,0,0,0,0,0,0,0,0,0,0,0,0,0,0,0,0,0,95548173,103,106,9785,19,6577380,9,134,603,100,20674122,28,122,2212,106,14594654,21,132,1449,111,0,0,0,0,0,0,0,0,0,0,0,0,0,0,0,0,0,0,0,0,0,0,0,0,0,0,0,0,0,0,22137514,13,32,2197,19,29639355,29,88,3277,43,1925148,3,199,6,198,0,0,0,0,0,0,0,0,0,0,0,0,0,0,0,0,0,0,0,0,0,0,0,0,0,0,0,0,0,0,0,0,0,0,0,0,0,0,0,0,0,0,0,0,0,0,0,0,0,0,0,0,0,0,0,0,0,0,0,0,0,0,0,0,0,10494531,13,171,390,128,0,0,0,0,0,0,0,0,0,0,0,0,0,0,0,0,0,0,0,0,0,0,0,0,0,0,0,0,0,0,0,0,0,0,0,754332,1,166,35,166,0,0,0,0,0,0,0,0,0,0,0,0,0,0,0,9740199,12,172,348,128
downtempo,0.54,0.55,120.38,0.32,-8.11,0.07,0.13,0.35,0.08,173789593,271,131,18970,37,107654735,184,134,12328,61,56823997,107,138,6741,62,7957532,17,174,459,113,0,0,0,0,0,1190044,2,150,102,122,22718231,29,106,2755,61,18964931,29,122,2291,84,0,0,0,0,0,0,0,0,0,0,0,0,0,0,0,0,0,0,0,0,0,0,0,0,0,0,0,0,0,0,65424438,86,123,6708,37,6577380,9,134,603,100,20674122,28,122,2212,106,14594654,21,132,1449,111,18083336,22,117,1848,53,5494946,6,106,570,37,0,0,0,0,0,0,0,0,0,0,0,0,0,0,0,0,0,0,0,0,0,0,0,0,0,0,0,0,0,0,0,0,0,0,0,710420,1,178,23,178,0,0,0,0,0,0,0,0,0,0,0,0,0,0,0,0,0,0,0,0,0,0,0,0,0,710420,1,178,23,178,0,0,0,0,0,0,0,0,0,0,0,0,0,0,0,0,0,0,0,0,0,0,0,0,0,0,0,0,0,0,0,0,0,0,0,0,0,0,0,0,0,0,0,0,0,0,0,0,0,0,0,0,0,0,0,0,0,0,0,0,0,0,0,0,0,0,0,0,0,0,0,0,0,0,0,0,0,0,0,0,0,0,0,0,0,0,0,0,0,0,0,0,0,0,0
post-grunge,0.54,0.79,119.61,0.48,-5.7,0.07,0.26,0.06,0.02,207694664,296,137,18944,7,196685419,280,134,18760,7,0,0,0,0,0,7057725,12,136,780,54,2042033,4,165,144,144,449573,1,199,2,199,7698635,14,162,546,84,0,0,0,0,0,123393265,144,112,12816,7,37344532,69,150,3519,81,8285115,15,167,510,103,9921573,20,183,360,147,492968,1,190,11,190,0,0,0,0,0,1282415,2,162,78,155,0,0,0,0,0,613337,1,170,31,170,0,0,0,0,0,669078,1,155,46,155,0,0,0,0,0,0,0,0,0,0,0,0,0,0,0,0,0,0,0,0,0,0,0,0,0,0,0,0,0,0,0,0,0,0,0,0,0,0,0,0,0,0,0,0,0,0,0,0,0,0,0,0,0,0,0,0,0,0,0,0,0,0,0,0,0,0,0,0,0,0,0,0,0,0,0,0,0,0,0,0,0,0,0,0,0,0,0,0,0,0,0,0,0,0,0,0,0,0,0,0,0,0,0,0,0,9726830,14,184,238,165,0,0,0,0,0,0,0,0,0,0,0,0,0,0,0,0,0,0,0,0,0,0,0,0,0,0,0,0,0,0,0,0,0,0,0,684536,1,186,15,186,0,0,0,0,0,9042294,13,184,221,165,0,0,0,0,0,0,0,0,0,0
french hip hop,0.77,0.67,127.36,0.49,-6.59,0.19,0.13,0.31,0.01,254498030,300,138,18900,27,1028307,2,198,6,195,0,0,0,0,0,0,0,0,0,0,0,0,0,0,0,0,0,0,0,0,0,0,0,0,0,0,0,0,0,0,0,0,0,0,0,0,0,0,0,0,481429,1,195,6,195,0,0,0,0,0,0,0,0,0,0,546878,1,200,1,200,11853089,18,151,900,103,0,0,0,0,0,0,0,0,0,0,0,0,0,0,0,0,0,0,0,0,0,0,0,0,0,5568619,9,159,378,110,0,0,0,0,0,2028477,3,141,180,103,2777352,4,144,228,104,0,0,0,0,0,1478641,2,148,106,135,0,0,0,0,0,131285206,151,140,9211,27,0,0,0,0,0,3488584,5,172,145,144,28894311,28,119,2296,27,38271108,41,127,3034,60,0,0,0,0,0,17033852,20,138,1260,63,4505979,6,150,306,109,0,0,0,0,0,706008,1,193,8,193,15719311,21,143,1218,87,1686129,2,119,164,116,20979924,27,170,837,102,110331428,129,132,8901,55,8349519,10,168,330,125,0,0,0,0,0,10632987,11,118,913,76,0,0,0,0,0,0,0,0,0,0,14070853,19,135,1254,98,0,0,0,0,0,11869934,14,126,1050,101,45256419,49,115,4214,55,19359019,25,158,1075,95,792697,1,176,25,176,0,0,0,0,0
musical advocacy,0.61,0.59,113.71,0.3,-7.28,0.03,0.11,0.26,0.0,229389106,134,61,18760,3,40816958,32,70,4192,3,0,0,0,0,0,0,0,0,0,0,0,0,0,0,0,0,0,0,0,0,0,0,0,0,0,0,0,0,0,0,0,0,0,0,0,0,0,0,0,0,0,0,0,0,0,0,0,0,0,0,3323391,6,159,252,136,37493567,26,50,3926,3,63521870,36,58,5148,8,0,0,0,0,0,0,0,0,0,0,0,0,0,0,0,0,0,0,0,0,0,0,0,0,0,0,0,0,0,0,0,0,0,0,0,0,0,0,0,0,0,0,0,0,0,0,0,0,0,0,7571723,9,124,693,82,55950147,27,36,4455,8,51851414,31,60,4371,12,0,0,0,0,0,0,0,0,0,0,0,0,0,0,0,0,0,0,0,0,0,0,0,0,0,0,0,0,0,0,0,0,0,0,0,0,0,0,0,0,0,0,0,0,0,0,0,0,0,0,4205362,5,130,355,59,47646052,26,46,4030,12,73198864,35,59,4970,12,0,0,0,0,0,0,0,0,0,0,0,0,0,0,0,0,0,0,0,0,0,0,0,0,0,0,0,0,0,0,0,0,0,0,0,0,0,0,0,0,0,0,0,0,0,0,0,0,0,0,10166453,9,117,756,36,63032411,26,39,4212,12
funk paulista,0.73,0.61,114.62,0.66,-4.83,0.19,0.13,0.22,0.0,172941066,213,113,18744,58,27083014,44,138,2772,64,11692125,23,139,1426,75,0,0,0,0,0,0,0,0,0,0,0,0,0,0,0,0,0,0,0,0,0,0,0,0,0,883246,2,192,18,190,1366954,3,181,60,172,0,0,0,0,0,0,0,0,0,0,0,0,0,0,0,13140689,16,122,1264,64,139978064,160,103,15680,58,30631286,31,73,3968,60,28328335,28,71,3640,58,29603159,31,77,3844,60,28282148,35,113,3080,80,12911366,20,166,700,129,564110,1,192,9,192,0,0,0,0,0,0,0,0,0,0,0,0,0,0,0,0,0,0,0,0,2574293,4,189,48,177,7083367,10,163,380,121,5879988,9,170,279,109,3935741,6,162,234,109,0,0,0,0,0,1266318,2,186,30,175,0,0,0,0,0,0,0,0,0,0,0,0,0,0,0,0,0,0,0,0,0,0,0,0,0,677929,1,183,18,183,0,0,0,0,0,0,0,0,0,0,0,0,0,0,0,0,0,0,0,0,0,0,0,0,0,0,0,0,0,0,0,0,0,0,0,0,0,0,0,0,0,0,0,0,0,0,0,0,0,0,0,0,0,0,0,0,0,0,0,0,0,0,0,0,0,0,0,0,0,0,0,0,0,0,0,0,0,0,0,0
rap metal,0.55,0.83,116.72,0.47,-4.94,0.07,0.26,0.06,0.02,204227791,287,136,18655,7,186751404,264,133,17952,7,0,0,0,0,0,6582190,11,133,748,54,2042033,4,165,144,144,449573,1,199,2,199,4528999,9,172,261,136,0,0,0,0,0,123393265,144,112,12816,7,35944124,67,150,3417,81,3396679,7,187,98,156,9921573,20,183,360,147,492968,1,190,11,190,0,0,0,0,0,0,0,0,0,0,0,0,0,0,0,0,0,0,0,0,0,0,0,0,0,0,0,0,0,0,0,0,0,0,0,0,0,0,0,0,0,0,0,0,0,0,0,0,0,0,0,0,0,0,0,0,0,0,0,0,0,0,0,0,0,0,0,0,0,0,5660301,7,145,392,117,0,0,0,0,0,0,0,0,0,0,0,0,0,0,0,0,0,0,0,0,2377060,3,158,129,117,0,0,0,0,0,0,0,0,0,0,3283241,4,135,264,117,0,0,0,0,0,0,0,0,0,0,0,0,0,0,0,0,0,0,0,0,11816086,16,175,416,84,0,0,0,0,0,0,0,0,0,0,0,0,0,0,0,0,0,0,0,0,0,0,0,0,0,0,0,0,0,0,0,0,0,0,0,684536,1,186,15,186,0,0,0,0,0,9042294,13,184,221,165,2089256,2,110,182,84,0,0,0,0,0
metal,0.46,0.89,125.1,0.45,-5.51,0.08,0.22,0.1,0.09,211712850,144,72,18576,5,613988,1,146,55,146,0,0,0,0,0,0,0,0,0,0,0,0,0,0,0,0,0,0,0,0,0,0,0,0,0,0,0,0,0,0,0,0,0,0,0,0,0,0,0,0,0,0,0,0,0,613988,1,146,55,146,0,0,0,0,0,0,0,0,0,0,815570,1,119,82,119,0,0,0,0,0,0,0,0,0,0,0,0,0,0,0,0,0,0,0,0,0,0,0,0,0,0,0,0,0,0,0,0,0,0,0,0,0,0,0,0,0,0,0,0,0,815570,1,119,82,119,0,0,0,0,0,0,0,0,0,0,188797872,115,53,17020,5,0,0,0,0,0,0,0,0,0,0,0,0,0,0,0,0,0,0,0,0,0,0,0,0,0,0,0,0,0,0,0,0,0,0,0,0,0,0,0,0,69000688,25,15,4650,5,52856588,31,31,5270,19,38526028,30,50,4530,38,28414568,29,112,2581,61,21485420,27,151,1350,61,11930166,16,155,736,131,1721487,2,158,86,129,0,0,0,0,0,0,0,0,0,0,0,0,0,0,0,0,0,0,0,0,0,0,0,0,0,0,0,0,0,0,0,0,0,0,0,7833767,9,143,522,61,0,0,0,0,0,0,0,0,0,0
pop urbaine,0.77,0.68,127.8,0.49,-6.5,0.19,0.14,0.3,0.01,247109270,291,138,18333,27,1028307,2,198,6,195,0,0,0,0,0,0,0,0,0,0,0,0,0,0,0,0,0,0,0,0,0,0,0,0,0,0,0,0,0,0,0,0,0,0,0,0,0,0,0,0,481429,1,195,6,195,0,0,0,0,0,0,0,0,0,0,546878,1,200,1,200,11853089,18,151,900,103,0,0,0,0,0,0,0,0,0,0,0,0,0,0,0,0,0,0,0,0,0,0,0,0,0,5568619,9,159,378,110,0,0,0,0,0,2028477,3,141,180,103,2777352,4,144,228,104,0,0,0,0,0,1478641,2,148,106,135,0,0,0,0,0,123896446,142,140,8662,27,0,0,0,0,0,3488584,5,172,145,144,28894311,28,119,2296,27,38271108,41,127,3034,60,0,0,0,0,0,14151071,17,144,969,63,0,0,0,0,0,0,0,0,0,0,706008,1,193,8,193,15719311,21,143,1218,87,1686129,2,119,164,116,20979924,27,170,837,102,110331428,129,132,8901,55,8349519,10,168,330,125,0,0,0,0,0,10632987,11,118,913,76,0,0,0,0,0,0,0,0,0,0,14070853,19,135,1254,98,0,0,0,0,0,11869934,14,126,1050,101,45256419,49,115,4214,55,19359019,25,158,1075,95,792697,1,176,25,176,0,0,0,0,0
birmingham metal,0.48,0.9,128.46,0.18,-1.61,0.11,0.26,0.05,0.0,202449525,133,67,17822,5,0,0,0,0,0,0,0,0,0,0,0,0,0,0,0,0,0,0,0,0,0,0,0,0,0,0,0,0,0,0,0,0,0,0,0,0,0,0,0,0,0,0,0,0,0,0,0,0,0,0,0,0,0,0,0,0,0,0,0,0,0,0,0,0,0,0,0,0,0,0,0,0,0,0,0,0,0,0,0,0,0,0,0,0,0,0,0,0,0,0,0,0,0,0,0,0,0,0,0,0,0,0,0,0,0,0,0,0,0,0,0,0,0,0,0,0,0,0,0,0,0,0,0,0,0,0,0,0,0,0,188797872,115,53,17020,5,0,0,0,0,0,0,0,0,0,0,0,0,0,0,0,0,0,0,0,0,0,0,0,0,0,0,0,0,0,0,0,0,0,0,0,0,0,0,0,0,69000688,25,15,4650,5,52856588,31,31,5270,19,38526028,30,50,4530,38,28414568,29,112,2581,61,13651653,18,155,828,129,11930166,16,155,736,131,1721487,2,158,86,129,0,0,0,0,0,0,0,0,0,0,0,0,0,0,0,0,0,0,0,0,0,0,0,0,0,0,0,0,0,0,0,0,0,0,0,0,0,0,0,0,0,0,0,0,0,0,0,0,0,0
folk rock,0.56,0.62,128.09,0.68,-9.2,0.03,0.21,0.19,0.02,223688091,151,83,17818,7,45138293,46,100,4646,7,0,0,0,0,0,0,0,0,0,0,0,0,0,0,0,0,0,0,0,0,0,0,0,0,0,0,0,0,0,0,0,0,0,0,0,0,0,0,0,0,0,0,0,0,0,11107956,16,130,1136,51,1055324,2,166,70,165,32975013,28,77,3472,7,54873552,35,77,4340,8,0,0,0,0,0,0,0,0,0,0,0,0,0,0,0,0,0,0,0,0,0,0,0,0,0,0,0,0,0,0,0,0,0,0,0,0,0,0,0,0,0,0,0,0,0,0,0,0,0,0,4741666,7,168,231,136,50131886,28,54,4116,8,52707309,32,70,4192,9,0,0,0,0,0,0,0,0,0,0,0,0,0,0,0,0,0,0,0,0,0,0,0,0,0,0,0,0,0,0,0,0,0,0,0,0,0,0,0,0,0,0,0,0,0,0,0,0,0,0,2524695,3,135,198,77,50182614,29,63,4002,9,70968937,38,79,4636,16,0,0,0,0,0,0,0,0,0,0,0,0,0,0,0,0,0,0,0,0,0,0,0,0,0,0,0,0,0,0,668063,1,198,3,198,0,0,0,0,0,0,0,0,0,0,0,0,0,0,0,6225541,6,134,402,55,64075333,31,64,4247,16
singer-songwriter,0.62,0.52,125.66,0.56,-9.54,0.03,0.18,0.36,0.03,188183341,190,108,17670,15,16742481,26,138,1638,51,6489255,13,150,663,62,0,0,0,0,0,0,0,0,0,0,0,0,0,0,0,0,0,0,0,0,0,0,0,0,0,0,0,0,0,0,0,0,0,0,0,0,0,0,0,0,7114189,10,130,710,51,0,0,0,0,0,3139037,3,107,282,79,77964696,87,108,8091,46,0,0,0,0,0,0,0,0,0,0,0,0,0,0,0,0,0,0,0,0,9300209,12,133,816,66,30938204,30,72,3870,52,24576970,31,115,2666,71,2139566,4,187,56,170,0,0,0,0,0,0,0,0,0,0,0,0,0,0,0,11009747,10,133,680,46,85891174,72,96,7560,15,0,0,0,0,0,2832943,3,126,225,64,0,0,0,0,0,41519832,26,44,4082,15,25774937,29,124,2233,66,756271,1,166,35,166,0,0,0,0,0,0,0,0,0,0,904926,1,121,80,121,0,0,0,0,0,0,0,0,0,0,14102265,12,126,900,45,7584990,5,116,425,55,0,0,0,0,0,0,0,0,0,0,0,0,0,0,0,797681,1,123,78,123,0,0,0,0,0,0,0,0,0,0,0,0,0,0,0,0,0,0,0,0,0,0,0,0,0,0,0,0,0,0,0,0,0,0,0,6787309,4,114,348,55
indie electropop,0.67,0.68,104.01,0.51,-6.78,0.05,0.16,0.13,0.0,150172070,197,112,17533,22,146502114,190,109,17480,22,70590506,72,76,9000,22,39999544,58,118,4814,45,20888535,32,124,2464,83,14604018,27,153,1296,118,419511,1,200,1,200,0,0,0,0,0,0,0,0,0,0,0,0,0,0,0,0,0,0,0,0,0,0,0,0,0,0,0,0,0,0,0,0,0,0,0,3669956,7,196,35,194,0,0,0,0,0,1569113,3,198,9,196,2100843,4,196,20,194,0,0,0,0,0,0,0,0,0,0,0,0,0,0,0,0,0,0,0,0,0,0,0,0,0,0,0,0,0,0,0,0,0,0,0,0,0,0,0,0,0,0,0,0,0,0,0,0,0,0,0,0,0,0,0,0,0,0,0,0,0,0,0,0,0,0,0,0,0,0,0,0,0,0,0,0,0,0,0,0,0,0,0,0,0,0,0,0,0,0,0,0,0,0,0,0,0,0,0,0,0,0,0,0,0,0,0,0,0,0,0,0,0,0,0,0,0,0,0,0,0,0,0,0,0,0,0,0,0,0,0,0,0,0,0,0,0,0,0,0,0,0,0,0,0,0,0,0,0,0,0,0,0,0,0,0,0,0,0,0,0,0,0,0,0,0,0,0,0,0,0,0,0,0,0
hyperpop,0.77,0.72,113.86,0.51,-4.89,0.07,0.15,0.05,0.0,180895884,241,129,17352,23,53870065,85,140,5185,81,0,0,0,0,0,0,0,0,0,0,0,0,0,0,0,0,0,0,0,0,0,0,0,0,0,0,0,0,0,0,2311062,4,133,272,87,11540045,24,168,792,125,0,0,0,0,0,0,0,0,0,0,19269917,27,114,2349,81,20749041,30,141,1800,111,105391062,131,121,10480,47,17002471,28,161,1120,105,2199118,4,196,20,189,0,0,0,0,0,0,0,0,0,0,21086470,21,76,2625,47,28571356,31,88,3503,69,3679442,6,164,222,153,0,0,0,0,0,0,0,0,0,0,10885718,15,142,885,99,21966487,26,118,2158,81,0,0,0,0,0,21634757,25,133,1700,23,0,0,0,0,0,0,0,0,0,0,0,0,0,0,0,0,0,0,0,0,1593528,2,161,80,140,18648089,21,125,1596,23,1393140,2,186,30,182,0,0,0,0,0,0,0,0,0,0,0,0,0,0,0,0,0,0,0,0,0,0,0,0,0,0,0,0,0,0,0,0,0,0,0,0,0,0,0,0,0,0,0,0,0,0,0,0,0,0,0,0,0,0,0,0,0,0,0,0,0,0,0,0,0,0,0,0,0,0,0,0,0,0,0,0,0,0,0,0,0,0,0,0,0,0,0,0,0,0
portland hip hop,0.83,0.42,121.0,0.65,-8.0,0.22,0.21,0.13,0.0,158532533,208,118,17264,41,106021844,137,107,12878,41,35343158,31,45,4836,41,25465902,27,60,3807,50,21301794,31,116,2635,85,15936672,30,157,1320,118,7206662,16,188,208,174,0,0,0,0,0,384531,1,197,4,197,383125,1,198,3,198,0,0,0,0,0,0,0,0,0,0,0,0,0,0,0,0,0,0,0,0,51748959,70,137,4480,105,0,0,0,0,0,0,0,0,0,0,0,0,0,0,0,0,0,0,0,0,0,0,0,0,0,0,0,0,0,0,0,0,0,0,0,0,0,0,0,0,9100482,14,159,588,131,22761356,31,136,2015,119,19887121,25,127,1850,105,0,0,0,0,0,0,0,0,0,0,0,0,0,0,0,0,0,0,0,0,0,0,0,0,0,0,0,0,0,0,0,0,0,0,0,0,0,0,0,0,0,0,0,0,0,0,0,0,0,0,0,0,0,0,0,0,0,0,0,0,0,0,0,0,0,0,0,0,0,0,761730,1,162,39,162,0,0,0,0,0,0,0,0,0,0,0,0,0,0,0,0,0,0,0,0,0,0,0,0,0,0,0,0,0,0,0,0,0,0,0,761730,1,162,39,162,0,0,0,0,0,0,0,0,0,0,0,0,0,0,0,0,0,0,0,0
alternative hip hop,0.63,0.75,119.79,0.44,-5.29,0.18,0.31,0.13,0.05,208560443,217,122,17143,9,38662204,63,148,3339,56,0,0,0,0,0,0,0,0,0,0,11246425,18,149,936,84,14956163,24,148,1272,83,7210654,13,156,585,82,0,0,0,0,0,5248962,8,135,528,56,0,0,0,0,0,0,0,0,0,0,0,0,0,0,0,0,0,0,0,0,0,0,0,0,0,104842470,103,117,8652,9,0,0,0,0,0,8007400,12,153,576,78,0,0,0,0,0,4760084,8,176,200,132,13458772,17,138,1071,65,20362844,21,108,1953,26,1121794,2,171,60,162,3167526,1,11,190,11,47643962,32,64,4384,9,6320088,10,174,270,153,0,0,0,0,0,0,0,0,0,0,22776267,17,93,1836,14,0,0,0,0,0,0,0,0,0,0,0,0,0,0,0,0,0,0,0,0,1203329,1,73,128,73,3342126,4,146,220,65,0,0,0,0,0,0,0,0,0,0,0,0,0,0,0,14434398,7,31,1190,14,3796414,5,142,295,86,0,0,0,0,0,42279502,34,102,3366,16,38610740,30,99,3060,16,0,0,0,0,0,0,0,0,0,0,0,0,0,0,0,0,0,0,0,0,2615783,3,117,252,66,0,0,0,0,0,0,0,0,0,0,0,0,0,0,0,0,0,0,0,0,0,0,0,0,0,1052979,1,139,62,139
crunk,0.75,0.74,143.37,0.57,-5.27,0.19,0.23,0.13,0.0,160151391,172,102,17028,40,2132439,4,166,140,113,0,0,0,0,0,0,0,0,0,0,0,0,0,0,0,0,0,0,0,0,2132439,4,166,140,113,0,0,0,0,0,0,0,0,0,0,0,0,0,0,0,0,0,0,0,0,0,0,0,0,0,0,0,0,0,0,0,0,0,0,0,156492544,166,100,16766,40,0,0,0,0,0,0,0,0,0,0,28642886,30,89,3360,51,37880594,30,57,4320,40,44685860,43,86,4945,52,25335300,30,100,3030,70,18840561,31,165,1116,140,1107343,2,176,50,173,0,0,0,0,0,0,0,0,0,0,0,0,0,0,0,0,0,0,0,0,707394,1,178,23,178,0,0,0,0,0,0,0,0,0,0,0,0,0,0,0,0,0,0,0,0,0,0,0,0,0,0,0,0,0,0,0,0,0,0,0,0,0,0,0,0,0,0,0,0,0,707394,1,178,23,178,0,0,0,0,0,0,0,0,0,0,819014,1,153,48,153,0,0,0,0,0,0,0,0,0,0,0,0,0,0,0,0,0,0,0,0,0,0,0,0,0,0,0,0,0,0,0,0,0,0,0,0,0,0,0,0,0,0,0,0,0,819014,1,153,48,153,0,0,0,0,0,0,0,0,0,0
stomp pop,0.52,0.76,123.83,0.39,-4.89,0.23,0.24,0.13,0.0,167197864,254,134,17018,47,124540059,200,138,12600,47,20771702,31,89,3472,71,15684661,27,128,1971,113,16473811,31,162,1209,145,14219695,30,182,570,171,11232834,25,192,225,180,3002454,7,196,35,189,0,0,0,0,0,0,0,0,0,0,801848,2,195,12,192,0,0,0,0,0,5954933,9,127,666,95,36398121,38,84,4446,47,41951231,53,119,4346,61,28492834,31,87,3534,61,13458397,22,164,814,129,0,0,0,0,0,0,0,0,0,0,0,0,0,0,0,0,0,0,0,0,0,0,0,0,0,0,0,0,0,0,0,0,0,0,0,0,0,0,0,0,0,0,0,0,0,0,0,0,0,0,706574,1,166,35,166,0,0,0,0,0,0,0,0,0,0,0,0,0,0,0,0,0,0,0,0,0,0,0,0,0,0,0,0,0,0,0,0,0,0,0,706574,1,166,35,166,0,0,0,0,0,0,0,0,0,0,0,0,0,0,0,0,0,0,0,0,0,0,0,0,0,0,0,0,0,0,0,0,0,0,0,0,0,0,0,0,0,0,0,0,0,0,0,0,0,0,0,0,0,0,0,0,0,0,0,0,0,0,0,0,0,0,0,0,0,0,0,0,0,0,0,0,0,0,0,0,0,0,0,0,0
italian pop,0.72,0.68,132.18,0.5,-6.12,0.13,0.2,0.15,0.0,225652433,274,140,16714,34,0,0,0,0,0,0,0,0,0,0,0,0,0,0,0,0,0,0,0,0,0,0,0,0,0,0,0,0,0,0,0,0,0,0,0,0,0,0,0,0,0,0,0,0,0,0,0,0,0,0,0,0,0,0,0,0,0,0,0,0,0,0,0,0,0,51574262,74,154,3478,46,25143201,39,160,1599,95,1073569,2,198,6,196,0,0,0,0,0,2412983,4,196,20,188,7694907,9,127,666,46,0,0,0,0,0,4111227,6,136,390,98,0,0,0,0,0,661675,1,168,33,168,0,0,0,0,0,7571373,9,129,648,67,2905327,4,172,116,153,127813881,149,131,10430,34,2993817,4,160,164,109,29361899,31,124,2387,40,4772663,6,154,282,66,776158,1,158,43,158,15324264,13,76,1625,34,12209629,16,148,848,97,16357437,22,151,1100,97,0,0,0,0,0,862327,1,123,78,123,5837177,7,145,392,72,39318510,48,128,3504,56,0,0,0,0,0,46264290,51,144,2907,36,788015,1,168,33,168,1276214,2,198,6,198,0,0,0,0,0,0,0,0,0,0,0,0,0,0,0,7921139,12,170,372,120,1944319,3,182,57,170,1940408,3,196,15,190,721029,1,161,40,161,3200183,3,105,288,52,28472983,26,120,2106,36,0,0,0,0,0
sertanejo universitario,0.67,0.77,137.14,0.67,-4.52,0.08,0.45,0.41,0.0,315389950,447,164,16539,68,0,0,0,0,0,0,0,0,0,0,0,0,0,0,0,0,0,0,0,0,0,0,0,0,0,0,0,0,0,0,0,0,0,0,0,0,0,0,0,0,0,0,0,0,0,0,0,0,0,0,0,0,0,0,0,0,0,0,0,0,0,0,0,0,0,95016239,155,174,4185,89,0,0,0,0,0,4520455,8,181,160,160,3319310,6,185,96,155,6401573,11,181,220,153,6012337,10,182,190,159,21071694,35,173,980,130,18698945,32,173,896,142,4542424,8,187,112,174,1769655,3,185,48,175,3154572,5,171,150,149,12198120,19,171,570,139,13327154,18,157,792,89,69659142,98,169,3136,79,24953080,37,166,1295,79,4778194,7,178,161,153,669148,1,186,15,186,0,0,0,0,0,0,0,0,0,0,647956,1,194,7,194,1264632,2,194,14,193,6397432,10,180,210,164,5214425,8,185,128,165,3867261,6,185,96,174,1965336,3,192,27,189,19901678,23,150,1173,82,150714569,194,152,9506,68,39366661,46,130,3266,68,28028482,35,149,1820,80,9111545,12,159,504,127,16636997,25,169,800,119,10055915,15,170,465,132,0,0,0,0,0,0,0,0,0,0,6940747,10,171,300,116,12594851,16,155,736,109,13880226,17,145,952,109,8566640,11,162,429,126,5532505,7,182,133,162
afroswing,0.7,0.6,101.93,0.64,-6.39,0.21,0.2,0.24,0.0,223551016,303,147,16362,36,862954,2,196,10,195,0,0,0,0,0,0,0,0,0,0,0,0,0,0,0,0,0,0,0,0,862954,2,196,10,195,0,0,0,0,0,0,0,0,0,0,0,0,0,0,0,0,0,0,0,0,0,0,0,0,0,0,0,0,0,0,0,0,0,0,0,104796009,168,165,6048,111,7096547,12,182,228,170,15992277,28,179,616,163,16141720,28,175,728,152,26189507,40,154,1880,111,33004962,49,153,2352,114,5252753,9,184,153,155,1118243,2,182,38,174,0,0,0,0,0,0,0,0,0,0,0,0,0,0,0,0,0,0,0,0,0,0,0,0,0,10145015,9,97,936,36,0,0,0,0,0,0,0,0,0,0,0,0,0,0,0,0,0,0,0,0,0,0,0,0,0,0,0,0,0,0,10145015,9,97,936,36,0,0,0,0,0,0,0,0,0,0,0,0,0,0,0,0,0,0,0,0,0,0,0,0,0,107747038,124,125,9424,69,0,0,0,0,0,0,0,0,0,0,0,0,0,0,0,0,0,0,0,0,10860001,16,167,544,139,28450812,30,91,3300,69,30870145,31,103,3038,76,14806349,19,146,1045,106,699125,1,200,1,200,5459473,7,158,301,143,16601133,20,138,1260,112,0,0,0,0,0
irish pop,0.59,0.75,144.7,0.42,-5.46,0.09,0.14,0.1,0.0,170746677,212,125,16112,41,53386190,93,138,5859,102,0,0,0,0,0,0,0,0,0,0,0,0,0,0,0,0,0,0,0,0,7204117,11,125,836,102,18616731,29,121,2320,107,17245655,31,136,2015,116,10319687,22,170,682,144,0,0,0,0,0,0,0,0,0,0,0,0,0,0,0,0,0,0,0,0,0,0,0,0,0,0,0,0,0,0,0,0,0,0,0,0,0,0,0,0,0,0,0,0,0,0,0,0,0,0,0,0,0,0,0,0,0,0,0,0,0,0,0,0,0,0,0,0,0,0,0,0,0,0,0,0,0,0,0,0,0,0,0,0,0,46810556,59,136,3835,87,0,0,0,0,0,3879433,6,194,42,190,1221757,2,200,2,200,0,0,0,0,0,0,0,0,0,0,0,0,0,0,0,0,0,0,0,0,1220326,2,197,8,197,622530,1,196,5,196,27240507,31,110,2821,87,12626003,17,146,935,93,0,0,0,0,0,70549931,60,94,6420,41,0,0,0,0,0,0,0,0,0,0,0,0,0,0,0,0,0,0,0,0,0,0,0,0,0,0,0,0,0,0,0,0,0,0,0,0,0,0,0,0,0,0,0,0,0,959897,1,128,73,128,31712712,29,97,3016,67,37877322,30,91,3300,41
stomp and holler,0.52,0.63,136.21,0.3,-8.36,0.05,0.22,0.39,0.09,171107634,255,138,16065,11,137524671,219,138,13797,51,0,0,0,0,0,0,0,0,0,0,0,0,0,0,0,16263623,21,108,1953,64,31805504,29,61,4060,51,20417504,35,142,2065,72,31511347,59,147,3186,107,26909363,52,156,2340,112,6949900,15,186,225,173,3667430,8,197,32,189,0,0,0,0,0,0,0,0,0,0,17419604,27,162,1053,87,0,0,0,0,0,1113040,2,192,18,186,0,0,0,0,0,0,0,0,0,0,5910803,9,149,468,134,7847265,13,174,351,142,0,0,0,0,0,0,0,0,0,0,1023137,1,87,114,87,0,0,0,0,0,1525359,2,154,94,124,0,0,0,0,0,697812,1,190,11,190,0,0,0,0,0,697812,1,190,11,190,0,0,0,0,0,0,0,0,0,0,0,0,0,0,0,0,0,0,0,0,0,0,0,0,0,0,0,0,0,0,0,0,0,0,0,0,0,0,0,0,0,0,0,0,0,0,0,0,0,0,15465547,8,61,1120,11,0,0,0,0,0,0,0,0,0,0,0,0,0,0,0,0,0,0,0,0,0,0,0,0,0,0,0,0,0,0,0,0,0,0,0,0,0,0,0,0,0,0,0,0,0,0,0,0,0,0,0,0,0,0,0,15465547,8,61,1120,11
spanish pop,0.7,0.7,129.63,0.58,-5.07,0.11,0.17,0.36,0.0,218853268,302,148,16006,31,69146231,123,150,6273,120,0,0,0,0,0,0,0,0,0,0,0,0,0,0,0,0,0,0,0,0,0,0,0,0,0,0,0,0,0,0,0,0,0,0,0,13826670,27,161,1080,143,17801924,30,136,1950,122,18236920,31,139,1922,120,16699952,30,159,1260,143,2580765,5,176,125,165,8981011,16,178,368,140,3437150,7,195,42,192,0,0,0,0,0,0,0,0,0,0,0,0,0,0,0,0,0,0,0,0,0,0,0,0,0,2403648,4,154,188,140,2372314,4,172,116,150,0,0,0,0,0,0,0,0,0,0,767899,1,177,24,177,0,0,0,0,0,0,0,0,0,0,0,0,0,0,0,0,0,0,0,0,0,0,0,0,0,0,0,0,0,0,0,0,0,0,0,0,0,0,0,0,0,0,0,0,0,0,0,0,0,0,0,0,0,0,0,0,0,0,0,0,0,0,0,0,0,0,0,0,0,0,140726026,163,145,9128,31,0,0,0,0,0,0,0,0,0,0,0,0,0,0,0,0,0,0,0,0,0,0,0,0,0,2583816,4,183,72,162,14074880,19,160,779,133,26363399,35,151,1750,126,21399250,29,159,1218,133,15630455,22,180,462,130,32793203,25,72,3225,31,27881023,29,144,1653,114
experimental pop,0.33,0.61,146.54,0.4,-11.08,0.03,0.76,0.32,0.0,196054234,122,70,15982,7,32198508,28,80,3388,7,0,0,0,0,0,0,0,0,0,0,0,0,0,0,0,0,0,0,0,0,0,0,0,0,0,0,0,0,0,0,0,0,0,0,0,0,0,0,0,0,0,0,0,0,0,0,0,0,0,0,1055324,2,166,70,165,31143184,26,74,3302,7,52982606,33,71,4290,8,0,0,0,0,0,0,0,0,0,0,0,0,0,0,0,0,0,0,0,0,0,0,0,0,0,0,0,0,0,0,0,0,0,0,0,0,0,0,0,0,0,0,0,0,0,0,0,0,0,0,4741666,7,168,231,136,48240940,26,45,4056,8,49873588,29,58,4147,9,0,0,0,0,0,0,0,0,0,0,0,0,0,0,0,0,0,0,0,0,0,0,0,0,0,0,0,0,0,0,0,0,0,0,0,0,0,0,0,0,0,0,0,0,0,0,0,0,0,0,2524695,3,135,198,77,47348893,26,50,3926,9,60999532,32,71,4160,16,0,0,0,0,0,0,0,0,0,0,0,0,0,0,0,0,0,0,0,0,0,0,0,0,0,0,0,0,0,0,0,0,0,0,0,0,0,0,0,0,0,0,0,0,0,0,0,0,0,0,6225541,6,134,402,55,54773991,26,57,3744,16
experimental,0.33,0.61,146.54,0.4,-11.08,0.03,0.76,0.32,0.0,196054234,122,70,15982,7,32198508,28,80,3388,7,0,0,0,0,0,0,0,0,0,0,0,0,0,0,0,0,0,0,0,0,0,0,0,0,0,0,0,0,0,0,0,0,0,0,0,0,0,0,0,0,0,0,0,0,0,0,0,0,0,0,1055324,2,166,70,165,31143184,26,74,3302,7,52982606,33,71,4290,8,0,0,0,0,0,0,0,0,0,0,0,0,0,0,0,0,0,0,0,0,0,0,0,0,0,0,0,0,0,0,0,0,0,0,0,0,0,0,0,0,0,0,0,0,0,0,0,0,0,0,4741666,7,168,231,136,48240940,26,45,4056,8,49873588,29,58,4147,9,0,0,0,0,0,0,0,0,0,0,0,0,0,0,0,0,0,0,0,0,0,0,0,0,0,0,0,0,0,0,0,0,0,0,0,0,0,0,0,0,0,0,0,0,0,0,0,0,0,0,2524695,3,135,198,77,47348893,26,50,3926,9,60999532,32,71,4160,16,0,0,0,0,0,0,0,0,0,0,0,0,0,0,0,0,0,0,0,0,0,0,0,0,0,0,0,0,0,0,0,0,0,0,0,0,0,0,0,0,0,0,0,0,0,0,0,0,0,0,6225541,6,134,402,55,54773991,26,57,3744,16
bolero,0.47,0.61,109.45,0.58,-9.18,0.04,0.19,0.45,0.0,189638034,124,81,14880,9,25493398,27,110,2457,12,0,0,0,0,0,0,0,0,0,0,0,0,0,0,0,0,0,0,0,0,0,0,0,0,0,0,0,0,0,0,0,0,0,0,0,0,0,0,0,0,0,0,0,0,0,0,0,0,0,0,463787,1,177,24,177,25029611,26,108,2418,12,37898499,30,95,3180,15,0,0,0,0,0,0,0,0,0,0,0,0,0,0,0,0,0,0,0,0,1823239,3,175,78,168,0,0,0,0,0,0,0,0,0,0,0,0,0,0,0,0,0,0,0,0,0,0,0,0,0,566188,1,183,18,183,35509072,26,82,3094,15,47847010,30,68,3990,10,0,0,0,0,0,0,0,0,0,0,0,0,0,0,0,0,0,0,0,0,0,0,0,0,0,0,0,0,0,0,0,0,0,0,0,0,0,0,0,0,611197,1,181,20,181,0,0,0,0,0,2560204,3,127,222,78,44675609,26,57,3744,10,78399127,37,58,5291,9,0,0,0,0,0,0,0,0,0,0,0,0,0,0,0,0,0,0,0,0,0,0,0,0,0,0,0,0,0,0,0,0,0,0,0,0,0,0,0,0,0,0,0,0,0,0,0,0,0,0,11629451,10,110,910,33,66769676,27,39,4374,9
alabama rap,0.76,0.61,133.18,0.67,-6.57,0.17,0.25,0.13,0.0,185980298,212,131,14840,12,12659521,24,183,432,155,0,0,0,0,0,0,0,0,0,0,0,0,0,0,0,0,0,0,0,0,0,0,0,0,0,0,0,0,0,0,0,0,0,0,0,0,0,0,0,0,0,0,0,0,0,0,0,0,0,0,4570620,9,181,180,155,8088901,15,184,255,165,85289014,129,151,6450,93,3129804,6,192,54,184,15633642,24,149,1248,105,22101721,31,126,2325,106,26690420,39,145,2184,93,15408559,25,177,600,153,2324868,4,192,36,189,0,0,0,0,0,0,0,0,0,0,0,0,0,0,0,0,0,0,0,0,0,0,0,0,0,0,0,0,0,0,2238799,3,167,102,121,0,0,0,0,0,0,0,0,0,0,2238799,3,167,102,121,0,0,0,0,0,0,0,0,0,0,0,0,0,0,0,0,0,0,0,0,0,0,0,0,0,0,0,0,0,0,0,0,0,0,0,0,0,0,0,0,0,0,0,0,0,85792964,56,61,7840,12,0,0,0,0,0,38951219,16,25,2816,12,38326179,31,72,3999,51,8515566,9,85,1044,75,0,0,0,0,0,0,0,0,0,0,0,0,0,0,0,0,0,0,0,0,0,0,0,0,0,0,0,0,0,0,0,0,0,0,0,0,0,0,0,0
viral trap,0.61,0.8,146.29,0.41,-3.82,0.25,0.31,0.05,0.0,154738534,260,144,14820,59,137303643,235,145,13160,59,22070440,31,81,3720,59,20088044,34,127,2516,96,17039240,31,156,1395,133,14734108,30,173,840,162,13011342,28,184,476,173,10841008,24,192,216,183,8292164,19,190,209,184,0,0,0,0,0,0,0,0,0,0,0,0,0,0,0,5775474,7,86,805,75,25451823,31,108,2883,81,17434891,25,132,1725,76,17434891,25,132,1725,76,0,0,0,0,0,0,0,0,0,0,0,0,0,0,0,0,0,0,0,0,0,0,0,0,0,0,0,0,0,0,0,0,0,0,0,0,0,0,0,0,0,0,0,0,0,0,0,0,0,0,0,0,0,0,0,0,0,0,0,0,0,0,0,0,0,0,0,0,0,0,0,0,0,0,0,0,0,0,0,0,0,0,0,0,0,0,0,0,0,0,0,0,0,0,0,0,0,0,0,0,0,0,0,0,0,0,0,0,0,0,0,0,0,0,0,0,0,0,0,0,0,0,0,0,0,0,0,0,0,0,0,0,0,0,0,0,0,0,0,0,0,0,0,0,0,0,0,0,0,0,0,0,0,0,0,0,0,0,0,0,0,0,0,0,0,0,0,0,0,0,0,0,0,0,0,0,0,0,0,0,0,0,0,0,0
italian hip hop,0.73,0.7,133.15,0.5,-6.18,0.19,0.22,0.14,0.0,200300620,250,142,14750,31,506361,1,172,29,172,0,0,0,0,0,0,0,0,0,0,0,0,0,0,0,0,0,0,0,0,0,0,0,0,0,0,0,0,0,0,0,0,0,0,0,0,0,0,0,0,0,0,0,0,0,0,0,0,0,0,506361,1,172,29,172,0,0,0,0,0,67638936,96,154,4512,46,25143201,39,160,1599,95,1073569,2,198,6,196,0,0,0,0,0,2412983,4,196,20,188,7631266,9,130,639,46,0,0,0,0,0,4111227,6,136,390,98,0,0,0,0,0,4106203,6,157,264,85,0,0,0,0,0,20255160,26,145,1456,67,2905327,4,172,116,153,86077040,106,136,6890,31,2296803,3,152,147,109,0,0,0,0,0,4095442,5,148,265,66,776158,1,158,43,158,0,0,0,0,0,5357554,5,95,530,31,26785295,35,148,1855,75,0,0,0,0,0,1610101,2,146,110,123,5837177,7,145,392,72,39318510,48,128,3504,56,0,0,0,0,0,46078283,47,130,3337,36,788015,1,168,33,168,0,0,0,0,0,5853504,6,112,534,48,0,0,0,0,0,744541,1,154,47,154,4143371,6,161,240,120,0,0,0,0,0,1940408,3,196,15,190,0,0,0,0,0,4135461,4,115,344,52,28472983,26,120,2106,36,0,0,0,0,0
sophisti-pop,0.57,0.65,161.85,0.88,-9.14,0.04,0.17,0.3,0.0,180461753,119,78,14637,8,29028275,27,95,2862,8,0,0,0,0,0,0,0,0,0,0,0,0,0,0,0,0,0,0,0,0,0,0,0,0,0,0,0,0,0,0,0,0,0,0,0,0,0,0,0,0,0,0,0,0,0,0,0,0,0,0,0,0,0,0,0,29028275,27,95,2862,8,42579582,29,77,3596,11,0,0,0,0,0,0,0,0,0,0,0,0,0,0,0,0,0,0,0,0,0,0,0,0,0,0,0,0,0,0,0,0,0,0,0,0,0,0,0,0,0,0,0,0,0,0,0,0,0,0,1343716,2,174,54,159,41235866,27,70,3537,11,42304213,28,72,3612,14,0,0,0,0,0,0,0,0,0,0,0,0,0,0,0,0,0,0,0,0,0,0,0,0,0,0,0,0,0,0,0,0,0,0,0,0,0,0,0,0,0,0,0,0,0,0,0,0,0,0,1637735,2,138,126,95,40666478,26,67,3484,14,66549683,35,70,4585,14,0,0,0,0,0,0,0,0,0,0,0,0,0,0,0,0,0,0,0,0,0,0,0,0,0,0,0,0,0,0,0,0,0,0,0,0,0,0,0,0,0,0,0,0,0,803820,1,176,25,176,8904161,8,124,616,35,56841702,26,49,3952,14
trap chileno,0.71,0.71,138.65,0.42,-4.77,0.15,0.13,0.15,0.05,162419476,178,120,14418,40,0,0,0,0,0,0,0,0,0,0,0,0,0,0,0,0,0,0,0,0,0,0,0,0,0,0,0,0,0,0,0,0,0,0,0,0,0,0,0,0,0,0,0,0,0,0,0,0,0,0,0,0,0,0,0,0,0,0,0,0,0,0,0,0,0,0,0,0,0,0,0,0,0,0,0,0,0,0,0,0,0,0,0,0,0,0,0,0,0,0,0,0,0,0,0,0,0,0,0,0,0,0,0,0,0,0,0,0,0,0,0,0,0,0,0,0,0,0,0,0,0,0,0,0,0,0,0,0,0,0,26520936,35,153,1680,78,0,0,0,0,0,0,0,0,0,0,9152188,10,106,950,78,2835580,4,164,148,155,0,0,0,0,0,0,0,0,0,0,0,0,0,0,0,0,0,0,0,0,7876699,11,162,429,136,6656469,10,184,170,174,0,0,0,0,0,0,0,0,0,0,135898540,143,112,12727,40,0,0,0,0,0,2250886,1,40,161,40,23601486,22,108,2046,56,0,0,0,0,0,0,0,0,0,0,27660505,28,84,3276,69,32642406,31,96,3255,75,27166061,31,118,2573,104,21191059,28,150,1428,112,1386137,2,196,10,196,0,0,0,0,0,0,0,0,0,0
frauenrap,0.78,0.6,130.02,0.55,-6.95,0.21,0.13,0.24,0.0,188801888,234,141,14040,35,0,0,0,0,0,0,0,0,0,0,0,0,0,0,0,0,0,0,0,0,0,0,0,0,0,0,0,0,0,0,0,0,0,0,0,0,0,0,0,0,0,0,0,0,0,0,0,0,0,0,0,0,0,0,0,0,0,0,0,0,0,0,0,0,0,27830558,39,142,2301,69,0,0,0,0,0,0,0,0,0,0,0,0,0,0,0,0,0,0,0,0,0,0,0,0,0,0,0,0,0,0,0,0,0,0,0,20746383,28,135,1848,69,7084175,11,159,462,131,0,0,0,0,0,0,0,0,0,0,0,0,0,0,0,98807163,124,145,6944,59,753901,1,169,32,169,5432990,8,188,104,174,5365618,6,123,468,85,5135516,7,164,259,137,25938414,29,119,2378,59,4784810,6,150,306,90,13352765,18,153,864,109,10026442,15,170,465,143,20174560,25,136,1625,67,0,0,0,0,0,0,0,0,0,0,7842147,9,149,468,85,62164167,71,134,4757,35,18040696,18,116,1530,72,2264457,3,167,102,150,9184035,11,150,561,82,8373431,10,138,630,35,12959136,14,110,1274,57,5470632,8,167,272,116,3609328,4,134,268,90,2262452,3,160,123,122,0,0,0,0,0,0,0,0,0,0,0,0,0,0,0,0,0,0,0,0
new jersey rap,0.6,0.78,138.86,0.44,-5.17,0.23,0.23,0.06,0.0,121571223,178,128,12994,36,85481924,122,115,10492,36,28731221,31,59,4402,36,15658083,27,130,1917,84,2317216,5,190,55,183,0,0,0,0,0,0,0,0,0,0,0,0,0,0,0,0,0,0,0,0,0,0,0,0,0,0,0,0,0,0,11406695,17,120,1377,93,20126537,30,125,2280,102,7242172,12,166,420,147,36089299,56,156,2520,66,13253315,20,151,1000,90,14170041,23,165,828,93,4636400,8,170,248,145,0,0,0,0,0,0,0,0,0,0,2554824,3,88,339,66,0,0,0,0,0,0,0,0,0,0,0,0,0,0,0,0,0,0,0,0,1474719,2,155,92,113,0,0,0,0,0,0,0,0,0,0,0,0,0,0,0,0,0,0,0,0,0,0,0,0,0,0,0,0,0,0,0,0,0,0,0,0,0,0,0,0,0,0,0,0,0,0,0,0,0,0,0,0,0,0,0,0,0,0,0,0,0,0,0,0,0,0,0,0,0,0,0,0,0,0,0,0,0,0,0,0,0,0,0,0,0,0,0,0,0,0,0,0,0,0,0,0,0,0,0,0,0,0,0,0,0,0,0,0,0,0,0,0,0,0,0,0,0,0,0,0,0,0,0,0,0,0,0,0,0,0,0,0,0,0,0
acoustic pop,0.66,0.67,127.98,0.58,-6.78,0.05,0.1,0.32,0.0,301820072,479,174,12933,110,7722958,18,191,180,168,0,0,0,0,0,6368683,15,191,150,168,894217,2,185,32,179,0,0,0,0,0,0,0,0,0,0,0,0,0,0,0,0,0,0,0,0,0,0,0,0,0,0,0,0,0,0,0,0,0,0,0,460058,1,199,2,199,0,0,0,0,0,155827508,244,160,10004,110,0,0,0,0,0,0,0,0,0,0,8228591,15,188,195,169,14350597,25,181,500,160,15323091,26,182,494,167,18378333,30,167,1020,141,20927943,31,139,1922,110,21822217,31,129,2232,118,20573648,30,143,1740,117,20875785,31,155,1426,138,15347303,25,184,425,160,0,0,0,0,0,98928861,155,187,2170,160,16230340,26,188,338,160,8549619,13,194,91,187,3198044,5,195,30,186,12798609,20,187,280,170,15558690,24,183,432,167,14130896,22,184,374,165,12819832,20,188,260,176,15002336,24,186,360,173,0,0,0,0,0,640495,1,200,1,200,0,0,0,0,0,0,0,0,0,0,39340745,62,191,620,178,0,0,0,0,0,0,0,0,0,0,0,0,0,0,0,0,0,0,0,0,1268809,2,192,18,191,15550957,25,191,250,178,7073266,11,190,121,184,10860441,17,190,187,183,0,0,0,0,0,4587272,7,194,49,183,0,0,0,0,0,0,0,0,0,0
r&b argentino,0.75,0.57,83.49,0.37,-5.47,0.06,0.13,0.29,0.0,134212999,114,88,12882,33,0,0,0,0,0,0,0,0,0,0,0,0,0,0,0,0,0,0,0,0,0,0,0,0,0,0,0,0,0,0,0,0,0,0,0,0,0,0,0,0,0,0,0,0,0,0,0,0,0,0,0,0,0,0,0,0,0,0,0,0,0,0,0,0,0,0,0,0,0,0,0,0,0,0,0,0,0,0,0,0,0,0,0,0,0,0,0,0,0,0,0,0,0,0,0,0,0,0,0,0,0,0,0,0,0,0,0,0,0,0,0,0,0,0,0,0,0,0,0,0,0,0,0,0,0,0,0,0,0,0,14717721,19,144,1083,90,0,0,0,0,0,0,0,0,0,0,0,0,0,0,0,0,0,0,0,0,0,0,0,0,0,0,0,0,0,0,0,0,0,0,0,12787329,16,135,1056,90,1930392,3,191,30,189,0,0,0,0,0,0,0,0,0,0,0,0,0,0,0,119495278,95,77,11780,33,0,0,0,0,0,0,0,0,0,0,0,0,0,0,0,0,0,0,0,0,0,0,0,0,0,0,0,0,0,0,12845427,8,56,1160,37,47892169,31,46,4805,33,36362546,30,67,4020,49,22395136,26,131,1820,91,0,0,0,0,0,0,0,0,0,0
alberta hip hop,0.88,0.68,99.95,0.94,-6.43,0.06,0.15,0.33,0.0,125281548,125,98,12875,66,0,0,0,0,0,0,0,0,0,0,0,0,0,0,0,0,0,0,0,0,0,0,0,0,0,0,0,0,0,0,0,0,0,0,0,0,0,0,0,0,0,0,0,0,0,0,0,0,0,0,0,0,0,0,0,0,0,0,0,0,0,0,0,0,0,0,0,0,0,0,0,0,0,0,0,0,0,0,0,0,0,0,0,0,0,0,0,0,0,0,0,0,0,0,0,0,0,0,0,0,0,0,0,0,0,0,0,0,0,0,0,0,0,0,0,0,0,0,0,0,0,0,0,0,0,0,0,0,0,0,0,0,0,0,0,0,0,0,0,0,0,0,0,0,0,0,0,0,0,0,0,0,0,0,0,0,0,0,0,0,0,0,0,0,0,0,0,0,0,0,0,0,0,0,0,0,0,0,0,0,0,0,0,0,0,0,0,0,0,0,0,0,0,0,0,125281548,125,98,12875,66,0,0,0,0,0,0,0,0,0,0,0,0,0,0,0,0,0,0,0,0,0,0,0,0,0,8691130,11,119,902,88,35576806,31,81,3720,67,34499479,31,76,3875,66,29115949,30,95,3180,82,17398184,22,147,1188,118,0,0,0,0,0,0,0,0,0,0
light music,0.32,0.16,130.5,0.25,-16.48,0.04,0.34,0.67,0.35,152125088,118,92,12862,10,28885002,28,95,2968,10,0,0,0,0,0,0,0,0,0,0,0,0,0,0,0,0,0,0,0,0,0,0,0,0,0,0,0,0,0,0,0,0,0,0,0,0,0,0,0,0,0,0,0,0,0,0,0,0,0,0,969870,2,184,34,182,27915132,26,88,2938,10,43171887,33,88,3729,12,0,0,0,0,0,0,0,0,0,0,0,0,0,0,0,0,0,0,0,0,0,0,0,0,0,0,0,0,0,0,0,0,0,0,0,0,0,0,0,0,0,0,0,0,0,0,0,0,0,0,4776700,7,164,259,130,38395187,26,67,3484,12,37767091,28,85,3248,17,0,0,0,0,0,0,0,0,0,0,0,0,0,0,0,0,0,0,0,0,0,0,0,0,0,0,0,0,0,0,0,0,0,0,0,0,0,0,0,0,0,0,0,0,0,0,0,0,0,0,1642822,2,132,138,102,36124269,26,82,3094,17,42301108,29,99,2958,20,0,0,0,0,0,0,0,0,0,0,0,0,0,0,0,0,0,0,0,0,0,0,0,0,0,0,0,0,0,0,0,0,0,0,0,0,0,0,0,0,0,0,0,0,0,0,0,0,0,0,2922041,3,137,192,99,39379067,26,95,2756,20
madchester,0.35,0.92,168.62,0.4,-3.65,0.05,0.17,0.04,0.0,398280627,672,182,12768,135,61233240,128,183,2304,135,431853,1,170,31,170,1940838,4,167,136,149,0,0,0,0,0,0,0,0,0,0,1418573,3,187,42,177,6096074,13,183,234,151,8687057,20,191,200,161,5319817,12,191,120,169,5638164,12,188,156,147,15617347,30,168,990,135,14622334,30,188,390,168,1461183,3,191,30,188,161675136,272,176,6800,135,3575202,7,197,28,190,10145141,18,179,396,150,17928256,31,173,868,149,14328712,24,171,720,139,11666610,20,187,280,166,14061568,24,179,528,158,14138429,24,172,696,135,18658323,31,168,1023,145,18221037,30,168,990,157,18467262,30,177,720,163,17330555,28,182,532,168,3154041,5,179,110,173,165134319,257,187,3598,149,19652384,31,185,496,178,9248553,14,192,126,149,11471180,18,196,90,187,7536976,12,184,204,167,18654500,29,185,464,170,18700486,29,184,493,169,20171984,31,182,589,171,18785381,29,176,725,158,8340570,13,195,78,183,17300236,27,190,297,182,15272069,24,194,168,181,0,0,0,0,0,10237932,15,191,150,174,0,0,0,0,0,0,0,0,0,0,0,0,0,0,0,0,0,0,0,0,0,0,0,0,0,653582,1,184,17,184,1347020,2,196,10,195,1985956,3,195,18,193,0,0,0,0,0,6251374,9,189,108,174,0,0,0,0,0,0,0,0,0,0
britpop,0.35,0.92,168.62,0.4,-3.65,0.05,0.17,0.04,0.0,398280627,672,182,12768,135,61233240,128,183,2304,135,431853,1,170,31,170,1940838,4,167,136,149,0,0,0,0,0,0,0,0,0,0,1418573,3,187,42,177,6096074,13,183,234,151,8687057,20,191,200,161,5319817,12,191,120,169,5638164,12,188,156,147,15617347,30,168,990,135,14622334,30,188,390,168,1461183,3,191,30,188,161675136,272,176,6800,135,3575202,7,197,28,190,10145141,18,179,396,150,17928256,31,173,868,149,14328712,24,171,720,139,11666610,20,187,280,166,14061568,24,179,528,158,14138429,24,172,696,135,18658323,31,168,1023,145,18221037,30,168,990,157,18467262,30,177,720,163,17330555,28,182,532,168,3154041,5,179,110,173,165134319,257,187,3598,149,19652384,31,185,496,178,9248553,14,192,126,149,11471180,18,196,90,187,7536976,12,184,204,167,18654500,29,185,464,170,18700486,29,184,493,169,20171984,31,182,589,171,18785381,29,176,725,158,8340570,13,195,78,183,17300236,27,190,297,182,15272069,24,194,168,181,0,0,0,0,0,10237932,15,191,150,174,0,0,0,0,0,0,0,0,0,0,0,0,0,0,0,0,0,0,0,0,0,0,0,0,0,653582,1,184,17,184,1347020,2,196,10,195,1985956,3,195,18,193,0,0,0,0,0,6251374,9,189,108,174,0,0,0,0,0,0,0,0,0,0
trap italiana,0.72,0.69,137.51,0.49,-6.16,0.18,0.2,0.13,0.0,168640818,209,141,12540,36,0,0,0,0,0,0,0,0,0,0,0,0,0,0,0,0,0,0,0,0,0,0,0,0,0,0,0,0,0,0,0,0,0,0,0,0,0,0,0,0,0,0,0,0,0,0,0,0,0,0,0,0,0,0,0,0,0,0,0,0,0,0,0,0,0,48408287,70,156,3150,46,23125372,36,161,1440,95,1073569,2,198,6,196,0,0,0,0,0,2412983,4,196,20,188,7631266,9,130,639,46,0,0,0,0,0,4111227,6,136,390,98,0,0,0,0,0,1281873,2,178,46,168,0,0,0,0,0,5866670,7,128,511,67,2905327,4,172,116,153,76094656,95,137,6080,56,2296803,3,152,147,109,0,0,0,0,0,4095442,5,148,265,66,776158,1,158,43,158,0,0,0,0,0,0,0,0,0,0,26785295,35,148,1855,75,0,0,0,0,0,862327,1,123,78,123,1960121,2,112,178,72,39318510,48,128,3504,56,0,0,0,0,0,44137875,44,126,3300,36,788015,1,168,33,168,0,0,0,0,0,5853504,6,112,534,48,0,0,0,0,0,744541,1,154,47,154,4143371,6,161,240,120,0,0,0,0,0,0,0,0,0,0,0,0,0,0,0,4135461,4,115,344,52,28472983,26,120,2106,36,0,0,0,0,0
belgian edm,0.73,0.87,93.64,0.77,-2.58,0.07,0.32,0.15,0.0,135541452,184,133,12512,75,33308622,63,159,2646,113,0,0,0,0,0,0,0,0,0,0,0,0,0,0,0,0,0,0,0,0,0,0,0,0,0,0,0,0,0,0,1605850,3,154,141,113,17094534,31,144,1767,123,14149921,28,174,756,151,458317,1,195,6,195,0,0,0,0,0,0,0,0,0,0,0,0,0,0,0,0,0,0,0,0,0,0,0,0,0,0,0,0,0,0,0,0,0,0,0,0,0,0,0,0,0,0,0,0,0,0,0,0,0,0,0,0,0,0,0,0,0,0,0,0,0,0,0,0,0,0,0,0,0,0,0,0,0,0,0,102232830,121,119,9922,75,0,0,0,0,0,0,0,0,0,0,0,0,0,0,0,0,0,0,0,0,0,0,0,0,0,0,0,0,0,0,20333515,27,147,1458,99,29544791,31,90,3441,75,27052731,30,101,3000,77,24009129,31,137,1984,97,1292664,2,194,14,190,0,0,0,0,0,0,0,0,0,0,0,0,0,0,0,0,0,0,0,0,0,0,0,0,0,0,0,0,0,0,0,0,0,0,0,0,0,0,0,0,0,0,0,0,0,0,0,0,0,0,0,0,0,0,0,0,0,0,0,0,0,0,0,0,0,0,0,0,0,0
belgian dance,0.72,0.86,93.04,0.72,-2.7,0.06,0.29,0.16,0.0,135541452,184,133,12512,75,33308622,63,159,2646,113,0,0,0,0,0,0,0,0,0,0,0,0,0,0,0,0,0,0,0,0,0,0,0,0,0,0,0,0,0,0,1605850,3,154,141,113,17094534,31,144,1767,123,14149921,28,174,756,151,458317,1,195,6,195,0,0,0,0,0,0,0,0,0,0,0,0,0,0,0,0,0,0,0,0,0,0,0,0,0,0,0,0,0,0,0,0,0,0,0,0,0,0,0,0,0,0,0,0,0,0,0,0,0,0,0,0,0,0,0,0,0,0,0,0,0,0,0,0,0,0,0,0,0,0,0,0,0,0,0,102232830,121,119,9922,75,0,0,0,0,0,0,0,0,0,0,0,0,0,0,0,0,0,0,0,0,0,0,0,0,0,0,0,0,0,0,20333515,27,147,1458,99,29544791,31,90,3441,75,27052731,30,101,3000,77,24009129,31,137,1984,97,1292664,2,194,14,190,0,0,0,0,0,0,0,0,0,0,0,0,0,0,0,0,0,0,0,0,0,0,0,0,0,0,0,0,0,0,0,0,0,0,0,0,0,0,0,0,0,0,0,0,0,0,0,0,0,0,0,0,0,0,0,0,0,0,0,0,0,0,0,0,0,0,0,0,0,0
hyphy,0.74,0.54,94.12,0.55,-7.84,0.22,0.4,0.17,0.0,103606963,93,71,12090,29,101812135,91,70,11921,29,43865441,31,31,5270,29,35485160,27,40,4347,34,21548247,31,126,2325,49,913287,2,190,22,187,0,0,0,0,0,0,0,0,0,0,0,0,0,0,0,0,0,0,0,0,0,0,0,0,0,0,0,0,0,0,0,0,0,0,0,0,0,0,0,0,0,0,0,0,0,0,0,0,0,0,0,0,0,0,0,0,0,0,0,0,0,0,0,0,0,0,0,0,0,0,0,0,0,0,0,0,0,0,0,0,0,0,0,0,0,0,0,0,0,0,0,0,0,0,0,0,0,0,0,0,0,0,0,0,0,0,0,0,0,0,0,0,0,0,0,0,0,0,0,0,0,0,0,0,0,0,0,0,0,0,0,0,0,0,0,0,0,0,0,0,0,0,0,0,0,0,0,0,0,0,0,0,0,0,0,0,0,0,0,0,0,0,0,0,0,0,0,0,0,0,1794828,2,122,158,66,0,0,0,0,0,0,0,0,0,0,0,0,0,0,0,0,0,0,0,0,0,0,0,0,0,1794828,2,122,158,66,0,0,0,0,0,0,0,0,0,0,0,0,0,0,0,0,0,0,0,0,0,0,0,0,0,0,0,0,0,0
sertanejo,0.67,0.79,139.1,0.65,-4.25,0.09,0.47,0.38,0.0,254737734,376,169,12032,79,0,0,0,0,0,0,0,0,0,0,0,0,0,0,0,0,0,0,0,0,0,0,0,0,0,0,0,0,0,0,0,0,0,0,0,0,0,0,0,0,0,0,0,0,0,0,0,0,0,0,0,0,0,0,0,0,0,0,0,0,0,0,0,0,0,77058342,124,174,3348,89,0,0,0,0,0,4520455,8,181,160,160,3319310,6,185,96,155,6401573,11,181,220,153,4201744,7,180,147,159,3565002,6,177,144,163,6247539,11,177,264,161,2249439,4,190,44,183,9119085,15,174,405,126,7419668,12,174,324,149,14029456,22,175,572,139,15985071,22,158,946,89,88528404,132,173,3696,79,26324155,39,165,1404,79,6107600,9,181,180,153,669148,1,186,15,186,0,0,0,0,0,2087953,3,169,96,148,7423227,11,163,418,140,5087318,8,182,152,168,7752351,12,175,312,151,7218905,11,182,209,165,8382122,13,181,260,160,12259066,18,174,486,138,5216559,7,178,161,163,89150988,120,160,4920,109,13205968,18,156,810,123,5926495,8,160,328,135,2918420,4,162,156,145,12814064,19,167,646,119,7476115,11,166,385,132,0,0,0,0,0,0,0,0,0,0,6940747,10,171,300,116,11889808,15,152,735,109,13880226,17,145,952,109,8566640,11,162,429,126,5532505,7,182,133,162
bases de freestyle,0.68,0.73,93.89,0.63,-5.25,0.15,0.49,0.37,0.0,120804975,97,79,11834,33,0,0,0,0,0,0,0,0,0,0,0,0,0,0,0,0,0,0,0,0,0,0,0,0,0,0,0,0,0,0,0,0,0,0,0,0,0,0,0,0,0,0,0,0,0,0,0,0,0,0,0,0,0,0,0,0,0,0,0,0,0,0,0,0,0,0,0,0,0,0,0,0,0,0,0,0,0,0,0,0,0,0,0,0,0,0,0,0,0,0,0,0,0,0,0,0,0,0,0,0,0,0,0,0,0,0,0,0,0,0,0,0,0,0,0,0,0,0,0,0,0,0,0,0,0,0,0,0,0,0,0,0,0,0,0,0,0,0,0,0,0,0,0,0,0,0,0,0,0,0,0,0,0,0,0,0,0,0,0,0,0,0,0,0,0,0,0,0,0,0,0,0,0,0,0,0,0,0,0,0,0,0,0,0,0,0,0,0,0,0,0,0,0,0,0,120804975,97,79,11834,33,0,0,0,0,0,0,0,0,0,0,0,0,0,0,0,0,0,0,0,0,0,0,0,0,0,0,0,0,0,0,14155124,10,83,1180,37,47892169,31,46,4805,33,36362546,30,67,4020,49,22395136,26,131,1820,91,0,0,0,0,0,0,0,0,0,0
kosovan pop,0.76,0.64,143.76,0.62,-5.47,0.2,0.12,0.16,0.0,139358902,173,133,11764,35,0,0,0,0,0,0,0,0,0,0,0,0,0,0,0,0,0,0,0,0,0,0,0,0,0,0,0,0,0,0,0,0,0,0,0,0,0,0,0,0,0,0,0,0,0,0,0,0,0,0,0,0,0,0,0,0,0,0,0,0,0,0,0,0,0,55673426,73,126,5475,71,0,0,0,0,0,0,0,0,0,0,0,0,0,0,0,0,0,0,0,0,1997917,3,172,87,155,22020984,27,116,2295,71,24007220,31,118,2573,84,1122250,2,171,60,171,6525055,10,155,460,131,0,0,0,0,0,0,0,0,0,0,0,0,0,0,0,40548931,54,151,2700,67,0,0,0,0,0,2016123,3,186,45,174,0,0,0,0,0,0,0,0,0,0,0,0,0,0,0,0,0,0,0,0,8846786,12,155,552,119,9348717,14,168,462,143,19473613,24,135,1584,67,0,0,0,0,0,0,0,0,0,0,863692,1,170,31,170,43136545,46,124,3542,35,15760010,15,103,1470,72,2264457,3,167,102,150,9184035,11,150,561,82,3046449,3,134,201,35,11198710,12,108,1116,57,0,0,0,0,0,1682884,2,146,110,121,0,0,0,0,0,0,0,0,0,0,0,0,0,0,0,0,0,0,0,0,0,0,0,0,0
dutch hip hop,0.83,0.7,119.49,0.62,-6.14,0.17,0.13,0.19,0.0,136223065,172,133,11696,75,3390288,7,186,105,172,0,0,0,0,0,0,0,0,0,0,2506656,5,183,90,172,0,0,0,0,0,422820,1,193,8,193,460812,1,192,9,192,0,0,0,0,0,0,0,0,0,0,0,0,0,0,0,0,0,0,0,0,0,0,0,0,0,0,0,0,0,0,11702308,17,145,952,106,0,0,0,0,0,0,0,0,0,0,592989,1,171,30,171,0,0,0,0,0,0,0,0,0,0,0,0,0,0,0,0,0,0,0,0,0,0,0,0,0,11109319,16,144,912,106,0,0,0,0,0,0,0,0,0,0,0,0,0,0,0,102232830,121,119,9922,75,0,0,0,0,0,0,0,0,0,0,0,0,0,0,0,0,0,0,0,0,0,0,0,0,0,0,0,0,0,0,20333515,27,147,1458,99,29544791,31,90,3441,75,27052731,30,101,3000,77,24009129,31,137,1984,97,1292664,2,194,14,190,0,0,0,0,0,18897639,27,173,756,82,0,0,0,0,0,0,0,0,0,0,4114874,5,137,320,82,1313828,2,184,34,171,0,0,0,0,0,668024,1,182,19,182,2118939,3,178,69,159,10681974,16,181,320,158,0,0,0,0,0,0,0,0,0,0,0,0,0,0,0,0,0,0,0,0
vapor soul,0.66,0.67,98.46,0.5,-6.6,0.07,0.3,0.21,0.03,107658947,201,143,11658,66,103988991,194,141,11640,66,56505051,101,126,7575,66,35122300,68,150,3468,115,8458021,17,170,527,146,1353287,3,198,9,197,0,0,0,0,0,0,0,0,0,0,2550332,5,174,135,148,0,0,0,0,0,0,0,0,0,0,0,0,0,0,0,0,0,0,0,0,0,0,0,0,0,3669956,7,196,35,194,0,0,0,0,0,1569113,3,198,9,196,2100843,4,196,20,194,0,0,0,0,0,0,0,0,0,0,0,0,0,0,0,0,0,0,0,0,0,0,0,0,0,0,0,0,0,0,0,0,0,0,0,0,0,0,0,0,0,0,0,0,0,0,0,0,0,0,0,0,0,0,0,0,0,0,0,0,0,0,0,0,0,0,0,0,0,0,0,0,0,0,0,0,0,0,0,0,0,0,0,0,0,0,0,0,0,0,0,0,0,0,0,0,0,0,0,0,0,0,0,0,0,0,0,0,0,0,0,0,0,0,0,0,0,0,0,0,0,0,0,0,0,0,0,0,0,0,0,0,0,0,0,0,0,0,0,0,0,0,0,0,0,0,0,0,0,0,0,0,0,0,0,0,0,0,0,0,0,0,0,0,0,0,0,0,0,0,0,0,0,0,0
funk,0.65,0.65,108.41,0.72,-8.55,0.09,0.2,0.23,0.0,154628237,224,149,11648,32,79504193,151,157,6644,52,17382405,33,129,2376,88,14099138,27,147,1458,128,15523840,31,173,868,153,16693011,33,169,1056,127,7792951,17,188,221,172,0,0,0,0,0,0,0,0,0,0,0,0,0,0,0,1103297,2,169,64,153,1683377,2,120,162,52,0,0,0,0,0,5226174,6,125,456,85,25799216,30,142,1770,32,1735194,3,142,177,115,0,0,0,0,0,0,0,0,0,0,0,0,0,0,0,0,0,0,0,0,0,0,0,0,0,2224335,3,145,168,106,0,0,0,0,0,8252962,12,156,540,70,1781978,1,32,169,32,608251,1,176,25,176,11196496,10,132,690,48,16870596,15,126,1125,47,580288,1,168,33,168,0,0,0,0,0,0,0,0,0,0,0,0,0,0,0,0,0,0,0,0,0,0,0,0,0,0,0,0,0,0,0,0,0,0,0,2600236,3,114,261,73,2145209,2,115,172,47,0,0,0,0,0,11544863,9,128,657,63,32454232,28,127,2072,32,0,0,0,0,0,0,0,0,0,0,0,0,0,0,0,5606248,7,130,497,82,0,0,0,0,0,2084130,2,117,168,51,722328,1,165,36,165,0,0,0,0,0,4327271,5,141,300,62,2969731,2,100,202,32,841051,1,125,76,125,15903473,10,121,800,42
bass trap,0.86,0.66,129.95,0.71,-5.0,0.11,0.31,0.12,0.0,124906971,141,119,11562,18,23075602,14,34,2338,18,0,0,0,0,0,0,0,0,0,0,0,0,0,0,0,0,0,0,0,0,0,0,0,0,0,0,0,0,0,0,0,0,0,0,0,0,0,0,0,0,0,0,0,0,0,0,0,0,0,0,0,0,0,0,0,23075602,14,34,2338,18,53255362,66,117,5544,38,30307381,31,79,3782,38,17363193,25,140,1525,86,5584788,10,178,230,148,0,0,0,0,0,0,0,0,0,0,0,0,0,0,0,0,0,0,0,0,0,0,0,0,0,0,0,0,0,0,0,0,0,0,0,0,0,0,0,0,0,0,0,0,0,48576007,61,140,3721,43,0,0,0,0,0,7773020,7,79,854,43,24943804,31,133,2108,82,14619101,21,167,714,140,1240082,2,187,28,181,0,0,0,0,0,0,0,0,0,0,0,0,0,0,0,0,0,0,0,0,0,0,0,0,0,0,0,0,0,0,0,0,0,0,0,0,0,0,0,0,0,0,0,0,0,0,0,0,0,0,0,0,0,0,0,0,0,0,0,0,0,0,0,0,0,0,0,0,0,0,0,0,0,0,0,0,0,0,0,0,0,0,0,0,0,0,0,0,0,0,0,0,0,0,0,0,0,0,0,0
afrofuturismo brasileiro,0.86,0.66,129.95,0.71,-5.0,0.11,0.31,0.12,0.0,124906971,141,119,11562,18,23075602,14,34,2338,18,0,0,0,0,0,0,0,0,0,0,0,0,0,0,0,0,0,0,0,0,0,0,0,0,0,0,0,0,0,0,0,0,0,0,0,0,0,0,0,0,0,0,0,0,0,0,0,0,0,0,0,0,0,0,0,23075602,14,34,2338,18,53255362,66,117,5544,38,30307381,31,79,3782,38,17363193,25,140,1525,86,5584788,10,178,230,148,0,0,0,0,0,0,0,0,0,0,0,0,0,0,0,0,0,0,0,0,0,0,0,0,0,0,0,0,0,0,0,0,0,0,0,0,0,0,0,0,0,0,0,0,0,48576007,61,140,3721,43,0,0,0,0,0,7773020,7,79,854,43,24943804,31,133,2108,82,14619101,21,167,714,140,1240082,2,187,28,181,0,0,0,0,0,0,0,0,0,0,0,0,0,0,0,0,0,0,0,0,0,0,0,0,0,0,0,0,0,0,0,0,0,0,0,0,0,0,0,0,0,0,0,0,0,0,0,0,0,0,0,0,0,0,0,0,0,0,0,0,0,0,0,0,0,0,0,0,0,0,0,0,0,0,0,0,0,0,0,0,0,0,0,0,0,0,0,0,0,0,0,0,0,0,0,0,0,0,0,0
hardcore hip hop,0.66,0.76,118.62,0.49,-4.78,0.27,0.33,0.15,0.0,137836838,119,105,11424,9,2266779,4,160,164,110,0,0,0,0,0,0,0,0,0,0,0,0,0,0,0,1267745,2,144,114,110,0,0,0,0,0,999034,2,176,50,172,0,0,0,0,0,0,0,0,0,0,0,0,0,0,0,0,0,0,0,0,0,0,0,0,0,0,0,0,0,0,73976720,68,108,6324,9,0,0,0,0,0,0,0,0,0,0,0,0,0,0,0,4760084,8,176,200,132,0,0,0,0,0,12085060,17,124,1309,66,0,0,0,0,0,3167526,1,11,190,11,47643962,32,64,4384,9,6320088,10,174,270,153,0,0,0,0,0,0,0,0,0,0,20818907,15,89,1680,14,0,0,0,0,0,0,0,0,0,0,0,0,0,0,0,0,0,0,0,0,1203329,1,73,128,73,1384766,2,169,64,143,0,0,0,0,0,0,0,0,0,0,0,0,0,0,0,14434398,7,31,1190,14,3796414,5,142,295,86,0,0,0,0,0,40774432,32,99,3264,16,38689609,30,98,3090,16,0,0,0,0,0,0,0,0,0,0,0,0,0,0,0,0,0,0,0,0,0,0,0,0,0,0,0,0,0,0,0,0,0,0,0,0,0,0,0,0,1031844,1,115,86,115,0,0,0,0,0,1052979,1,139,62,139
destroy techno,0.49,0.71,132.83,0.24,-7.79,0.08,0.13,0.17,0.0,128589018,88,72,11352,8,0,0,0,0,0,0,0,0,0,0,0,0,0,0,0,0,0,0,0,0,0,0,0,0,0,0,0,0,0,0,0,0,0,0,0,0,0,0,0,0,0,0,0,0,0,0,0,0,0,0,0,0,0,0,0,0,0,0,0,0,0,0,0,0,0,59706832,45,85,5220,8,0,0,0,0,0,0,0,0,0,0,12485605,4,10,764,8,47221227,41,93,4428,15,0,0,0,0,0,0,0,0,0,0,0,0,0,0,0,0,0,0,0,0,0,0,0,0,0,0,0,0,0,0,0,0,0,0,0,0,0,0,0,0,68882186,43,58,6149,12,45434020,21,20,3801,12,23448166,22,94,2354,40,0,0,0,0,0,0,0,0,0,0,0,0,0,0,0,0,0,0,0,0,0,0,0,0,0,0,0,0,0,0,0,0,0,0,0,0,0,0,0,0,0,0,0,0,0,0,0,0,0,0,0,0,0,0,0,0,0,0,0,0,0,0,0,0,0,0,0,0,0,0,0,0,0,0,0,0,0,0,0,0,0,0,0,0,0,0,0,0,0,0,0,0,0,0,0,0,0,0,0,0,0,0,0,0,0,0,0,0,0,0,0,0,0,0,0
dark clubbing,0.49,0.71,132.83,0.24,-7.79,0.08,0.13,0.17,0.0,128589018,88,72,11352,8,0,0,0,0,0,0,0,0,0,0,0,0,0,0,0,0,0,0,0,0,0,0,0,0,0,0,0,0,0,0,0,0,0,0,0,0,0,0,0,0,0,0,0,0,0,0,0,0,0,0,0,0,0,0,0,0,0,0,0,0,0,0,0,0,0,59706832,45,85,5220,8,0,0,0,0,0,0,0,0,0,0,12485605,4,10,764,8,47221227,41,93,4428,15,0,0,0,0,0,0,0,0,0,0,0,0,0,0,0,0,0,0,0,0,0,0,0,0,0,0,0,0,0,0,0,0,0,0,0,0,0,0,0,0,68882186,43,58,6149,12,45434020,21,20,3801,12,23448166,22,94,2354,40,0,0,0,0,0,0,0,0,0,0,0,0,0,0,0,0,0,0,0,0,0,0,0,0,0,0,0,0,0,0,0,0,0,0,0,0,0,0,0,0,0,0,0,0,0,0,0,0,0,0,0,0,0,0,0,0,0,0,0,0,0,0,0,0,0,0,0,0,0,0,0,0,0,0,0,0,0,0,0,0,0,0,0,0,0,0,0,0,0,0,0,0,0,0,0,0,0,0,0,0,0,0,0,0,0,0,0,0,0,0,0,0,0,0,0
dutch rap pop,0.8,0.7,123.85,0.62,-6.23,0.13,0.15,0.2,0.0,121757010,149,125,11324,75,883632,2,192,18,192,0,0,0,0,0,0,0,0,0,0,0,0,0,0,0,0,0,0,0,0,422820,1,193,8,193,460812,1,192,9,192,0,0,0,0,0,0,0,0,0,0,0,0,0,0,0,0,0,0,0,0,0,0,0,0,0,0,0,0,0,0,11109319,16,144,912,106,0,0,0,0,0,0,0,0,0,0,0,0,0,0,0,0,0,0,0,0,0,0,0,0,0,0,0,0,0,0,0,0,0,0,0,0,0,0,0,0,11109319,16,144,912,106,0,0,0,0,0,0,0,0,0,0,0,0,0,0,0,102232830,121,119,9922,75,0,0,0,0,0,0,0,0,0,0,0,0,0,0,0,0,0,0,0,0,0,0,0,0,0,0,0,0,0,0,20333515,27,147,1458,99,29544791,31,90,3441,75,27052731,30,101,3000,77,24009129,31,137,1984,97,1292664,2,194,14,190,0,0,0,0,0,7531229,10,158,430,82,0,0,0,0,0,0,0,0,0,0,4114874,5,137,320,82,1313828,2,184,34,171,0,0,0,0,0,668024,1,182,19,182,742390,1,159,42,159,692113,1,184,17,184,0,0,0,0,0,0,0,0,0,0,0,0,0,0,0,0,0,0,0,0
bubblegum dance,0.78,0.82,127.48,0.59,-5.59,0.05,0.1,0.25,0.03,111429625,114,102,11286,48,0,0,0,0,0,0,0,0,0,0,0,0,0,0,0,0,0,0,0,0,0,0,0,0,0,0,0,0,0,0,0,0,0,0,0,0,0,0,0,0,0,0,0,0,0,0,0,0,0,0,0,0,0,0,0,0,0,0,0,0,0,0,0,0,0,0,0,0,0,0,0,0,0,0,0,0,0,0,0,0,0,0,0,0,0,0,0,0,0,0,0,0,0,0,0,0,0,0,0,0,0,0,0,0,0,0,0,0,0,0,0,0,0,0,0,0,0,0,0,0,0,0,0,0,0,0,0,0,0,0,105576121,108,101,10800,56,0,0,0,0,0,0,0,0,0,0,0,0,0,0,0,0,0,0,0,0,0,0,0,0,0,24929017,24,89,2688,59,36475144,31,68,4123,56,28391653,31,99,3162,68,14965226,21,162,819,134,0,0,0,0,0,0,0,0,0,0,815081,1,177,24,177,5853504,6,112,534,48,0,0,0,0,0,0,0,0,0,0,5853504,6,112,534,48,0,0,0,0,0,0,0,0,0,0,0,0,0,0,0,0,0,0,0,0,0,0,0,0,0,0,0,0,0,0,0,0,0,0,0,0,0,0,0,0,0,0,0,0,0
ritmo kombina,0.69,0.74,191.05,0.54,-4.3,0.25,0.13,0.13,0.0,89821464,97,89,10864,59,0,0,0,0,0,0,0,0,0,0,0,0,0,0,0,0,0,0,0,0,0,0,0,0,0,0,0,0,0,0,0,0,0,0,0,0,0,0,0,0,0,0,0,0,0,0,0,0,0,0,0,0,0,0,0,0,0,0,0,0,0,0,0,0,0,89129351,96,88,10848,59,13485366,13,73,1664,61,29396150,28,67,3752,59,28685820,31,81,3720,63,17562015,24,128,1752,89,0,0,0,0,0,0,0,0,0,0,0,0,0,0,0,0,0,0,0,0,0,0,0,0,0,0,0,0,0,0,0,0,0,0,0,0,0,0,0,0,0,0,0,0,0,0,0,0,0,0,0,0,0,0,0,0,0,0,0,0,0,0,0,0,0,0,0,0,0,0,0,0,0,0,0,0,0,0,0,0,0,0,0,0,0,0,0,0,0,0,0,0,0,0,0,0,0,0,0,0,0,0,0,0,0,692113,1,184,17,184,0,0,0,0,0,0,0,0,0,0,0,0,0,0,0,0,0,0,0,0,0,0,0,0,0,0,0,0,0,0,0,0,0,0,0,692113,1,184,17,184,0,0,0,0,0,0,0,0,0,0,0,0,0,0,0,0,0,0,0,0
classic girl group,0.46,0.83,117.75,0.71,-7.3,0.05,0.36,0.32,0.0,147867290,96,88,10848,11,4247377,4,112,356,56,0,0,0,0,0,0,0,0,0,0,0,0,0,0,0,0,0,0,0,0,0,0,0,0,0,0,0,0,0,0,0,0,0,0,0,0,0,0,0,0,0,0,0,0,0,0,0,0,0,0,0,0,0,0,0,4247377,4,112,356,56,31859945,26,102,2574,20,0,0,0,0,0,0,0,0,0,0,0,0,0,0,0,0,0,0,0,0,0,0,0,0,0,0,0,0,0,0,0,0,0,0,0,0,0,0,0,0,0,0,0,0,0,0,0,0,0,0,0,0,0,0,0,31859945,26,102,2574,20,33500142,28,108,2604,23,0,0,0,0,0,0,0,0,0,0,0,0,0,0,0,0,0,0,0,0,0,0,0,0,0,0,0,0,0,0,0,0,0,0,0,0,0,0,0,0,0,0,0,0,0,0,0,0,0,0,784388,1,140,61,140,32715754,27,107,2538,23,78259826,38,61,5320,11,0,0,0,0,0,0,0,0,0,0,0,0,0,0,0,0,0,0,0,0,0,0,0,0,0,0,0,0,0,0,0,0,0,0,0,0,0,0,0,0,0,0,0,0,0,0,0,0,0,0,11486736,10,108,930,37,66773090,28,44,4396,11
south african house,0.83,0.6,123.51,0.84,-8.07,0.05,0.08,0.06,0.2,121456500,127,116,10795,11,46604829,44,100,4444,11,0,0,0,0,0,0,0,0,0,0,26574252,13,30,2223,11,19610404,30,127,2220,60,420173,1,197,4,197,0,0,0,0,0,0,0,0,0,0,0,0,0,0,0,0,0,0,0,0,0,0,0,0,0,0,0,0,0,0,0,0,0,0,0,0,0,0,0,0,0,0,0,0,0,0,0,0,0,0,0,0,0,0,0,0,0,0,0,0,0,0,0,0,0,0,0,0,0,0,0,0,0,0,0,0,0,0,0,0,0,0,0,0,0,0,0,0,0,0,0,0,0,0,0,0,0,0,0,0,0,0,0,0,0,0,0,0,0,0,0,0,0,0,0,0,0,0,0,0,0,0,0,0,0,0,0,0,0,0,0,0,0,0,0,0,0,0,0,0,0,0,0,0,0,0,0,0,0,0,0,0,0,0,0,0,0,0,0,0,0,0,0,0,0,74851671,83,124,6391,68,0,0,0,0,0,0,0,0,0,0,0,0,0,0,0,0,0,0,0,0,0,0,0,0,0,0,0,0,0,0,0,0,0,0,0,0,0,0,0,0,20132594,23,124,1771,82,31244663,31,98,3193,68,22414787,28,153,1344,114,1059627,1,131,70,131
american folk revival,0.68,0.32,146.56,0.85,-12.91,0.03,0.14,0.62,0.0,141158133,122,113,10736,17,21617362,27,140,1647,23,0,0,0,0,0,0,0,0,0,0,0,0,0,0,0,0,0,0,0,0,0,0,0,0,0,0,0,0,0,0,0,0,0,0,0,0,0,0,0,0,0,0,0,0,0,0,0,0,0,0,0,0,0,0,0,21617362,27,140,1647,23,39338335,34,109,3128,17,0,0,0,0,0,0,0,0,0,0,0,0,0,0,0,0,0,0,0,0,0,0,0,0,0,0,0,0,0,0,0,0,0,0,0,0,0,0,0,0,0,0,0,0,0,0,0,0,0,0,3746540,6,192,54,184,35591795,28,91,3080,17,34925890,29,103,2842,20,0,0,0,0,0,0,0,0,0,0,0,0,0,0,0,0,0,0,0,0,0,0,0,0,0,0,0,0,0,0,0,0,0,0,0,0,0,0,0,0,0,0,0,0,0,0,0,0,0,0,1491888,2,160,82,125,33434002,27,99,2754,20,45276546,32,105,3072,23,0,0,0,0,0,0,0,0,0,0,0,0,0,0,0,0,0,0,0,0,0,0,0,0,0,0,0,0,0,0,0,0,0,0,0,0,0,0,0,0,0,0,0,0,0,0,0,0,0,0,3624640,4,152,196,112,41651906,28,98,2884,23
modern indie pop,0.64,0.6,96.29,0.67,-4.59,0.19,0.43,0.34,0.0,110064311,103,100,10403,40,0,0,0,0,0,0,0,0,0,0,0,0,0,0,0,0,0,0,0,0,0,0,0,0,0,0,0,0,0,0,0,0,0,0,0,0,0,0,0,0,0,0,0,0,0,0,0,0,0,0,0,0,0,0,0,0,0,0,0,0,0,0,0,0,0,0,0,0,0,0,0,0,0,0,0,0,0,0,0,0,0,0,0,0,0,0,0,0,0,0,0,0,0,0,0,0,0,0,0,0,0,0,0,0,0,0,0,0,0,0,0,0,0,0,0,0,0,0,0,0,0,0,0,0,0,0,0,0,0,0,0,0,0,0,0,0,0,0,0,0,0,0,0,0,0,0,0,0,0,0,0,0,0,0,0,0,0,0,0,0,0,0,0,0,0,0,0,0,0,0,0,0,0,0,0,0,0,0,0,0,0,0,0,0,0,0,0,0,0,0,0,0,0,0,0,110064311,103,100,10403,40,0,0,0,0,0,0,0,0,0,0,4457923,7,193,56,184,576191,1,199,2,199,0,0,0,0,0,0,0,0,0,0,0,0,0,0,0,0,0,0,0,0,33701626,27,66,3645,40,37195755,31,70,4061,49,28573169,30,118,2490,88,5559647,7,182,133,170
celtic rock,0.48,0.57,85.56,0.53,-7.56,0.08,0.31,0.41,0.0,138329704,140,127,10360,18,41060709,60,148,3180,18,0,0,0,0,0,0,0,0,0,0,0,0,0,0,0,0,0,0,0,0,0,0,0,0,0,0,0,0,0,0,571468,1,147,54,147,0,0,0,0,0,14087393,28,174,756,145,2304403,5,198,15,196,0,0,0,0,0,24097445,26,111,2340,18,30564960,26,100,2626,30,0,0,0,0,0,0,0,0,0,0,0,0,0,0,0,0,0,0,0,0,0,0,0,0,0,0,0,0,0,0,0,0,0,0,0,0,0,0,0,0,0,0,0,0,0,0,0,0,0,0,0,0,0,0,0,30564960,26,100,2626,30,28753280,26,122,2054,33,0,0,0,0,0,0,0,0,0,0,0,0,0,0,0,0,0,0,0,0,0,0,0,0,0,0,0,0,0,0,0,0,0,0,0,0,0,0,0,0,0,0,0,0,0,0,0,0,0,0,685281,1,179,22,179,28067999,25,120,2025,33,37950755,28,113,2464,24,0,0,0,0,0,0,0,0,0,0,0,0,0,0,0,0,0,0,0,0,0,0,0,0,0,0,0,0,0,0,0,0,0,0,0,0,0,0,0,0,0,0,0,0,0,0,0,0,0,0,1887344,2,140,122,125,36063411,26,111,2340,24
hamburg hip hop,0.73,0.71,109.53,0.42,-6.58,0.27,0.16,0.15,0.04,152713651,207,151,10350,58,4238306,8,163,304,99,0,0,0,0,0,0,0,0,0,0,0,0,0,0,0,0,0,0,0,0,0,0,0,0,0,0,0,0,0,0,4238306,8,163,304,99,0,0,0,0,0,0,0,0,0,0,0,0,0,0,0,0,0,0,0,0,0,0,0,0,0,57284192,85,158,3655,76,0,0,0,0,0,0,0,0,0,0,0,0,0,0,0,629619,1,185,16,185,0,0,0,0,0,0,0,0,0,0,0,0,0,0,0,20235448,31,154,1457,94,13386366,19,148,1007,76,20368166,30,169,960,103,657250,1,192,9,192,2007343,3,149,156,143,10482838,13,138,819,70,544655,1,200,1,200,0,0,0,0,0,0,0,0,0,0,0,0,0,0,0,0,0,0,0,0,0,0,0,0,0,0,0,0,0,0,0,0,0,0,0,4760581,5,97,520,70,4499729,6,153,288,101,0,0,0,0,0,677873,1,188,13,188,80708315,101,145,5656,58,6446981,8,154,376,98,874967,1,166,35,166,0,0,0,0,0,3668947,5,143,290,90,10983472,13,119,1066,79,10921935,13,121,1040,58,1757022,2,154,94,117,16980276,24,170,744,136,17915154,23,153,1104,79,9078352,9,104,873,59,2081209,3,182,57,158,0,0,0,0,0
german drill,0.77,0.66,127.61,0.55,-6.26,0.22,0.19,0.15,0.02,150411903,196,150,9996,52,0,0,0,0,0,0,0,0,0,0,0,0,0,0,0,0,0,0,0,0,0,0,0,0,0,0,0,0,0,0,0,0,0,0,0,0,0,0,0,0,0,0,0,0,0,0,0,0,0,0,0,0,0,0,0,0,0,0,0,0,0,0,0,0,0,6114547,10,179,220,124,0,0,0,0,0,0,0,0,0,0,0,0,0,0,0,0,0,0,0,0,0,0,0,0,0,0,0,0,0,0,0,0,0,0,0,0,0,0,0,0,2322568,4,188,52,169,3791979,6,174,162,124,0,0,0,0,0,0,0,0,0,0,85250274,106,143,6148,52,0,0,0,0,0,22527364,26,134,1742,52,18235541,24,153,1152,100,13988381,17,143,986,58,2609780,3,143,174,98,16433681,21,138,1323,78,2905883,4,156,180,116,1437839,2,186,30,182,7111805,9,141,540,76,0,0,0,0,0,0,0,0,0,0,0,0,0,0,0,59047082,80,156,3600,81,794366,1,178,23,178,6709018,8,144,456,112,1655432,2,165,72,154,0,0,0,0,0,8401152,12,170,372,116,27174287,39,156,1755,81,12913259,16,147,864,90,687487,1,188,13,188,712081,1,200,1,200,0,0,0,0,0,0,0,0,0,0,0,0,0,0,0
rap francais,0.83,0.77,129.56,0.63,-4.87,0.22,0.13,0.21,0.0,135429210,168,142,9912,55,481429,1,195,6,195,0,0,0,0,0,0,0,0,0,0,0,0,0,0,0,0,0,0,0,0,0,0,0,0,0,0,0,0,0,0,0,0,0,0,0,0,0,0,0,0,481429,1,195,6,195,0,0,0,0,0,0,0,0,0,0,0,0,0,0,0,2777352,4,144,228,104,0,0,0,0,0,0,0,0,0,0,0,0,0,0,0,0,0,0,0,0,0,0,0,0,0,0,0,0,0,0,0,0,0,0,0,0,0,0,0,0,2777352,4,144,228,104,0,0,0,0,0,0,0,0,0,0,0,0,0,0,0,47160288,61,155,2806,81,0,0,0,0,0,0,0,0,0,0,7270398,9,138,567,81,0,0,0,0,0,0,0,0,0,0,798518,1,171,30,171,0,0,0,0,0,0,0,0,0,0,706008,1,193,8,193,15719311,21,143,1218,87,1686129,2,119,164,116,20979924,27,170,837,102,85010141,102,134,6834,55,8349519,10,168,330,125,0,0,0,0,0,0,0,0,0,0,0,0,0,0,0,0,0,0,0,0,14070853,19,135,1254,98,0,0,0,0,0,11869934,14,126,1050,101,31360816,34,109,3128,55,19359019,25,158,1075,95,0,0,0,0,0,0,0,0,0,0
video game music,0.62,0.74,142.84,0.45,-5.15,0.14,0.19,0.05,0.0,103167790,110,111,9900,39,0,0,0,0,0,0,0,0,0,0,0,0,0,0,0,0,0,0,0,0,0,0,0,0,0,0,0,0,0,0,0,0,0,0,0,0,0,0,0,0,0,0,0,0,0,0,0,0,0,0,0,0,0,0,0,0,0,0,0,0,0,0,0,0,0,18919213,23,125,1748,79,0,0,0,0,0,0,0,0,0,0,0,0,0,0,0,0,0,0,0,0,0,0,0,0,0,0,0,0,0,0,0,0,0,0,0,0,0,0,0,0,0,0,0,0,0,0,0,0,0,0,18919213,23,125,1748,79,0,0,0,0,0,47899990,50,101,5000,39,0,0,0,0,0,0,0,0,0,0,0,0,0,0,0,0,0,0,0,0,0,0,0,0,0,0,0,0,0,0,0,0,0,0,0,0,0,0,0,0,0,0,0,0,0,9853521,7,50,1057,39,35258889,39,103,3822,51,2787580,4,177,96,167,36348587,37,116,3145,50,0,0,0,0,0,0,0,0,0,0,0,0,0,0,0,0,0,0,0,0,0,0,0,0,0,0,0,0,0,0,0,0,0,0,0,4890421,4,68,532,54,6022103,8,158,344,96,5287916,4,80,484,50,20148147,21,116,1785,68,0,0,0,0,0
australian psych,0.56,0.77,127.8,0.52,-5.13,0.04,0.25,0.03,0.08,226100102,321,171,9630,54,0,0,0,0,0,0,0,0,0,0,0,0,0,0,0,0,0,0,0,0,0,0,0,0,0,0,0,0,0,0,0,0,0,0,0,0,0,0,0,0,0,0,0,0,0,0,0,0,0,0,0,0,0,0,0,0,0,0,0,0,0,0,0,0,0,0,0,0,0,0,0,0,0,0,0,0,0,0,0,0,0,0,0,0,0,0,0,0,0,0,0,0,0,0,0,0,0,0,0,0,0,0,0,0,0,0,0,0,0,0,0,0,0,0,0,0,0,0,0,0,0,0,0,0,0,0,0,0,0,0,26259683,38,175,988,55,0,0,0,0,0,0,0,0,0,0,2132100,2,108,186,55,715904,1,180,21,180,0,0,0,0,0,0,0,0,0,0,0,0,0,0,0,0,0,0,0,0,0,0,0,0,0,10688384,16,179,352,86,11082185,17,179,374,149,1641110,2,175,52,160,199840419,283,171,8490,54,6938306,9,166,315,75,32572222,38,153,1824,54,14845934,21,171,630,139,20264513,30,165,1080,149,21193381,31,164,1147,151,20251234,30,158,1290,140,18118846,27,178,621,146,20673075,31,179,682,167,15865629,24,187,336,177,19478553,28,183,504,172,5374727,8,195,48,188,4263999,6,195,36,191
neo-psychedelic,0.56,0.77,127.8,0.52,-5.13,0.04,0.25,0.03,0.08,226100102,321,171,9630,54,0,0,0,0,0,0,0,0,0,0,0,0,0,0,0,0,0,0,0,0,0,0,0,0,0,0,0,0,0,0,0,0,0,0,0,0,0,0,0,0,0,0,0,0,0,0,0,0,0,0,0,0,0,0,0,0,0,0,0,0,0,0,0,0,0,0,0,0,0,0,0,0,0,0,0,0,0,0,0,0,0,0,0,0,0,0,0,0,0,0,0,0,0,0,0,0,0,0,0,0,0,0,0,0,0,0,0,0,0,0,0,0,0,0,0,0,0,0,0,0,0,0,0,0,0,0,0,0,0,0,26259683,38,175,988,55,0,0,0,0,0,0,0,0,0,0,2132100,2,108,186,55,715904,1,180,21,180,0,0,0,0,0,0,0,0,0,0,0,0,0,0,0,0,0,0,0,0,0,0,0,0,0,10688384,16,179,352,86,11082185,17,179,374,149,1641110,2,175,52,160,199840419,283,171,8490,54,6938306,9,166,315,75,32572222,38,153,1824,54,14845934,21,171,630,139,20264513,30,165,1080,149,21193381,31,164,1147,151,20251234,30,158,1290,140,18118846,27,178,621,146,20673075,31,179,682,167,15865629,24,187,336,177,19478553,28,183,504,172,5374727,8,195,48,188,4263999,6,195,36,191
punk,0.5,0.81,130.13,0.71,-5.99,0.09,0.36,0.17,0.0,124029617,110,114,9570,18,24802940,27,113,2376,18,0,0,0,0,0,0,0,0,0,0,0,0,0,0,0,0,0,0,0,0,0,0,0,0,0,0,0,0,0,0,0,0,0,0,0,0,0,0,0,0,0,0,0,0,0,0,0,0,0,0,0,0,0,0,0,24802940,27,113,2376,18,31086166,27,103,2646,30,521206,1,161,40,161,0,0,0,0,0,0,0,0,0,0,0,0,0,0,0,0,0,0,0,0,0,0,0,0,0,0,0,0,0,0,0,0,0,0,0,0,0,0,0,0,0,0,0,0,0,0,0,0,0,0,30564960,26,100,2626,30,29449736,27,125,2052,33,0,0,0,0,0,0,0,0,0,0,0,0,0,0,0,0,0,0,0,0,0,0,0,0,0,0,0,0,0,0,0,0,0,0,0,0,0,0,0,0,696456,1,184,17,184,0,0,0,0,0,685281,1,179,22,179,28067999,25,120,2025,33,38690775,29,116,2465,24,0,0,0,0,0,740020,1,194,7,194,0,0,0,0,0,0,0,0,0,0,0,0,0,0,0,0,0,0,0,0,0,0,0,0,0,0,0,0,0,0,0,0,0,0,0,0,0,0,0,0,1887344,2,140,122,125,36063411,26,111,2340,24
country rap,0.85,0.68,97.98,0.81,-8.64,0.11,0.27,0.07,0.0,102067400,117,120,9477,61,0,0,0,0,0,0,0,0,0,0,0,0,0,0,0,0,0,0,0,0,0,0,0,0,0,0,0,0,0,0,0,0,0,0,0,0,0,0,0,0,0,0,0,0,0,0,0,0,0,0,0,0,0,0,0,0,0,0,0,0,0,0,0,0,0,0,0,0,0,0,0,0,0,0,0,0,0,0,0,0,0,0,0,0,0,0,0,0,0,0,0,0,0,0,0,0,0,0,0,0,0,0,0,0,0,0,0,0,0,0,0,0,0,0,0,0,0,0,0,0,0,0,0,0,0,0,0,0,0,0,102067400,117,120,9477,61,0,0,0,0,0,0,0,0,0,0,0,0,0,0,0,0,0,0,0,0,0,0,0,0,0,10635909,14,144,798,96,33326064,31,79,3782,61,28984379,31,96,3255,61,21927983,30,155,1380,101,7193065,11,181,220,163,0,0,0,0,0,0,0,0,0,0,0,0,0,0,0,0,0,0,0,0,0,0,0,0,0,0,0,0,0,0,0,0,0,0,0,0,0,0,0,0,0,0,0,0,0,0,0,0,0,0,0,0,0,0,0,0,0,0,0,0,0,0,0,0,0,0,0,0,0,0,0,0,0,0,0
celtic,0.27,0.55,78.11,0.43,-7.48,0.05,0.26,0.58,0.0,121366440,106,112,9434,18,24097445,26,111,2340,18,0,0,0,0,0,0,0,0,0,0,0,0,0,0,0,0,0,0,0,0,0,0,0,0,0,0,0,0,0,0,0,0,0,0,0,0,0,0,0,0,0,0,0,0,0,0,0,0,0,0,0,0,0,0,0,24097445,26,111,2340,18,30564960,26,100,2626,30,0,0,0,0,0,0,0,0,0,0,0,0,0,0,0,0,0,0,0,0,0,0,0,0,0,0,0,0,0,0,0,0,0,0,0,0,0,0,0,0,0,0,0,0,0,0,0,0,0,0,0,0,0,0,0,30564960,26,100,2626,30,28753280,26,122,2054,33,0,0,0,0,0,0,0,0,0,0,0,0,0,0,0,0,0,0,0,0,0,0,0,0,0,0,0,0,0,0,0,0,0,0,0,0,0,0,0,0,0,0,0,0,0,0,0,0,0,0,685281,1,179,22,179,28067999,25,120,2025,33,37950755,28,113,2464,24,0,0,0,0,0,0,0,0,0,0,0,0,0,0,0,0,0,0,0,0,0,0,0,0,0,0,0,0,0,0,0,0,0,0,0,0,0,0,0,0,0,0,0,0,0,0,0,0,0,0,1887344,2,140,122,125,36063411,26,111,2340,24
celtic punk,0.27,0.55,78.11,0.43,-7.48,0.05,0.26,0.58,0.0,121366440,106,112,9434,18,24097445,26,111,2340,18,0,0,0,0,0,0,0,0,0,0,0,0,0,0,0,0,0,0,0,0,0,0,0,0,0,0,0,0,0,0,0,0,0,0,0,0,0,0,0,0,0,0,0,0,0,0,0,0,0,0,0,0,0,0,0,24097445,26,111,2340,18,30564960,26,100,2626,30,0,0,0,0,0,0,0,0,0,0,0,0,0,0,0,0,0,0,0,0,0,0,0,0,0,0,0,0,0,0,0,0,0,0,0,0,0,0,0,0,0,0,0,0,0,0,0,0,0,0,0,0,0,0,0,30564960,26,100,2626,30,28753280,26,122,2054,33,0,0,0,0,0,0,0,0,0,0,0,0,0,0,0,0,0,0,0,0,0,0,0,0,0,0,0,0,0,0,0,0,0,0,0,0,0,0,0,0,0,0,0,0,0,0,0,0,0,0,685281,1,179,22,179,28067999,25,120,2025,33,37950755,28,113,2464,24,0,0,0,0,0,0,0,0,0,0,0,0,0,0,0,0,0,0,0,0,0,0,0,0,0,0,0,0,0,0,0,0,0,0,0,0,0,0,0,0,0,0,0,0,0,0,0,0,0,0,1887344,2,140,122,125,36063411,26,111,2340,24
irish folk,0.27,0.55,78.11,0.43,-7.48,0.05,0.26,0.58,0.0,121366440,106,112,9434,18,24097445,26,111,2340,18,0,0,0,0,0,0,0,0,0,0,0,0,0,0,0,0,0,0,0,0,0,0,0,0,0,0,0,0,0,0,0,0,0,0,0,0,0,0,0,0,0,0,0,0,0,0,0,0,0,0,0,0,0,0,0,24097445,26,111,2340,18,30564960,26,100,2626,30,0,0,0,0,0,0,0,0,0,0,0,0,0,0,0,0,0,0,0,0,0,0,0,0,0,0,0,0,0,0,0,0,0,0,0,0,0,0,0,0,0,0,0,0,0,0,0,0,0,0,0,0,0,0,0,30564960,26,100,2626,30,28753280,26,122,2054,33,0,0,0,0,0,0,0,0,0,0,0,0,0,0,0,0,0,0,0,0,0,0,0,0,0,0,0,0,0,0,0,0,0,0,0,0,0,0,0,0,0,0,0,0,0,0,0,0,0,0,685281,1,179,22,179,28067999,25,120,2025,33,37950755,28,113,2464,24,0,0,0,0,0,0,0,0,0,0,0,0,0,0,0,0,0,0,0,0,0,0,0,0,0,0,0,0,0,0,0,0,0,0,0,0,0,0,0,0,0,0,0,0,0,0,0,0,0,0,1887344,2,140,122,125,36063411,26,111,2340,24
folk punk,0.27,0.55,78.11,0.43,-7.48,0.05,0.26,0.58,0.0,121366440,106,112,9434,18,24097445,26,111,2340,18,0,0,0,0,0,0,0,0,0,0,0,0,0,0,0,0,0,0,0,0,0,0,0,0,0,0,0,0,0,0,0,0,0,0,0,0,0,0,0,0,0,0,0,0,0,0,0,0,0,0,0,0,0,0,0,24097445,26,111,2340,18,30564960,26,100,2626,30,0,0,0,0,0,0,0,0,0,0,0,0,0,0,0,0,0,0,0,0,0,0,0,0,0,0,0,0,0,0,0,0,0,0,0,0,0,0,0,0,0,0,0,0,0,0,0,0,0,0,0,0,0,0,0,30564960,26,100,2626,30,28753280,26,122,2054,33,0,0,0,0,0,0,0,0,0,0,0,0,0,0,0,0,0,0,0,0,0,0,0,0,0,0,0,0,0,0,0,0,0,0,0,0,0,0,0,0,0,0,0,0,0,0,0,0,0,0,685281,1,179,22,179,28067999,25,120,2025,33,37950755,28,113,2464,24,0,0,0,0,0,0,0,0,0,0,0,0,0,0,0,0,0,0,0,0,0,0,0,0,0,0,0,0,0,0,0,0,0,0,0,0,0,0,0,0,0,0,0,0,0,0,0,0,0,0,1887344,2,140,122,125,36063411,26,111,2340,24
gauze pop,0.72,0.63,107.77,0.47,-5.88,0.08,0.12,0.13,0.0,102170406,149,138,9387,59,24547859,48,142,2832,99,16749043,31,124,2387,99,7798816,17,173,476,153,0,0,0,0,0,0,0,0,0,0,0,0,0,0,0,0,0,0,0,0,0,0,0,0,0,0,0,0,0,0,0,0,0,0,0,0,0,0,0,0,0,0,0,0,0,0,0,0,0,0,67128016,88,131,6160,59,0,0,0,0,0,0,0,0,0,0,800669,1,122,79,122,0,0,0,0,0,2496823,4,180,84,145,13666845,21,156,945,102,30978730,32,81,3840,59,17551212,27,157,1188,84,1633737,3,198,9,198,0,0,0,0,0,0,0,0,0,0,0,0,0,0,0,0,0,0,0,0,0,0,0,0,0,0,0,0,0,0,0,0,0,0,0,0,0,0,0,0,0,0,0,0,0,0,0,0,0,0,0,0,0,0,0,0,0,0,0,0,0,0,0,0,0,0,0,0,0,0,0,0,0,0,0,0,0,0,0,0,10494531,13,171,390,128,0,0,0,0,0,0,0,0,0,0,0,0,0,0,0,0,0,0,0,0,0,0,0,0,0,0,0,0,0,0,0,0,0,0,0,754332,1,166,35,166,0,0,0,0,0,0,0,0,0,0,0,0,0,0,0,9740199,12,172,348,128
urbano espanol,0.77,0.67,128.47,0.6,-5.97,0.13,0.1,0.25,0.0,147673063,168,147,9072,31,438952,1,190,11,190,0,0,0,0,0,0,0,0,0,0,0,0,0,0,0,0,0,0,0,0,0,0,0,0,0,0,0,0,0,0,438952,1,190,11,190,0,0,0,0,0,0,0,0,0,0,0,0,0,0,0,0,0,0,0,0,0,0,0,0,0,0,0,0,0,0,0,0,0,0,0,0,0,0,0,0,0,0,0,0,0,0,0,0,0,0,0,0,0,0,0,0,0,0,0,0,0,0,0,0,0,0,0,0,0,0,0,0,0,0,0,0,0,0,0,0,0,0,0,0,0,0,0,0,0,0,36095548,52,173,1456,112,0,0,0,0,0,0,0,0,0,0,5378477,8,184,136,154,3964170,6,190,66,179,0,0,0,0,0,0,0,0,0,0,0,0,0,0,0,0,0,0,0,0,7876699,11,162,429,136,11388477,16,168,528,112,7487725,11,174,297,140,0,0,0,0,0,111138563,115,135,7590,31,0,0,0,0,0,2250886,1,40,161,40,23601486,22,108,2046,56,0,0,0,0,0,0,0,0,0,0,0,0,0,0,0,13683877,21,190,231,180,10928088,17,188,221,176,0,0,0,0,0,0,0,0,0,0,32793203,25,72,3225,31,27881023,29,144,1653,114
alternative rock,0.46,0.7,123.75,0.41,-7.26,0.07,0.16,0.06,0.17,217679613,373,177,8952,60,66639229,130,172,3770,60,3056177,8,196,40,190,1356178,3,189,36,174,977278,2,198,6,197,0,0,0,0,0,7630543,12,145,672,60,1113159,2,162,78,124,5735368,13,186,195,169,6015081,13,185,208,157,8331225,15,166,525,103,17773368,32,152,1568,132,14650852,30,187,420,166,0,0,0,0,0,81074866,143,184,2431,135,2018920,4,190,44,182,6418880,12,192,108,170,15013355,27,183,486,154,13159606,23,175,598,152,1126743,2,198,6,198,1774599,3,189,36,178,9757741,17,181,340,135,7702847,14,188,182,179,6815210,12,187,168,166,15963928,27,187,378,177,569565,1,192,9,192,753472,1,162,39,162,41697115,58,169,1856,63,2890945,5,194,35,176,0,0,0,0,0,791570,1,163,38,163,3438492,4,132,276,63,1241678,2,196,10,193,2611776,4,186,60,178,12331016,18,173,504,71,17614350,23,161,920,65,0,0,0,0,0,0,0,0,0,0,0,0,0,0,0,777288,1,195,6,195,28268403,42,182,798,86,0,0,0,0,0,0,0,0,0,0,0,0,0,0,0,5264225,7,145,392,86,1282079,2,199,4,198,8872250,14,188,182,172,3291447,5,182,95,164,4594974,7,193,56,174,1965131,3,197,12,192,1385912,2,194,14,193,0,0,0,0,0,1612385,2,188,26,186
melancholia,0.41,0.33,99.5,0.18,-10.88,0.04,0.26,0.84,0.01,124698939,80,90,8880,3,438573,1,200,1,200,0,0,0,0,0,438573,1,200,1,200,0,0,0,0,0,0,0,0,0,0,0,0,0,0,0,0,0,0,0,0,0,0,0,0,0,0,0,0,0,0,0,0,0,0,0,0,0,0,0,0,0,0,0,0,0,0,0,0,0,0,0,0,0,0,0,0,0,0,0,0,0,0,0,0,0,0,0,0,0,0,0,0,0,0,0,0,0,0,0,0,0,0,0,0,0,0,0,0,0,0,0,0,0,0,0,0,0,0,0,0,0,0,0,0,0,0,0,0,0,0,0,0,0,0,0,781309,1,152,49,152,0,0,0,0,0,0,0,0,0,0,0,0,0,0,0,0,0,0,0,0,0,0,0,0,0,0,0,0,0,0,0,0,0,0,0,781309,1,152,49,152,0,0,0,0,0,0,0,0,0,0,0,0,0,0,0,0,0,0,0,0,123479057,78,87,8892,3,0,0,0,0,0,0,0,0,0,0,0,0,0,0,0,0,0,0,0,0,0,0,0,0,0,0,0,0,0,0,34077096,8,5,1568,3,50537317,31,50,4681,10,20694763,27,148,1431,93,665377,1,200,1,200,704471,1,198,3,198,16800033,10,85,1160,16
eau claire indie,0.41,0.33,99.5,0.18,-10.88,0.04,0.26,0.84,0.01,124698939,80,90,8880,3,438573,1,200,1,200,0,0,0,0,0,438573,1,200,1,200,0,0,0,0,0,0,0,0,0,0,0,0,0,0,0,0,0,0,0,0,0,0,0,0,0,0,0,0,0,0,0,0,0,0,0,0,0,0,0,0,0,0,0,0,0,0,0,0,0,0,0,0,0,0,0,0,0,0,0,0,0,0,0,0,0,0,0,0,0,0,0,0,0,0,0,0,0,0,0,0,0,0,0,0,0,0,0,0,0,0,0,0,0,0,0,0,0,0,0,0,0,0,0,0,0,0,0,0,0,0,0,0,0,0,0,781309,1,152,49,152,0,0,0,0,0,0,0,0,0,0,0,0,0,0,0,0,0,0,0,0,0,0,0,0,0,0,0,0,0,0,0,0,0,0,0,781309,1,152,49,152,0,0,0,0,0,0,0,0,0,0,0,0,0,0,0,0,0,0,0,0,123479057,78,87,8892,3,0,0,0,0,0,0,0,0,0,0,0,0,0,0,0,0,0,0,0,0,0,0,0,0,0,0,0,0,0,0,34077096,8,5,1568,3,50537317,31,50,4681,10,20694763,27,148,1431,93,665377,1,200,1,200,704471,1,198,3,198,16800033,10,85,1160,16
deep pop edm,0.42,0.64,170.01,0.11,-5.06,0.05,0.12,0.16,0.0,82163931,97,110,8827,63,0,0,0,0,0,0,0,0,0,0,0,0,0,0,0,0,0,0,0,0,0,0,0,0,0,0,0,0,0,0,0,0,0,0,0,0,0,0,0,0,0,0,0,0,0,0,0,0,0,0,0,0,0,0,0,0,0,0,0,0,0,0,0,0,0,82163931,97,110,8827,63,0,0,0,0,0,0,0,0,0,0,0,0,0,0,0,0,0,0,0,0,0,0,0,0,0,0,0,0,0,0,3335428,5,139,310,106,30396994,31,76,3875,63,27394743,30,93,3240,76,20453227,30,153,1440,128,583539,1,185,16,185,0,0,0,0,0,0,0,0,0,0,0,0,0,0,0,0,0,0,0,0,0,0,0,0,0,0,0,0,0,0,0,0,0,0,0,0,0,0,0,0,0,0,0,0,0,0,0,0,0,0,0,0,0,0,0,0,0,0,0,0,0,0,0,0,0,0,0,0,0,0,0,0,0,0,0,0,0,0,0,0,0,0,0,0,0,0,0,0,0,0,0,0,0,0,0,0,0,0,0,0,0,0,0,0,0,0,0,0,0,0,0,0,0,0,0,0,0,0,0,0,0,0,0,0,0,0,0,0,0,0,0,0,0,0,0
norwegian pop rap,0.42,0.64,170.01,0.11,-5.06,0.05,0.12,0.16,0.0,82163931,97,110,8827,63,0,0,0,0,0,0,0,0,0,0,0,0,0,0,0,0,0,0,0,0,0,0,0,0,0,0,0,0,0,0,0,0,0,0,0,0,0,0,0,0,0,0,0,0,0,0,0,0,0,0,0,0,0,0,0,0,0,0,0,0,0,0,0,0,0,82163931,97,110,8827,63,0,0,0,0,0,0,0,0,0,0,0,0,0,0,0,0,0,0,0,0,0,0,0,0,0,0,0,0,0,0,3335428,5,139,310,106,30396994,31,76,3875,63,27394743,30,93,3240,76,20453227,30,153,1440,128,583539,1,185,16,185,0,0,0,0,0,0,0,0,0,0,0,0,0,0,0,0,0,0,0,0,0,0,0,0,0,0,0,0,0,0,0,0,0,0,0,0,0,0,0,0,0,0,0,0,0,0,0,0,0,0,0,0,0,0,0,0,0,0,0,0,0,0,0,0,0,0,0,0,0,0,0,0,0,0,0,0,0,0,0,0,0,0,0,0,0,0,0,0,0,0,0,0,0,0,0,0,0,0,0,0,0,0,0,0,0,0,0,0,0,0,0,0,0,0,0,0,0,0,0,0,0,0,0,0,0,0,0,0,0,0,0,0,0,0,0
sertanejo pop,0.69,0.74,139.65,0.69,-4.11,0.06,0.42,0.33,0.0,178151148,260,168,8580,60,0,0,0,0,0,0,0,0,0,0,0,0,0,0,0,0,0,0,0,0,0,0,0,0,0,0,0,0,0,0,0,0,0,0,0,0,0,0,0,0,0,0,0,0,0,0,0,0,0,0,0,0,0,0,0,0,0,0,0,0,0,0,0,0,0,68506432,110,172,3190,89,0,0,0,0,0,4520455,8,181,160,160,2821431,5,182,95,155,556312,1,199,2,199,1810593,3,187,42,173,17506692,29,172,841,130,12451406,21,172,609,142,2292985,4,184,68,174,0,0,0,0,0,3154572,5,171,150,149,12198120,19,171,570,139,11193866,15,154,705,89,53920042,78,166,2730,60,35571437,50,156,2250,60,5380256,8,180,168,153,669148,1,186,15,186,0,0,0,0,0,0,0,0,0,0,647956,1,194,7,194,632286,1,194,7,194,3181723,5,182,95,174,3946202,6,185,96,165,3234950,5,183,90,174,656084,1,191,10,191,0,0,0,0,0,55724674,72,164,2664,109,601352,1,190,11,190,0,0,0,0,0,0,0,0,0,0,0,0,0,0,0,0,0,0,0,0,0,0,0,0,0,0,0,0,0,0,6940747,10,171,300,116,12594947,16,155,736,109,14566570,18,150,918,109,13525413,18,172,522,126,7495645,9,181,180,138
british indie rock,0.53,0.85,138.35,0.39,-3.71,0.11,0.28,0.01,0.0,97469284,111,124,8547,48,0,0,0,0,0,0,0,0,0,0,0,0,0,0,0,0,0,0,0,0,0,0,0,0,0,0,0,0,0,0,0,0,0,0,0,0,0,0,0,0,0,0,0,0,0,0,0,0,0,0,0,0,0,0,0,0,0,0,0,0,0,0,0,0,0,0,0,0,0,0,0,0,0,0,0,0,0,0,0,0,0,0,0,0,0,0,0,0,0,0,0,0,0,0,0,0,0,0,0,0,0,0,0,0,0,0,0,0,0,0,0,0,0,0,0,0,0,0,0,0,0,0,0,0,0,0,0,0,0,0,94972382,108,123,8424,48,0,0,0,0,0,16850542,14,71,1820,54,22264751,28,137,1792,92,0,0,0,0,0,0,0,0,0,0,7414831,11,176,275,155,29517665,31,104,3007,73,5245209,8,174,216,141,0,0,0,0,0,933897,1,108,93,108,12745487,15,122,1185,48,0,0,0,0,0,2496902,3,158,129,119,0,0,0,0,0,0,0,0,0,0,0,0,0,0,0,0,0,0,0,0,0,0,0,0,0,0,0,0,0,0,0,0,0,0,0,0,0,0,0,0,1635027,2,142,118,119,0,0,0,0,0,0,0,0,0,0,861875,1,190,11,190
rap rock,0.6,0.66,129.42,0.45,-5.22,0.07,0.14,0.13,0.03,97321351,108,123,8424,11,0,0,0,0,0,0,0,0,0,0,0,0,0,0,0,0,0,0,0,0,0,0,0,0,0,0,0,0,0,0,0,0,0,0,0,0,0,0,0,0,0,0,0,0,0,0,0,0,0,0,0,0,0,0,0,0,0,0,0,0,0,0,0,0,0,14266941,14,113,1232,11,0,0,0,0,0,0,0,0,0,0,3623636,5,134,335,79,0,0,0,0,0,0,0,0,0,0,1872282,2,108,186,74,0,0,0,0,0,0,0,0,0,0,0,0,0,0,0,0,0,0,0,0,0,0,0,0,0,8771023,7,99,714,11,82244628,93,124,7161,54,0,0,0,0,0,16850542,14,71,1820,54,22264751,28,137,1792,92,0,0,0,0,0,0,0,0,0,0,8366461,12,170,372,110,29517665,31,104,3007,73,5245209,8,174,216,141,0,0,0,0,0,0,0,0,0,0,0,0,0,0,0,0,0,0,0,0,809782,1,145,56,145,0,0,0,0,0,0,0,0,0,0,0,0,0,0,0,0,0,0,0,0,809782,1,145,56,145,0,0,0,0,0,0,0,0,0,0,0,0,0,0,0,0,0,0,0,0,0,0,0,0,0,0,0,0,0,0,0,0,0,0,0
chicano rap,0.76,0.62,103.48,0.59,-6.8,0.06,0.16,0.08,0.0,66573851,112,128,8176,83,66573851,112,128,8176,83,20454998,31,92,3379,83,13753520,25,142,1475,90,0,0,0,0,0,15514849,26,138,1638,110,16352907,29,143,1682,110,497577,1,172,29,172,0,0,0,0,0,0,0,0,0,0,0,0,0,0,0,0,0,0,0,0,0,0,0,0,0,0,0,0,0,0,0,0,0,0,0,0,0,0,0,0,0,0,0,0,0,0,0,0,0,0,0,0,0,0,0,0,0,0,0,0,0,0,0,0,0,0,0,0,0,0,0,0,0,0,0,0,0,0,0,0,0,0,0,0,0,0,0,0,0,0,0,0,0,0,0,0,0,0,0,0,0,0,0,0,0,0,0,0,0,0,0,0,0,0,0,0,0,0,0,0,0,0,0,0,0,0,0,0,0,0,0,0,0,0,0,0,0,0,0,0,0,0,0,0,0,0,0,0,0,0,0,0,0,0,0,0,0,0,0,0,0,0,0,0,0,0,0,0,0,0,0,0,0,0,0,0,0,0,0,0,0,0,0,0,0,0,0,0,0,0,0,0,0,0,0,0,0,0,0,0,0,0,0,0,0,0,0,0,0,0,0,0,0,0,0,0,0,0,0,0,0,0,0,0,0
australian talent show,0.42,0.74,95.49,0.59,-4.63,0.04,0.1,0.22,0.0,58130692,83,103,8134,60,58130692,83,103,8134,60,17919765,29,109,2668,69,22625000,27,69,3564,60,17585927,27,132,1863,65,0,0,0,0,0,0,0,0,0,0,0,0,0,0,0,0,0,0,0,0,0,0,0,0,0,0,0,0,0,0,0,0,0,0,0,0,0,0,0,0,0,0,0,0,0,0,0,0,0,0,0,0,0,0,0,0,0,0,0,0,0,0,0,0,0,0,0,0,0,0,0,0,0,0,0,0,0,0,0,0,0,0,0,0,0,0,0,0,0,0,0,0,0,0,0,0,0,0,0,0,0,0,0,0,0,0,0,0,0,0,0,0,0,0,0,0,0,0,0,0,0,0,0,0,0,0,0,0,0,0,0,0,0,0,0,0,0,0,0,0,0,0,0,0,0,0,0,0,0,0,0,0,0,0,0,0,0,0,0,0,0,0,0,0,0,0,0,0,0,0,0,0,0,0,0,0,0,0,0,0,0,0,0,0,0,0,0,0,0,0,0,0,0,0,0,0,0,0,0,0,0,0,0,0,0,0,0,0,0,0,0,0,0,0,0,0,0,0,0,0,0,0,0,0,0,0,0,0,0,0,0,0,0,0,0,0,0,0,0,0
vapor twitch,0.64,0.75,129.54,0.47,-5.28,0.1,0.17,0.09,0.0,60054999,106,125,8056,93,60054999,106,125,8056,93,33927215,61,122,4819,93,26127784,45,128,3285,105,0,0,0,0,0,0,0,0,0,0,0,0,0,0,0,0,0,0,0,0,0,0,0,0,0,0,0,0,0,0,0,0,0,0,0,0,0,0,0,0,0,0,0,0,0,0,0,0,0,0,0,0,0,0,0,0,0,0,0,0,0,0,0,0,0,0,0,0,0,0,0,0,0,0,0,0,0,0,0,0,0,0,0,0,0,0,0,0,0,0,0,0,0,0,0,0,0,0,0,0,0,0,0,0,0,0,0,0,0,0,0,0,0,0,0,0,0,0,0,0,0,0,0,0,0,0,0,0,0,0,0,0,0,0,0,0,0,0,0,0,0,0,0,0,0,0,0,0,0,0,0,0,0,0,0,0,0,0,0,0,0,0,0,0,0,0,0,0,0,0,0,0,0,0,0,0,0,0,0,0,0,0,0,0,0,0,0,0,0,0,0,0,0,0,0,0,0,0,0,0,0,0,0,0,0,0,0,0,0,0,0,0,0,0,0,0,0,0,0,0,0,0,0,0,0,0,0,0,0,0,0,0,0,0,0,0,0,0,0,0,0,0,0,0,0
alte,0.8,0.57,107.99,0.81,-7.39,0.07,0.08,0.06,0.0,54792514,76,96,7980,51,54792514,76,96,7980,51,26257142,31,62,4309,51,19224576,27,92,2943,70,9310796,18,160,738,140,0,0,0,0,0,0,0,0,0,0,0,0,0,0,0,0,0,0,0,0,0,0,0,0,0,0,0,0,0,0,0,0,0,0,0,0,0,0,0,0,0,0,0,0,0,0,0,0,0,0,0,0,0,0,0,0,0,0,0,0,0,0,0,0,0,0,0,0,0,0,0,0,0,0,0,0,0,0,0,0,0,0,0,0,0,0,0,0,0,0,0,0,0,0,0,0,0,0,0,0,0,0,0,0,0,0,0,0,0,0,0,0,0,0,0,0,0,0,0,0,0,0,0,0,0,0,0,0,0,0,0,0,0,0,0,0,0,0,0,0,0,0,0,0,0,0,0,0,0,0,0,0,0,0,0,0,0,0,0,0,0,0,0,0,0,0,0,0,0,0,0,0,0,0,0,0,0,0,0,0,0,0,0,0,0,0,0,0,0,0,0,0,0,0,0,0,0,0,0,0,0,0,0,0,0,0,0,0,0,0,0,0,0,0,0,0,0,0,0,0,0,0,0,0,0,0,0,0,0,0,0,0,0,0,0,0,0,0,0,0
uk alternative hip hop,0.82,0.64,125.77,0.42,-6.84,0.16,0.35,0.09,0.0,90523814,89,112,7921,6,67674496,61,97,6344,6,0,0,0,0,0,0,0,0,0,0,46460120,26,43,4108,6,21214376,35,137,2240,81,0,0,0,0,0,0,0,0,0,0,0,0,0,0,0,0,0,0,0,0,0,0,0,0,0,0,0,0,0,0,0,0,0,0,0,0,0,0,0,0,0,0,0,0,0,0,0,0,0,0,0,0,0,0,0,0,0,0,0,0,0,0,0,0,0,0,0,0,0,0,0,0,0,0,0,0,0,0,0,0,0,0,0,0,0,0,0,0,0,0,0,0,0,0,0,0,0,0,0,0,0,0,0,0,0,0,0,0,0,0,0,0,0,0,0,0,0,0,0,0,0,0,0,0,0,0,0,0,0,0,0,0,0,0,0,0,0,0,0,0,0,0,0,0,0,0,0,0,0,0,0,0,0,0,0,0,0,0,0,0,0,0,0,0,0,0,0,0,0,0,22849318,28,145,1568,112,788712,1,174,27,174,0,0,0,0,0,0,0,0,0,0,0,0,0,0,0,0,0,0,0,0,0,0,0,0,0,0,0,0,0,0,0,0,0,0,0,0,0,0,0,0,5459473,7,158,301,143,16601133,20,138,1260,112,0,0,0,0,0
forro,0.68,0.87,155.38,0.82,-3.14,0.05,0.35,0.35,0.0,130264994,164,155,7544,60,0,0,0,0,0,0,0,0,0,0,0,0,0,0,0,0,0,0,0,0,0,0,0,0,0,0,0,0,0,0,0,0,0,0,0,0,0,0,0,0,0,0,0,0,0,0,0,0,0,0,0,0,0,0,0,0,0,0,0,0,0,0,0,0,0,6192549,10,180,210,152,0,0,0,0,0,0,0,0,0,0,0,0,0,0,0,0,0,0,0,0,592906,1,191,10,191,1165651,2,190,22,186,0,0,0,0,0,0,0,0,0,0,0,0,0,0,0,0,0,0,0,0,0,0,0,0,0,4433992,7,176,175,152,25082169,36,161,1440,60,20739037,29,154,1363,60,1255711,2,190,22,183,0,0,0,0,0,0,0,0,0,0,0,0,0,0,0,647956,1,194,7,194,632286,1,194,7,194,1807179,3,186,45,181,0,0,0,0,0,0,0,0,0,0,0,0,0,0,0,0,0,0,0,0,98990276,118,151,5900,82,0,0,0,0,0,0,0,0,0,0,0,0,0,0,0,0,0,0,0,0,0,0,0,0,0,0,0,0,0,0,0,0,0,0,0,6940747,10,171,300,116,15735695,20,147,1080,109,28495262,34,141,2040,91,25414125,30,150,1530,86,22404447,24,160,984,82
jawaiian,0.82,0.85,95.11,0.9,-5.31,0.18,0.12,0.02,0.0,78074584,81,108,7533,60,0,0,0,0,0,0,0,0,0,0,0,0,0,0,0,0,0,0,0,0,0,0,0,0,0,0,0,0,0,0,0,0,0,0,0,0,0,0,0,0,0,0,0,0,0,0,0,0,0,0,0,0,0,0,0,0,0,0,0,0,0,0,0,0,0,0,0,0,0,0,0,0,0,0,0,0,0,0,0,0,0,0,0,0,0,0,0,0,0,0,0,0,0,0,0,0,0,0,0,0,0,0,0,0,0,0,0,0,0,0,0,0,0,0,0,0,0,0,0,0,0,0,0,0,0,0,0,0,0,0,0,0,0,0,0,0,0,0,0,0,0,0,0,0,0,0,0,0,0,0,0,0,0,0,0,0,0,0,0,0,0,0,0,0,0,0,0,0,0,0,0,0,0,0,0,0,0,0,0,0,0,0,0,0,0,0,0,0,0,0,0,0,0,0,0,78074584,81,108,7533,60,0,0,0,0,0,0,0,0,0,0,0,0,0,0,0,0,0,0,0,0,0,0,0,0,0,16016066,19,116,1615,67,35757881,31,81,3720,60,26300637,31,129,2232,87,0,0,0,0,0,0,0,0,0,0,0,0,0,0,0,0,0,0,0,0
indie anthem-folk,0.64,0.67,113.67,0.5,-6.51,0.16,0.17,0.2,0.0,113613189,165,156,7425,51,4318782,8,153,384,98,0,0,0,0,0,0,0,0,0,0,0,0,0,0,0,0,0,0,0,0,1158067,2,157,88,133,0,0,0,0,0,0,0,0,0,0,3160715,6,152,294,98,0,0,0,0,0,0,0,0,0,0,0,0,0,0,0,0,0,0,0,0,51256569,89,182,1691,51,0,0,0,0,0,4275448,8,189,96,182,13783937,25,183,450,169,13727067,22,173,616,51,515083,1,200,1,200,10260808,18,185,288,159,7187087,13,190,143,180,527361,1,198,3,198,979778,1,119,82,119,0,0,0,0,0,0,0,0,0,0,0,0,0,0,0,58037838,68,123,5304,79,0,0,0,0,0,0,0,0,0,0,23401632,29,132,2001,89,28854358,30,98,3090,79,5781848,9,179,198,167,0,0,0,0,0,0,0,0,0,0,0,0,0,0,0,0,0,0,0,0,0,0,0,0,0,0,0,0,0,0,0,0,0,0,0,0,0,0,0,0,0,0,0,0,0,0,0,0,0,0,0,0,0,0,0,0,0,0,0,0,0,0,0,0,0,0,0,0,0,0,0,0,0,0,0,0,0,0,0,0,0,0,0,0,0,0,0,0,0,0,0,0,0,0,0,0,0,0,0,0
south african hip hop,0.74,0.62,129.48,0.63,-7.61,0.3,0.34,0.09,0.0,69437337,76,109,6992,19,0,0,0,0,0,0,0,0,0,0,0,0,0,0,0,0,0,0,0,0,0,0,0,0,0,0,0,0,0,0,0,0,0,0,0,0,0,0,0,0,0,0,0,0,0,0,0,0,0,0,0,0,0,0,0,0,0,0,0,0,0,0,0,0,0,69437337,76,109,6992,19,0,0,0,0,0,44388323,40,83,4720,19,22427949,31,130,2201,63,2621065,5,189,60,183,0,0,0,0,0,0,0,0,0,0,0,0,0,0,0,0,0,0,0,0,0,0,0,0,0,0,0,0,0,0,0,0,0,0,0,0,0,0,0,0,0,0,0,0,0,0,0,0,0,0,0,0,0,0,0,0,0,0,0,0,0,0,0,0,0,0,0,0,0,0,0,0,0,0,0,0,0,0,0,0,0,0,0,0,0,0,0,0,0,0,0,0,0,0,0,0,0,0,0,0,0,0,0,0,0,0,0,0,0,0,0,0,0,0,0,0,0,0,0,0,0,0,0,0,0,0,0,0,0,0,0,0,0,0,0,0,0,0,0,0,0,0,0,0,0,0,0,0,0,0,0,0,0,0,0,0,0,0,0,0,0,0,0,0,0,0,0,0,0,0
vocal harmony group,0.58,0.27,165.51,0.67,-11.76,0.07,0.19,0.78,0.0,102202784,90,124,6930,27,12267540,15,144,855,44,0,0,0,0,0,0,0,0,0,0,0,0,0,0,0,0,0,0,0,0,0,0,0,0,0,0,0,0,0,0,0,0,0,0,0,0,0,0,0,0,0,0,0,0,0,0,0,0,0,0,0,0,0,0,0,12267540,15,144,855,44,22626418,19,114,1653,27,0,0,0,0,0,0,0,0,0,0,0,0,0,0,0,0,0,0,0,0,0,0,0,0,0,0,0,0,0,0,0,0,0,0,0,0,0,0,0,0,0,0,0,0,0,0,0,0,0,0,0,0,0,0,0,22626418,19,114,1653,27,31346267,28,122,2212,28,0,0,0,0,0,0,0,0,0,0,0,0,0,0,0,0,0,0,0,0,0,0,0,0,0,0,0,0,0,0,0,0,0,0,0,0,0,0,0,0,0,0,0,0,0,0,0,0,0,0,793282,1,137,64,137,30552985,27,121,2160,28,35962559,28,122,2212,32,0,0,0,0,0,0,0,0,0,0,0,0,0,0,0,0,0,0,0,0,0,0,0,0,0,0,0,0,0,0,0,0,0,0,0,0,0,0,0,0,0,0,0,0,0,0,0,0,0,0,1826851,2,150,102,133,34135708,26,120,2106,32
albanian hip hop,0.72,0.71,127.61,0.53,-5.18,0.23,0.17,0.19,0.0,85810956,116,142,6844,71,0,0,0,0,0,0,0,0,0,0,0,0,0,0,0,0,0,0,0,0,0,0,0,0,0,0,0,0,0,0,0,0,0,0,0,0,0,0,0,0,0,0,0,0,0,0,0,0,0,0,0,0,0,0,0,0,0,0,0,0,0,0,0,0,0,59978047,80,131,5600,71,1183199,2,185,32,171,0,0,0,0,0,0,0,0,0,0,0,0,0,0,0,1997917,3,172,87,155,22020984,27,116,2295,71,24007220,31,118,2573,84,1122250,2,171,60,171,8847623,14,165,504,131,0,0,0,0,0,0,0,0,0,0,798854,1,187,14,187,18832275,27,168,891,95,731797,1,180,21,180,4352271,6,176,150,134,0,0,0,0,0,640298,1,187,14,187,0,0,0,0,0,3049950,4,142,236,95,0,0,0,0,0,10057959,15,169,480,143,0,0,0,0,0,0,0,0,0,0,0,0,0,0,0,0,0,0,0,0,7000634,9,154,423,82,0,0,0,0,0,0,0,0,0,0,4789948,6,146,330,82,1313828,2,184,34,171,0,0,0,0,0,0,0,0,0,0,0,0,0,0,0,0,0,0,0,0,0,0,0,0,0,896858,1,142,59,142,0,0,0,0,0,0,0,0,0,0
romanian pop,0.77,0.61,136.37,0.58,-5.9,0.18,0.1,0.17,0.0,91085774,111,140,6771,35,0,0,0,0,0,0,0,0,0,0,0,0,0,0,0,0,0,0,0,0,0,0,0,0,0,0,0,0,0,0,0,0,0,0,0,0,0,0,0,0,0,0,0,0,0,0,0,0,0,0,0,0,0,0,0,0,0,0,0,0,0,0,0,0,0,7400298,11,154,517,131,0,0,0,0,0,0,0,0,0,0,0,0,0,0,0,0,0,0,0,0,0,0,0,0,0,0,0,0,0,0,0,0,0,0,0,0,0,0,0,0,6525055,10,155,460,131,0,0,0,0,0,0,0,0,0,0,875243,1,142,59,142,40548931,54,151,2700,67,0,0,0,0,0,2016123,3,186,45,174,0,0,0,0,0,0,0,0,0,0,0,0,0,0,0,0,0,0,0,0,8846786,12,155,552,119,9348717,14,168,462,143,19473613,24,135,1584,67,0,0,0,0,0,0,0,0,0,0,863692,1,170,31,170,43136545,46,124,3542,35,15760010,15,103,1470,72,2264457,3,167,102,150,9184035,11,150,561,82,3046449,3,134,201,35,11198710,12,108,1116,57,0,0,0,0,0,1682884,2,146,110,121,0,0,0,0,0,0,0,0,0,0,0,0,0,0,0,0,0,0,0,0,0,0,0,0,0
hands up,0.76,0.75,102.0,0.49,-4.03,0.07,0.08,0.06,0.0,65341277,114,142,6726,91,65341277,114,142,6726,91,0,0,0,0,0,0,0,0,0,0,0,0,0,0,0,0,0,0,0,0,0,0,0,0,0,11231593,22,164,814,140,17537483,31,134,2077,117,20668527,31,111,2790,91,15448838,29,164,1073,127,454836,1,198,3,198,0,0,0,0,0,0,0,0,0,0,0,0,0,0,0,0,0,0,0,0,0,0,0,0,0,0,0,0,0,0,0,0,0,0,0,0,0,0,0,0,0,0,0,0,0,0,0,0,0,0,0,0,0,0,0,0,0,0,0,0,0,0,0,0,0,0,0,0,0,0,0,0,0,0,0,0,0,0,0,0,0,0,0,0,0,0,0,0,0,0,0,0,0,0,0,0,0,0,0,0,0,0,0,0,0,0,0,0,0,0,0,0,0,0,0,0,0,0,0,0,0,0,0,0,0,0,0,0,0,0,0,0,0,0,0,0,0,0,0,0,0,0,0,0,0,0,0,0,0,0,0,0,0,0,0,0,0,0,0,0,0,0,0,0,0,0,0,0,0,0,0,0,0,0,0,0,0,0,0,0,0,0,0,0,0,0,0,0,0,0,0,0,0,0,0,0,0,0,0,0,0,0,0,0,0
afro soul,0.76,0.64,125.9,0.63,-6.72,0.17,0.1,0.1,0.0,78866803,89,126,6675,68,0,0,0,0,0,0,0,0,0,0,0,0,0,0,0,0,0,0,0,0,0,0,0,0,0,0,0,0,0,0,0,0,0,0,0,0,0,0,0,0,0,0,0,0,0,0,0,0,0,0,0,0,0,0,0,0,0,0,0,0,0,0,0,0,0,2550629,4,160,164,130,0,0,0,0,0,2550629,4,160,164,130,0,0,0,0,0,0,0,0,0,0,0,0,0,0,0,0,0,0,0,0,0,0,0,0,0,0,0,0,0,0,0,0,0,0,0,0,0,0,0,0,0,0,0,0,0,0,0,0,0,0,0,0,0,0,0,0,0,0,0,0,0,0,0,0,0,0,0,0,0,0,0,0,0,0,0,0,0,0,0,0,0,0,0,0,0,0,0,0,0,0,0,0,0,0,0,0,0,0,0,0,0,0,0,0,0,0,0,0,0,0,0,0,0,0,0,76316174,85,125,6460,68,0,0,0,0,0,1464503,2,165,72,143,0,0,0,0,0,0,0,0,0,0,0,0,0,0,0,0,0,0,0,0,0,0,0,0,0,0,0,0,0,0,20132594,23,124,1771,82,31244663,31,98,3193,68,22414787,28,153,1344,114,1059627,1,131,70,131
south african pop,0.76,0.64,125.9,0.63,-6.72,0.17,0.1,0.1,0.0,78866803,89,126,6675,68,0,0,0,0,0,0,0,0,0,0,0,0,0,0,0,0,0,0,0,0,0,0,0,0,0,0,0,0,0,0,0,0,0,0,0,0,0,0,0,0,0,0,0,0,0,0,0,0,0,0,0,0,0,0,0,0,0,0,0,0,0,0,0,0,0,2550629,4,160,164,130,0,0,0,0,0,2550629,4,160,164,130,0,0,0,0,0,0,0,0,0,0,0,0,0,0,0,0,0,0,0,0,0,0,0,0,0,0,0,0,0,0,0,0,0,0,0,0,0,0,0,0,0,0,0,0,0,0,0,0,0,0,0,0,0,0,0,0,0,0,0,0,0,0,0,0,0,0,0,0,0,0,0,0,0,0,0,0,0,0,0,0,0,0,0,0,0,0,0,0,0,0,0,0,0,0,0,0,0,0,0,0,0,0,0,0,0,0,0,0,0,0,0,0,0,0,0,76316174,85,125,6460,68,0,0,0,0,0,1464503,2,165,72,143,0,0,0,0,0,0,0,0,0,0,0,0,0,0,0,0,0,0,0,0,0,0,0,0,0,0,0,0,0,0,20132594,23,124,1771,82,31244663,31,98,3193,68,22414787,28,153,1344,114,1059627,1,131,70,131
detroit trap,0.87,0.58,119.54,0.33,-5.86,0.28,0.16,0.19,0.0,81218304,94,130,6674,61,0,0,0,0,0,0,0,0,0,0,0,0,0,0,0,0,0,0,0,0,0,0,0,0,0,0,0,0,0,0,0,0,0,0,0,0,0,0,0,0,0,0,0,0,0,0,0,0,0,0,0,0,0,0,0,0,0,0,0,0,0,0,0,0,0,2362263,4,184,68,178,0,0,0,0,0,0,0,0,0,0,617750,1,178,23,178,0,0,0,0,0,1744513,3,187,42,178,0,0,0,0,0,0,0,0,0,0,0,0,0,0,0,0,0,0,0,0,0,0,0,0,0,0,0,0,0,0,0,0,0,0,0,0,0,0,0,0,0,0,0,0,0,0,0,0,0,0,0,0,0,0,0,0,0,0,0,0,0,0,0,0,0,0,0,0,0,0,0,0,0,0,0,0,0,0,0,0,0,0,0,0,0,0,0,0,0,0,0,0,0,0,0,0,0,0,0,0,78856041,90,128,6570,61,0,0,0,0,0,954067,1,119,82,119,0,0,0,0,0,0,0,0,0,0,1433206,2,163,76,135,9088386,10,100,1010,61,32832562,31,95,3286,62,24541615,31,140,1891,120,10006205,15,185,240,173,0,0,0,0,0,0,0,0,0,0,0,0,0,0,0
pop lgbtq+ brasileira,0.74,0.75,135.99,0.69,-5.12,0.11,0.15,0.21,0.0,80039270,119,145,6664,57,44512665,77,144,4389,88,0,0,0,0,0,0,0,0,0,0,0,0,0,0,0,0,0,0,0,0,0,0,0,0,0,1424155,3,189,36,175,4443269,9,168,297,89,21364240,33,118,2739,88,16370036,30,157,1320,123,910965,2,192,18,186,0,0,0,0,0,0,0,0,0,0,0,0,0,0,0,0,0,0,0,0,0,0,0,0,0,0,0,0,0,0,0,0,0,0,0,0,0,0,0,0,0,0,0,0,0,0,0,0,0,0,0,0,0,0,0,0,0,0,0,0,0,0,0,0,0,0,0,0,0,0,0,0,0,0,0,18671674,24,157,1056,97,0,0,0,0,0,0,0,0,0,0,0,0,0,0,0,0,0,0,0,0,0,0,0,0,0,0,0,0,0,0,688392,1,190,11,190,0,0,0,0,0,0,0,0,0,0,0,0,0,0,0,4674834,6,147,324,97,13308448,17,159,714,117,16854931,18,137,1152,57,4176724,6,173,168,107,744944,1,177,24,177,0,0,0,0,0,0,0,0,0,0,0,0,0,0,0,0,0,0,0,0,0,0,0,0,0,1259796,2,194,14,187,0,0,0,0,0,0,0,0,0,0,0,0,0,0,0,10673467,9,96,945,57
new jack swing,0.59,0.68,106.26,0.54,-5.25,0.11,0.32,0.28,0.0,48583019,66,103,6468,36,47220511,64,101,6400,36,28731221,31,59,4402,36,15658083,27,130,1917,84,2317216,5,190,55,183,513991,1,187,14,187,0,0,0,0,0,0,0,0,0,0,0,0,0,0,0,0,0,0,0,0,0,0,0,0,0,0,0,0,0,0,0,0,0,0,0,0,0,0,0,0,686041,1,134,67,134,686041,1,134,67,134,0,0,0,0,0,0,0,0,0,0,0,0,0,0,0,0,0,0,0,0,0,0,0,0,0,0,0,0,0,0,0,0,0,0,0,0,0,0,0,0,0,0,0,0,0,0,0,0,0,0,0,0,0,0,0,676467,1,176,25,176,0,0,0,0,0,0,0,0,0,0,0,0,0,0,0,0,0,0,0,0,0,0,0,0,0,0,0,0,0,0,676467,1,176,25,176,0,0,0,0,0,0,0,0,0,0,0,0,0,0,0,0,0,0,0,0,0,0,0,0,0,0,0,0,0,0,0,0,0,0,0,0,0,0,0,0,0,0,0,0,0,0,0,0,0,0,0,0,0,0,0,0,0,0,0,0,0,0,0,0,0,0,0,0,0,0,0,0,0,0,0,0,0,0,0,0,0,0,0,0,0,0,0,0,0,0
deep tropical house,0.7,0.67,119.28,0.48,-6.39,0.03,0.18,0.09,0.0,105069556,149,158,6407,98,4636972,10,149,520,133,4120947,9,147,486,133,0,0,0,0,0,516025,1,169,32,169,0,0,0,0,0,0,0,0,0,0,0,0,0,0,0,0,0,0,0,0,0,0,0,0,0,0,0,0,0,0,0,0,0,0,0,0,0,0,0,0,0,0,0,0,0,0,0,0,0,0,0,0,0,0,0,0,0,0,0,0,0,0,0,0,0,0,0,0,0,0,0,0,0,0,0,0,0,0,0,0,0,0,0,0,0,0,0,0,0,0,0,0,0,0,0,0,0,0,0,0,0,0,0,0,0,0,0,0,0,0,100432584,139,159,5838,98,0,0,0,0,0,0,0,0,0,0,24132365,30,133,2040,98,24694924,30,128,2190,116,21780132,31,164,1147,143,14575895,23,188,299,161,10564465,17,190,187,180,4684803,8,198,24,194,0,0,0,0,0,0,0,0,0,0,0,0,0,0,0,0,0,0,0,0,0,0,0,0,0,0,0,0,0,0,0,0,0,0,0,0,0,0,0,0,0,0,0,0,0,0,0,0,0,0,0,0,0,0,0,0,0,0,0,0,0,0,0,0,0,0,0,0,0,0,0,0,0,0,0,0,0,0,0,0,0,0,0,0,0
deep adult standards,0.71,0.3,84.71,0.76,-9.83,0.08,0.16,0.6,0.0,94180033,84,125,6384,27,10673918,13,141,780,44,0,0,0,0,0,0,0,0,0,0,0,0,0,0,0,0,0,0,0,0,0,0,0,0,0,0,0,0,0,0,0,0,0,0,0,0,0,0,0,0,0,0,0,0,0,0,0,0,0,0,0,0,0,0,0,10673918,13,141,780,44,21173087,18,116,1530,27,0,0,0,0,0,0,0,0,0,0,0,0,0,0,0,0,0,0,0,0,0,0,0,0,0,0,0,0,0,0,0,0,0,0,0,0,0,0,0,0,0,0,0,0,0,0,0,0,0,0,0,0,0,0,0,21173087,18,116,1530,27,28764560,26,122,2054,28,0,0,0,0,0,0,0,0,0,0,0,0,0,0,0,0,0,0,0,0,0,0,0,0,0,0,0,0,0,0,0,0,0,0,0,0,0,0,0,0,0,0,0,0,0,0,0,0,0,0,793282,1,137,64,137,27971278,25,121,2000,28,33568468,27,125,2052,32,0,0,0,0,0,0,0,0,0,0,0,0,0,0,0,0,0,0,0,0,0,0,0,0,0,0,0,0,0,0,0,0,0,0,0,0,0,0,0,0,0,0,0,0,0,0,0,0,0,0,1826851,2,150,102,133,31741617,25,123,1950,32
new rave,0.61,0.78,143.25,0.5,-6.05,0.13,0.38,0.04,0.0,70672344,71,113,6248,7,17524420,32,148,1696,119,341003,1,192,9,192,4797886,9,145,504,123,11853629,21,146,1155,119,531902,1,183,18,183,0,0,0,0,0,0,0,0,0,0,0,0,0,0,0,0,0,0,0,0,0,0,0,0,0,0,0,0,0,0,0,0,0,0,0,0,0,0,0,0,574479,1,193,8,193,0,0,0,0,0,0,0,0,0,0,574479,1,193,8,193,0,0,0,0,0,0,0,0,0,0,0,0,0,0,0,0,0,0,0,0,0,0,0,0,0,0,0,0,0,0,0,0,0,0,0,0,0,0,0,0,0,0,0,0,0,0,0,0,0,0,0,0,0,0,0,0,0,0,0,0,0,0,0,0,0,0,0,0,0,0,0,0,0,0,0,0,0,0,0,0,0,0,0,0,0,0,0,0,0,0,0,0,0,0,0,0,0,0,0,0,0,0,0,0,0,0,0,0,0,0,52573445,38,82,4522,7,0,0,0,0,0,0,0,0,0,0,0,0,0,0,0,0,0,0,0,0,0,0,0,0,0,0,0,0,0,0,0,0,0,0,0,0,0,0,0,0,15899310,6,14,1122,7,36009323,31,91,3410,20,664812,1,197,4,197,0,0,0,0,0
g funk,0.68,0.7,127.31,0.52,-6.29,0.24,0.24,0.14,0.0,121162971,221,173,6188,24,67208095,144,181,2880,112,11985366,30,184,510,165,7425628,17,189,204,179,879381,2,192,18,188,881832,2,198,6,195,0,0,0,0,0,685434,1,112,89,112,4011086,9,190,99,159,8127403,18,187,252,177,6037660,13,194,91,185,15107897,29,170,899,134,12066408,23,172,667,146,0,0,0,0,0,40039270,62,171,1860,24,7236308,13,189,156,177,13483154,24,185,384,163,2109715,4,196,20,190,0,0,0,0,0,0,0,0,0,0,676845,1,174,27,174,0,0,0,0,0,2795210,5,189,60,170,10220260,11,123,858,24,3517778,4,110,364,67,0,0,0,0,0,0,0,0,0,0,923752,1,101,100,101,0,0,0,0,0,0,0,0,0,0,0,0,0,0,0,0,0,0,0,0,0,0,0,0,0,0,0,0,0,0,0,0,0,0,0,0,0,0,0,0,0,0,0,0,0,0,0,0,0,0,923752,1,101,100,101,0,0,0,0,0,12991854,14,108,1302,54,0,0,0,0,0,0,0,0,0,0,0,0,0,0,0,0,0,0,0,0,11248250,12,103,1176,54,749327,1,127,74,127,0,0,0,0,0,0,0,0,0,0,0,0,0,0,0,0,0,0,0,0,0,0,0,0,0,994277,1,159,42,159
irish rock,0.49,0.59,125.07,0.35,-9.32,0.09,0.26,0.07,0.0,60058634,60,103,5880,15,46473155,44,96,4620,15,0,0,0,0,0,457635,1,186,15,186,0,0,0,0,0,29260679,17,40,2737,15,16090937,25,130,1775,74,0,0,0,0,0,0,0,0,0,0,0,0,0,0,0,663904,1,125,76,125,0,0,0,0,0,0,0,0,0,0,0,0,0,0,0,12055161,14,112,1246,33,11189096,13,113,1144,33,0,0,0,0,0,0,0,0,0,0,0,0,0,0,0,0,0,0,0,0,0,0,0,0,0,0,0,0,0,0,0,0,0,0,0,0,0,0,0,0,866065,1,108,93,108,0,0,0,0,0,0,0,0,0,0,701580,1,189,12,189,0,0,0,0,0,0,0,0,0,0,0,0,0,0,0,0,0,0,0,0,0,0,0,0,0,0,0,0,0,0,0,0,0,0,0,0,0,0,0,0,0,0,0,0,0,701580,1,189,12,189,0,0,0,0,0,0,0,0,0,0,828738,1,169,32,169,0,0,0,0,0,0,0,0,0,0,0,0,0,0,0,0,0,0,0,0,0,0,0,0,0,0,0,0,0,0,0,0,0,0,0,0,0,0,0,0,0,0,0,0,0,828738,1,169,32,169,0,0,0,0,0,0,0,0,0,0
chicago house,0.7,0.69,112.01,0.54,-8.43,0.06,0.25,0.06,0.0,101109429,140,159,5880,98,0,0,0,0,0,0,0,0,0,0,0,0,0,0,0,0,0,0,0,0,0,0,0,0,0,0,0,0,0,0,0,0,0,0,0,0,0,0,0,0,0,0,0,0,0,0,0,0,0,0,0,0,0,0,0,0,0,0,0,0,0,0,0,0,0,676845,1,174,27,174,0,0,0,0,0,0,0,0,0,0,0,0,0,0,0,0,0,0,0,0,0,0,0,0,0,676845,1,174,27,174,0,0,0,0,0,0,0,0,0,0,0,0,0,0,0,0,0,0,0,0,0,0,0,0,0,0,0,0,0,0,100432584,139,159,5838,98,0,0,0,0,0,0,0,0,0,0,24132365,30,133,2040,98,24694924,30,128,2190,116,21780132,31,164,1147,143,14575895,23,188,299,161,10564465,17,190,187,180,4684803,8,198,24,194,0,0,0,0,0,0,0,0,0,0,0,0,0,0,0,0,0,0,0,0,0,0,0,0,0,0,0,0,0,0,0,0,0,0,0,0,0,0,0,0,0,0,0,0,0,0,0,0,0,0,0,0,0,0,0,0,0,0,0,0,0,0,0,0,0,0,0,0,0,0,0,0,0,0,0,0,0,0,0,0,0,0,0,0,0
modern funk,0.79,0.73,121.97,0.49,-4.77,0.04,0.32,0.08,0.0,68965779,136,158,5848,88,68965779,136,158,5848,88,16637990,31,126,2325,88,14099138,27,147,1458,128,15523840,31,173,868,153,14911860,30,171,900,161,7792951,17,188,221,172,0,0,0,0,0,0,0,0,0,0,0,0,0,0,0,0,0,0,0,0,0,0,0,0,0,0,0,0,0,0,0,0,0,0,0,0,0,0,0,0,0,0,0,0,0,0,0,0,0,0,0,0,0,0,0,0,0,0,0,0,0,0,0,0,0,0,0,0,0,0,0,0,0,0,0,0,0,0,0,0,0,0,0,0,0,0,0,0,0,0,0,0,0,0,0,0,0,0,0,0,0,0,0,0,0,0,0,0,0,0,0,0,0,0,0,0,0,0,0,0,0,0,0,0,0,0,0,0,0,0,0,0,0,0,0,0,0,0,0,0,0,0,0,0,0,0,0,0,0,0,0,0,0,0,0,0,0,0,0,0,0,0,0,0,0,0,0,0,0,0,0,0,0,0,0,0,0,0,0,0,0,0,0,0,0,0,0,0,0,0,0,0,0,0,0,0,0,0,0,0,0,0,0,0,0,0,0,0,0,0,0,0,0,0,0,0,0,0,0,0,0,0,0,0,0,0,0,0,0,0
bboy,0.79,0.73,121.97,0.49,-4.77,0.04,0.32,0.08,0.0,68965779,136,158,5848,88,68965779,136,158,5848,88,16637990,31,126,2325,88,14099138,27,147,1458,128,15523840,31,173,868,153,14911860,30,171,900,161,7792951,17,188,221,172,0,0,0,0,0,0,0,0,0,0,0,0,0,0,0,0,0,0,0,0,0,0,0,0,0,0,0,0,0,0,0,0,0,0,0,0,0,0,0,0,0,0,0,0,0,0,0,0,0,0,0,0,0,0,0,0,0,0,0,0,0,0,0,0,0,0,0,0,0,0,0,0,0,0,0,0,0,0,0,0,0,0,0,0,0,0,0,0,0,0,0,0,0,0,0,0,0,0,0,0,0,0,0,0,0,0,0,0,0,0,0,0,0,0,0,0,0,0,0,0,0,0,0,0,0,0,0,0,0,0,0,0,0,0,0,0,0,0,0,0,0,0,0,0,0,0,0,0,0,0,0,0,0,0,0,0,0,0,0,0,0,0,0,0,0,0,0,0,0,0,0,0,0,0,0,0,0,0,0,0,0,0,0,0,0,0,0,0,0,0,0,0,0,0,0,0,0,0,0,0,0,0,0,0,0,0,0,0,0,0,0,0,0,0,0,0,0,0,0,0,0,0,0,0,0,0,0,0,0,0
german cloud rap,0.77,0.64,126.55,0.4,-7.21,0.17,0.19,0.16,0.01,92309165,123,154,5781,51,0,0,0,0,0,0,0,0,0,0,0,0,0,0,0,0,0,0,0,0,0,0,0,0,0,0,0,0,0,0,0,0,0,0,0,0,0,0,0,0,0,0,0,0,0,0,0,0,0,0,0,0,0,0,0,0,0,0,0,0,0,0,0,0,0,16353726,25,166,875,122,0,0,0,0,0,0,0,0,0,0,0,0,0,0,0,2825594,4,146,220,122,8014797,12,160,492,134,0,0,0,0,0,0,0,0,0,0,0,0,0,0,0,0,0,0,0,0,5513335,9,183,162,164,0,0,0,0,0,0,0,0,0,0,42700885,55,150,2805,51,0,0,0,0,0,0,0,0,0,0,8914958,10,118,830,51,3630181,5,156,225,101,4692163,6,159,252,98,3324029,4,137,256,109,5153530,7,160,287,127,2342421,3,172,87,136,2949895,4,168,132,120,11693708,16,155,736,81,0,0,0,0,0,0,0,0,0,0,33254554,43,151,2150,89,2983865,3,140,183,99,990211,1,116,85,116,4543806,6,166,210,101,6606281,8,114,696,92,6174766,9,171,270,129,6409271,9,159,378,89,3042611,4,167,136,122,1560665,2,156,90,122,943078,1,117,84,117,0,0,0,0,0,0,0,0,0,0,0,0,0,0,0
dance rock,0.55,0.85,132.72,0.52,-4.81,0.08,0.14,0.06,0.0,179554145,320,183,5760,124,53155278,108,177,2592,124,3056177,8,196,40,190,880643,2,196,10,193,977278,2,198,6,197,0,0,0,0,0,437201,1,193,8,193,1113159,2,162,78,124,5735368,13,186,195,169,4862678,11,190,121,167,3442789,7,184,119,155,17295850,31,150,1581,132,14650852,30,187,420,166,703283,1,162,39,162,79042223,139,184,2363,135,2018920,4,190,44,182,5805543,11,194,77,188,15013355,27,183,486,154,11042458,19,171,570,152,1126743,2,198,6,198,1774599,3,189,36,178,9757741,17,181,340,135,7702847,14,188,182,179,6815210,12,187,168,166,15963928,27,187,378,177,569565,1,192,9,192,1451314,2,175,52,162,22411003,36,192,324,160,2890945,5,194,35,176,0,0,0,0,0,0,0,0,0,0,545407,1,198,3,198,1241678,2,196,10,193,2611776,4,186,60,178,8333970,13,188,169,160,6009939,10,196,50,190,0,0,0,0,0,0,0,0,0,0,0,0,0,0,0,777288,1,195,6,195,24945641,37,188,481,131,0,0,0,0,0,0,0,0,0,0,0,0,0,0,0,0,0,0,0,0,1282079,2,199,4,198,8872250,14,188,182,172,3291447,5,182,95,164,4594974,7,193,56,174,1965131,3,197,12,192,2189732,3,188,39,176,1838440,2,159,84,131,911588,1,186,15,186
instrumental funk,0.82,0.84,129.98,0.56,-4.21,0.08,0.22,0.21,0.0,69554333,137,159,5754,88,68965779,136,158,5848,88,16637990,31,126,2325,88,14099138,27,147,1458,128,15523840,31,173,868,153,14911860,30,171,900,161,7792951,17,188,221,172,0,0,0,0,0,0,0,0,0,0,0,0,0,0,0,0,0,0,0,0,0,0,0,0,0,0,0,0,0,0,0,0,0,0,0,0,0,0,0,0,0,0,0,0,0,0,0,0,0,0,0,0,0,0,0,0,0,0,0,0,0,0,0,0,0,0,0,0,0,0,0,0,0,0,0,0,0,0,0,0,0,0,0,0,0,0,0,0,0,0,0,0,0,0,0,0,0,0,0,0,0,0,0,0,0,0,0,0,0,0,0,0,0,0,0,0,0,0,0,0,0,0,0,0,0,0,0,0,0,0,0,0,0,0,0,0,0,0,0,0,0,0,0,0,0,0,0,0,0,0,0,0,0,0,0,0,0,0,0,0,0,0,0,0,0,588554,1,198,3,198,588554,1,198,3,198,0,0,0,0,0,0,0,0,0,0,0,0,0,0,0,0,0,0,0,0,0,0,0,0,0,0,0,0,0,0,0,0,0,0,0,0,0,0,0,0,0,0,0,0,0,0,0,0,0,0,0,0,0,0,0
quiet storm,0.62,0.62,110.43,0.74,-9.31,0.06,0.2,0.25,0.01,84363884,87,135,5742,32,8497529,12,143,696,52,744415,2,174,54,149,0,0,0,0,0,0,0,0,0,0,513991,1,187,14,187,0,0,0,0,0,0,0,0,0,0,0,0,0,0,0,0,0,0,0,0,1103297,2,169,64,153,1683377,2,120,162,52,0,0,0,0,0,4452449,5,122,395,85,28625657,34,142,2006,32,1735194,3,142,177,115,0,0,0,0,0,0,0,0,0,0,0,0,0,0,0,0,0,0,0,0,2687838,3,105,288,87,3346129,5,155,230,106,0,0,0,0,0,7269771,11,162,429,70,1781978,1,32,169,32,608251,1,176,25,176,11196496,10,132,690,48,16870596,15,126,1125,47,580288,1,168,33,168,0,0,0,0,0,0,0,0,0,0,0,0,0,0,0,0,0,0,0,0,0,0,0,0,0,0,0,0,0,0,0,0,0,0,0,2600236,3,114,261,73,2145209,2,115,172,47,0,0,0,0,0,11544863,9,128,657,63,30370102,26,128,1898,32,0,0,0,0,0,0,0,0,0,0,0,0,0,0,0,5606248,7,130,497,82,0,0,0,0,0,0,0,0,0,0,722328,1,165,36,165,0,0,0,0,0,4327271,5,141,300,62,2969731,2,100,202,32,841051,1,125,76,125,15903473,10,121,800,42
finnish pop,0.57,0.73,125.05,0.27,-4.78,0.06,0.09,0.02,0.0,74936100,96,143,5568,110,0,0,0,0,0,0,0,0,0,0,0,0,0,0,0,0,0,0,0,0,0,0,0,0,0,0,0,0,0,0,0,0,0,0,0,0,0,0,0,0,0,0,0,0,0,0,0,0,0,0,0,0,0,0,0,0,0,0,0,0,0,0,0,0,0,0,0,0,0,0,0,0,0,0,0,0,0,0,0,0,0,0,0,0,0,0,0,0,0,0,0,0,0,0,0,0,0,0,0,0,0,0,0,0,0,0,0,0,0,0,0,0,0,0,0,0,0,0,0,0,0,0,0,0,0,0,0,0,0,0,74936100,96,143,5568,110,5917234,8,156,360,129,24645327,28,119,2296,110,24881498,31,131,2170,110,19492041,29,174,783,150,0,0,0,0,0,0,0,0,0,0,0,0,0,0,0,0,0,0,0,0,0,0,0,0,0,0,0,0,0,0,0,0,0,0,0,0,0,0,0,0,0,0,0,0,0,0,0,0,0,0,0,0,0,0,0,0,0,0,0,0,0,0,0,0,0,0,0,0,0,0,0,0,0,0,0,0,0,0,0,0,0,0,0,0,0,0,0,0,0,0,0,0,0,0,0,0,0,0,0,0,0,0,0,0,0
regional mexican,0.75,0.62,121.22,0.76,-4.92,0.06,0.18,0.3,0.0,106043597,139,161,5560,54,1303775,3,198,9,196,0,0,0,0,0,419149,1,198,3,198,430682,1,196,5,196,453944,1,199,2,199,0,0,0,0,0,0,0,0,0,0,0,0,0,0,0,0,0,0,0,0,0,0,0,0,0,0,0,0,0,0,0,0,0,0,0,0,0,0,0,0,0,0,0,0,0,0,0,0,0,0,0,0,0,0,0,0,0,0,0,0,0,0,0,0,0,0,0,0,0,0,0,0,0,0,0,0,0,0,0,0,0,0,0,0,0,0,0,0,0,0,0,0,0,0,0,0,0,0,0,0,0,0,0,0,0,24570497,36,176,900,145,0,0,0,0,0,0,0,0,0,0,0,0,0,0,0,0,0,0,0,0,0,0,0,0,0,0,0,0,0,0,0,0,0,0,0,0,0,0,0,0,0,0,0,0,0,0,0,0,0,0,16072785,24,175,624,145,8497712,12,177,288,158,80169325,100,155,4600,54,23591826,32,170,992,144,12870942,18,179,396,147,18776297,21,137,1344,66,0,0,0,0,0,11248250,12,103,1176,54,0,0,0,0,0,0,0,0,0,0,1978693,3,186,45,180,676076,1,200,1,200,0,0,0,0,0,11027241,13,149,676,120,0,0,0,0,0
speedrun,0.64,0.77,154.23,0.47,-4.67,0.11,0.21,0.03,0.0,62099597,69,122,5451,50,0,0,0,0,0,0,0,0,0,0,0,0,0,0,0,0,0,0,0,0,0,0,0,0,0,0,0,0,0,0,0,0,0,0,0,0,0,0,0,0,0,0,0,0,0,0,0,0,0,0,0,0,0,0,0,0,0,0,0,0,0,0,0,0,0,18919213,23,125,1748,79,0,0,0,0,0,0,0,0,0,0,0,0,0,0,0,0,0,0,0,0,0,0,0,0,0,0,0,0,0,0,0,0,0,0,0,0,0,0,0,0,0,0,0,0,0,0,0,0,0,0,18919213,23,125,1748,79,0,0,0,0,0,6831797,9,139,558,89,0,0,0,0,0,0,0,0,0,0,0,0,0,0,0,0,0,0,0,0,0,0,0,0,0,0,0,0,0,0,0,0,0,0,0,0,0,0,0,0,0,0,0,0,0,0,0,0,0,0,6831797,9,139,558,89,0,0,0,0,0,36348587,37,116,3145,50,0,0,0,0,0,0,0,0,0,0,0,0,0,0,0,0,0,0,0,0,0,0,0,0,0,0,0,0,0,0,0,0,0,0,0,4890421,4,68,532,54,6022103,8,158,344,96,5287916,4,80,484,50,20148147,21,116,1785,68,0,0,0,0,0
san diego rap,0.89,0.43,108.03,0.23,-10.03,0.14,0.09,0.03,0.0,45748184,79,132,5451,71,45748184,79,132,5451,71,21498028,31,85,3596,71,14452543,27,144,1539,114,8896884,19,185,304,173,900729,2,192,18,188,0,0,0,0,0,0,0,0,0,0,0,0,0,0,0,0,0,0,0,0,0,0,0,0,0,0,0,0,0,0,0,0,0,0,0,0,0,0,0,0,0,0,0,0,0,0,0,0,0,0,0,0,0,0,0,0,0,0,0,0,0,0,0,0,0,0,0,0,0,0,0,0,0,0,0,0,0,0,0,0,0,0,0,0,0,0,0,0,0,0,0,0,0,0,0,0,0,0,0,0,0,0,0,0,0,0,0,0,0,0,0,0,0,0,0,0,0,0,0,0,0,0,0,0,0,0,0,0,0,0,0,0,0,0,0,0,0,0,0,0,0,0,0,0,0,0,0,0,0,0,0,0,0,0,0,0,0,0,0,0,0,0,0,0,0,0,0,0,0,0,0,0,0,0,0,0,0,0,0,0,0,0,0,0,0,0,0,0,0,0,0,0,0,0,0,0,0,0,0,0,0,0,0,0,0,0,0,0,0,0,0,0,0,0,0,0,0,0,0,0,0,0,0,0,0,0,0,0,0,0,0,0,0,0,0
guaracha,0.74,0.97,128.03,0.56,-3.51,0.08,0.3,0.01,0.46,66401760,86,139,5332,91,0,0,0,0,0,0,0,0,0,0,0,0,0,0,0,0,0,0,0,0,0,0,0,0,0,0,0,0,0,0,0,0,0,0,0,0,0,0,0,0,0,0,0,0,0,0,0,0,0,0,0,0,0,0,0,0,0,0,0,0,0,0,0,0,0,0,0,0,0,0,0,0,0,0,0,0,0,0,0,0,0,0,0,0,0,0,0,0,0,0,0,0,0,0,0,0,0,0,0,0,0,0,0,0,0,0,0,0,0,0,0,0,0,0,0,0,0,0,0,0,0,0,0,0,0,0,0,0,0,0,65760457,85,139,5270,91,0,0,0,0,0,0,0,0,0,0,0,0,0,0,0,0,0,0,0,0,0,0,0,0,0,0,0,0,0,0,5168935,8,174,216,155,26347666,31,112,2759,93,23802350,30,134,2010,91,10441506,16,182,304,151,0,0,0,0,0,0,0,0,0,0,641303,1,165,36,165,641303,1,165,36,165,0,0,0,0,0,0,0,0,0,0,0,0,0,0,0,0,0,0,0,0,0,0,0,0,0,0,0,0,0,0,0,0,0,0,0,0,0,0,0,0,0,0,0,0,0,0,0,0,0,0,0,0,0,0,0
circuit,0.74,0.97,128.03,0.56,-3.51,0.08,0.3,0.01,0.46,66401760,86,139,5332,91,0,0,0,0,0,0,0,0,0,0,0,0,0,0,0,0,0,0,0,0,0,0,0,0,0,0,0,0,0,0,0,0,0,0,0,0,0,0,0,0,0,0,0,0,0,0,0,0,0,0,0,0,0,0,0,0,0,0,0,0,0,0,0,0,0,0,0,0,0,0,0,0,0,0,0,0,0,0,0,0,0,0,0,0,0,0,0,0,0,0,0,0,0,0,0,0,0,0,0,0,0,0,0,0,0,0,0,0,0,0,0,0,0,0,0,0,0,0,0,0,0,0,0,0,0,0,0,0,0,0,65760457,85,139,5270,91,0,0,0,0,0,0,0,0,0,0,0,0,0,0,0,0,0,0,0,0,0,0,0,0,0,0,0,0,0,0,5168935,8,174,216,155,26347666,31,112,2759,93,23802350,30,134,2010,91,10441506,16,182,304,151,0,0,0,0,0,0,0,0,0,0,641303,1,165,36,165,641303,1,165,36,165,0,0,0,0,0,0,0,0,0,0,0,0,0,0,0,0,0,0,0,0,0,0,0,0,0,0,0,0,0,0,0,0,0,0,0,0,0,0,0,0,0,0,0,0,0,0,0,0,0,0,0,0,0,0,0
rap marseille,0.87,0.88,140.52,0.75,-3.44,0.25,0.07,0.15,0.0,63527581,75,130,5325,85,0,0,0,0,0,0,0,0,0,0,0,0,0,0,0,0,0,0,0,0,0,0,0,0,0,0,0,0,0,0,0,0,0,0,0,0,0,0,0,0,0,0,0,0,0,0,0,0,0,0,0,0,0,0,0,0,0,0,0,0,0,0,0,0,0,2777352,4,144,228,104,0,0,0,0,0,0,0,0,0,0,0,0,0,0,0,0,0,0,0,0,0,0,0,0,0,0,0,0,0,0,0,0,0,0,0,0,0,0,0,0,2777352,4,144,228,104,0,0,0,0,0,0,0,0,0,0,0,0,0,0,0,758689,1,177,24,177,0,0,0,0,0,0,0,0,0,0,758689,1,177,24,177,0,0,0,0,0,0,0,0,0,0,0,0,0,0,0,0,0,0,0,0,0,0,0,0,0,0,0,0,0,0,0,0,0,0,0,0,0,0,0,0,0,0,0,0,0,59991540,70,129,5040,85,866308,1,174,27,174,0,0,0,0,0,0,0,0,0,0,0,0,0,0,0,0,0,0,0,0,0,0,0,0,0,0,0,0,0,0,11869934,14,126,1050,101,27896279,30,105,2880,85,19359019,25,158,1075,95,0,0,0,0,0,0,0,0,0,0
garage rock,0.56,0.71,123.02,0.55,-5.18,0.05,0.18,0.11,0.04,61318213,67,122,5293,17,531101,1,157,44,157,0,0,0,0,0,0,0,0,0,0,0,0,0,0,0,0,0,0,0,0,0,0,0,0,0,0,0,0,0,0,0,0,0,0,0,531101,1,157,44,157,0,0,0,0,0,0,0,0,0,0,0,0,0,0,0,0,0,0,0,0,43545937,44,107,4136,17,0,0,0,0,0,0,0,0,0,0,0,0,0,0,0,0,0,0,0,0,43545937,44,107,4136,17,0,0,0,0,0,0,0,0,0,0,0,0,0,0,0,0,0,0,0,0,0,0,0,0,0,0,0,0,0,0,0,0,0,0,0,3684655,4,123,312,63,0,0,0,0,0,0,0,0,0,0,791570,1,163,38,163,2893085,3,110,273,63,0,0,0,0,0,0,0,0,0,0,0,0,0,0,0,0,0,0,0,0,0,0,0,0,0,0,0,0,0,0,0,0,0,0,0,0,0,0,0,0,13556520,18,158,774,86,0,0,0,0,0,0,0,0,0,0,0,0,0,0,0,5264225,7,145,392,86,0,0,0,0,0,0,0,0,0,0,0,0,0,0,0,0,0,0,0,0,0,0,0,0,0,0,0,0,0,0,2005938,3,196,15,192,6286357,8,154,376,145
spanish indie pop,0.49,0.13,109.85,0.12,-18.73,0.04,0.09,0.9,0.02,104836137,147,166,5145,131,0,0,0,0,0,0,0,0,0,0,0,0,0,0,0,0,0,0,0,0,0,0,0,0,0,0,0,0,0,0,0,0,0,0,0,0,0,0,0,0,0,0,0,0,0,0,0,0,0,0,0,0,0,0,0,0,0,0,0,0,0,0,0,0,0,0,0,0,0,0,0,0,0,0,0,0,0,0,0,0,0,0,0,0,0,0,0,0,0,0,0,0,0,0,0,0,0,0,0,0,0,0,0,0,0,0,0,0,0,0,0,0,0,0,0,0,0,0,0,0,0,0,0,0,0,0,0,0,0,0,15278918,23,185,368,162,0,0,0,0,0,0,0,0,0,0,0,0,0,0,0,0,0,0,0,0,0,0,0,0,0,0,0,0,0,0,0,0,0,0,0,0,0,0,0,0,0,0,0,0,0,0,0,0,0,0,6187526,10,188,130,177,9091392,13,182,247,162,89557219,124,163,4712,131,22131442,29,158,1247,139,18624438,25,161,1000,137,20559796,28,165,1008,137,20801328,30,157,1320,131,7440215,12,187,168,177,0,0,0,0,0,0,0,0,0,0,0,0,0,0,0,0,0,0,0,0,0,0,0,0,0,0,0,0,0,0,0,0,0,0,0
deep talent show,0.28,0.39,86.78,0.23,-8.9,0.03,0.1,0.42,0.0,52987304,75,134,5025,78,0,0,0,0,0,0,0,0,0,0,0,0,0,0,0,0,0,0,0,0,0,0,0,0,0,0,0,0,0,0,0,0,0,0,0,0,0,0,0,0,0,0,0,0,0,0,0,0,0,0,0,0,0,0,0,0,0,0,0,0,0,0,0,0,0,52987304,75,134,5025,78,24205216,30,106,2850,78,19311028,28,137,1792,94,7932339,14,177,336,152,1538721,3,198,9,196,0,0,0,0,0,0,0,0,0,0,0,0,0,0,0,0,0,0,0,0,0,0,0,0,0,0,0,0,0,0,0,0,0,0,0,0,0,0,0,0,0,0,0,0,0,0,0,0,0,0,0,0,0,0,0,0,0,0,0,0,0,0,0,0,0,0,0,0,0,0,0,0,0,0,0,0,0,0,0,0,0,0,0,0,0,0,0,0,0,0,0,0,0,0,0,0,0,0,0,0,0,0,0,0,0,0,0,0,0,0,0,0,0,0,0,0,0,0,0,0,0,0,0,0,0,0,0,0,0,0,0,0,0,0,0,0,0,0,0,0,0,0,0,0,0,0,0,0,0,0,0,0,0,0,0,0,0,0,0,0,0,0,0,0,0,0,0,0,0,0
brega funk,0.77,0.73,138.72,0.88,-4.94,0.08,0.22,0.26,0.0,107241098,156,169,4992,96,2646909,5,181,100,170,0,0,0,0,0,0,0,0,0,0,0,0,0,0,0,0,0,0,0,0,0,0,0,0,0,0,0,0,0,0,0,0,0,0,0,0,0,0,0,0,0,0,0,0,0,0,0,0,0,0,494886,1,176,25,176,2152023,4,182,76,170,17319964,30,180,630,147,1038779,2,172,58,147,3890792,7,180,147,159,0,0,0,0,0,0,0,0,0,0,3007478,5,180,105,154,6272373,11,181,220,161,591420,1,190,11,190,0,0,0,0,0,0,0,0,0,0,0,0,0,0,0,0,0,0,0,0,2519122,4,174,108,152,45997405,67,170,2077,107,5037644,8,172,232,134,0,0,0,0,0,0,0,0,0,0,0,0,0,0,0,0,0,0,0,0,0,0,0,0,0,0,0,0,0,0,0,0,0,0,0,1962996,3,193,24,191,12825985,19,174,513,135,18790577,27,163,1026,107,7380203,10,171,300,141,41276820,54,162,2106,96,21832759,29,168,957,109,16599248,21,151,1050,96,0,0,0,0,0,0,0,0,0,0,0,0,0,0,0,0,0,0,0,0,0,0,0,0,0,0,0,0,0,0,0,0,0,0,0,0,0,0,0,0,2844813,4,184,68,173,0,0,0,0,0
spanish pop rock,0.81,0.75,168.02,0.49,-4.61,0.15,0.1,0.31,0.0,60674226,54,110,4914,31,0,0,0,0,0,0,0,0,0,0,0,0,0,0,0,0,0,0,0,0,0,0,0,0,0,0,0,0,0,0,0,0,0,0,0,0,0,0,0,0,0,0,0,0,0,0,0,0,0,0,0,0,0,0,0,0,0,0,0,0,0,0,0,0,0,0,0,0,0,0,0,0,0,0,0,0,0,0,0,0,0,0,0,0,0,0,0,0,0,0,0,0,0,0,0,0,0,0,0,0,0,0,0,0,0,0,0,0,0,0,0,0,0,0,0,0,0,0,0,0,0,0,0,0,0,0,0,0,0,0,0,0,0,0,0,0,0,0,0,0,0,0,0,0,0,0,0,0,0,0,0,0,0,0,0,0,0,0,0,0,0,0,0,0,0,0,0,0,0,0,0,0,0,0,0,0,0,0,0,0,0,0,0,0,0,0,0,0,0,0,0,0,0,0,0,60674226,54,110,4914,31,0,0,0,0,0,0,0,0,0,0,0,0,0,0,0,0,0,0,0,0,0,0,0,0,0,0,0,0,0,0,0,0,0,0,0,0,0,0,0,0,0,0,0,0,0,0,0,0,0,0,32793203,25,72,3225,31,27881023,29,144,1653,114
rumba,0.81,0.75,168.02,0.49,-4.61,0.15,0.1,0.31,0.0,60674226,54,110,4914,31,0,0,0,0,0,0,0,0,0,0,0,0,0,0,0,0,0,0,0,0,0,0,0,0,0,0,0,0,0,0,0,0,0,0,0,0,0,0,0,0,0,0,0,0,0,0,0,0,0,0,0,0,0,0,0,0,0,0,0,0,0,0,0,0,0,0,0,0,0,0,0,0,0,0,0,0,0,0,0,0,0,0,0,0,0,0,0,0,0,0,0,0,0,0,0,0,0,0,0,0,0,0,0,0,0,0,0,0,0,0,0,0,0,0,0,0,0,0,0,0,0,0,0,0,0,0,0,0,0,0,0,0,0,0,0,0,0,0,0,0,0,0,0,0,0,0,0,0,0,0,0,0,0,0,0,0,0,0,0,0,0,0,0,0,0,0,0,0,0,0,0,0,0,0,0,0,0,0,0,0,0,0,0,0,0,0,0,0,0,0,0,0,0,0,0,60674226,54,110,4914,31,0,0,0,0,0,0,0,0,0,0,0,0,0,0,0,0,0,0,0,0,0,0,0,0,0,0,0,0,0,0,0,0,0,0,0,0,0,0,0,0,0,0,0,0,0,0,0,0,0,0,32793203,25,72,3225,31,27881023,29,144,1653,114
pop flamenco,0.81,0.75,168.02,0.49,-4.61,0.15,0.1,0.31,0.0,60674226,54,110,4914,31,0,0,0,0,0,0,0,0,0,0,0,0,0,0,0,0,0,0,0,0,0,0,0,0,0,0,0,0,0,0,0,0,0,0,0,0,0,0,0,0,0,0,0,0,0,0,0,0,0,0,0,0,0,0,0,0,0,0,0,0,0,0,0,0,0,0,0,0,0,0,0,0,0,0,0,0,0,0,0,0,0,0,0,0,0,0,0,0,0,0,0,0,0,0,0,0,0,0,0,0,0,0,0,0,0,0,0,0,0,0,0,0,0,0,0,0,0,0,0,0,0,0,0,0,0,0,0,0,0,0,0,0,0,0,0,0,0,0,0,0,0,0,0,0,0,0,0,0,0,0,0,0,0,0,0,0,0,0,0,0,0,0,0,0,0,0,0,0,0,0,0,0,0,0,0,0,0,0,0,0,0,0,0,0,0,0,0,0,0,0,0,0,0,0,0,60674226,54,110,4914,31,0,0,0,0,0,0,0,0,0,0,0,0,0,0,0,0,0,0,0,0,0,0,0,0,0,0,0,0,0,0,0,0,0,0,0,0,0,0,0,0,0,0,0,0,0,0,0,0,0,0,32793203,25,72,3225,31,27881023,29,144,1653,114
heartland rock,0.56,0.61,124.95,0.64,-9.0,0.03,0.19,0.23,0.02,70130745,64,128,4672,45,18471533,24,126,1800,51,0,0,0,0,0,0,0,0,0,0,0,0,0,0,0,0,0,0,0,0,0,0,0,0,0,0,0,0,0,0,1370166,2,139,124,104,0,0,0,0,0,0,0,0,0,0,11107956,16,130,1136,51,0,0,0,0,0,5993411,6,112,534,79,14331601,13,135,858,46,0,0,0,0,0,0,0,0,0,0,0,0,0,0,0,0,0,0,0,0,0,0,0,0,0,0,0,0,0,0,0,0,0,0,0,0,0,0,0,0,0,0,0,0,0,0,0,0,0,0,0,0,0,0,0,14331601,13,135,858,46,18521002,16,135,1056,45,0,0,0,0,0,0,0,0,0,0,0,0,0,0,0,0,0,0,0,0,0,0,0,0,0,0,0,0,0,0,0,0,0,0,0,0,0,0,0,0,0,0,0,0,0,0,0,0,0,0,0,0,0,0,0,18521002,16,135,1056,45,18806609,11,115,946,55,0,0,0,0,0,0,0,0,0,0,0,0,0,0,0,0,0,0,0,0,0,0,0,0,0,0,0,0,0,0,668063,1,198,3,198,0,0,0,0,0,0,0,0,0,0,0,0,0,0,0,0,0,0,0,0,18138546,10,106,950,55
swedish tropical house,0.67,0.61,109.32,0.42,-6.38,0.03,0.12,0.06,0.0,35347890,63,127,4662,74,35347890,63,127,4662,74,23809166,40,110,3640,74,11022699,22,157,968,120,516025,1,169,32,169,0,0,0,0,0,0,0,0,0,0,0,0,0,0,0,0,0,0,0,0,0,0,0,0,0,0,0,0,0,0,0,0,0,0,0,0,0,0,0,0,0,0,0,0,0,0,0,0,0,0,0,0,0,0,0,0,0,0,0,0,0,0,0,0,0,0,0,0,0,0,0,0,0,0,0,0,0,0,0,0,0,0,0,0,0,0,0,0,0,0,0,0,0,0,0,0,0,0,0,0,0,0,0,0,0,0,0,0,0,0,0,0,0,0,0,0,0,0,0,0,0,0,0,0,0,0,0,0,0,0,0,0,0,0,0,0,0,0,0,0,0,0,0,0,0,0,0,0,0,0,0,0,0,0,0,0,0,0,0,0,0,0,0,0,0,0,0,0,0,0,0,0,0,0,0,0,0,0,0,0,0,0,0,0,0,0,0,0,0,0,0,0,0,0,0,0,0,0,0,0,0,0,0,0,0,0,0,0,0,0,0,0,0,0,0,0,0,0,0,0,0,0,0,0,0,0,0,0,0,0,0,0,0,0,0,0,0,0,0,0
disco house,0.69,0.79,118.27,0.66,-4.65,0.08,0.13,0.18,0.0,61036063,79,143,4582,89,1829126,4,192,36,188,0,0,0,0,0,0,0,0,0,0,0,0,0,0,0,0,0,0,0,0,1372424,3,194,21,191,456702,1,188,13,188,0,0,0,0,0,0,0,0,0,0,0,0,0,0,0,0,0,0,0,0,0,0,0,0,0,0,0,0,0,0,0,0,0,0,0,0,0,0,0,0,0,0,0,0,0,0,0,0,0,0,0,0,0,0,0,0,0,0,0,0,0,0,0,0,0,0,0,0,0,0,0,0,0,0,0,0,0,0,0,0,0,0,0,0,0,0,0,0,0,0,0,0,0,0,0,58327254,74,140,4514,89,0,0,0,0,0,0,0,0,0,0,0,0,0,0,0,0,0,0,0,0,18958136,22,124,1694,89,24174536,30,128,2190,96,15194582,22,172,638,99,0,0,0,0,0,0,0,0,0,0,0,0,0,0,0,0,0,0,0,0,0,0,0,0,0,879683,1,192,9,192,0,0,0,0,0,0,0,0,0,0,0,0,0,0,0,0,0,0,0,0,0,0,0,0,0,0,0,0,0,0,0,0,0,0,0,0,0,0,0,0,0,0,0,0,0,0,0,0,0,0,0,0,0,0,0,879683,1,192,9,192
indie rockism,0.61,0.8,103.01,0.64,-4.45,0.03,0.15,0.01,0.0,71495440,101,156,4545,112,0,0,0,0,0,0,0,0,0,0,0,0,0,0,0,0,0,0,0,0,0,0,0,0,0,0,0,0,0,0,0,0,0,0,0,0,0,0,0,0,0,0,0,0,0,0,0,0,0,0,0,0,0,0,0,0,0,0,0,0,0,0,0,0,0,0,0,0,0,0,0,0,0,0,0,0,0,0,0,0,0,0,0,0,0,0,0,0,0,0,0,0,0,0,0,0,0,0,0,0,0,0,0,0,0,0,0,0,0,0,0,0,0,0,0,0,0,0,0,0,0,0,0,0,0,0,0,0,0,0,0,0,0,0,0,0,0,0,0,0,0,0,0,0,0,0,0,0,0,0,0,0,0,0,0,0,0,0,0,0,0,0,0,0,0,0,0,0,0,0,0,0,0,0,0,0,0,0,0,0,0,0,0,0,0,0,0,0,0,0,0,0,0,0,0,71495440,101,156,4545,112,0,0,0,0,0,0,0,0,0,0,16214685,22,161,880,139,22639895,30,134,2010,112,18454585,27,163,1026,141,14186275,22,175,572,156,0,0,0,0,0,0,0,0,0,0,0,0,0,0,0,0,0,0,0,0,0,0,0,0,0,0,0,0,0,0
sheffield indie,0.58,0.7,114.21,0.59,-5.33,0.04,0.18,0.16,0.03,52717915,56,120,4536,17,0,0,0,0,0,0,0,0,0,0,0,0,0,0,0,0,0,0,0,0,0,0,0,0,0,0,0,0,0,0,0,0,0,0,0,0,0,0,0,0,0,0,0,0,0,0,0,0,0,0,0,0,0,0,0,0,0,0,0,0,0,0,0,0,0,43545937,44,107,4136,17,0,0,0,0,0,0,0,0,0,0,0,0,0,0,0,0,0,0,0,0,43545937,44,107,4136,17,0,0,0,0,0,0,0,0,0,0,0,0,0,0,0,0,0,0,0,0,0,0,0,0,0,0,0,0,0,0,0,0,0,0,0,0,0,0,0,0,0,0,0,0,0,0,0,0,0,0,0,0,0,0,0,0,0,0,0,0,0,0,0,0,0,0,0,0,0,0,0,0,0,0,0,0,0,0,0,0,0,0,0,0,0,0,0,0,0,0,0,0,0,0,0,0,0,0,0,0,9171978,12,168,396,145,0,0,0,0,0,0,0,0,0,0,0,0,0,0,0,0,0,0,0,0,0,0,0,0,0,0,0,0,0,0,0,0,0,0,0,0,0,0,0,0,0,0,0,0,0,0,0,0,0,0,2005938,3,196,15,192,7166040,9,158,387,145
vocal house,0.69,0.78,121.66,0.65,-4.51,0.07,0.13,0.21,0.0,60156380,78,143,4524,89,1829126,4,192,36,188,0,0,0,0,0,0,0,0,0,0,0,0,0,0,0,0,0,0,0,0,1372424,3,194,21,191,456702,1,188,13,188,0,0,0,0,0,0,0,0,0,0,0,0,0,0,0,0,0,0,0,0,0,0,0,0,0,0,0,0,0,0,0,0,0,0,0,0,0,0,0,0,0,0,0,0,0,0,0,0,0,0,0,0,0,0,0,0,0,0,0,0,0,0,0,0,0,0,0,0,0,0,0,0,0,0,0,0,0,0,0,0,0,0,0,0,0,0,0,0,0,0,0,0,0,0,0,58327254,74,140,4514,89,0,0,0,0,0,0,0,0,0,0,0,0,0,0,0,0,0,0,0,0,18958136,22,124,1694,89,24174536,30,128,2190,96,15194582,22,172,638,99,0,0,0,0,0,0,0,0,0,0,0,0,0,0,0,0,0,0,0,0,0,0,0,0,0,0,0,0,0,0,0,0,0,0,0,0,0,0,0,0,0,0,0,0,0,0,0,0,0,0,0,0,0,0,0,0,0,0,0,0,0,0,0,0,0,0,0,0,0,0,0,0,0,0,0,0,0,0,0,0,0,0,0,0,0,0,0,0,0,0
south african pop dance,0.77,0.8,125.0,0.8,-7.76,0.1,0.09,0.05,0.2,48069332,46,103,4508,11,46604829,44,100,4444,11,0,0,0,0,0,0,0,0,0,0,26574252,13,30,2223,11,19610404,30,127,2220,60,420173,1,197,4,197,0,0,0,0,0,0,0,0,0,0,0,0,0,0,0,0,0,0,0,0,0,0,0,0,0,0,0,0,0,0,0,0,0,0,0,0,0,0,0,0,0,0,0,0,0,0,0,0,0,0,0,0,0,0,0,0,0,0,0,0,0,0,0,0,0,0,0,0,0,0,0,0,0,0,0,0,0,0,0,0,0,0,0,0,0,0,0,0,0,0,0,0,0,0,0,0,0,0,0,0,0,0,0,0,0,0,0,0,0,0,0,0,0,0,0,0,0,0,0,0,0,0,0,0,0,0,0,0,0,0,0,0,0,0,0,0,0,0,0,0,0,0,0,0,0,0,0,0,0,0,0,0,0,0,0,0,0,0,0,0,0,0,0,0,0,1464503,2,165,72,143,0,0,0,0,0,1464503,2,165,72,143,0,0,0,0,0,0,0,0,0,0,0,0,0,0,0,0,0,0,0,0,0,0,0,0,0,0,0,0,0,0,0,0,0,0,0,0,0,0,0,0,0,0,0,0,0,0,0,0,0,0
k-rap,0.65,0.69,115.55,0.37,-6.79,0.11,0.16,0.08,0.0,51123761,49,110,4459,14,0,0,0,0,0,0,0,0,0,0,0,0,0,0,0,0,0,0,0,0,0,0,0,0,0,0,0,0,0,0,0,0,0,0,0,0,0,0,0,0,0,0,0,0,0,0,0,0,0,0,0,0,0,0,0,0,0,0,0,0,0,0,0,0,0,1191156,2,182,38,168,0,0,0,0,0,0,0,0,0,0,623057,1,168,33,168,0,0,0,0,0,0,0,0,0,0,0,0,0,0,0,0,0,0,0,0,0,0,0,0,0,0,0,0,0,0,568099,1,197,4,197,0,0,0,0,0,0,0,0,0,0,25085227,22,106,2090,14,0,0,0,0,0,0,0,0,0,0,0,0,0,0,0,0,0,0,0,0,0,0,0,0,0,0,0,0,0,0,13425769,7,36,1155,14,643355,1,185,16,185,3530712,4,111,360,92,653594,1,191,10,191,6831797,9,139,558,89,0,0,0,0,0,24847378,25,108,2325,38,0,0,0,0,0,0,0,0,0,0,0,0,0,0,0,0,0,0,0,0,24847378,25,108,2325,38,0,0,0,0,0,0,0,0,0,0,0,0,0,0,0,0,0,0,0,0,0,0,0,0,0,0,0,0,0,0,0,0,0,0,0
afro house,0.78,0.72,123.01,0.85,-9.13,0.05,0.1,0.09,0.39,46604829,44,100,4444,11,46604829,44,100,4444,11,0,0,0,0,0,0,0,0,0,0,26574252,13,30,2223,11,19610404,30,127,2220,60,420173,1,197,4,197,0,0,0,0,0,0,0,0,0,0,0,0,0,0,0,0,0,0,0,0,0,0,0,0,0,0,0,0,0,0,0,0,0,0,0,0,0,0,0,0,0,0,0,0,0,0,0,0,0,0,0,0,0,0,0,0,0,0,0,0,0,0,0,0,0,0,0,0,0,0,0,0,0,0,0,0,0,0,0,0,0,0,0,0,0,0,0,0,0,0,0,0,0,0,0,0,0,0,0,0,0,0,0,0,0,0,0,0,0,0,0,0,0,0,0,0,0,0,0,0,0,0,0,0,0,0,0,0,0,0,0,0,0,0,0,0,0,0,0,0,0,0,0,0,0,0,0,0,0,0,0,0,0,0,0,0,0,0,0,0,0,0,0,0,0,0,0,0,0,0,0,0,0,0,0,0,0,0,0,0,0,0,0,0,0,0,0,0,0,0,0,0,0,0,0,0,0,0,0,0,0,0,0,0,0,0,0,0,0,0,0,0,0,0,0,0,0,0,0,0,0,0,0,0,0,0,0,0,0,0
nuevo regional mexicano,0.76,0.61,120.4,0.78,-4.06,0.04,0.24,0.31,0.0,92904886,123,165,4428,66,0,0,0,0,0,0,0,0,0,0,0,0,0,0,0,0,0,0,0,0,0,0,0,0,0,0,0,0,0,0,0,0,0,0,0,0,0,0,0,0,0,0,0,0,0,0,0,0,0,0,0,0,0,0,0,0,0,0,0,0,0,0,0,0,0,0,0,0,0,0,0,0,0,0,0,0,0,0,0,0,0,0,0,0,0,0,0,0,0,0,0,0,0,0,0,0,0,0,0,0,0,0,0,0,0,0,0,0,0,0,0,0,0,0,0,0,0,0,0,0,0,0,0,0,0,0,0,0,0,0,24570497,36,176,900,145,0,0,0,0,0,0,0,0,0,0,0,0,0,0,0,0,0,0,0,0,0,0,0,0,0,0,0,0,0,0,0,0,0,0,0,0,0,0,0,0,0,0,0,0,0,0,0,0,0,0,16072785,24,175,624,145,8497712,12,177,288,158,68334389,87,161,3480,66,23005140,31,169,992,144,12870942,18,179,396,147,18776297,21,137,1344,66,0,0,0,0,0,0,0,0,0,0,0,0,0,0,0,0,0,0,0,0,1978693,3,186,45,180,676076,1,200,1,200,0,0,0,0,0,11027241,13,149,676,120,0,0,0,0,0
mariachi,0.75,0.66,115.31,0.78,-4.19,0.04,0.21,0.3,0.0,94208661,126,166,4410,66,1303775,3,198,9,196,0,0,0,0,0,419149,1,198,3,198,430682,1,196,5,196,453944,1,199,2,199,0,0,0,0,0,0,0,0,0,0,0,0,0,0,0,0,0,0,0,0,0,0,0,0,0,0,0,0,0,0,0,0,0,0,0,0,0,0,0,0,0,0,0,0,0,0,0,0,0,0,0,0,0,0,0,0,0,0,0,0,0,0,0,0,0,0,0,0,0,0,0,0,0,0,0,0,0,0,0,0,0,0,0,0,0,0,0,0,0,0,0,0,0,0,0,0,0,0,0,0,0,0,0,0,0,24570497,36,176,900,145,0,0,0,0,0,0,0,0,0,0,0,0,0,0,0,0,0,0,0,0,0,0,0,0,0,0,0,0,0,0,0,0,0,0,0,0,0,0,0,0,0,0,0,0,0,0,0,0,0,0,16072785,24,175,624,145,8497712,12,177,288,158,68334389,87,161,3480,66,23005140,31,169,992,144,12870942,18,179,396,147,18776297,21,137,1344,66,0,0,0,0,0,0,0,0,0,0,0,0,0,0,0,0,0,0,0,0,1978693,3,186,45,180,676076,1,200,1,200,0,0,0,0,0,11027241,13,149,676,120,0,0,0,0,0
ranchera,0.75,0.66,115.31,0.78,-4.19,0.04,0.21,0.3,0.0,94208661,126,166,4410,66,1303775,3,198,9,196,0,0,0,0,0,419149,1,198,3,198,430682,1,196,5,196,453944,1,199,2,199,0,0,0,0,0,0,0,0,0,0,0,0,0,0,0,0,0,0,0,0,0,0,0,0,0,0,0,0,0,0,0,0,0,0,0,0,0,0,0,0,0,0,0,0,0,0,0,0,0,0,0,0,0,0,0,0,0,0,0,0,0,0,0,0,0,0,0,0,0,0,0,0,0,0,0,0,0,0,0,0,0,0,0,0,0,0,0,0,0,0,0,0,0,0,0,0,0,0,0,0,0,0,0,0,0,24570497,36,176,900,145,0,0,0,0,0,0,0,0,0,0,0,0,0,0,0,0,0,0,0,0,0,0,0,0,0,0,0,0,0,0,0,0,0,0,0,0,0,0,0,0,0,0,0,0,0,0,0,0,0,0,16072785,24,175,624,145,8497712,12,177,288,158,68334389,87,161,3480,66,23005140,31,169,992,144,12870942,18,179,396,147,18776297,21,137,1344,66,0,0,0,0,0,0,0,0,0,0,0,0,0,0,0,0,0,0,0,0,1978693,3,186,45,180,676076,1,200,1,200,0,0,0,0,0,11027241,13,149,676,120,0,0,0,0,0
country dawn,0.58,0.47,132.71,0.59,-8.32,0.04,0.23,0.6,0.0,62048499,70,142,4130,31,24076957,39,158,1677,44,0,0,0,0,0,0,0,0,0,0,0,0,0,0,0,0,0,0,0,0,0,0,0,0,0,0,0,0,0,0,0,0,0,0,0,0,0,0,0,0,0,0,0,0,0,14269092,27,166,945,125,510867,1,173,28,173,9296998,11,139,682,44,8728172,8,136,520,53,0,0,0,0,0,0,0,0,0,0,0,0,0,0,0,0,0,0,0,0,0,0,0,0,0,0,0,0,0,0,0,0,0,0,0,0,0,0,0,0,0,0,0,0,0,0,0,0,0,0,0,0,0,0,0,8728172,8,136,520,53,19011740,16,110,1456,31,0,0,0,0,0,0,0,0,0,0,0,0,0,0,0,0,0,0,0,0,0,0,0,0,0,0,0,0,0,0,0,0,0,0,0,10038462,8,79,976,31,0,0,0,0,0,0,0,0,0,0,0,0,0,0,0,8973278,8,142,472,75,10231630,7,130,497,101,0,0,0,0,0,0,0,0,0,0,949433,1,104,97,104,0,0,0,0,0,0,0,0,0,0,0,0,0,0,0,0,0,0,0,0,0,0,0,0,0,0,0,0,0,0,0,0,0,0,0,0,0,0,0,0,9282197,6,134,402,101
torch song,0.53,0.23,118.19,0.54,-12.17,0.07,0.18,0.76,0.0,67794968,62,136,4030,30,18239587,22,144,1254,30,0,0,0,0,0,0,0,0,0,0,0,0,0,0,0,0,0,0,0,0,0,0,0,0,0,0,0,0,0,0,0,0,0,0,0,0,0,0,0,0,0,0,0,0,0,0,0,0,0,0,0,0,0,0,0,18239587,22,144,1254,30,17849657,17,135,1122,49,0,0,0,0,0,0,0,0,0,0,0,0,0,0,0,0,0,0,0,0,0,0,0,0,0,0,0,0,0,0,0,0,0,0,0,0,0,0,0,0,0,0,0,0,0,0,0,0,0,0,0,0,0,0,0,17849657,17,135,1122,49,12391030,10,128,730,62,0,0,0,0,0,0,0,0,0,0,0,0,0,0,0,0,0,0,0,0,0,0,0,0,0,0,0,0,0,0,0,0,0,0,0,0,0,0,0,0,0,0,0,0,0,0,0,0,0,0,0,0,0,0,0,12391030,10,128,730,62,19314694,13,133,884,41,0,0,0,0,0,0,0,0,0,0,0,0,0,0,0,0,0,0,0,0,0,0,0,0,0,0,0,0,0,0,0,0,0,0,0,0,0,0,0,0,0,0,0,0,0,0,0,0,0,0,0,0,0,0,0,19314694,13,133,884,41
italian underground hip hop,0.7,0.75,125.32,0.52,-6.09,0.27,0.27,0.16,0.0,56781811,73,147,3942,58,506361,1,172,29,172,0,0,0,0,0,0,0,0,0,0,0,0,0,0,0,0,0,0,0,0,0,0,0,0,0,0,0,0,0,0,0,0,0,0,0,0,0,0,0,0,0,0,0,0,0,0,0,0,0,0,506361,1,172,29,172,0,0,0,0,0,22103974,29,146,1595,67,0,0,0,0,0,0,0,0,0,0,0,0,0,0,0,0,0,0,0,0,0,0,0,0,0,0,0,0,0,0,0,0,0,0,0,0,0,0,0,0,2824330,4,146,220,85,0,0,0,0,0,19279644,25,146,1375,67,0,0,0,0,0,28614651,37,147,1998,72,0,0,0,0,0,0,0,0,0,0,0,0,0,0,0,0,0,0,0,0,0,0,0,0,0,0,0,0,0,0,11837345,15,144,855,75,0,0,0,0,0,747774,1,168,33,168,5030093,6,143,348,72,10999439,15,149,780,105,0,0,0,0,0,5556825,6,145,336,58,0,0,0,0,0,0,0,0,0,0,0,0,0,0,0,0,0,0,0,0,744541,1,154,47,154,0,0,0,0,0,0,0,0,0,0,0,0,0,0,0,0,0,0,0,0,935278,1,143,58,143,3877006,4,143,232,58,0,0,0,0,0
future bass,0.57,0.76,150.09,0.43,-4.14,0.06,0.09,0.09,0.0,28914243,52,127,3848,104,28914243,52,127,3848,104,17044936,31,124,2387,104,11869307,21,132,1449,106,0,0,0,0,0,0,0,0,0,0,0,0,0,0,0,0,0,0,0,0,0,0,0,0,0,0,0,0,0,0,0,0,0,0,0,0,0,0,0,0,0,0,0,0,0,0,0,0,0,0,0,0,0,0,0,0,0,0,0,0,0,0,0,0,0,0,0,0,0,0,0,0,0,0,0,0,0,0,0,0,0,0,0,0,0,0,0,0,0,0,0,0,0,0,0,0,0,0,0,0,0,0,0,0,0,0,0,0,0,0,0,0,0,0,0,0,0,0,0,0,0,0,0,0,0,0,0,0,0,0,0,0,0,0,0,0,0,0,0,0,0,0,0,0,0,0,0,0,0,0,0,0,0,0,0,0,0,0,0,0,0,0,0,0,0,0,0,0,0,0,0,0,0,0,0,0,0,0,0,0,0,0,0,0,0,0,0,0,0,0,0,0,0,0,0,0,0,0,0,0,0,0,0,0,0,0,0,0,0,0,0,0,0,0,0,0,0,0,0,0,0,0,0,0,0,0,0,0,0,0,0,0,0,0,0,0,0,0,0,0,0,0,0,0,0
latin alternative,0.77,0.64,115.59,0.58,-5.66,0.07,0.15,0.22,0.0,81325929,123,170,3813,122,0,0,0,0,0,0,0,0,0,0,0,0,0,0,0,0,0,0,0,0,0,0,0,0,0,0,0,0,0,0,0,0,0,0,0,0,0,0,0,0,0,0,0,0,0,0,0,0,0,0,0,0,0,0,0,0,0,0,0,0,0,0,0,0,0,33814332,56,177,1344,129,0,0,0,0,0,0,0,0,0,0,0,0,0,0,0,14520907,23,164,851,129,12956293,22,185,352,167,5197359,9,186,135,164,1139773,2,190,22,189,0,0,0,0,0,0,0,0,0,0,0,0,0,0,0,0,0,0,0,0,0,0,0,0,0,45632927,64,164,2368,122,0,0,0,0,0,10339701,14,157,616,135,23099667,31,151,1550,122,12193559,19,189,228,174,0,0,0,0,0,0,0,0,0,0,0,0,0,0,0,0,0,0,0,0,0,0,0,0,0,0,0,0,0,0,0,0,0,0,0,0,0,0,0,0,1878670,3,183,54,162,586686,1,200,1,200,0,0,0,0,0,0,0,0,0,0,0,0,0,0,0,0,0,0,0,0,1291984,2,175,52,162,0,0,0,0,0,0,0,0,0,0,0,0,0,0,0,0,0,0,0,0,0,0,0,0,0,0,0,0,0,0
battle rap,0.73,0.65,101.48,0.33,-5.53,0.2,0.39,0.07,0.0,45681709,44,116,3740,8,0,0,0,0,0,0,0,0,0,0,0,0,0,0,0,0,0,0,0,0,0,0,0,0,0,0,0,0,0,0,0,0,0,0,0,0,0,0,0,0,0,0,0,0,0,0,0,0,0,0,0,0,0,0,0,0,0,0,0,0,0,0,0,0,0,37655600,36,114,3132,8,0,0,0,0,0,0,0,0,0,0,0,0,0,0,0,0,0,0,0,0,0,0,0,0,0,0,0,0,0,0,1187821,2,174,54,163,0,0,0,0,0,8216002,3,14,561,8,27671842,30,117,2520,20,579935,1,186,15,186,0,0,0,0,0,0,0,0,0,0,0,0,0,0,0,0,0,0,0,0,0,0,0,0,0,0,0,0,0,0,0,0,0,0,0,0,0,0,0,0,0,0,0,0,0,0,0,0,0,0,0,0,0,0,0,0,0,0,0,0,0,0,0,0,0,0,0,0,0,0,8026109,8,125,608,66,6231281,6,126,450,80,0,0,0,0,0,0,0,0,0,0,0,0,0,0,0,0,0,0,0,0,1794828,2,122,158,66,0,0,0,0,0,0,0,0,0,0,0,0,0,0,0,0,0,0,0,0,0,0,0,0,0,0,0,0,0,0
afrofuturism,0.76,0.59,119.63,0.46,-6.38,0.14,0.25,0.14,0.0,49884227,66,146,3630,44,7516007,14,158,602,101,0,0,0,0,0,0,0,0,0,0,0,0,0,0,0,1327624,2,143,116,101,0,0,0,0,0,641536,1,126,75,126,5546847,11,163,418,136,0,0,0,0,0,0,0,0,0,0,0,0,0,0,0,0,0,0,0,0,0,0,0,0,0,5144741,6,118,498,44,0,0,0,0,0,802089,1,123,78,123,0,0,0,0,0,0,0,0,0,0,4342652,5,117,420,44,0,0,0,0,0,0,0,0,0,0,0,0,0,0,0,0,0,0,0,0,0,0,0,0,0,0,0,0,0,0,0,0,0,0,0,3546353,4,129,288,84,0,0,0,0,0,0,0,0,0,0,3546353,4,129,288,84,0,0,0,0,0,0,0,0,0,0,0,0,0,0,0,0,0,0,0,0,0,0,0,0,0,0,0,0,0,0,0,0,0,0,0,0,0,0,0,0,0,0,0,0,0,33677126,42,147,2268,61,0,0,0,0,0,0,0,0,0,0,0,0,0,0,0,0,0,0,0,0,0,0,0,0,0,611623,1,196,5,196,29788862,36,140,2196,61,3276641,5,190,55,186,0,0,0,0,0,0,0,0,0,0,0,0,0,0,0,0,0,0,0,0
piseiro,0.65,0.91,169.37,0.9,-3.74,0.07,0.49,0.51,0.0,58886867,67,148,3551,82,0,0,0,0,0,0,0,0,0,0,0,0,0,0,0,0,0,0,0,0,0,0,0,0,0,0,0,0,0,0,0,0,0,0,0,0,0,0,0,0,0,0,0,0,0,0,0,0,0,0,0,0,0,0,0,0,0,0,0,0,0,0,0,0,0,0,0,0,0,0,0,0,0,0,0,0,0,0,0,0,0,0,0,0,0,0,0,0,0,0,0,0,0,0,0,0,0,0,0,0,0,0,0,0,0,0,0,0,0,0,0,0,0,0,0,0,0,0,0,0,0,0,0,0,0,0,0,0,0,0,0,0,0,0,0,0,0,0,0,0,0,0,0,0,0,0,0,0,0,0,0,0,0,0,0,0,0,0,0,0,0,0,0,0,0,0,0,0,0,0,0,0,0,0,0,0,0,0,0,0,0,0,0,0,0,0,0,0,0,0,0,0,0,0,0,58886867,67,148,3551,82,0,0,0,0,0,0,0,0,0,0,0,0,0,0,0,0,0,0,0,0,0,0,0,0,0,0,0,0,0,0,0,0,0,0,0,0,0,0,0,0,5237954,7,149,364,133,16062306,19,140,1159,91,17493247,20,146,1100,86,20093360,21,157,924,82
belgian pop,0.79,0.64,127.48,0.59,-7.82,0.11,0.11,0.35,0.0,42465565,43,121,3440,49,0,0,0,0,0,0,0,0,0,0,0,0,0,0,0,0,0,0,0,0,0,0,0,0,0,0,0,0,0,0,0,0,0,0,0,0,0,0,0,0,0,0,0,0,0,0,0,0,0,0,0,0,0,0,0,0,0,0,0,0,0,0,0,0,0,0,0,0,0,0,0,0,0,0,0,0,0,0,0,0,0,0,0,0,0,0,0,0,0,0,0,0,0,0,0,0,0,0,0,0,0,0,0,0,0,0,0,0,0,0,0,0,0,0,0,0,0,0,0,0,0,0,0,0,0,0,0,0,0,0,0,0,0,0,0,0,0,0,0,0,0,0,0,0,0,0,0,0,0,0,0,0,0,0,0,0,0,0,0,0,0,0,0,0,0,0,0,0,0,0,0,0,0,0,0,0,0,0,0,0,0,0,0,0,0,0,0,0,0,0,0,0,0,0,0,42465565,43,121,3440,49,0,0,0,0,0,0,0,0,0,0,0,0,0,0,0,0,0,0,0,0,0,0,0,0,0,0,0,0,0,0,0,0,0,0,0,0,0,0,0,0,1044931,1,95,106,95,3105097,2,66,270,49,30380567,30,108,2790,70,7934970,10,174,270,162
meme rap,0.79,0.62,120.73,0.5,-8.53,0.3,0.16,0.22,0.0,64987323,86,162,3354,111,756935,2,199,4,198,756935,2,199,4,198,0,0,0,0,0,0,0,0,0,0,0,0,0,0,0,0,0,0,0,0,0,0,0,0,0,0,0,0,0,0,0,0,0,0,0,0,0,0,0,0,0,0,0,0,0,0,0,0,0,0,0,0,0,0,0,840500,1,111,90,111,0,0,0,0,0,0,0,0,0,0,840500,1,111,90,111,0,0,0,0,0,0,0,0,0,0,0,0,0,0,0,0,0,0,0,0,0,0,0,0,0,0,0,0,0,0,0,0,0,0,0,0,0,0,0,0,0,0,0,0,0,0,0,0,0,0,0,0,0,0,0,0,0,0,0,0,0,0,0,0,0,0,0,0,0,0,0,0,0,0,0,0,0,0,0,0,0,0,0,0,0,0,0,0,0,0,0,0,0,0,0,0,0,0,0,0,0,0,0,0,0,0,0,0,0,0,63389888,83,161,3320,122,16291924,21,158,903,122,22202229,28,147,1512,124,3550971,5,189,60,167,0,0,0,0,0,0,0,0,0,0,0,0,0,0,0,0,0,0,0,0,0,0,0,0,0,0,0,0,0,0,5135689,7,171,210,152,13224267,18,171,540,145,2984808,4,187,56,181
deep german hip hop,0.69,0.75,110.33,0.44,-5.95,0.31,0.16,0.1,0.0,51383013,74,156,3330,57,4238306,8,163,304,99,0,0,0,0,0,0,0,0,0,0,0,0,0,0,0,0,0,0,0,0,0,0,0,0,0,0,0,0,0,0,4238306,8,163,304,99,0,0,0,0,0,0,0,0,0,0,0,0,0,0,0,0,0,0,0,0,0,0,0,0,0,33025040,48,155,2208,76,0,0,0,0,0,0,0,0,0,0,0,0,0,0,0,629619,1,185,16,185,0,0,0,0,0,687672,1,153,48,153,6617639,9,136,585,101,0,0,0,0,0,13386366,19,148,1007,76,9696401,15,175,390,124,0,0,0,0,0,2007343,3,149,156,143,6797719,9,158,387,57,544655,1,200,1,200,0,0,0,0,0,0,0,0,0,0,0,0,0,0,0,0,0,0,0,0,0,0,0,0,0,0,0,0,0,0,0,0,0,0,0,4204017,5,133,340,57,0,0,0,0,0,1371174,2,186,30,186,677873,1,188,13,188,7321948,9,155,414,98,6446981,8,154,376,98,874967,1,166,35,166,0,0,0,0,0,0,0,0,0,0,0,0,0,0,0,0,0,0,0,0,0,0,0,0,0,0,0,0,0,0,0,0,0,0,0,0,0,0,0,0,0,0,0,0,0,0,0,0,0,0
variete francaise,0.87,0.69,115.0,0.4,-7.05,0.18,0.11,0.06,0.0,41420634,42,122,3318,49,0,0,0,0,0,0,0,0,0,0,0,0,0,0,0,0,0,0,0,0,0,0,0,0,0,0,0,0,0,0,0,0,0,0,0,0,0,0,0,0,0,0,0,0,0,0,0,0,0,0,0,0,0,0,0,0,0,0,0,0,0,0,0,0,0,0,0,0,0,0,0,0,0,0,0,0,0,0,0,0,0,0,0,0,0,0,0,0,0,0,0,0,0,0,0,0,0,0,0,0,0,0,0,0,0,0,0,0,0,0,0,0,0,0,0,0,0,0,0,0,0,0,0,0,0,0,0,0,0,0,0,0,0,0,0,0,0,0,0,0,0,0,0,0,0,0,0,0,0,0,0,0,0,0,0,0,0,0,0,0,0,0,0,0,0,0,0,0,0,0,0,0,0,0,0,0,0,0,0,0,0,0,0,0,0,0,0,0,0,0,0,0,0,0,0,41420634,42,122,3318,49,0,0,0,0,0,0,0,0,0,0,0,0,0,0,0,0,0,0,0,0,0,0,0,0,0,0,0,0,0,0,0,0,0,0,0,0,0,0,0,0,0,0,0,0,0,3105097,2,66,270,49,30380567,30,108,2790,70,7934970,10,174,270,162
pop punk,0.69,0.8,121.23,0.78,-5.51,0.04,0.07,0.03,0.0,31804131,50,135,3300,59,31107675,49,134,3283,59,0,0,0,0,0,0,0,0,0,0,0,0,0,0,0,8845306,12,114,1044,59,21790672,36,139,2232,82,471697,1,187,14,187,0,0,0,0,0,0,0,0,0,0,0,0,0,0,0,0,0,0,0,0,0,0,0,0,0,0,0,0,0,0,0,0,0,0,0,0,0,0,0,0,0,0,0,0,0,0,0,0,0,0,0,0,0,0,0,0,0,0,0,0,0,0,0,0,0,0,0,0,0,0,0,0,0,0,0,0,0,0,0,0,0,0,0,0,0,0,0,0,0,0,0,0,0,0,0,696456,1,184,17,184,0,0,0,0,0,0,0,0,0,0,0,0,0,0,0,0,0,0,0,0,0,0,0,0,0,0,0,0,0,0,0,0,0,0,0,0,0,0,0,0,696456,1,184,17,184,0,0,0,0,0,0,0,0,0,0,0,0,0,0,0,0,0,0,0,0,0,0,0,0,0,0,0,0,0,0,0,0,0,0,0,0,0,0,0,0,0,0,0,0,0,0,0,0,0,0,0,0,0,0,0,0,0,0,0,0,0,0,0,0,0,0,0,0,0,0,0,0,0,0,0,0,0,0,0,0
pop emo,0.72,0.78,113.89,0.79,-5.79,0.04,0.07,0.03,0.0,31107675,49,134,3283,59,31107675,49,134,3283,59,0,0,0,0,0,0,0,0,0,0,0,0,0,0,0,8845306,12,114,1044,59,21790672,36,139,2232,82,471697,1,187,14,187,0,0,0,0,0,0,0,0,0,0,0,0,0,0,0,0,0,0,0,0,0,0,0,0,0,0,0,0,0,0,0,0,0,0,0,0,0,0,0,0,0,0,0,0,0,0,0,0,0,0,0,0,0,0,0,0,0,0,0,0,0,0,0,0,0,0,0,0,0,0,0,0,0,0,0,0,0,0,0,0,0,0,0,0,0,0,0,0,0,0,0,0,0,0,0,0,0,0,0,0,0,0,0,0,0,0,0,0,0,0,0,0,0,0,0,0,0,0,0,0,0,0,0,0,0,0,0,0,0,0,0,0,0,0,0,0,0,0,0,0,0,0,0,0,0,0,0,0,0,0,0,0,0,0,0,0,0,0,0,0,0,0,0,0,0,0,0,0,0,0,0,0,0,0,0,0,0,0,0,0,0,0,0,0,0,0,0,0,0,0,0,0,0,0,0,0,0,0,0,0,0,0,0,0,0,0,0,0,0,0,0,0,0,0,0,0,0,0,0,0,0,0,0,0,0
pixie,0.72,0.78,113.89,0.79,-5.79,0.04,0.07,0.03,0.0,31107675,49,134,3283,59,31107675,49,134,3283,59,0,0,0,0,0,0,0,0,0,0,0,0,0,0,0,8845306,12,114,1044,59,21790672,36,139,2232,82,471697,1,187,14,187,0,0,0,0,0,0,0,0,0,0,0,0,0,0,0,0,0,0,0,0,0,0,0,0,0,0,0,0,0,0,0,0,0,0,0,0,0,0,0,0,0,0,0,0,0,0,0,0,0,0,0,0,0,0,0,0,0,0,0,0,0,0,0,0,0,0,0,0,0,0,0,0,0,0,0,0,0,0,0,0,0,0,0,0,0,0,0,0,0,0,0,0,0,0,0,0,0,0,0,0,0,0,0,0,0,0,0,0,0,0,0,0,0,0,0,0,0,0,0,0,0,0,0,0,0,0,0,0,0,0,0,0,0,0,0,0,0,0,0,0,0,0,0,0,0,0,0,0,0,0,0,0,0,0,0,0,0,0,0,0,0,0,0,0,0,0,0,0,0,0,0,0,0,0,0,0,0,0,0,0,0,0,0,0,0,0,0,0,0,0,0,0,0,0,0,0,0,0,0,0,0,0,0,0,0,0,0,0,0,0,0,0,0,0,0,0,0,0,0,0,0,0,0,0,0
rap napoletano,0.73,0.7,129.02,0.54,-5.81,0.19,0.23,0.18,0.0,50874146,67,152,3283,58,0,0,0,0,0,0,0,0,0,0,0,0,0,0,0,0,0,0,0,0,0,0,0,0,0,0,0,0,0,0,0,0,0,0,0,0,0,0,0,0,0,0,0,0,0,0,0,0,0,0,0,0,0,0,0,0,0,0,0,0,0,0,0,0,0,5508932,7,143,406,71,0,0,0,0,0,0,0,0,0,0,0,0,0,0,0,0,0,0,0,0,0,0,0,0,0,0,0,0,0,0,0,0,0,0,0,0,0,0,0,0,0,0,0,0,0,0,0,0,0,0,5508932,7,143,406,71,0,0,0,0,0,36046795,48,151,2400,72,2321441,3,160,123,109,0,0,0,0,0,0,0,0,0,0,776158,1,158,43,158,0,0,0,0,0,0,0,0,0,0,17768866,24,152,1176,97,0,0,0,0,0,0,0,0,0,0,5030093,6,143,348,72,10150237,14,151,700,105,0,0,0,0,0,9318419,12,161,480,58,0,0,0,0,0,0,0,0,0,0,0,0,0,0,0,0,0,0,0,0,0,0,0,0,0,3501005,5,154,235,120,0,0,0,0,0,1940408,3,196,15,190,0,0,0,0,0,0,0,0,0,0,3877006,4,143,232,58,0,0,0,0,0
russian dance,0.65,0.94,126.09,0.32,-2.63,0.1,0.44,0.01,0.92,38316051,51,137,3264,99,0,0,0,0,0,0,0,0,0,0,0,0,0,0,0,0,0,0,0,0,0,0,0,0,0,0,0,0,0,0,0,0,0,0,0,0,0,0,0,0,0,0,0,0,0,0,0,0,0,0,0,0,0,0,0,0,0,0,0,0,0,0,0,0,0,0,0,0,0,0,0,0,0,0,0,0,0,0,0,0,0,0,0,0,0,0,0,0,0,0,0,0,0,0,0,0,0,0,0,0,0,0,0,0,0,0,0,0,0,0,0,0,0,0,0,0,0,0,0,0,0,0,0,0,0,0,0,0,0,0,0,0,0,0,0,0,0,0,0,0,0,0,0,0,0,0,0,0,0,0,0,0,0,0,0,0,0,0,0,0,0,0,0,0,0,0,0,0,0,0,0,0,0,0,0,0,0,0,0,0,0,0,0,0,0,0,0,0,0,0,0,0,0,0,0,38316051,51,137,3264,99,0,0,0,0,0,0,0,0,0,0,0,0,0,0,0,18327701,24,130,1704,99,19356733,26,141,1560,108,631617,1,193,8,193,0,0,0,0,0,0,0,0,0,0,0,0,0,0,0,0,0,0,0,0,0,0,0,0,0,0,0,0,0,0
dutch trance,0.38,0.96,103.41,0.16,-3.91,0.07,0.29,0.01,0.0,39483663,57,145,3192,104,0,0,0,0,0,0,0,0,0,0,0,0,0,0,0,0,0,0,0,0,0,0,0,0,0,0,0,0,0,0,0,0,0,0,0,0,0,0,0,0,0,0,0,0,0,0,0,0,0,0,0,0,0,0,0,0,0,0,0,0,0,0,0,0,0,39483663,57,145,3192,104,0,0,0,0,0,0,0,0,0,0,0,0,0,0,0,0,0,0,0,0,0,0,0,0,0,0,0,0,0,0,0,0,0,0,0,10197402,17,169,544,135,22619451,30,124,2310,104,6666810,10,168,330,143,0,0,0,0,0,0,0,0,0,0,0,0,0,0,0,0,0,0,0,0,0,0,0,0,0,0,0,0,0,0,0,0,0,0,0,0,0,0,0,0,0,0,0,0,0,0,0,0,0,0,0,0,0,0,0,0,0,0,0,0,0,0,0,0,0,0,0,0,0,0,0,0,0,0,0,0,0,0,0,0,0,0,0,0,0,0,0,0,0,0,0,0,0,0,0,0,0,0,0,0,0,0,0,0,0,0,0,0,0,0,0,0,0,0,0,0,0,0,0,0,0,0,0,0,0,0,0,0,0,0,0,0,0,0,0,0,0,0,0,0
swedish idol pop,0.51,0.73,108.45,0.57,-4.91,0.04,0.29,0.11,0.0,32117051,32,105,3072,17,495241,1,156,45,156,0,0,0,0,0,0,0,0,0,0,495241,1,156,45,156,0,0,0,0,0,0,0,0,0,0,0,0,0,0,0,0,0,0,0,0,0,0,0,0,0,0,0,0,0,0,0,0,0,0,0,0,0,0,0,0,0,0,0,0,0,0,0,0,0,0,0,0,0,0,0,0,0,0,0,0,0,0,0,0,0,0,0,0,0,0,0,0,0,0,0,0,0,0,0,0,0,0,0,0,0,0,0,0,0,0,0,0,0,0,0,0,0,0,0,0,0,0,0,0,0,0,0,0,0,0,31621810,31,103,3038,17,0,0,0,0,0,0,0,0,0,0,0,0,0,0,0,0,0,0,0,0,23597770,22,98,2266,17,8024040,9,118,747,55,0,0,0,0,0,0,0,0,0,0,0,0,0,0,0,0,0,0,0,0,0,0,0,0,0,0,0,0,0,0,0,0,0,0,0,0,0,0,0,0,0,0,0,0,0,0,0,0,0,0,0,0,0,0,0,0,0,0,0,0,0,0,0,0,0,0,0,0,0,0,0,0,0,0,0,0,0,0,0,0,0,0,0,0,0,0,0,0,0,0,0,0,0,0,0
electropowerpop,0.56,0.84,125.06,0.38,-3.4,0.25,0.09,0.17,0.0,26429511,45,135,2970,105,25737597,44,133,2992,105,0,0,0,0,0,0,0,0,0,0,0,0,0,0,0,0,0,0,0,0,0,0,0,0,0,0,0,0,0,0,5838350,11,147,594,116,18939395,31,125,2356,105,959852,2,188,26,182,0,0,0,0,0,0,0,0,0,0,0,0,0,0,0,0,0,0,0,0,0,0,0,0,0,0,0,0,0,0,0,0,0,0,0,0,0,0,0,0,0,0,0,0,0,0,0,0,0,0,0,0,0,0,0,0,0,0,0,0,0,0,0,0,0,0,0,0,0,0,0,0,0,0,0,0,0,0,0,0,691914,1,190,11,190,0,0,0,0,0,0,0,0,0,0,0,0,0,0,0,691914,1,190,11,190,0,0,0,0,0,0,0,0,0,0,0,0,0,0,0,0,0,0,0,0,0,0,0,0,0,0,0,0,0,0,0,0,0,0,0,0,0,0,0,0,0,0,0,0,0,0,0,0,0,0,0,0,0,0,0,0,0,0,0,0,0,0,0,0,0,0,0,0,0,0,0,0,0,0,0,0,0,0,0,0,0,0,0,0,0,0,0,0,0,0,0,0,0,0,0,0,0,0,0,0,0,0,0,0,0
chicago indie,0.77,0.78,118.45,0.63,-5.39,0.13,0.11,0.03,0.0,23904944,37,125,2812,95,23904944,37,125,2812,95,0,0,0,0,0,0,0,0,0,0,11061901,17,131,1190,104,12069318,19,120,1539,95,0,0,0,0,0,0,0,0,0,0,0,0,0,0,0,0,0,0,0,0,0,0,0,0,0,0,0,0,0,0,0,0,0,0,0,773725,1,140,61,140,0,0,0,0,0,0,0,0,0,0,0,0,0,0,0,0,0,0,0,0,0,0,0,0,0,0,0,0,0,0,0,0,0,0,0,0,0,0,0,0,0,0,0,0,0,0,0,0,0,0,0,0,0,0,0,0,0,0,0,0,0,0,0,0,0,0,0,0,0,0,0,0,0,0,0,0,0,0,0,0,0,0,0,0,0,0,0,0,0,0,0,0,0,0,0,0,0,0,0,0,0,0,0,0,0,0,0,0,0,0,0,0,0,0,0,0,0,0,0,0,0,0,0,0,0,0,0,0,0,0,0,0,0,0,0,0,0,0,0,0,0,0,0,0,0,0,0,0,0,0,0,0,0,0,0,0,0,0,0,0,0,0,0,0,0,0,0,0,0,0,0,0,0,0,0,0,0,0,0,0,0,0,0,0,0,0,0,0,0,0,0,0,0,0,0
experimental r&b,0.76,0.62,128.33,0.41,-6.3,0.18,0.34,0.17,0.0,34313956,41,134,2747,44,1327624,2,143,116,101,0,0,0,0,0,0,0,0,0,0,0,0,0,0,0,1327624,2,143,116,101,0,0,0,0,0,0,0,0,0,0,0,0,0,0,0,0,0,0,0,0,0,0,0,0,0,0,0,0,0,0,0,0,0,0,0,0,0,0,0,0,4342652,5,117,420,44,0,0,0,0,0,0,0,0,0,0,0,0,0,0,0,0,0,0,0,0,4342652,5,117,420,44,0,0,0,0,0,0,0,0,0,0,0,0,0,0,0,0,0,0,0,0,0,0,0,0,0,0,0,0,0,0,0,0,0,0,0,0,0,0,0,0,0,0,0,0,0,0,0,0,0,0,0,0,0,0,0,0,0,0,0,0,0,0,0,0,0,0,0,0,0,0,0,0,0,0,0,0,0,0,0,0,0,0,0,0,0,0,0,0,0,0,0,0,0,0,0,0,0,0,0,0,28643680,34,136,2210,61,0,0,0,0,0,0,0,0,0,0,0,0,0,0,0,0,0,0,0,0,0,0,0,0,0,0,0,0,0,0,25367039,29,127,2146,61,3276641,5,190,55,186,0,0,0,0,0,0,0,0,0,0,0,0,0,0,0,0,0,0,0,0
oklahoma country,0.67,0.62,141.3,0.95,-8.14,0.05,0.2,0.41,0.0,44356436,37,128,2701,49,4752715,5,125,380,77,0,0,0,0,0,0,0,0,0,0,0,0,0,0,0,0,0,0,0,0,0,0,0,0,0,0,0,0,0,0,0,0,0,0,0,0,0,0,0,0,0,0,0,0,0,0,0,0,0,0,0,0,0,0,0,4752715,5,125,380,77,12972361,12,134,804,58,0,0,0,0,0,0,0,0,0,0,0,0,0,0,0,0,0,0,0,0,0,0,0,0,0,0,0,0,0,0,0,0,0,0,0,0,0,0,0,0,0,0,0,0,0,0,0,0,0,0,0,0,0,0,0,12972361,12,134,804,58,10325793,8,116,680,62,0,0,0,0,0,0,0,0,0,0,0,0,0,0,0,0,0,0,0,0,0,0,0,0,0,0,0,0,0,0,0,0,0,0,0,0,0,0,0,0,0,0,0,0,0,0,0,0,0,0,0,0,0,0,0,10325793,8,116,680,62,16305567,12,131,840,49,0,0,0,0,0,0,0,0,0,0,0,0,0,0,0,0,0,0,0,0,0,0,0,0,0,0,0,0,0,0,0,0,0,0,0,0,0,0,0,0,0,0,0,0,0,0,0,0,0,0,0,0,0,0,0,16305567,12,131,840,49
rap sardegna,0.71,0.77,125.05,0.55,-6.1,0.29,0.29,0.15,0.0,37724475,49,146,2695,67,506361,1,172,29,172,0,0,0,0,0,0,0,0,0,0,0,0,0,0,0,0,0,0,0,0,0,0,0,0,0,0,0,0,0,0,0,0,0,0,0,0,0,0,0,0,0,0,0,0,0,0,0,0,0,0,506361,1,172,29,172,0,0,0,0,0,22103974,29,146,1595,67,0,0,0,0,0,0,0,0,0,0,0,0,0,0,0,0,0,0,0,0,0,0,0,0,0,0,0,0,0,0,0,0,0,0,0,0,0,0,0,0,2824330,4,146,220,85,0,0,0,0,0,19279644,25,146,1375,67,0,0,0,0,0,13434321,17,144,969,75,0,0,0,0,0,0,0,0,0,0,0,0,0,0,0,0,0,0,0,0,0,0,0,0,0,0,0,0,0,0,11837345,15,144,855,75,0,0,0,0,0,747774,1,168,33,168,0,0,0,0,0,849202,1,122,79,122,0,0,0,0,0,1679819,2,148,106,143,0,0,0,0,0,0,0,0,0,0,0,0,0,0,0,0,0,0,0,0,744541,1,154,47,154,0,0,0,0,0,0,0,0,0,0,0,0,0,0,0,0,0,0,0,0,935278,1,143,58,143,0,0,0,0,0,0,0,0,0,0
trip hop,0.81,0.51,123.5,0.31,-7.46,0.25,0.44,0.25,0.0,32986332,39,134,2613,44,0,0,0,0,0,0,0,0,0,0,0,0,0,0,0,0,0,0,0,0,0,0,0,0,0,0,0,0,0,0,0,0,0,0,0,0,0,0,0,0,0,0,0,0,0,0,0,0,0,0,0,0,0,0,0,0,0,0,0,0,0,0,0,0,0,4342652,5,117,420,44,0,0,0,0,0,0,0,0,0,0,0,0,0,0,0,0,0,0,0,0,4342652,5,117,420,44,0,0,0,0,0,0,0,0,0,0,0,0,0,0,0,0,0,0,0,0,0,0,0,0,0,0,0,0,0,0,0,0,0,0,0,0,0,0,0,0,0,0,0,0,0,0,0,0,0,0,0,0,0,0,0,0,0,0,0,0,0,0,0,0,0,0,0,0,0,0,0,0,0,0,0,0,0,0,0,0,0,0,0,0,0,0,0,0,0,0,0,0,0,0,0,0,0,0,0,0,28643680,34,136,2210,61,0,0,0,0,0,0,0,0,0,0,0,0,0,0,0,0,0,0,0,0,0,0,0,0,0,0,0,0,0,0,25367039,29,127,2146,61,3276641,5,190,55,186,0,0,0,0,0,0,0,0,0,0,0,0,0,0,0,0,0,0,0,0
classic soul,0.65,0.49,109.74,0.73,-10.59,0.04,0.17,0.38,0.0,32758443,29,112,2581,45,2141677,3,135,198,85,413039,1,149,52,149,0,0,0,0,0,0,0,0,0,0,0,0,0,0,0,0,0,0,0,0,0,0,0,0,0,0,0,0,0,0,0,0,0,0,0,0,0,0,0,0,0,0,0,0,0,0,0,0,0,0,1728638,2,128,146,85,17114433,18,108,1674,45,671343,1,115,86,115,0,0,0,0,0,0,0,0,0,0,0,0,0,0,0,0,0,0,0,0,0,0,0,0,0,719899,1,145,56,145,13341858,14,104,1358,45,0,0,0,0,0,0,0,0,0,0,0,0,0,0,0,2381333,2,118,166,92,4237741,3,122,237,67,0,0,0,0,0,0,0,0,0,0,0,0,0,0,0,0,0,0,0,0,0,0,0,0,0,0,0,0,0,0,0,0,0,0,0,0,0,0,0,0,0,0,0,0,0,0,0,0,0,0,0,0,0,0,0,4237741,3,122,237,67,9264592,5,105,480,45,0,0,0,0,0,0,0,0,0,0,0,0,0,0,0,0,0,0,0,0,0,0,0,0,0,0,0,0,0,0,0,0,0,0,0,0,0,0,0,0,0,0,0,0,0,0,0,0,0,0,0,0,0,0,0,9264592,5,105,480,45
modern alternative pop,0.69,0.58,129.63,0.34,-7.6,0.06,0.14,0.12,0.0,30537110,33,124,2541,53,0,0,0,0,0,0,0,0,0,0,0,0,0,0,0,0,0,0,0,0,0,0,0,0,0,0,0,0,0,0,0,0,0,0,0,0,0,0,0,0,0,0,0,0,0,0,0,0,0,0,0,0,0,0,0,0,0,0,0,0,0,0,0,0,0,2802022,4,180,84,164,0,0,0,0,0,0,0,0,0,0,0,0,0,0,0,0,0,0,0,0,0,0,0,0,0,0,0,0,0,0,0,0,0,0,0,0,0,0,0,0,0,0,0,0,0,0,0,0,0,0,793156,1,164,37,164,2008866,3,185,48,179,25131850,26,114,2262,53,0,0,0,0,0,16397715,14,74,1778,53,8734135,12,160,492,112,0,0,0,0,0,0,0,0,0,0,0,0,0,0,0,0,0,0,0,0,0,0,0,0,0,0,0,0,0,0,0,0,0,0,0,0,0,0,0,0,0,0,0,0,0,2603238,3,134,201,90,0,0,0,0,0,0,0,0,0,0,0,0,0,0,0,0,0,0,0,0,2603238,3,134,201,90,0,0,0,0,0,0,0,0,0,0,0,0,0,0,0,0,0,0,0,0,0,0,0,0,0,0,0,0,0,0,0,0,0,0,0
southern soul,0.61,0.55,103.76,0.7,-9.3,0.07,0.23,0.32,0.0,32654684,29,114,2523,45,2445969,4,159,168,127,0,0,0,0,0,0,0,0,0,0,0,0,0,0,0,1781151,3,155,138,127,0,0,0,0,0,0,0,0,0,0,0,0,0,0,0,0,0,0,0,0,0,0,0,0,0,0,0,0,0,0,0,0,0,0,0,664818,1,171,30,171,16706382,17,104,1649,45,0,0,0,0,0,0,0,0,0,0,0,0,0,0,0,0,0,0,0,0,0,0,0,0,0,0,0,0,0,0,0,0,0,0,0,13341858,14,104,1358,45,983191,1,86,115,86,0,0,0,0,0,0,0,0,0,0,2381333,2,118,166,92,4237741,3,122,237,67,0,0,0,0,0,0,0,0,0,0,0,0,0,0,0,0,0,0,0,0,0,0,0,0,0,0,0,0,0,0,0,0,0,0,0,0,0,0,0,0,0,0,0,0,0,0,0,0,0,0,0,0,0,0,0,4237741,3,122,237,67,9264592,5,105,480,45,0,0,0,0,0,0,0,0,0,0,0,0,0,0,0,0,0,0,0,0,0,0,0,0,0,0,0,0,0,0,0,0,0,0,0,0,0,0,0,0,0,0,0,0,0,0,0,0,0,0,0,0,0,0,0,9264592,5,105,480,45
zimdancehall,0.77,0.88,112.03,0.67,-5.16,0.14,0.35,0.02,0.0,31494465,40,138,2520,95,0,0,0,0,0,0,0,0,0,0,0,0,0,0,0,0,0,0,0,0,0,0,0,0,0,0,0,0,0,0,0,0,0,0,0,0,0,0,0,0,0,0,0,0,0,0,0,0,0,0,0,0,0,0,0,0,0,0,0,0,0,0,0,0,0,13152435,16,139,992,95,0,0,0,0,0,0,0,0,0,0,0,0,0,0,0,0,0,0,0,0,0,0,0,0,0,0,0,0,0,0,0,0,0,0,0,0,0,0,0,0,0,0,0,0,0,0,0,0,0,0,0,0,0,0,0,13152435,16,139,992,95,18342030,24,138,1512,97,18342030,24,138,1512,97,0,0,0,0,0,0,0,0,0,0,0,0,0,0,0,0,0,0,0,0,0,0,0,0,0,0,0,0,0,0,0,0,0,0,0,0,0,0,0,0,0,0,0,0,0,0,0,0,0,0,0,0,0,0,0,0,0,0,0,0,0,0,0,0,0,0,0,0,0,0,0,0,0,0,0,0,0,0,0,0,0,0,0,0,0,0,0,0,0,0,0,0,0,0,0,0,0,0,0,0,0,0,0,0,0,0,0,0,0,0,0,0,0,0,0,0,0,0,0,0
jazz blues,0.62,0.46,111.84,0.72,-10.15,0.04,0.18,0.48,0.0,33020579,28,112,2492,45,664818,1,171,30,171,0,0,0,0,0,0,0,0,0,0,0,0,0,0,0,0,0,0,0,0,0,0,0,0,0,0,0,0,0,0,0,0,0,0,0,0,0,0,0,0,0,0,0,0,0,0,0,0,0,0,0,0,0,0,0,664818,1,171,30,171,17827665,18,110,1638,45,0,0,0,0,0,0,0,0,0,0,0,0,0,0,0,0,0,0,0,0,0,0,0,0,0,0,0,0,0,0,0,0,0,0,0,13341858,14,104,1358,45,0,0,0,0,0,0,0,0,0,0,0,0,0,0,0,4485807,4,132,276,87,6776561,5,122,395,79,0,0,0,0,0,0,0,0,0,0,0,0,0,0,0,0,0,0,0,0,0,0,0,0,0,0,0,0,0,0,0,0,0,0,0,0,0,0,0,0,0,0,0,0,0,0,0,0,0,0,0,0,0,0,0,6776561,5,122,395,79,7751535,4,91,440,80,0,0,0,0,0,0,0,0,0,0,0,0,0,0,0,0,0,0,0,0,0,0,0,0,0,0,0,0,0,0,0,0,0,0,0,0,0,0,0,0,0,0,0,0,0,0,0,0,0,0,0,0,0,0,0,7751535,4,91,440,80
electronica,0.49,0.76,130.0,0.45,-5.91,0.12,0.2,0.21,0.0,24241391,29,116,2465,37,663109,1,139,62,139,0,0,0,0,0,0,0,0,0,0,0,0,0,0,0,663109,1,139,62,139,0,0,0,0,0,0,0,0,0,0,0,0,0,0,0,0,0,0,0,0,0,0,0,0,0,0,0,0,0,0,0,0,0,0,0,0,0,0,0,0,23578282,28,115,2408,37,0,0,0,0,0,0,0,0,0,0,0,0,0,0,0,18083336,22,117,1848,53,5494946,6,106,570,37,0,0,0,0,0,0,0,0,0,0,0,0,0,0,0,0,0,0,0,0,0,0,0,0,0,0,0,0,0,0,0,0,0,0,0,0,0,0,0,0,0,0,0,0,0,0,0,0,0,0,0,0,0,0,0,0,0,0,0,0,0,0,0,0,0,0,0,0,0,0,0,0,0,0,0,0,0,0,0,0,0,0,0,0,0,0,0,0,0,0,0,0,0,0,0,0,0,0,0,0,0,0,0,0,0,0,0,0,0,0,0,0,0,0,0,0,0,0,0,0,0,0,0,0,0,0,0,0,0,0,0,0,0,0,0,0,0,0,0,0,0,0,0,0,0,0,0,0,0,0,0,0,0,0,0,0,0,0,0,0,0,0,0,0,0
funk 150 bpm,0.78,0.62,127.12,0.66,-6.05,0.27,0.13,0.5,0.0,55505551,79,170,2449,97,0,0,0,0,0,0,0,0,0,0,0,0,0,0,0,0,0,0,0,0,0,0,0,0,0,0,0,0,0,0,0,0,0,0,0,0,0,0,0,0,0,0,0,0,0,0,0,0,0,0,0,0,0,0,0,0,0,0,0,0,0,0,0,0,0,0,0,0,0,0,0,0,0,0,0,0,0,0,0,0,0,0,0,0,0,0,0,0,0,0,0,0,0,0,0,0,0,0,0,0,0,0,0,0,0,0,0,0,0,0,0,0,0,0,0,0,0,0,0,0,0,0,0,0,0,0,0,0,0,0,45855213,65,168,2145,97,536447,1,194,7,194,1289390,2,184,34,177,3428168,5,170,155,141,13559173,20,170,620,134,2502068,4,180,84,163,1270100,2,184,34,178,0,0,0,0,0,0,0,0,0,0,1305706,2,192,18,191,3277115,5,179,110,160,5378598,7,149,364,97,13308448,17,159,714,117,9650338,14,180,294,107,4789061,7,175,182,107,2155763,3,177,72,161,0,0,0,0,0,0,0,0,0,0,0,0,0,0,0,0,0,0,0,0,0,0,0,0,0,0,0,0,0,0,2705514,4,192,36,188,0,0,0,0,0,0,0,0,0,0,0,0,0,0,0
pagode,0.6,0.79,149.03,0.75,-5.29,0.09,0.91,0.53,0.0,46213605,67,165,2412,79,0,0,0,0,0,0,0,0,0,0,0,0,0,0,0,0,0,0,0,0,0,0,0,0,0,0,0,0,0,0,0,0,0,0,0,0,0,0,0,0,0,0,0,0,0,0,0,0,0,0,0,0,0,0,0,0,0,0,0,0,0,0,0,0,0,24027436,35,164,1295,89,0,0,0,0,0,0,0,0,0,0,0,0,0,0,0,0,0,0,0,0,0,0,0,0,0,0,0,0,0,0,0,0,0,0,0,0,0,0,0,0,0,0,0,0,0,3154572,5,171,150,149,12198120,19,171,570,139,8674744,11,147,594,89,21481126,31,165,1116,79,16687433,24,161,960,79,4124545,6,176,150,153,669148,1,186,15,186,0,0,0,0,0,0,0,0,0,0,0,0,0,0,0,0,0,0,0,0,0,0,0,0,0,0,0,0,0,0,0,0,0,0,0,0,0,0,0,0,0,0,0,0,0,705043,1,200,1,200,0,0,0,0,0,0,0,0,0,0,0,0,0,0,0,0,0,0,0,0,0,0,0,0,0,0,0,0,0,0,0,0,0,0,0,0,0,0,0,0,705043,1,200,1,200,0,0,0,0,0,0,0,0,0,0,0,0,0,0,0
a cappella,0.34,0.37,117.33,0.24,-8.07,0.03,0.18,0.27,0.0,42448445,45,148,2385,51,12952665,18,155,828,52,0,0,0,0,0,0,0,0,0,0,0,0,0,0,0,0,0,0,0,0,0,0,0,0,0,0,0,0,0,0,0,0,0,0,0,0,0,0,0,0,0,0,0,0,0,0,0,0,0,0,0,0,0,0,0,12952665,18,155,828,52,11201250,11,135,726,51,0,0,0,0,0,0,0,0,0,0,0,0,0,0,0,0,0,0,0,0,0,0,0,0,0,0,0,0,0,0,0,0,0,0,0,0,0,0,0,0,0,0,0,0,0,0,0,0,0,0,0,0,0,0,0,11201250,11,135,726,51,10077559,10,150,510,74,0,0,0,0,0,0,0,0,0,0,0,0,0,0,0,0,0,0,0,0,0,0,0,0,0,0,0,0,0,0,0,0,0,0,0,0,0,0,0,0,0,0,0,0,0,0,0,0,0,0,0,0,0,0,0,10077559,10,150,510,74,8216971,6,145,336,69,0,0,0,0,0,0,0,0,0,0,0,0,0,0,0,0,0,0,0,0,0,0,0,0,0,0,0,0,0,0,0,0,0,0,0,0,0,0,0,0,0,0,0,0,0,0,0,0,0,0,0,0,0,0,0,8216971,6,145,336,69
irish singer-songwriter,0.43,0.75,105.55,0.6,-4.5,0.11,0.13,0.22,0.0,63156635,99,177,2376,86,7709307,18,187,252,91,2621282,7,198,21,196,4582869,10,180,210,91,505156,1,183,18,183,0,0,0,0,0,0,0,0,0,0,0,0,0,0,0,0,0,0,0,0,0,0,0,0,0,0,0,0,0,0,0,0,0,0,0,0,0,0,0,0,0,0,0,0,0,9162415,15,179,330,86,0,0,0,0,0,700807,1,140,61,140,0,0,0,0,0,0,0,0,0,0,0,0,0,0,0,0,0,0,0,0,3516422,6,181,120,157,0,0,0,0,0,4945186,8,182,152,86,0,0,0,0,0,0,0,0,0,0,0,0,0,0,0,14994906,20,152,980,122,707389,1,193,8,193,0,0,0,0,0,14287517,19,150,969,122,0,0,0,0,0,0,0,0,0,0,0,0,0,0,0,0,0,0,0,0,0,0,0,0,0,0,0,0,0,0,0,0,0,0,0,0,0,0,0,0,0,0,0,0,0,31290007,46,184,782,173,0,0,0,0,0,0,0,0,0,0,0,0,0,0,0,0,0,0,0,0,0,0,0,0,0,0,0,0,0,0,0,0,0,0,0,0,0,0,0,0,12634500,19,184,323,176,18655507,27,184,459,173,0,0,0,0,0,0,0,0,0,0
colombian rock,0.72,0.79,176.01,0.86,-5.41,0.17,0.24,0.04,0.0,45632927,64,164,2368,122,0,0,0,0,0,0,0,0,0,0,0,0,0,0,0,0,0,0,0,0,0,0,0,0,0,0,0,0,0,0,0,0,0,0,0,0,0,0,0,0,0,0,0,0,0,0,0,0,0,0,0,0,0,0,0,0,0,0,0,0,0,0,0,0,0,0,0,0,0,0,0,0,0,0,0,0,0,0,0,0,0,0,0,0,0,0,0,0,0,0,0,0,0,0,0,0,0,0,0,0,0,0,0,0,0,0,0,0,0,0,0,0,0,0,0,0,0,0,0,0,0,0,0,0,0,0,0,0,0,0,45632927,64,164,2368,122,0,0,0,0,0,10339701,14,157,616,135,23099667,31,151,1550,122,12193559,19,189,228,174,0,0,0,0,0,0,0,0,0,0,0,0,0,0,0,0,0,0,0,0,0,0,0,0,0,0,0,0,0,0,0,0,0,0,0,0,0,0,0,0,0,0,0,0,0,0,0,0,0,0,0,0,0,0,0,0,0,0,0,0,0,0,0,0,0,0,0,0,0,0,0,0,0,0,0,0,0,0,0,0,0,0,0,0,0,0,0,0,0,0,0,0,0,0,0,0,0,0,0,0,0,0,0,0,0
salsa choke,0.72,0.79,176.01,0.86,-5.41,0.17,0.24,0.04,0.0,45632927,64,164,2368,122,0,0,0,0,0,0,0,0,0,0,0,0,0,0,0,0,0,0,0,0,0,0,0,0,0,0,0,0,0,0,0,0,0,0,0,0,0,0,0,0,0,0,0,0,0,0,0,0,0,0,0,0,0,0,0,0,0,0,0,0,0,0,0,0,0,0,0,0,0,0,0,0,0,0,0,0,0,0,0,0,0,0,0,0,0,0,0,0,0,0,0,0,0,0,0,0,0,0,0,0,0,0,0,0,0,0,0,0,0,0,0,0,0,0,0,0,0,0,0,0,0,0,0,0,0,0,0,0,0,0,45632927,64,164,2368,122,0,0,0,0,0,10339701,14,157,616,135,23099667,31,151,1550,122,12193559,19,189,228,174,0,0,0,0,0,0,0,0,0,0,0,0,0,0,0,0,0,0,0,0,0,0,0,0,0,0,0,0,0,0,0,0,0,0,0,0,0,0,0,0,0,0,0,0,0,0,0,0,0,0,0,0,0,0,0,0,0,0,0,0,0,0,0,0,0,0,0,0,0,0,0,0,0,0,0,0,0,0,0,0,0,0,0,0,0,0,0,0,0,0,0,0,0,0,0,0,0,0,0,0,0,0,0,0,0
hopebeat,0.5,0.67,121.87,0.3,-4.5,0.03,0.21,0.4,0.0,18685244,22,96,2310,44,18685244,22,96,2310,44,0,0,0,0,0,0,0,0,0,0,0,0,0,0,0,0,0,0,0,0,0,0,0,0,0,0,0,0,0,0,0,0,0,0,0,0,0,0,0,0,0,0,0,0,0,11422830,12,78,1476,44,7262414,10,117,840,94,0,0,0,0,0,0,0,0,0,0,0,0,0,0,0,0,0,0,0,0,0,0,0,0,0,0,0,0,0,0,0,0,0,0,0,0,0,0,0,0,0,0,0,0,0,0,0,0,0,0,0,0,0,0,0,0,0,0,0,0,0,0,0,0,0,0,0,0,0,0,0,0,0,0,0,0,0,0,0,0,0,0,0,0,0,0,0,0,0,0,0,0,0,0,0,0,0,0,0,0,0,0,0,0,0,0,0,0,0,0,0,0,0,0,0,0,0,0,0,0,0,0,0,0,0,0,0,0,0,0,0,0,0,0,0,0,0,0,0,0,0,0,0,0,0,0,0,0,0,0,0,0,0,0,0,0,0,0,0,0,0,0,0,0,0,0,0,0,0,0,0,0,0,0,0,0,0,0,0,0,0,0,0,0,0,0,0,0,0,0,0,0,0,0,0,0,0,0,0,0
dream pop,0.56,0.5,121.44,0.28,-9.7,0.04,0.14,0.47,0.15,19697123,37,139,2294,62,19697123,37,139,2294,62,19697123,37,139,2294,62,0,0,0,0,0,0,0,0,0,0,0,0,0,0,0,0,0,0,0,0,0,0,0,0,0,0,0,0,0,0,0,0,0,0,0,0,0,0,0,0,0,0,0,0,0,0,0,0,0,0,0,0,0,0,0,0,0,0,0,0,0,0,0,0,0,0,0,0,0,0,0,0,0,0,0,0,0,0,0,0,0,0,0,0,0,0,0,0,0,0,0,0,0,0,0,0,0,0,0,0,0,0,0,0,0,0,0,0,0,0,0,0,0,0,0,0,0,0,0,0,0,0,0,0,0,0,0,0,0,0,0,0,0,0,0,0,0,0,0,0,0,0,0,0,0,0,0,0,0,0,0,0,0,0,0,0,0,0,0,0,0,0,0,0,0,0,0,0,0,0,0,0,0,0,0,0,0,0,0,0,0,0,0,0,0,0,0,0,0,0,0,0,0,0,0,0,0,0,0,0,0,0,0,0,0,0,0,0,0,0,0,0,0,0,0,0,0,0,0,0,0,0,0,0,0,0,0,0,0,0,0,0,0,0,0,0,0,0,0,0,0,0,0,0,0,0,0,0,0,0
chinese electropop,0.66,0.79,142.02,0.2,-4.59,0.03,0.32,0.0,0.0,23954074,23,103,2254,50,0,0,0,0,0,0,0,0,0,0,0,0,0,0,0,0,0,0,0,0,0,0,0,0,0,0,0,0,0,0,0,0,0,0,0,0,0,0,0,0,0,0,0,0,0,0,0,0,0,0,0,0,0,0,0,0,0,0,0,0,0,0,0,0,0,0,0,0,0,0,0,0,0,0,0,0,0,0,0,0,0,0,0,0,0,0,0,0,0,0,0,0,0,0,0,0,0,0,0,0,0,0,0,0,0,0,0,0,0,0,0,0,0,0,0,0,0,0,0,0,0,0,0,0,0,0,0,0,0,0,0,0,0,0,0,0,0,0,0,0,0,0,0,0,0,0,0,0,0,0,0,0,0,0,0,0,0,0,0,0,0,0,0,0,0,0,0,0,0,0,0,0,0,0,0,0,0,0,0,0,0,0,0,0,0,0,0,0,0,0,0,0,0,0,0,23954074,23,103,2254,50,0,0,0,0,0,0,0,0,0,0,0,0,0,0,0,0,0,0,0,0,0,0,0,0,0,0,0,0,0,0,0,0,0,0,0,0,0,0,0,0,0,0,0,0,0,5287916,4,80,484,50,18666158,19,108,1767,68,0,0,0,0,0
swedish hip hop,0.72,0.72,120.31,0.61,-5.54,0.17,0.17,0.24,0.0,28251870,35,139,2170,78,0,0,0,0,0,0,0,0,0,0,0,0,0,0,0,0,0,0,0,0,0,0,0,0,0,0,0,0,0,0,0,0,0,0,0,0,0,0,0,0,0,0,0,0,0,0,0,0,0,0,0,0,0,0,0,0,0,0,0,0,0,0,0,0,0,0,0,0,0,0,0,0,0,0,0,0,0,0,0,0,0,0,0,0,0,0,0,0,0,0,0,0,0,0,0,0,0,0,0,0,0,0,0,0,0,0,0,0,0,0,0,0,0,0,0,0,0,0,0,0,0,0,0,0,0,0,0,0,0,0,26702783,33,137,2112,78,0,0,0,0,0,0,0,0,0,0,0,0,0,0,0,764119,1,162,39,162,0,0,0,0,0,7283129,9,130,639,78,0,0,0,0,0,0,0,0,0,0,0,0,0,0,0,0,0,0,0,0,11677080,15,134,1005,81,6978455,8,146,440,85,1549087,2,173,56,168,794366,1,178,23,178,0,0,0,0,0,0,0,0,0,0,0,0,0,0,0,0,0,0,0,0,0,0,0,0,0,0,0,0,0,0,0,0,0,0,0,0,0,0,0,0,754721,1,168,33,168,0,0,0,0,0,0,0,0,0,0
belgian hip hop,0.73,0.63,135.31,0.43,-7.54,0.16,0.14,0.19,0.05,29086008,36,144,2052,55,1016438,2,192,18,183,0,0,0,0,0,0,0,0,0,0,0,0,0,0,0,0,0,0,0,0,0,0,0,0,0,0,0,0,0,0,0,0,0,0,0,469560,1,183,18,183,0,0,0,0,0,0,0,0,0,0,0,0,0,0,0,546878,1,200,1,200,5166124,8,161,320,110,0,0,0,0,0,0,0,0,0,0,0,0,0,0,0,0,0,0,0,0,0,0,0,0,0,3687483,6,166,210,110,0,0,0,0,0,0,0,0,0,0,0,0,0,0,0,0,0,0,0,0,1478641,2,148,106,135,0,0,0,0,0,5543306,7,143,406,63,0,0,0,0,0,0,0,0,0,0,0,0,0,0,0,0,0,0,0,0,0,0,0,0,0,5543306,7,143,406,63,0,0,0,0,0,0,0,0,0,0,0,0,0,0,0,0,0,0,0,0,0,0,0,0,0,0,0,0,0,0,17360140,19,132,1311,55,0,0,0,0,0,0,0,0,0,0,0,0,0,0,0,0,0,0,0,0,0,0,0,0,0,0,0,0,0,0,0,0,0,0,0,0,0,0,0,0,17360140,19,132,1311,55,0,0,0,0,0,0,0,0,0,0,0,0,0,0,0
ukrainian classical,0.42,0.11,46.72,0.8,-22.51,0.04,0.18,0.99,0.03,35330293,34,141,2040,29,10723472,13,142,767,29,0,0,0,0,0,0,0,0,0,0,0,0,0,0,0,0,0,0,0,0,0,0,0,0,0,0,0,0,0,0,0,0,0,0,0,0,0,0,0,0,0,0,0,0,0,0,0,0,0,0,0,0,0,0,0,10723472,13,142,767,29,7890033,8,146,440,58,0,0,0,0,0,0,0,0,0,0,0,0,0,0,0,0,0,0,0,0,0,0,0,0,0,0,0,0,0,0,0,0,0,0,0,0,0,0,0,0,0,0,0,0,0,0,0,0,0,0,0,0,0,0,0,7890033,8,146,440,58,6136350,5,131,350,70,0,0,0,0,0,0,0,0,0,0,0,0,0,0,0,0,0,0,0,0,0,0,0,0,0,0,0,0,0,0,0,0,0,0,0,0,0,0,0,0,0,0,0,0,0,0,0,0,0,0,0,0,0,0,0,6136350,5,131,350,70,10580438,8,140,488,48,0,0,0,0,0,0,0,0,0,0,0,0,0,0,0,0,0,0,0,0,0,0,0,0,0,0,0,0,0,0,0,0,0,0,0,0,0,0,0,0,0,0,0,0,0,0,0,0,0,0,0,0,0,0,0,10580438,8,140,488,48
soundtrack,0.42,0.11,46.72,0.8,-22.51,0.04,0.18,0.99,0.03,35330293,34,141,2040,29,10723472,13,142,767,29,0,0,0,0,0,0,0,0,0,0,0,0,0,0,0,0,0,0,0,0,0,0,0,0,0,0,0,0,0,0,0,0,0,0,0,0,0,0,0,0,0,0,0,0,0,0,0,0,0,0,0,0,0,0,0,10723472,13,142,767,29,7890033,8,146,440,58,0,0,0,0,0,0,0,0,0,0,0,0,0,0,0,0,0,0,0,0,0,0,0,0,0,0,0,0,0,0,0,0,0,0,0,0,0,0,0,0,0,0,0,0,0,0,0,0,0,0,0,0,0,0,0,7890033,8,146,440,58,6136350,5,131,350,70,0,0,0,0,0,0,0,0,0,0,0,0,0,0,0,0,0,0,0,0,0,0,0,0,0,0,0,0,0,0,0,0,0,0,0,0,0,0,0,0,0,0,0,0,0,0,0,0,0,0,0,0,0,0,0,6136350,5,131,350,70,10580438,8,140,488,48,0,0,0,0,0,0,0,0,0,0,0,0,0,0,0,0,0,0,0,0,0,0,0,0,0,0,0,0,0,0,0,0,0,0,0,0,0,0,0,0,0,0,0,0,0,0,0,0,0,0,0,0,0,0,0,10580438,8,140,488,48
post-romantic era,0.42,0.11,46.72,0.8,-22.51,0.04,0.18,0.99,0.03,35330293,34,141,2040,29,10723472,13,142,767,29,0,0,0,0,0,0,0,0,0,0,0,0,0,0,0,0,0,0,0,0,0,0,0,0,0,0,0,0,0,0,0,0,0,0,0,0,0,0,0,0,0,0,0,0,0,0,0,0,0,0,0,0,0,0,0,10723472,13,142,767,29,7890033,8,146,440,58,0,0,0,0,0,0,0,0,0,0,0,0,0,0,0,0,0,0,0,0,0,0,0,0,0,0,0,0,0,0,0,0,0,0,0,0,0,0,0,0,0,0,0,0,0,0,0,0,0,0,0,0,0,0,0,7890033,8,146,440,58,6136350,5,131,350,70,0,0,0,0,0,0,0,0,0,0,0,0,0,0,0,0,0,0,0,0,0,0,0,0,0,0,0,0,0,0,0,0,0,0,0,0,0,0,0,0,0,0,0,0,0,0,0,0,0,0,0,0,0,0,0,6136350,5,131,350,70,10580438,8,140,488,48,0,0,0,0,0,0,0,0,0,0,0,0,0,0,0,0,0,0,0,0,0,0,0,0,0,0,0,0,0,0,0,0,0,0,0,0,0,0,0,0,0,0,0,0,0,0,0,0,0,0,0,0,0,0,0,10580438,8,140,488,48
rap belge,0.74,0.62,136.44,0.41,-7.7,0.17,0.14,0.19,0.05,28616448,35,143,2030,55,546878,1,200,1,200,0,0,0,0,0,0,0,0,0,0,0,0,0,0,0,0,0,0,0,0,0,0,0,0,0,0,0,0,0,0,0,0,0,0,0,0,0,0,0,0,0,0,0,0,0,0,0,0,0,0,0,0,0,0,0,546878,1,200,1,200,5166124,8,161,320,110,0,0,0,0,0,0,0,0,0,0,0,0,0,0,0,0,0,0,0,0,0,0,0,0,0,3687483,6,166,210,110,0,0,0,0,0,0,0,0,0,0,0,0,0,0,0,0,0,0,0,0,1478641,2,148,106,135,0,0,0,0,0,5543306,7,143,406,63,0,0,0,0,0,0,0,0,0,0,0,0,0,0,0,0,0,0,0,0,0,0,0,0,0,5543306,7,143,406,63,0,0,0,0,0,0,0,0,0,0,0,0,0,0,0,0,0,0,0,0,0,0,0,0,0,0,0,0,0,0,17360140,19,132,1311,55,0,0,0,0,0,0,0,0,0,0,0,0,0,0,0,0,0,0,0,0,0,0,0,0,0,0,0,0,0,0,0,0,0,0,0,0,0,0,0,0,17360140,19,132,1311,55,0,0,0,0,0,0,0,0,0,0,0,0,0,0,0
turkish hip hop,0.68,0.66,132.8,0.35,-7.3,0.13,0.11,0.35,0.01,41468749,58,167,1972,72,0,0,0,0,0,0,0,0,0,0,0,0,0,0,0,0,0,0,0,0,0,0,0,0,0,0,0,0,0,0,0,0,0,0,0,0,0,0,0,0,0,0,0,0,0,0,0,0,0,0,0,0,0,0,0,0,0,0,0,0,0,0,0,0,0,0,0,0,0,0,0,0,0,0,0,0,0,0,0,0,0,0,0,0,0,0,0,0,0,0,0,0,0,0,0,0,0,0,0,0,0,0,0,0,0,0,0,0,0,0,0,0,0,0,0,0,0,0,0,0,0,0,0,0,0,0,0,0,0,0,35735778,50,164,1850,72,3297760,5,179,110,167,0,0,0,0,0,0,0,0,0,0,0,0,0,0,0,0,0,0,0,0,0,0,0,0,0,19712730,26,151,1300,72,0,0,0,0,0,1500424,2,162,78,139,11224864,17,178,391,139,0,0,0,0,0,0,0,0,0,0,5732971,8,187,112,177,0,0,0,0,0,1404298,2,180,42,180,0,0,0,0,0,0,0,0,0,0,0,0,0,0,0,0,0,0,0,0,0,0,0,0,0,0,0,0,0,0,712081,1,200,1,200,2063654,3,187,42,179,0,0,0,0,0,1552938,2,188,26,177
jazz funk,0.66,0.86,143.03,0.88,-4.79,0.08,0.21,0.16,0.01,26358121,35,145,1960,62,2064619,3,146,165,100,0,0,0,0,0,0,0,0,0,0,0,0,0,0,0,0,0,0,0,0,0,0,0,0,0,0,0,0,0,0,0,0,0,0,0,0,0,0,0,0,1103297,2,169,64,153,0,0,0,0,0,0,0,0,0,0,961322,1,100,101,100,14001405,20,150,1020,70,582624,1,131,70,131,0,0,0,0,0,0,0,0,0,0,0,0,0,0,0,0,0,0,0,0,2687838,3,105,288,87,2626230,4,158,172,106,0,0,0,0,0,7269771,11,162,429,70,0,0,0,0,0,0,0,0,0,0,834942,1,135,66,135,4013545,5,136,325,73,580288,1,168,33,168,0,0,0,0,0,0,0,0,0,0,0,0,0,0,0,0,0,0,0,0,0,0,0,0,0,0,0,0,0,0,0,0,0,0,0,2600236,3,114,261,73,0,0,0,0,0,0,0,0,0,0,833021,1,170,31,170,6278552,7,138,441,62,0,0,0,0,0,0,0,0,0,0,0,0,0,0,0,0,0,0,0,0,0,0,0,0,0,0,0,0,0,0,722328,1,165,36,165,0,0,0,0,0,4327271,5,141,300,62,0,0,0,0,0,0,0,0,0,0,1228953,1,98,103,98
smooth jazz,0.62,0.63,154.23,0.48,-4.91,0.08,0.13,0.38,0.01,22040444,17,93,1836,14,0,0,0,0,0,0,0,0,0,0,0,0,0,0,0,0,0,0,0,0,0,0,0,0,0,0,0,0,0,0,0,0,0,0,0,0,0,0,0,0,0,0,0,0,0,0,0,0,0,0,0,0,0,0,0,0,0,0,0,0,0,0,0,0,0,3809632,5,132,345,87,0,0,0,0,0,0,0,0,0,0,0,0,0,0,0,0,0,0,0,0,0,0,0,0,0,2687838,3,105,288,87,1121794,2,171,60,162,0,0,0,0,0,0,0,0,0,0,0,0,0,0,0,0,0,0,0,0,0,0,0,0,0,18230812,12,77,1488,14,0,0,0,0,0,0,0,0,0,0,0,0,0,0,0,0,0,0,0,0,0,0,0,0,0,0,0,0,0,0,0,0,0,0,0,0,0,0,0,0,0,0,0,0,0,14434398,7,31,1190,14,3796414,5,142,295,86,0,0,0,0,0,0,0,0,0,0,0,0,0,0,0,0,0,0,0,0,0,0,0,0,0,0,0,0,0,0,0,0,0,0,0,0,0,0,0,0,0,0,0,0,0,0,0,0,0,0,0,0,0,0,0,0,0,0,0,0,0,0,0,0,0,0,0,0,0,0
italian adult pop,0.65,0.67,129.59,0.49,-6.11,0.09,0.18,0.23,0.0,27822169,36,151,1800,48,0,0,0,0,0,0,0,0,0,0,0,0,0,0,0,0,0,0,0,0,0,0,0,0,0,0,0,0,0,0,0,0,0,0,0,0,0,0,0,0,0,0,0,0,0,0,0,0,0,0,0,0,0,0,0,0,0,0,0,0,0,0,0,0,0,1618488,2,137,128,111,0,0,0,0,0,0,0,0,0,0,0,0,0,0,0,0,0,0,0,0,711493,1,163,38,163,0,0,0,0,0,0,0,0,0,0,0,0,0,0,0,0,0,0,0,0,0,0,0,0,0,906995,1,111,90,111,0,0,0,0,0,10769620,14,154,658,78,672376,1,162,39,162,10097244,13,153,624,78,0,0,0,0,0,0,0,0,0,0,0,0,0,0,0,0,0,0,0,0,0,0,0,0,0,0,0,0,0,0,0,0,0,0,0,0,0,0,0,0,0,0,0,0,0,0,0,0,0,0,15434061,20,151,1000,48,0,0,0,0,0,2495075,3,124,231,94,5853504,6,112,534,48,0,0,0,0,0,0,0,0,0,0,4420134,7,181,140,162,1944319,3,182,57,170,0,0,0,0,0,721029,1,161,40,161,0,0,0,0,0,0,0,0,0,0,0,0,0,0,0
chilean hardcore,0.91,0.79,120.93,0.54,-2.89,0.26,0.17,0.05,0.0,20293843,29,140,1769,88,0,0,0,0,0,0,0,0,0,0,0,0,0,0,0,0,0,0,0,0,0,0,0,0,0,0,0,0,0,0,0,0,0,0,0,0,0,0,0,0,0,0,0,0,0,0,0,0,0,0,0,0,0,0,0,0,0,0,0,0,0,0,0,0,0,20293843,29,140,1769,88,6939317,11,164,407,115,13354526,18,125,1368,88,0,0,0,0,0,0,0,0,0,0,0,0,0,0,0,0,0,0,0,0,0,0,0,0,0,0,0,0,0,0,0,0,0,0,0,0,0,0,0,0,0,0,0,0,0,0,0,0,0,0,0,0,0,0,0,0,0,0,0,0,0,0,0,0,0,0,0,0,0,0,0,0,0,0,0,0,0,0,0,0,0,0,0,0,0,0,0,0,0,0,0,0,0,0,0,0,0,0,0,0,0,0,0,0,0,0,0,0,0,0,0,0,0,0,0,0,0,0,0,0,0,0,0,0,0,0,0,0,0,0,0,0,0,0,0,0,0,0,0,0,0,0,0,0,0,0,0,0,0,0,0,0,0,0,0,0,0,0,0,0,0,0,0,0,0,0,0,0,0,0,0,0,0,0,0,0,0,0,0,0
canadian country,0.63,0.48,63.48,0.64,-7.59,0.03,0.13,0.47,0.0,28293427,27,136,1755,44,9296998,11,139,682,44,0,0,0,0,0,0,0,0,0,0,0,0,0,0,0,0,0,0,0,0,0,0,0,0,0,0,0,0,0,0,0,0,0,0,0,0,0,0,0,0,0,0,0,0,0,0,0,0,0,0,0,0,0,0,0,9296998,11,139,682,44,8728172,8,136,520,53,0,0,0,0,0,0,0,0,0,0,0,0,0,0,0,0,0,0,0,0,0,0,0,0,0,0,0,0,0,0,0,0,0,0,0,0,0,0,0,0,0,0,0,0,0,0,0,0,0,0,0,0,0,0,0,8728172,8,136,520,53,6929052,6,135,396,75,0,0,0,0,0,0,0,0,0,0,0,0,0,0,0,0,0,0,0,0,0,0,0,0,0,0,0,0,0,0,0,0,0,0,0,0,0,0,0,0,0,0,0,0,0,0,0,0,0,0,0,0,0,0,0,6929052,6,135,396,75,3339205,2,119,164,119,0,0,0,0,0,0,0,0,0,0,0,0,0,0,0,0,0,0,0,0,0,0,0,0,0,0,0,0,0,0,0,0,0,0,0,0,0,0,0,0,0,0,0,0,0,0,0,0,0,0,0,0,0,0,0,3339205,2,119,164,119
rap romantico,0.77,0.56,90.02,0.54,-7.42,0.05,0.07,0.12,0.0,16016955,18,104,1746,60,0,0,0,0,0,0,0,0,0,0,0,0,0,0,0,0,0,0,0,0,0,0,0,0,0,0,0,0,0,0,0,0,0,0,0,0,0,0,0,0,0,0,0,0,0,0,0,0,0,0,0,0,0,0,0,0,0,0,0,0,0,0,0,0,0,16016955,18,104,1746,60,0,0,0,0,0,0,0,0,0,0,12344650,14,101,1400,60,0,0,0,0,0,0,0,0,0,0,3672305,4,113,352,61,0,0,0,0,0,0,0,0,0,0,0,0,0,0,0,0,0,0,0,0,0,0,0,0,0,0,0,0,0,0,0,0,0,0,0,0,0,0,0,0,0,0,0,0,0,0,0,0,0,0,0,0,0,0,0,0,0,0,0,0,0,0,0,0,0,0,0,0,0,0,0,0,0,0,0,0,0,0,0,0,0,0,0,0,0,0,0,0,0,0,0,0,0,0,0,0,0,0,0,0,0,0,0,0,0,0,0,0,0,0,0,0,0,0,0,0,0,0,0,0,0,0,0,0,0,0,0,0,0,0,0,0,0,0,0,0,0,0,0,0,0,0,0,0,0,0,0,0,0,0,0,0,0,0,0,0,0,0,0,0
channel islands indie,0.66,0.77,88.84,0.73,-5.12,0.14,0.27,0.13,0.0,23924194,54,169,1728,155,23924194,54,169,1728,155,12856715,30,168,990,155,11067479,24,171,720,155,0,0,0,0,0,0,0,0,0,0,0,0,0,0,0,0,0,0,0,0,0,0,0,0,0,0,0,0,0,0,0,0,0,0,0,0,0,0,0,0,0,0,0,0,0,0,0,0,0,0,0,0,0,0,0,0,0,0,0,0,0,0,0,0,0,0,0,0,0,0,0,0,0,0,0,0,0,0,0,0,0,0,0,0,0,0,0,0,0,0,0,0,0,0,0,0,0,0,0,0,0,0,0,0,0,0,0,0,0,0,0,0,0,0,0,0,0,0,0,0,0,0,0,0,0,0,0,0,0,0,0,0,0,0,0,0,0,0,0,0,0,0,0,0,0,0,0,0,0,0,0,0,0,0,0,0,0,0,0,0,0,0,0,0,0,0,0,0,0,0,0,0,0,0,0,0,0,0,0,0,0,0,0,0,0,0,0,0,0,0,0,0,0,0,0,0,0,0,0,0,0,0,0,0,0,0,0,0,0,0,0,0,0,0,0,0,0,0,0,0,0,0,0,0,0,0,0,0,0,0,0,0,0,0,0,0,0,0,0,0,0,0,0,0,0
deep groove house,0.74,0.9,114.47,0.58,-4.65,0.08,0.13,0.13,0.0,19034249,41,159,1722,127,18246642,40,159,1680,127,14299972,31,153,1488,127,3946670,9,180,189,167,0,0,0,0,0,0,0,0,0,0,0,0,0,0,0,0,0,0,0,0,0,0,0,0,0,0,0,0,0,0,0,0,0,0,0,0,0,0,0,0,0,0,0,0,0,0,0,0,0,0,0,0,0,0,0,0,0,0,0,0,0,0,0,0,0,0,0,0,0,0,0,0,0,0,0,0,0,0,0,0,0,0,0,0,0,0,0,0,0,0,0,0,0,0,0,0,0,0,0,0,0,0,0,0,0,0,0,0,0,0,0,0,0,0,0,0,0,0,0,0,0,0,0,0,0,0,0,0,0,0,0,0,0,0,0,0,0,0,0,0,0,0,0,0,0,0,0,0,0,0,0,0,0,0,0,0,0,0,0,0,0,0,0,0,0,0,0,0,0,0,0,0,0,0,0,0,0,0,0,0,787607,1,165,36,165,0,0,0,0,0,787607,1,165,36,165,0,0,0,0,0,0,0,0,0,0,0,0,0,0,0,0,0,0,0,0,0,0,0,0,0,0,0,0,0,0,0,0,0,0,0,0,0,0,0,0,0,0,0,0,0,0,0,0,0,0
baroque pop,0.55,0.5,103.69,0.38,-7.9,0.04,0.11,0.52,0.0,27124767,25,133,1700,43,4254524,4,118,332,47,0,0,0,0,0,0,0,0,0,0,0,0,0,0,0,0,0,0,0,0,0,0,0,0,0,0,0,0,0,0,0,0,0,0,0,0,0,0,0,0,0,0,0,0,0,0,0,0,0,0,0,0,0,0,0,4254524,4,118,332,47,10498328,12,143,696,72,0,0,0,0,0,0,0,0,0,0,0,0,0,0,0,768111,1,131,70,131,1689528,2,135,132,76,4310756,6,161,240,126,0,0,0,0,0,0,0,0,0,0,0,0,0,0,0,0,0,0,0,0,0,0,0,0,0,3729933,3,118,249,72,5463777,5,136,325,86,831675,1,148,53,148,0,0,0,0,0,0,0,0,0,0,1437457,2,168,66,168,0,0,0,0,0,0,0,0,0,0,0,0,0,0,0,0,0,0,0,0,0,0,0,0,0,0,0,0,0,0,0,0,0,0,0,3194645,2,98,206,86,6908138,4,112,356,43,0,0,0,0,0,0,0,0,0,0,0,0,0,0,0,0,0,0,0,0,0,0,0,0,0,0,0,0,0,0,0,0,0,0,0,0,0,0,0,0,0,0,0,0,0,0,0,0,0,0,0,0,0,0,0,6908138,4,112,356,43
alternative dance,0.58,0.79,129.67,0.5,-6.23,0.04,0.33,0.05,0.01,17757896,32,148,1696,119,17183417,31,147,1674,119,0,0,0,0,0,4797886,9,145,504,123,11853629,21,146,1155,119,531902,1,183,18,183,0,0,0,0,0,0,0,0,0,0,0,0,0,0,0,0,0,0,0,0,0,0,0,0,0,0,0,0,0,0,0,0,0,0,0,0,0,0,0,0,574479,1,193,8,193,0,0,0,0,0,0,0,0,0,0,574479,1,193,8,193,0,0,0,0,0,0,0,0,0,0,0,0,0,0,0,0,0,0,0,0,0,0,0,0,0,0,0,0,0,0,0,0,0,0,0,0,0,0,0,0,0,0,0,0,0,0,0,0,0,0,0,0,0,0,0,0,0,0,0,0,0,0,0,0,0,0,0,0,0,0,0,0,0,0,0,0,0,0,0,0,0,0,0,0,0,0,0,0,0,0,0,0,0,0,0,0,0,0,0,0,0,0,0,0,0,0,0,0,0,0,0,0,0,0,0,0,0,0,0,0,0,0,0,0,0,0,0,0,0,0,0,0,0,0,0,0,0,0,0,0,0,0,0,0,0,0,0,0,0,0,0,0,0,0,0,0,0,0,0,0,0,0,0,0,0,0,0,0,0,0,0,0,0,0,0
reggaeton chileno,0.68,0.77,145.75,0.45,-4.87,0.21,0.12,0.12,0.08,27227548,36,154,1692,78,0,0,0,0,0,0,0,0,0,0,0,0,0,0,0,0,0,0,0,0,0,0,0,0,0,0,0,0,0,0,0,0,0,0,0,0,0,0,0,0,0,0,0,0,0,0,0,0,0,0,0,0,0,0,0,0,0,0,0,0,0,0,0,0,0,0,0,0,0,0,0,0,0,0,0,0,0,0,0,0,0,0,0,0,0,0,0,0,0,0,0,0,0,0,0,0,0,0,0,0,0,0,0,0,0,0,0,0,0,0,0,0,0,0,0,0,0,0,0,0,0,0,0,0,0,0,0,0,0,0,26520936,35,153,1680,78,0,0,0,0,0,0,0,0,0,0,9152188,10,106,950,78,2835580,4,164,148,155,0,0,0,0,0,0,0,0,0,0,0,0,0,0,0,0,0,0,0,0,7876699,11,162,429,136,6656469,10,184,170,174,0,0,0,0,0,0,0,0,0,0,706612,1,196,5,196,0,0,0,0,0,0,0,0,0,0,0,0,0,0,0,0,0,0,0,0,0,0,0,0,0,0,0,0,0,0,0,0,0,0,0,0,0,0,0,0,0,0,0,0,0,706612,1,196,5,196,0,0,0,0,0,0,0,0,0,0
nu disco,0.64,0.72,124.94,0.42,-6.2,0.04,0.09,0.09,0.02,16651515,30,146,1650,119,16651515,30,146,1650,119,0,0,0,0,0,4797886,9,145,504,123,11853629,21,146,1155,119,0,0,0,0,0,0,0,0,0,0,0,0,0,0,0,0,0,0,0,0,0,0,0,0,0,0,0,0,0,0,0,0,0,0,0,0,0,0,0,0,0,0,0,0,0,0,0,0,0,0,0,0,0,0,0,0,0,0,0,0,0,0,0,0,0,0,0,0,0,0,0,0,0,0,0,0,0,0,0,0,0,0,0,0,0,0,0,0,0,0,0,0,0,0,0,0,0,0,0,0,0,0,0,0,0,0,0,0,0,0,0,0,0,0,0,0,0,0,0,0,0,0,0,0,0,0,0,0,0,0,0,0,0,0,0,0,0,0,0,0,0,0,0,0,0,0,0,0,0,0,0,0,0,0,0,0,0,0,0,0,0,0,0,0,0,0,0,0,0,0,0,0,0,0,0,0,0,0,0,0,0,0,0,0,0,0,0,0,0,0,0,0,0,0,0,0,0,0,0,0,0,0,0,0,0,0,0,0,0,0,0,0,0,0,0,0,0,0,0,0,0,0,0,0,0,0,0,0,0,0,0,0,0,0,0,0,0,0,0,0
sudanese pop,0.72,0.61,149.83,0.54,-5.86,0.33,0.08,0.27,0.0,18018781,21,123,1638,61,0,0,0,0,0,0,0,0,0,0,0,0,0,0,0,0,0,0,0,0,0,0,0,0,0,0,0,0,0,0,0,0,0,0,0,0,0,0,0,0,0,0,0,0,0,0,0,0,0,0,0,0,0,0,0,0,0,0,0,0,0,0,0,0,0,764545,1,127,74,127,0,0,0,0,0,0,0,0,0,0,0,0,0,0,0,0,0,0,0,0,0,0,0,0,0,0,0,0,0,0,0,0,0,0,0,764545,1,127,74,127,0,0,0,0,0,0,0,0,0,0,0,0,0,0,0,0,0,0,0,0,17254236,20,123,1560,61,0,0,0,0,0,0,0,0,0,0,0,0,0,0,0,0,0,0,0,0,0,0,0,0,0,5265000,6,114,522,73,11989236,14,126,1050,61,0,0,0,0,0,0,0,0,0,0,0,0,0,0,0,0,0,0,0,0,0,0,0,0,0,0,0,0,0,0,0,0,0,0,0,0,0,0,0,0,0,0,0,0,0,0,0,0,0,0,0,0,0,0,0,0,0,0,0,0,0,0,0,0,0,0,0,0,0,0,0,0,0,0,0,0,0,0,0,0,0,0,0,0,0,0,0,0,0,0
german underground rap,0.66,0.74,112.74,0.41,-5.25,0.25,0.16,0.2,0.0,20634308,27,141,1620,76,0,0,0,0,0,0,0,0,0,0,0,0,0,0,0,0,0,0,0,0,0,0,0,0,0,0,0,0,0,0,0,0,0,0,0,0,0,0,0,0,0,0,0,0,0,0,0,0,0,0,0,0,0,0,0,0,0,0,0,0,0,0,0,0,0,4154108,6,158,258,143,0,0,0,0,0,0,0,0,0,0,0,0,0,0,0,0,0,0,0,0,0,0,0,0,0,687672,1,153,48,153,0,0,0,0,0,0,0,0,0,0,0,0,0,0,0,801843,1,160,41,160,657250,1,192,9,192,2007343,3,149,156,143,9189931,12,145,672,78,544655,1,200,1,200,0,0,0,0,0,0,0,0,0,0,0,0,0,0,0,0,0,0,0,0,7283129,9,130,639,78,1362147,2,183,36,166,0,0,0,0,0,0,0,0,0,0,0,0,0,0,0,0,0,0,0,0,0,0,0,0,0,7290269,9,125,684,76,0,0,0,0,0,0,0,0,0,0,0,0,0,0,0,0,0,0,0,0,0,0,0,0,0,6507676,8,122,632,76,782593,1,150,51,150,0,0,0,0,0,0,0,0,0,0,0,0,0,0,0,0,0,0,0,0,0,0,0,0,0
psychedelic hip hop,0.71,0.63,132.03,0.52,-5.72,0.25,0.18,0.24,0.01,21296771,28,144,1596,61,0,0,0,0,0,0,0,0,0,0,0,0,0,0,0,0,0,0,0,0,0,0,0,0,0,0,0,0,0,0,0,0,0,0,0,0,0,0,0,0,0,0,0,0,0,0,0,0,0,0,0,0,0,0,0,0,0,0,0,0,0,0,0,0,0,6586066,11,174,297,123,0,0,0,0,0,0,0,0,0,0,0,0,0,0,0,4760084,8,176,200,132,0,0,0,0,0,1189558,2,157,88,123,0,0,0,0,0,0,0,0,0,0,0,0,0,0,0,636424,1,193,8,193,0,0,0,0,0,0,0,0,0,0,14710705,17,125,1292,61,0,0,0,0,0,0,0,0,0,0,0,0,0,0,0,0,0,0,0,0,0,0,0,0,0,5265000,6,114,522,73,9445705,11,131,770,61,0,0,0,0,0,0,0,0,0,0,0,0,0,0,0,0,0,0,0,0,0,0,0,0,0,0,0,0,0,0,0,0,0,0,0,0,0,0,0,0,0,0,0,0,0,0,0,0,0,0,0,0,0,0,0,0,0,0,0,0,0,0,0,0,0,0,0,0,0,0,0,0,0,0,0,0,0,0,0,0,0,0,0,0,0,0,0,0,0,0
new york drill,0.55,0.67,99.67,0.52,-4.74,0.36,0.13,0.23,0.0,16599233,16,102,1584,25,0,0,0,0,0,0,0,0,0,0,0,0,0,0,0,0,0,0,0,0,0,0,0,0,0,0,0,0,0,0,0,0,0,0,0,0,0,0,0,0,0,0,0,0,0,0,0,0,0,0,0,0,0,0,0,0,0,0,0,0,0,0,0,0,0,0,0,0,0,0,0,0,0,0,0,0,0,0,0,0,0,0,0,0,0,0,0,0,0,0,0,0,0,0,0,0,0,0,0,0,0,0,0,0,0,0,0,0,0,0,0,0,0,0,0,0,0,0,0,0,0,0,0,0,0,0,0,0,0,0,0,0,0,0,0,0,0,0,0,0,0,0,0,0,0,0,0,0,0,0,0,0,0,0,0,0,0,0,0,0,0,0,0,0,0,0,0,0,0,0,0,0,0,0,0,0,0,0,0,0,0,0,0,0,0,0,0,0,0,0,0,0,0,0,0,16599233,16,102,1584,25,0,0,0,0,0,0,0,0,0,0,0,0,0,0,0,0,0,0,0,0,16599233,16,102,1584,25,0,0,0,0,0,0,0,0,0,0,0,0,0,0,0,0,0,0,0,0,0,0,0,0,0,0,0,0,0,0,0,0,0,0,0
memphis soul,0.66,0.45,109.24,0.73,-10.75,0.04,0.16,0.38,0.0,17546676,17,108,1581,45,664818,1,171,30,171,0,0,0,0,0,0,0,0,0,0,0,0,0,0,0,0,0,0,0,0,0,0,0,0,0,0,0,0,0,0,0,0,0,0,0,0,0,0,0,0,0,0,0,0,0,0,0,0,0,0,0,0,0,0,0,664818,1,171,30,171,13341858,14,104,1358,45,0,0,0,0,0,0,0,0,0,0,0,0,0,0,0,0,0,0,0,0,0,0,0,0,0,0,0,0,0,0,0,0,0,0,0,13341858,14,104,1358,45,0,0,0,0,0,0,0,0,0,0,0,0,0,0,0,0,0,0,0,0,0,0,0,0,0,0,0,0,0,0,0,0,0,0,0,0,0,0,0,0,0,0,0,0,0,0,0,0,0,0,0,0,0,0,0,0,0,0,0,0,0,0,0,0,0,0,0,0,0,0,0,0,0,0,0,0,0,0,0,0,0,0,0,0,0,3540000,2,109,184,91,0,0,0,0,0,0,0,0,0,0,0,0,0,0,0,0,0,0,0,0,0,0,0,0,0,0,0,0,0,0,0,0,0,0,0,0,0,0,0,0,0,0,0,0,0,0,0,0,0,0,0,0,0,0,0,3540000,2,109,184,91
modern salsa,0.72,0.86,112.54,0.79,-3.13,0.17,0.14,0.22,0.0,35557513,56,173,1568,141,377647,1,168,33,168,377647,1,168,33,168,0,0,0,0,0,0,0,0,0,0,0,0,0,0,0,0,0,0,0,0,0,0,0,0,0,0,0,0,0,0,0,0,0,0,0,0,0,0,0,0,0,0,0,0,0,0,0,0,0,0,0,0,0,0,0,35179866,55,173,1540,141,0,0,0,0,0,0,0,0,0,0,0,0,0,0,0,0,0,0,0,0,0,0,0,0,0,0,0,0,0,0,0,0,0,0,0,0,0,0,0,0,0,0,0,0,0,13452170,21,166,735,141,18481991,29,175,754,151,3245705,5,194,35,181,0,0,0,0,0,0,0,0,0,0,0,0,0,0,0,0,0,0,0,0,0,0,0,0,0,0,0,0,0,0,0,0,0,0,0,0,0,0,0,0,0,0,0,0,0,0,0,0,0,0,0,0,0,0,0,0,0,0,0,0,0,0,0,0,0,0,0,0,0,0,0,0,0,0,0,0,0,0,0,0,0,0,0,0,0,0,0,0,0,0,0,0,0,0,0,0,0,0,0,0,0,0,0,0,0,0,0,0,0,0,0,0,0,0,0,0,0,0,0,0,0,0,0,0,0,0,0,0,0,0
salsa,0.72,0.86,112.54,0.79,-3.13,0.17,0.14,0.22,0.0,35557513,56,173,1568,141,377647,1,168,33,168,377647,1,168,33,168,0,0,0,0,0,0,0,0,0,0,0,0,0,0,0,0,0,0,0,0,0,0,0,0,0,0,0,0,0,0,0,0,0,0,0,0,0,0,0,0,0,0,0,0,0,0,0,0,0,0,0,0,0,0,0,35179866,55,173,1540,141,0,0,0,0,0,0,0,0,0,0,0,0,0,0,0,0,0,0,0,0,0,0,0,0,0,0,0,0,0,0,0,0,0,0,0,0,0,0,0,0,0,0,0,0,0,13452170,21,166,735,141,18481991,29,175,754,151,3245705,5,194,35,181,0,0,0,0,0,0,0,0,0,0,0,0,0,0,0,0,0,0,0,0,0,0,0,0,0,0,0,0,0,0,0,0,0,0,0,0,0,0,0,0,0,0,0,0,0,0,0,0,0,0,0,0,0,0,0,0,0,0,0,0,0,0,0,0,0,0,0,0,0,0,0,0,0,0,0,0,0,0,0,0,0,0,0,0,0,0,0,0,0,0,0,0,0,0,0,0,0,0,0,0,0,0,0,0,0,0,0,0,0,0,0,0,0,0,0,0,0,0,0,0,0,0,0,0,0,0,0,0,0,0
spiritual hip hop,0.71,0.78,127.93,0.85,-6.82,0.34,0.42,0.15,0.0,15302856,20,124,1540,58,0,0,0,0,0,0,0,0,0,0,0,0,0,0,0,0,0,0,0,0,0,0,0,0,0,0,0,0,0,0,0,0,0,0,0,0,0,0,0,0,0,0,0,0,0,0,0,0,0,0,0,0,0,0,0,0,0,0,0,0,0,0,0,0,0,15302856,20,124,1540,58,0,0,0,0,0,15302856,20,124,1540,58,0,0,0,0,0,0,0,0,0,0,0,0,0,0,0,0,0,0,0,0,0,0,0,0,0,0,0,0,0,0,0,0,0,0,0,0,0,0,0,0,0,0,0,0,0,0,0,0,0,0,0,0,0,0,0,0,0,0,0,0,0,0,0,0,0,0,0,0,0,0,0,0,0,0,0,0,0,0,0,0,0,0,0,0,0,0,0,0,0,0,0,0,0,0,0,0,0,0,0,0,0,0,0,0,0,0,0,0,0,0,0,0,0,0,0,0,0,0,0,0,0,0,0,0,0,0,0,0,0,0,0,0,0,0,0,0,0,0,0,0,0,0,0,0,0,0,0,0,0,0,0,0,0,0,0,0,0,0,0,0,0,0,0,0,0,0,0,0,0,0,0,0,0,0,0,0,0,0,0,0
reggae,0.87,0.59,108.5,0.55,-5.44,0.16,0.17,0.05,0.02,28915622,64,177,1536,102,26529691,61,178,1403,148,11149779,28,184,476,165,12620443,27,169,864,148,2759469,6,191,60,181,0,0,0,0,0,0,0,0,0,0,0,0,0,0,0,0,0,0,0,0,0,0,0,0,0,0,0,0,0,0,0,0,0,0,0,0,0,0,0,0,0,0,0,0,0,0,0,0,0,0,0,0,0,0,0,0,0,0,0,0,0,0,0,0,0,0,0,0,0,0,0,0,0,0,0,0,0,0,0,0,0,0,0,0,0,0,0,0,0,0,0,0,0,0,0,0,0,0,0,0,0,0,0,0,0,0,0,0,0,0,2385931,3,139,186,102,0,0,0,0,0,0,0,0,0,0,0,0,0,0,0,0,0,0,0,0,0,0,0,0,0,0,0,0,0,0,2385931,3,139,186,102,0,0,0,0,0,0,0,0,0,0,0,0,0,0,0,0,0,0,0,0,0,0,0,0,0,0,0,0,0,0,0,0,0,0,0,0,0,0,0,0,0,0,0,0,0,0,0,0,0,0,0,0,0,0,0,0,0,0,0,0,0,0,0,0,0,0,0,0,0,0,0,0,0,0,0,0,0,0,0,0,0,0,0,0,0,0,0,0,0,0
roots reggae,0.87,0.59,108.5,0.55,-5.44,0.16,0.17,0.05,0.02,28915622,64,177,1536,102,26529691,61,178,1403,148,11149779,28,184,476,165,12620443,27,169,864,148,2759469,6,191,60,181,0,0,0,0,0,0,0,0,0,0,0,0,0,0,0,0,0,0,0,0,0,0,0,0,0,0,0,0,0,0,0,0,0,0,0,0,0,0,0,0,0,0,0,0,0,0,0,0,0,0,0,0,0,0,0,0,0,0,0,0,0,0,0,0,0,0,0,0,0,0,0,0,0,0,0,0,0,0,0,0,0,0,0,0,0,0,0,0,0,0,0,0,0,0,0,0,0,0,0,0,0,0,0,0,0,0,0,0,0,0,2385931,3,139,186,102,0,0,0,0,0,0,0,0,0,0,0,0,0,0,0,0,0,0,0,0,0,0,0,0,0,0,0,0,0,0,2385931,3,139,186,102,0,0,0,0,0,0,0,0,0,0,0,0,0,0,0,0,0,0,0,0,0,0,0,0,0,0,0,0,0,0,0,0,0,0,0,0,0,0,0,0,0,0,0,0,0,0,0,0,0,0,0,0,0,0,0,0,0,0,0,0,0,0,0,0,0,0,0,0,0,0,0,0,0,0,0,0,0,0,0,0,0,0,0,0,0,0,0,0,0,0
boom bap,0.66,0.8,122.08,0.44,-4.29,0.22,0.21,0.11,0.0,19453791,19,122,1501,45,1496936,2,122,158,82,0,0,0,0,0,0,0,0,0,0,0,0,0,0,0,0,0,0,0,0,1496936,2,122,158,82,0,0,0,0,0,0,0,0,0,0,0,0,0,0,0,0,0,0,0,0,0,0,0,0,0,0,0,0,0,0,0,0,0,0,0,2395976,3,144,171,95,0,0,0,0,0,0,0,0,0,0,0,0,0,0,0,0,0,0,0,0,0,0,0,0,0,0,0,0,0,0,0,0,0,0,0,0,0,0,0,0,1798948,2,122,158,95,597028,1,187,14,187,0,0,0,0,0,0,0,0,0,0,0,0,0,0,0,0,0,0,0,0,0,0,0,0,0,0,0,0,0,0,0,0,0,0,0,0,0,0,0,0,0,0,0,0,0,0,0,0,0,0,0,0,0,0,0,0,0,0,0,0,0,0,0,0,0,0,0,0,0,0,0,0,0,0,0,15560879,14,118,1162,45,15560879,14,118,1162,45,0,0,0,0,0,0,0,0,0,0,0,0,0,0,0,0,0,0,0,0,0,0,0,0,0,0,0,0,0,0,0,0,0,0,0,0,0,0,0,0,0,0,0,0,0,0,0,0,0,0,0,0,0,0,0
smooth saxophone,0.61,0.46,148.28,0.18,-3.93,0.04,0.13,0.61,0.0,18230812,12,77,1488,14,0,0,0,0,0,0,0,0,0,0,0,0,0,0,0,0,0,0,0,0,0,0,0,0,0,0,0,0,0,0,0,0,0,0,0,0,0,0,0,0,0,0,0,0,0,0,0,0,0,0,0,0,0,0,0,0,0,0,0,0,0,0,0,0,0,0,0,0,0,0,0,0,0,0,0,0,0,0,0,0,0,0,0,0,0,0,0,0,0,0,0,0,0,0,0,0,0,0,0,0,0,0,0,0,0,0,0,0,0,0,0,0,0,0,0,0,0,0,0,0,0,0,0,0,0,0,0,0,0,0,18230812,12,77,1488,14,0,0,0,0,0,0,0,0,0,0,0,0,0,0,0,0,0,0,0,0,0,0,0,0,0,0,0,0,0,0,0,0,0,0,0,0,0,0,0,0,0,0,0,0,0,14434398,7,31,1190,14,3796414,5,142,295,86,0,0,0,0,0,0,0,0,0,0,0,0,0,0,0,0,0,0,0,0,0,0,0,0,0,0,0,0,0,0,0,0,0,0,0,0,0,0,0,0,0,0,0,0,0,0,0,0,0,0,0,0,0,0,0,0,0,0,0,0,0,0,0,0,0,0,0,0,0,0
industrial rock,0.54,0.82,146.0,0.38,-5.76,0.07,0.13,0.09,0.04,21109402,24,139,1488,62,0,0,0,0,0,0,0,0,0,0,0,0,0,0,0,0,0,0,0,0,0,0,0,0,0,0,0,0,0,0,0,0,0,0,0,0,0,0,0,0,0,0,0,0,0,0,0,0,0,0,0,0,0,0,0,0,0,0,0,0,0,0,0,0,0,793624,1,124,77,124,0,0,0,0,0,0,0,0,0,0,0,0,0,0,0,0,0,0,0,0,0,0,0,0,0,0,0,0,0,0,0,0,0,0,0,0,0,0,0,0,0,0,0,0,0,793624,1,124,77,124,0,0,0,0,0,0,0,0,0,0,20315778,23,140,1403,62,0,0,0,0,0,0,0,0,0,0,3317845,3,89,336,62,4439851,5,124,385,92,12558082,15,155,690,82,0,0,0,0,0,0,0,0,0,0,0,0,0,0,0,0,0,0,0,0,0,0,0,0,0,0,0,0,0,0,0,0,0,0,0,0,0,0,0,0,0,0,0,0,0,0,0,0,0,0,0,0,0,0,0,0,0,0,0,0,0,0,0,0,0,0,0,0,0,0,0,0,0,0,0,0,0,0,0,0,0,0,0,0,0,0,0,0,0,0,0,0,0,0,0,0,0,0,0,0
industrial metal,0.54,0.82,146.0,0.38,-5.76,0.07,0.13,0.09,0.04,21109402,24,139,1488,62,0,0,0,0,0,0,0,0,0,0,0,0,0,0,0,0,0,0,0,0,0,0,0,0,0,0,0,0,0,0,0,0,0,0,0,0,0,0,0,0,0,0,0,0,0,0,0,0,0,0,0,0,0,0,0,0,0,0,0,0,0,0,0,0,0,793624,1,124,77,124,0,0,0,0,0,0,0,0,0,0,0,0,0,0,0,0,0,0,0,0,0,0,0,0,0,0,0,0,0,0,0,0,0,0,0,0,0,0,0,0,0,0,0,0,0,793624,1,124,77,124,0,0,0,0,0,0,0,0,0,0,20315778,23,140,1403,62,0,0,0,0,0,0,0,0,0,0,3317845,3,89,336,62,4439851,5,124,385,92,12558082,15,155,690,82,0,0,0,0,0,0,0,0,0,0,0,0,0,0,0,0,0,0,0,0,0,0,0,0,0,0,0,0,0,0,0,0,0,0,0,0,0,0,0,0,0,0,0,0,0,0,0,0,0,0,0,0,0,0,0,0,0,0,0,0,0,0,0,0,0,0,0,0,0,0,0,0,0,0,0,0,0,0,0,0,0,0,0,0,0,0,0,0,0,0,0,0,0,0,0,0,0,0,0,0
industrial,0.54,0.82,146.0,0.38,-5.76,0.07,0.13,0.09,0.04,21109402,24,139,1488,62,0,0,0,0,0,0,0,0,0,0,0,0,0,0,0,0,0,0,0,0,0,0,0,0,0,0,0,0,0,0,0,0,0,0,0,0,0,0,0,0,0,0,0,0,0,0,0,0,0,0,0,0,0,0,0,0,0,0,0,0,0,0,0,0,0,793624,1,124,77,124,0,0,0,0,0,0,0,0,0,0,0,0,0,0,0,0,0,0,0,0,0,0,0,0,0,0,0,0,0,0,0,0,0,0,0,0,0,0,0,0,0,0,0,0,0,793624,1,124,77,124,0,0,0,0,0,0,0,0,0,0,20315778,23,140,1403,62,0,0,0,0,0,0,0,0,0,0,3317845,3,89,336,62,4439851,5,124,385,92,12558082,15,155,690,82,0,0,0,0,0,0,0,0,0,0,0,0,0,0,0,0,0,0,0,0,0,0,0,0,0,0,0,0,0,0,0,0,0,0,0,0,0,0,0,0,0,0,0,0,0,0,0,0,0,0,0,0,0,0,0,0,0,0,0,0,0,0,0,0,0,0,0,0,0,0,0,0,0,0,0,0,0,0,0,0,0,0,0,0,0,0,0,0,0,0,0,0,0,0,0,0,0,0,0,0
jump blues,0.76,0.54,171.94,0.73,-6.76,0.39,0.61,0.28,0.0,12812242,11,71,1430,34,0,0,0,0,0,0,0,0,0,0,0,0,0,0,0,0,0,0,0,0,0,0,0,0,0,0,0,0,0,0,0,0,0,0,0,0,0,0,0,0,0,0,0,0,0,0,0,0,0,0,0,0,0,0,0,0,0,0,0,0,0,0,0,0,0,12812242,11,71,1430,34,0,0,0,0,0,0,0,0,0,0,0,0,0,0,0,0,0,0,0,0,0,0,0,0,0,12812242,11,71,1430,34,0,0,0,0,0,0,0,0,0,0,0,0,0,0,0,0,0,0,0,0,0,0,0,0,0,0,0,0,0,0,0,0,0,0,0,0,0,0,0,0,0,0,0,0,0,0,0,0,0,0,0,0,0,0,0,0,0,0,0,0,0,0,0,0,0,0,0,0,0,0,0,0,0,0,0,0,0,0,0,0,0,0,0,0,0,0,0,0,0,0,0,0,0,0,0,0,0,0,0,0,0,0,0,0,0,0,0,0,0,0,0,0,0,0,0,0,0,0,0,0,0,0,0,0,0,0,0,0,0,0,0,0,0,0,0,0,0,0,0,0,0,0,0,0,0,0,0,0,0,0,0,0,0,0,0,0,0,0,0,0
neue deutsche harte,0.55,0.81,143.78,0.39,-5.66,0.06,0.14,0.09,0.04,20315778,23,140,1403,62,0,0,0,0,0,0,0,0,0,0,0,0,0,0,0,0,0,0,0,0,0,0,0,0,0,0,0,0,0,0,0,0,0,0,0,0,0,0,0,0,0,0,0,0,0,0,0,0,0,0,0,0,0,0,0,0,0,0,0,0,0,0,0,0,0,0,0,0,0,0,0,0,0,0,0,0,0,0,0,0,0,0,0,0,0,0,0,0,0,0,0,0,0,0,0,0,0,0,0,0,0,0,0,0,0,0,0,0,0,0,0,0,0,0,0,0,0,0,0,0,0,0,0,0,0,0,0,0,0,0,20315778,23,140,1403,62,0,0,0,0,0,0,0,0,0,0,3317845,3,89,336,62,4439851,5,124,385,92,12558082,15,155,690,82,0,0,0,0,0,0,0,0,0,0,0,0,0,0,0,0,0,0,0,0,0,0,0,0,0,0,0,0,0,0,0,0,0,0,0,0,0,0,0,0,0,0,0,0,0,0,0,0,0,0,0,0,0,0,0,0,0,0,0,0,0,0,0,0,0,0,0,0,0,0,0,0,0,0,0,0,0,0,0,0,0,0,0,0,0,0,0,0,0,0,0,0,0,0,0,0,0,0,0,0
german metal,0.55,0.81,143.78,0.39,-5.66,0.06,0.14,0.09,0.04,20315778,23,140,1403,62,0,0,0,0,0,0,0,0,0,0,0,0,0,0,0,0,0,0,0,0,0,0,0,0,0,0,0,0,0,0,0,0,0,0,0,0,0,0,0,0,0,0,0,0,0,0,0,0,0,0,0,0,0,0,0,0,0,0,0,0,0,0,0,0,0,0,0,0,0,0,0,0,0,0,0,0,0,0,0,0,0,0,0,0,0,0,0,0,0,0,0,0,0,0,0,0,0,0,0,0,0,0,0,0,0,0,0,0,0,0,0,0,0,0,0,0,0,0,0,0,0,0,0,0,0,0,0,0,0,0,20315778,23,140,1403,62,0,0,0,0,0,0,0,0,0,0,3317845,3,89,336,62,4439851,5,124,385,92,12558082,15,155,690,82,0,0,0,0,0,0,0,0,0,0,0,0,0,0,0,0,0,0,0,0,0,0,0,0,0,0,0,0,0,0,0,0,0,0,0,0,0,0,0,0,0,0,0,0,0,0,0,0,0,0,0,0,0,0,0,0,0,0,0,0,0,0,0,0,0,0,0,0,0,0,0,0,0,0,0,0,0,0,0,0,0,0,0,0,0,0,0,0,0,0,0,0,0,0,0,0,0,0,0,0
latin rock,0.82,0.54,101.53,0.47,-6.68,0.04,0.08,0.32,0.0,33966543,56,176,1400,129,0,0,0,0,0,0,0,0,0,0,0,0,0,0,0,0,0,0,0,0,0,0,0,0,0,0,0,0,0,0,0,0,0,0,0,0,0,0,0,0,0,0,0,0,0,0,0,0,0,0,0,0,0,0,0,0,0,0,0,0,0,0,0,0,0,32674559,54,176,1350,129,0,0,0,0,0,0,0,0,0,0,0,0,0,0,0,14520907,23,164,851,129,12956293,22,185,352,167,5197359,9,186,135,164,0,0,0,0,0,0,0,0,0,0,0,0,0,0,0,0,0,0,0,0,0,0,0,0,0,0,0,0,0,0,0,0,0,0,0,0,0,0,0,0,0,0,0,0,0,0,0,0,0,0,0,0,0,0,0,0,0,0,0,0,0,0,0,0,0,0,0,0,0,0,0,0,0,0,0,0,0,0,0,0,0,0,0,0,0,0,0,0,0,0,0,0,0,0,0,1291984,2,175,52,162,0,0,0,0,0,0,0,0,0,0,0,0,0,0,0,0,0,0,0,0,0,0,0,0,0,1291984,2,175,52,162,0,0,0,0,0,0,0,0,0,0,0,0,0,0,0,0,0,0,0,0,0,0,0,0,0,0,0,0,0,0
eurovision,0.71,0.7,116.02,0.55,-6.07,0.08,0.26,0.11,0.0,16915949,26,148,1378,52,3605188,7,158,301,133,0,0,0,0,0,0,0,0,0,0,956802,2,178,46,156,0,0,0,0,0,2648386,5,150,255,133,0,0,0,0,0,0,0,0,0,0,0,0,0,0,0,0,0,0,0,0,0,0,0,0,0,0,0,0,0,0,0,0,0,0,0,11915447,17,142,1003,52,0,0,0,0,0,0,0,0,0,0,0,0,0,0,0,0,0,0,0,0,11915447,17,142,1003,52,0,0,0,0,0,0,0,0,0,0,0,0,0,0,0,0,0,0,0,0,0,0,0,0,0,0,0,0,0,0,0,0,0,0,0,1395314,2,162,78,139,0,0,0,0,0,0,0,0,0,0,0,0,0,0,0,0,0,0,0,0,1395314,2,162,78,139,0,0,0,0,0,0,0,0,0,0,0,0,0,0,0,0,0,0,0,0,0,0,0,0,0,0,0,0,0,0,0,0,0,0,0,0,0,0,0,0,0,0,0,0,0,0,0,0,0,0,0,0,0,0,0,0,0,0,0,0,0,0,0,0,0,0,0,0,0,0,0,0,0,0,0,0,0,0,0,0,0,0,0,0,0,0,0,0,0,0,0,0,0,0,0,0,0,0,0,0
pop argentino,0.71,0.67,119.28,0.58,-5.77,0.12,0.27,0.15,0.0,18493725,27,150,1377,120,0,0,0,0,0,0,0,0,0,0,0,0,0,0,0,0,0,0,0,0,0,0,0,0,0,0,0,0,0,0,0,0,0,0,0,0,0,0,0,0,0,0,0,0,0,0,0,0,0,0,0,0,0,0,0,0,0,0,0,0,0,0,0,0,0,11570174,17,141,1020,121,0,0,0,0,0,529536,1,198,3,198,0,0,0,0,0,0,0,0,0,0,0,0,0,0,0,0,0,0,0,0,0,0,0,0,0,11040638,16,137,1024,121,0,0,0,0,0,0,0,0,0,0,0,0,0,0,0,0,0,0,0,0,6923551,10,164,370,120,0,0,0,0,0,0,0,0,0,0,0,0,0,0,0,0,0,0,0,0,0,0,0,0,0,2832581,4,166,140,120,0,0,0,0,0,0,0,0,0,0,0,0,0,0,0,4090970,6,163,228,148,0,0,0,0,0,0,0,0,0,0,0,0,0,0,0,0,0,0,0,0,0,0,0,0,0,0,0,0,0,0,0,0,0,0,0,0,0,0,0,0,0,0,0,0,0,0,0,0,0,0,0,0,0,0,0,0,0,0,0,0,0,0,0,0,0,0,0,0,0,0,0,0,0,0,0
ghanaian hip hop,0.74,0.79,123.04,0.69,-5.14,0.12,0.23,0.06,0.0,23931703,36,163,1368,69,0,0,0,0,0,0,0,0,0,0,0,0,0,0,0,0,0,0,0,0,0,0,0,0,0,0,0,0,0,0,0,0,0,0,0,0,0,0,0,0,0,0,0,0,0,0,0,0,0,0,0,0,0,0,0,0,0,0,0,0,0,0,0,0,0,16100168,27,173,756,137,0,0,0,0,0,0,0,0,0,0,0,0,0,0,0,0,0,0,0,0,0,0,0,0,0,2925413,5,178,115,145,11392133,19,170,589,137,1122171,2,170,62,169,660451,1,196,5,196,0,0,0,0,0,0,0,0,0,0,0,0,0,0,0,4122190,5,137,320,81,0,0,0,0,0,0,0,0,0,0,0,0,0,0,0,0,0,0,0,0,0,0,0,0,0,2753008,3,118,249,81,1369182,2,166,70,157,0,0,0,0,0,0,0,0,0,0,0,0,0,0,0,0,0,0,0,0,0,0,0,0,0,3709345,4,127,296,69,0,0,0,0,0,0,0,0,0,0,2882719,3,124,231,69,0,0,0,0,0,0,0,0,0,0,0,0,0,0,0,0,0,0,0,0,0,0,0,0,0,826626,1,136,65,136,0,0,0,0,0,0,0,0,0,0,0,0,0,0,0
swedish dancehall,0.74,0.79,123.04,0.69,-5.14,0.12,0.23,0.06,0.0,23931703,36,163,1368,69,0,0,0,0,0,0,0,0,0,0,0,0,0,0,0,0,0,0,0,0,0,0,0,0,0,0,0,0,0,0,0,0,0,0,0,0,0,0,0,0,0,0,0,0,0,0,0,0,0,0,0,0,0,0,0,0,0,0,0,0,0,0,0,0,0,16100168,27,173,756,137,0,0,0,0,0,0,0,0,0,0,0,0,0,0,0,0,0,0,0,0,0,0,0,0,0,2925413,5,178,115,145,11392133,19,170,589,137,1122171,2,170,62,169,660451,1,196,5,196,0,0,0,0,0,0,0,0,0,0,0,0,0,0,0,4122190,5,137,320,81,0,0,0,0,0,0,0,0,0,0,0,0,0,0,0,0,0,0,0,0,0,0,0,0,0,2753008,3,118,249,81,1369182,2,166,70,157,0,0,0,0,0,0,0,0,0,0,0,0,0,0,0,0,0,0,0,0,0,0,0,0,0,3709345,4,127,296,69,0,0,0,0,0,0,0,0,0,0,2882719,3,124,231,69,0,0,0,0,0,0,0,0,0,0,0,0,0,0,0,0,0,0,0,0,0,0,0,0,0,826626,1,136,65,136,0,0,0,0,0,0,0,0,0,0,0,0,0,0,0
tropical alternativo,0.76,0.59,100.0,0.28,-4.29,0.04,0.09,0.13,0.01,32674559,54,176,1350,129,0,0,0,0,0,0,0,0,0,0,0,0,0,0,0,0,0,0,0,0,0,0,0,0,0,0,0,0,0,0,0,0,0,0,0,0,0,0,0,0,0,0,0,0,0,0,0,0,0,0,0,0,0,0,0,0,0,0,0,0,0,0,0,0,0,32674559,54,176,1350,129,0,0,0,0,0,0,0,0,0,0,0,0,0,0,0,14520907,23,164,851,129,12956293,22,185,352,167,5197359,9,186,135,164,0,0,0,0,0,0,0,0,0,0,0,0,0,0,0,0,0,0,0,0,0,0,0,0,0,0,0,0,0,0,0,0,0,0,0,0,0,0,0,0,0,0,0,0,0,0,0,0,0,0,0,0,0,0,0,0,0,0,0,0,0,0,0,0,0,0,0,0,0,0,0,0,0,0,0,0,0,0,0,0,0,0,0,0,0,0,0,0,0,0,0,0,0,0,0,0,0,0,0,0,0,0,0,0,0,0,0,0,0,0,0,0,0,0,0,0,0,0,0,0,0,0,0,0,0,0,0,0,0,0,0,0,0,0,0,0,0,0,0,0,0,0,0,0,0,0,0,0,0,0,0,0,0,0,0,0,0,0,0,0
pop electronico,0.76,0.59,100.0,0.28,-4.29,0.04,0.09,0.13,0.01,32674559,54,176,1350,129,0,0,0,0,0,0,0,0,0,0,0,0,0,0,0,0,0,0,0,0,0,0,0,0,0,0,0,0,0,0,0,0,0,0,0,0,0,0,0,0,0,0,0,0,0,0,0,0,0,0,0,0,0,0,0,0,0,0,0,0,0,0,0,0,0,32674559,54,176,1350,129,0,0,0,0,0,0,0,0,0,0,0,0,0,0,0,14520907,23,164,851,129,12956293,22,185,352,167,5197359,9,186,135,164,0,0,0,0,0,0,0,0,0,0,0,0,0,0,0,0,0,0,0,0,0,0,0,0,0,0,0,0,0,0,0,0,0,0,0,0,0,0,0,0,0,0,0,0,0,0,0,0,0,0,0,0,0,0,0,0,0,0,0,0,0,0,0,0,0,0,0,0,0,0,0,0,0,0,0,0,0,0,0,0,0,0,0,0,0,0,0,0,0,0,0,0,0,0,0,0,0,0,0,0,0,0,0,0,0,0,0,0,0,0,0,0,0,0,0,0,0,0,0,0,0,0,0,0,0,0,0,0,0,0,0,0,0,0,0,0,0,0,0,0,0,0,0,0,0,0,0,0,0,0,0,0,0,0,0,0,0,0,0,0
cumbia,0.76,0.59,100.0,0.28,-4.29,0.04,0.09,0.13,0.01,32674559,54,176,1350,129,0,0,0,0,0,0,0,0,0,0,0,0,0,0,0,0,0,0,0,0,0,0,0,0,0,0,0,0,0,0,0,0,0,0,0,0,0,0,0,0,0,0,0,0,0,0,0,0,0,0,0,0,0,0,0,0,0,0,0,0,0,0,0,0,0,32674559,54,176,1350,129,0,0,0,0,0,0,0,0,0,0,0,0,0,0,0,14520907,23,164,851,129,12956293,22,185,352,167,5197359,9,186,135,164,0,0,0,0,0,0,0,0,0,0,0,0,0,0,0,0,0,0,0,0,0,0,0,0,0,0,0,0,0,0,0,0,0,0,0,0,0,0,0,0,0,0,0,0,0,0,0,0,0,0,0,0,0,0,0,0,0,0,0,0,0,0,0,0,0,0,0,0,0,0,0,0,0,0,0,0,0,0,0,0,0,0,0,0,0,0,0,0,0,0,0,0,0,0,0,0,0,0,0,0,0,0,0,0,0,0,0,0,0,0,0,0,0,0,0,0,0,0,0,0,0,0,0,0,0,0,0,0,0,0,0,0,0,0,0,0,0,0,0,0,0,0,0,0,0,0,0,0,0,0,0,0,0,0,0,0,0,0,0,0
german alternative rap,0.88,0.58,132.0,0.39,-7.42,0.08,0.1,0.07,0.09,23600968,35,165,1260,138,0,0,0,0,0,0,0,0,0,0,0,0,0,0,0,0,0,0,0,0,0,0,0,0,0,0,0,0,0,0,0,0,0,0,0,0,0,0,0,0,0,0,0,0,0,0,0,0,0,0,0,0,0,0,0,0,0,0,0,0,0,0,0,0,0,0,0,0,0,0,0,0,0,0,0,0,0,0,0,0,0,0,0,0,0,0,0,0,0,0,0,0,0,0,0,0,0,0,0,0,0,0,0,0,0,0,0,0,0,0,0,0,0,0,0,0,0,0,0,0,0,0,0,0,0,0,0,0,0,0,0,0,0,0,0,0,0,0,0,0,0,0,0,0,0,0,0,0,0,0,0,0,0,0,0,0,0,0,0,0,0,0,0,0,0,0,0,0,0,0,0,0,0,0,0,0,0,0,0,0,0,0,0,0,0,0,0,0,0,0,0,0,0,0,0,23600968,35,165,1260,138,0,0,0,0,0,0,0,0,0,0,0,0,0,0,0,0,0,0,0,0,5982138,9,177,216,157,17618830,26,161,1040,138,0,0,0,0,0,0,0,0,0,0,0,0,0,0,0,0,0,0,0,0,0,0,0,0,0,0,0,0,0,0
corrido,0.76,0.53,177.95,0.68,-8.05,0.2,0.13,0.21,0.0,11248250,12,103,1176,54,0,0,0,0,0,0,0,0,0,0,0,0,0,0,0,0,0,0,0,0,0,0,0,0,0,0,0,0,0,0,0,0,0,0,0,0,0,0,0,0,0,0,0,0,0,0,0,0,0,0,0,0,0,0,0,0,0,0,0,0,0,0,0,0,0,0,0,0,0,0,0,0,0,0,0,0,0,0,0,0,0,0,0,0,0,0,0,0,0,0,0,0,0,0,0,0,0,0,0,0,0,0,0,0,0,0,0,0,0,0,0,0,0,0,0,0,0,0,0,0,0,0,0,0,0,0,0,0,0,0,0,0,0,0,0,0,0,0,0,0,0,0,0,0,0,0,0,0,0,0,0,0,0,0,0,0,0,0,0,0,0,0,0,0,0,0,0,0,0,0,0,0,0,0,0,0,0,0,0,0,0,0,0,0,0,0,0,0,0,0,0,0,0,0,0,11248250,12,103,1176,54,0,0,0,0,0,0,0,0,0,0,0,0,0,0,0,0,0,0,0,0,11248250,12,103,1176,54,0,0,0,0,0,0,0,0,0,0,0,0,0,0,0,0,0,0,0,0,0,0,0,0,0,0,0,0,0,0,0,0,0,0,0
norteno,0.76,0.53,177.95,0.68,-8.05,0.2,0.13,0.21,0.0,11248250,12,103,1176,54,0,0,0,0,0,0,0,0,0,0,0,0,0,0,0,0,0,0,0,0,0,0,0,0,0,0,0,0,0,0,0,0,0,0,0,0,0,0,0,0,0,0,0,0,0,0,0,0,0,0,0,0,0,0,0,0,0,0,0,0,0,0,0,0,0,0,0,0,0,0,0,0,0,0,0,0,0,0,0,0,0,0,0,0,0,0,0,0,0,0,0,0,0,0,0,0,0,0,0,0,0,0,0,0,0,0,0,0,0,0,0,0,0,0,0,0,0,0,0,0,0,0,0,0,0,0,0,0,0,0,0,0,0,0,0,0,0,0,0,0,0,0,0,0,0,0,0,0,0,0,0,0,0,0,0,0,0,0,0,0,0,0,0,0,0,0,0,0,0,0,0,0,0,0,0,0,0,0,0,0,0,0,0,0,0,0,0,0,0,0,0,0,0,0,0,11248250,12,103,1176,54,0,0,0,0,0,0,0,0,0,0,0,0,0,0,0,0,0,0,0,0,11248250,12,103,1176,54,0,0,0,0,0,0,0,0,0,0,0,0,0,0,0,0,0,0,0,0,0,0,0,0,0,0,0,0,0,0,0,0,0,0,0
banda,0.76,0.53,177.95,0.68,-8.05,0.2,0.13,0.21,0.0,11248250,12,103,1176,54,0,0,0,0,0,0,0,0,0,0,0,0,0,0,0,0,0,0,0,0,0,0,0,0,0,0,0,0,0,0,0,0,0,0,0,0,0,0,0,0,0,0,0,0,0,0,0,0,0,0,0,0,0,0,0,0,0,0,0,0,0,0,0,0,0,0,0,0,0,0,0,0,0,0,0,0,0,0,0,0,0,0,0,0,0,0,0,0,0,0,0,0,0,0,0,0,0,0,0,0,0,0,0,0,0,0,0,0,0,0,0,0,0,0,0,0,0,0,0,0,0,0,0,0,0,0,0,0,0,0,0,0,0,0,0,0,0,0,0,0,0,0,0,0,0,0,0,0,0,0,0,0,0,0,0,0,0,0,0,0,0,0,0,0,0,0,0,0,0,0,0,0,0,0,0,0,0,0,0,0,0,0,0,0,0,0,0,0,0,0,0,0,0,0,0,11248250,12,103,1176,54,0,0,0,0,0,0,0,0,0,0,0,0,0,0,0,0,0,0,0,0,11248250,12,103,1176,54,0,0,0,0,0,0,0,0,0,0,0,0,0,0,0,0,0,0,0,0,0,0,0,0,0,0,0,0,0,0,0,0,0,0,0
psychedelic rock,0.54,0.7,127.61,0.95,-9.27,0.04,0.05,0.37,0.0,18713487,14,118,1162,43,4880771,5,132,345,47,0,0,0,0,0,0,0,0,0,0,0,0,0,0,0,0,0,0,0,0,0,0,0,0,0,0,0,0,0,0,0,0,0,0,0,0,0,0,0,0,0,0,0,0,0,0,0,0,0,0,0,0,0,0,0,4880771,5,132,345,47,3729933,3,118,249,72,0,0,0,0,0,0,0,0,0,0,0,0,0,0,0,0,0,0,0,0,0,0,0,0,0,0,0,0,0,0,0,0,0,0,0,0,0,0,0,0,0,0,0,0,0,0,0,0,0,0,0,0,0,0,0,3729933,3,118,249,72,3194645,2,98,206,86,0,0,0,0,0,0,0,0,0,0,0,0,0,0,0,0,0,0,0,0,0,0,0,0,0,0,0,0,0,0,0,0,0,0,0,0,0,0,0,0,0,0,0,0,0,0,0,0,0,0,0,0,0,0,0,3194645,2,98,206,86,6908138,4,112,356,43,0,0,0,0,0,0,0,0,0,0,0,0,0,0,0,0,0,0,0,0,0,0,0,0,0,0,0,0,0,0,0,0,0,0,0,0,0,0,0,0,0,0,0,0,0,0,0,0,0,0,0,0,0,0,0,6908138,4,112,356,43
turkish trap pop,0.64,0.67,131.13,0.32,-7.54,0.13,0.11,0.38,0.0,19235208,25,155,1150,72,0,0,0,0,0,0,0,0,0,0,0,0,0,0,0,0,0,0,0,0,0,0,0,0,0,0,0,0,0,0,0,0,0,0,0,0,0,0,0,0,0,0,0,0,0,0,0,0,0,0,0,0,0,0,0,0,0,0,0,0,0,0,0,0,0,0,0,0,0,0,0,0,0,0,0,0,0,0,0,0,0,0,0,0,0,0,0,0,0,0,0,0,0,0,0,0,0,0,0,0,0,0,0,0,0,0,0,0,0,0,0,0,0,0,0,0,0,0,0,0,0,0,0,0,0,0,0,0,0,0,16277972,21,149,1092,72,3297760,5,179,110,167,0,0,0,0,0,0,0,0,0,0,0,0,0,0,0,0,0,0,0,0,0,0,0,0,0,11479788,14,137,896,72,0,0,0,0,0,1500424,2,162,78,139,0,0,0,0,0,0,0,0,0,0,0,0,0,0,0,2957236,4,184,68,177,0,0,0,0,0,1404298,2,180,42,180,0,0,0,0,0,0,0,0,0,0,0,0,0,0,0,0,0,0,0,0,0,0,0,0,0,0,0,0,0,0,0,0,0,0,0,0,0,0,0,0,0,0,0,0,0,1552938,2,188,26,177
sunshine pop,0.6,0.55,130.59,0.97,-9.34,0.03,0.05,0.11,0.0,18087240,13,113,1144,43,4254524,4,118,332,47,0,0,0,0,0,0,0,0,0,0,0,0,0,0,0,0,0,0,0,0,0,0,0,0,0,0,0,0,0,0,0,0,0,0,0,0,0,0,0,0,0,0,0,0,0,0,0,0,0,0,0,0,0,0,0,4254524,4,118,332,47,3729933,3,118,249,72,0,0,0,0,0,0,0,0,0,0,0,0,0,0,0,0,0,0,0,0,0,0,0,0,0,0,0,0,0,0,0,0,0,0,0,0,0,0,0,0,0,0,0,0,0,0,0,0,0,0,0,0,0,0,0,3729933,3,118,249,72,3194645,2,98,206,86,0,0,0,0,0,0,0,0,0,0,0,0,0,0,0,0,0,0,0,0,0,0,0,0,0,0,0,0,0,0,0,0,0,0,0,0,0,0,0,0,0,0,0,0,0,0,0,0,0,0,0,0,0,0,0,3194645,2,98,206,86,6908138,4,112,356,43,0,0,0,0,0,0,0,0,0,0,0,0,0,0,0,0,0,0,0,0,0,0,0,0,0,0,0,0,0,0,0,0,0,0,0,0,0,0,0,0,0,0,0,0,0,0,0,0,0,0,0,0,0,0,0,6908138,4,112,356,43
australian electropop,0.62,0.6,103.76,0.3,-5.45,0.04,0.12,0.19,0.0,21908517,52,179,1144,130,21198097,51,179,1122,130,15931528,39,177,936,130,5266569,12,184,204,143,0,0,0,0,0,0,0,0,0,0,0,0,0,0,0,0,0,0,0,0,0,0,0,0,0,0,0,0,0,0,0,0,0,0,0,0,0,0,0,0,0,0,0,0,0,0,0,0,0,0,0,0,0,0,0,0,0,0,0,0,0,0,0,0,0,0,0,0,0,0,0,0,0,0,0,0,0,0,0,0,0,0,0,0,0,0,0,0,0,0,0,0,0,0,0,0,0,0,0,0,0,0,0,0,0,0,0,0,0,0,0,0,0,0,0,710420,1,178,23,178,0,0,0,0,0,0,0,0,0,0,0,0,0,0,0,0,0,0,0,0,0,0,0,0,0,710420,1,178,23,178,0,0,0,0,0,0,0,0,0,0,0,0,0,0,0,0,0,0,0,0,0,0,0,0,0,0,0,0,0,0,0,0,0,0,0,0,0,0,0,0,0,0,0,0,0,0,0,0,0,0,0,0,0,0,0,0,0,0,0,0,0,0,0,0,0,0,0,0,0,0,0,0,0,0,0,0,0,0,0,0,0,0,0,0,0,0,0,0,0,0,0,0,0,0,0
australian indie,0.62,0.6,103.76,0.3,-5.45,0.04,0.12,0.19,0.0,21908517,52,179,1144,130,21198097,51,179,1122,130,15931528,39,177,936,130,5266569,12,184,204,143,0,0,0,0,0,0,0,0,0,0,0,0,0,0,0,0,0,0,0,0,0,0,0,0,0,0,0,0,0,0,0,0,0,0,0,0,0,0,0,0,0,0,0,0,0,0,0,0,0,0,0,0,0,0,0,0,0,0,0,0,0,0,0,0,0,0,0,0,0,0,0,0,0,0,0,0,0,0,0,0,0,0,0,0,0,0,0,0,0,0,0,0,0,0,0,0,0,0,0,0,0,0,0,0,0,0,0,0,0,0,0,0,0,0,0,710420,1,178,23,178,0,0,0,0,0,0,0,0,0,0,0,0,0,0,0,0,0,0,0,0,0,0,0,0,0,710420,1,178,23,178,0,0,0,0,0,0,0,0,0,0,0,0,0,0,0,0,0,0,0,0,0,0,0,0,0,0,0,0,0,0,0,0,0,0,0,0,0,0,0,0,0,0,0,0,0,0,0,0,0,0,0,0,0,0,0,0,0,0,0,0,0,0,0,0,0,0,0,0,0,0,0,0,0,0,0,0,0,0,0,0,0,0,0,0,0,0,0,0,0,0,0,0,0,0,0
lithuanian edm,0.81,0.76,124.96,0.29,-5.69,0.08,0.34,0.05,0.01,26178542,38,171,1140,143,0,0,0,0,0,0,0,0,0,0,0,0,0,0,0,0,0,0,0,0,0,0,0,0,0,0,0,0,0,0,0,0,0,0,0,0,0,0,0,0,0,0,0,0,0,0,0,0,0,0,0,0,0,0,0,0,0,0,0,0,0,0,0,0,0,0,0,0,0,0,0,0,0,0,0,0,0,0,0,0,0,0,0,0,0,0,0,0,0,0,0,0,0,0,0,0,0,0,0,0,0,0,0,0,0,0,0,0,0,0,0,0,0,0,0,0,0,0,0,0,0,0,0,0,0,0,0,0,0,0,26178542,38,171,1140,143,0,0,0,0,0,0,0,0,0,0,5322592,8,188,104,178,20270615,29,165,1044,143,585335,1,200,1,200,0,0,0,0,0,0,0,0,0,0,0,0,0,0,0,0,0,0,0,0,0,0,0,0,0,0,0,0,0,0,0,0,0,0,0,0,0,0,0,0,0,0,0,0,0,0,0,0,0,0,0,0,0,0,0,0,0,0,0,0,0,0,0,0,0,0,0,0,0,0,0,0,0,0,0,0,0,0,0,0,0,0,0,0,0,0,0,0,0,0,0,0,0,0,0,0,0,0,0,0
lithuanian electronic,0.81,0.76,124.96,0.29,-5.69,0.08,0.34,0.05,0.01,26178542,38,171,1140,143,0,0,0,0,0,0,0,0,0,0,0,0,0,0,0,0,0,0,0,0,0,0,0,0,0,0,0,0,0,0,0,0,0,0,0,0,0,0,0,0,0,0,0,0,0,0,0,0,0,0,0,0,0,0,0,0,0,0,0,0,0,0,0,0,0,0,0,0,0,0,0,0,0,0,0,0,0,0,0,0,0,0,0,0,0,0,0,0,0,0,0,0,0,0,0,0,0,0,0,0,0,0,0,0,0,0,0,0,0,0,0,0,0,0,0,0,0,0,0,0,0,0,0,0,0,0,0,0,0,0,26178542,38,171,1140,143,0,0,0,0,0,0,0,0,0,0,5322592,8,188,104,178,20270615,29,165,1044,143,585335,1,200,1,200,0,0,0,0,0,0,0,0,0,0,0,0,0,0,0,0,0,0,0,0,0,0,0,0,0,0,0,0,0,0,0,0,0,0,0,0,0,0,0,0,0,0,0,0,0,0,0,0,0,0,0,0,0,0,0,0,0,0,0,0,0,0,0,0,0,0,0,0,0,0,0,0,0,0,0,0,0,0,0,0,0,0,0,0,0,0,0,0,0,0,0,0,0,0,0,0,0,0,0,0
argentine indie,0.63,0.77,129.84,0.92,-4.48,0.28,0.76,0.16,0.0,26107281,38,171,1140,134,0,0,0,0,0,0,0,0,0,0,0,0,0,0,0,0,0,0,0,0,0,0,0,0,0,0,0,0,0,0,0,0,0,0,0,0,0,0,0,0,0,0,0,0,0,0,0,0,0,0,0,0,0,0,0,0,0,0,0,0,0,0,0,0,0,0,0,0,0,0,0,0,0,0,0,0,0,0,0,0,0,0,0,0,0,0,0,0,0,0,0,0,0,0,0,0,0,0,0,0,0,0,0,0,0,0,0,0,0,0,0,0,0,0,0,0,0,0,0,0,0,0,0,0,0,0,0,0,0,0,24797584,36,170,1116,134,0,0,0,0,0,0,0,0,0,0,0,0,0,0,0,0,0,0,0,0,0,0,0,0,0,0,0,0,0,0,0,0,0,0,0,14120850,20,161,800,134,10676734,16,181,320,169,0,0,0,0,0,0,0,0,0,0,0,0,0,0,0,1309697,2,192,18,186,0,0,0,0,0,0,0,0,0,0,0,0,0,0,0,0,0,0,0,0,0,0,0,0,0,0,0,0,0,0,1309697,2,192,18,186,0,0,0,0,0,0,0,0,0,0,0,0,0,0,0,0,0,0,0,0,0,0,0,0,0
french pop,0.62,0.46,135.74,0.35,-9.57,0.2,0.11,0.38,0.0,12712457,17,134,1139,72,4522533,7,128,511,72,0,0,0,0,0,0,0,0,0,0,0,0,0,0,0,4522533,7,128,511,72,0,0,0,0,0,0,0,0,0,0,0,0,0,0,0,0,0,0,0,0,0,0,0,0,0,0,0,0,0,0,0,0,0,0,0,0,0,0,0,0,0,0,0,0,0,0,0,0,0,0,0,0,0,0,0,0,0,0,0,0,0,0,0,0,0,0,0,0,0,0,0,0,0,0,0,0,0,0,0,0,0,0,0,0,0,0,0,0,0,0,0,0,0,0,0,0,0,0,0,0,0,0,0,0,0,8189924,10,138,630,90,0,0,0,0,0,0,0,0,0,0,0,0,0,0,0,0,0,0,0,0,0,0,0,0,0,3683945,4,119,328,90,4505979,6,150,306,109,0,0,0,0,0,0,0,0,0,0,0,0,0,0,0,0,0,0,0,0,0,0,0,0,0,0,0,0,0,0,0,0,0,0,0,0,0,0,0,0,0,0,0,0,0,0,0,0,0,0,0,0,0,0,0,0,0,0,0,0,0,0,0,0,0,0,0,0,0,0,0,0,0,0,0,0,0,0,0,0,0,0,0,0,0,0,0,0,0,0
mande pop,0.61,0.71,105.74,0.71,-6.18,0.37,0.34,0.12,0.0,11012020,11,100,1111,46,0,0,0,0,0,0,0,0,0,0,0,0,0,0,0,0,0,0,0,0,0,0,0,0,0,0,0,0,0,0,0,0,0,0,0,0,0,0,0,0,0,0,0,0,0,0,0,0,0,0,0,0,0,0,0,0,0,0,0,0,0,0,0,0,0,0,0,0,0,0,0,0,0,0,0,0,0,0,0,0,0,0,0,0,0,0,0,0,0,0,0,0,0,0,0,0,0,0,0,0,0,0,0,0,0,0,0,0,0,0,0,0,0,0,0,0,0,0,0,0,0,0,0,0,0,0,0,0,0,0,11012020,11,100,1111,46,0,0,0,0,0,0,0,0,0,0,0,0,0,0,0,0,0,0,0,0,0,0,0,0,0,0,0,0,0,0,11012020,11,100,1111,46,0,0,0,0,0,0,0,0,0,0,0,0,0,0,0,0,0,0,0,0,0,0,0,0,0,0,0,0,0,0,0,0,0,0,0,0,0,0,0,0,0,0,0,0,0,0,0,0,0,0,0,0,0,0,0,0,0,0,0,0,0,0,0,0,0,0,0,0,0,0,0,0,0,0,0,0,0,0,0,0,0,0,0,0,0,0,0,0,0,0
world,0.61,0.71,105.74,0.71,-6.18,0.37,0.34,0.12,0.0,11012020,11,100,1111,46,0,0,0,0,0,0,0,0,0,0,0,0,0,0,0,0,0,0,0,0,0,0,0,0,0,0,0,0,0,0,0,0,0,0,0,0,0,0,0,0,0,0,0,0,0,0,0,0,0,0,0,0,0,0,0,0,0,0,0,0,0,0,0,0,0,0,0,0,0,0,0,0,0,0,0,0,0,0,0,0,0,0,0,0,0,0,0,0,0,0,0,0,0,0,0,0,0,0,0,0,0,0,0,0,0,0,0,0,0,0,0,0,0,0,0,0,0,0,0,0,0,0,0,0,0,0,0,0,0,0,11012020,11,100,1111,46,0,0,0,0,0,0,0,0,0,0,0,0,0,0,0,0,0,0,0,0,0,0,0,0,0,0,0,0,0,0,11012020,11,100,1111,46,0,0,0,0,0,0,0,0,0,0,0,0,0,0,0,0,0,0,0,0,0,0,0,0,0,0,0,0,0,0,0,0,0,0,0,0,0,0,0,0,0,0,0,0,0,0,0,0,0,0,0,0,0,0,0,0,0,0,0,0,0,0,0,0,0,0,0,0,0,0,0,0,0,0,0,0,0,0,0,0,0,0,0,0,0,0,0,0,0,0
malian blues,0.61,0.71,105.74,0.71,-6.18,0.37,0.34,0.12,0.0,11012020,11,100,1111,46,0,0,0,0,0,0,0,0,0,0,0,0,0,0,0,0,0,0,0,0,0,0,0,0,0,0,0,0,0,0,0,0,0,0,0,0,0,0,0,0,0,0,0,0,0,0,0,0,0,0,0,0,0,0,0,0,0,0,0,0,0,0,0,0,0,0,0,0,0,0,0,0,0,0,0,0,0,0,0,0,0,0,0,0,0,0,0,0,0,0,0,0,0,0,0,0,0,0,0,0,0,0,0,0,0,0,0,0,0,0,0,0,0,0,0,0,0,0,0,0,0,0,0,0,0,0,0,0,0,0,11012020,11,100,1111,46,0,0,0,0,0,0,0,0,0,0,0,0,0,0,0,0,0,0,0,0,0,0,0,0,0,0,0,0,0,0,11012020,11,100,1111,46,0,0,0,0,0,0,0,0,0,0,0,0,0,0,0,0,0,0,0,0,0,0,0,0,0,0,0,0,0,0,0,0,0,0,0,0,0,0,0,0,0,0,0,0,0,0,0,0,0,0,0,0,0,0,0,0,0,0,0,0,0,0,0,0,0,0,0,0,0,0,0,0,0,0,0,0,0,0,0,0,0,0,0,0,0,0,0,0,0,0
wassoulou,0.61,0.71,105.74,0.71,-6.18,0.37,0.34,0.12,0.0,11012020,11,100,1111,46,0,0,0,0,0,0,0,0,0,0,0,0,0,0,0,0,0,0,0,0,0,0,0,0,0,0,0,0,0,0,0,0,0,0,0,0,0,0,0,0,0,0,0,0,0,0,0,0,0,0,0,0,0,0,0,0,0,0,0,0,0,0,0,0,0,0,0,0,0,0,0,0,0,0,0,0,0,0,0,0,0,0,0,0,0,0,0,0,0,0,0,0,0,0,0,0,0,0,0,0,0,0,0,0,0,0,0,0,0,0,0,0,0,0,0,0,0,0,0,0,0,0,0,0,0,0,0,0,0,0,11012020,11,100,1111,46,0,0,0,0,0,0,0,0,0,0,0,0,0,0,0,0,0,0,0,0,0,0,0,0,0,0,0,0,0,0,11012020,11,100,1111,46,0,0,0,0,0,0,0,0,0,0,0,0,0,0,0,0,0,0,0,0,0,0,0,0,0,0,0,0,0,0,0,0,0,0,0,0,0,0,0,0,0,0,0,0,0,0,0,0,0,0,0,0,0,0,0,0,0,0,0,0,0,0,0,0,0,0,0,0,0,0,0,0,0,0,0,0,0,0,0,0,0,0,0,0,0,0,0,0,0,0
cumbia pop,0.72,0.61,85.08,0.86,-6.9,0.06,0.16,0.19,0.0,28675743,33,169,1056,111,0,0,0,0,0,0,0,0,0,0,0,0,0,0,0,0,0,0,0,0,0,0,0,0,0,0,0,0,0,0,0,0,0,0,0,0,0,0,0,0,0,0,0,0,0,0,0,0,0,0,0,0,0,0,0,0,0,0,0,0,0,0,0,0,0,0,0,0,0,0,0,0,0,0,0,0,0,0,0,0,0,0,0,0,0,0,0,0,0,0,0,0,0,0,0,0,0,0,0,0,0,0,0,0,0,0,0,0,0,0,0,0,0,0,0,0,0,0,0,0,0,0,0,0,0,0,0,0,0,0,0,0,0,0,0,0,0,0,0,0,0,0,0,0,0,0,0,0,0,0,0,0,0,0,0,0,0,0,0,0,0,0,0,0,0,0,0,0,0,0,0,0,0,0,0,0,0,0,0,0,0,0,0,0,0,0,0,0,0,0,0,0,0,0,0,28675743,33,169,1056,111,0,0,0,0,0,0,0,0,0,0,0,0,0,0,0,0,0,0,0,0,0,0,0,0,0,0,0,0,0,0,0,0,0,0,0,0,0,0,0,0,0,0,0,0,0,0,0,0,0,0,3836667,5,184,85,164,24839076,28,166,980,111
christmas instrumental,0.49,0.17,99.39,0.22,-17.82,0.04,0.11,0.94,0.0,17810614,16,136,1040,31,7657040,9,145,504,31,0,0,0,0,0,0,0,0,0,0,0,0,0,0,0,0,0,0,0,0,0,0,0,0,0,0,0,0,0,0,0,0,0,0,0,0,0,0,0,0,0,0,0,0,0,0,0,0,0,0,0,0,0,0,0,7657040,9,145,504,31,1054872,1,131,70,131,0,0,0,0,0,0,0,0,0,0,0,0,0,0,0,0,0,0,0,0,0,0,0,0,0,0,0,0,0,0,0,0,0,0,0,0,0,0,0,0,0,0,0,0,0,0,0,0,0,0,0,0,0,0,0,1054872,1,131,70,131,2263017,2,132,138,126,0,0,0,0,0,0,0,0,0,0,0,0,0,0,0,0,0,0,0,0,0,0,0,0,0,0,0,0,0,0,0,0,0,0,0,0,0,0,0,0,0,0,0,0,0,0,0,0,0,0,0,0,0,0,0,2263017,2,132,138,126,6835685,4,120,324,64,0,0,0,0,0,0,0,0,0,0,0,0,0,0,0,0,0,0,0,0,0,0,0,0,0,0,0,0,0,0,0,0,0,0,0,0,0,0,0,0,0,0,0,0,0,0,0,0,0,0,0,0,0,0,0,6835685,4,120,324,64
jazz trio,0.49,0.17,99.39,0.22,-17.82,0.04,0.11,0.94,0.0,17810614,16,136,1040,31,7657040,9,145,504,31,0,0,0,0,0,0,0,0,0,0,0,0,0,0,0,0,0,0,0,0,0,0,0,0,0,0,0,0,0,0,0,0,0,0,0,0,0,0,0,0,0,0,0,0,0,0,0,0,0,0,0,0,0,0,0,7657040,9,145,504,31,1054872,1,131,70,131,0,0,0,0,0,0,0,0,0,0,0,0,0,0,0,0,0,0,0,0,0,0,0,0,0,0,0,0,0,0,0,0,0,0,0,0,0,0,0,0,0,0,0,0,0,0,0,0,0,0,0,0,0,0,0,1054872,1,131,70,131,2263017,2,132,138,126,0,0,0,0,0,0,0,0,0,0,0,0,0,0,0,0,0,0,0,0,0,0,0,0,0,0,0,0,0,0,0,0,0,0,0,0,0,0,0,0,0,0,0,0,0,0,0,0,0,0,0,0,0,0,0,2263017,2,132,138,126,6835685,4,120,324,64,0,0,0,0,0,0,0,0,0,0,0,0,0,0,0,0,0,0,0,0,0,0,0,0,0,0,0,0,0,0,0,0,0,0,0,0,0,0,0,0,0,0,0,0,0,0,0,0,0,0,0,0,0,0,0,6835685,4,120,324,64
gospel,0.63,0.62,89.99,0.59,-6.01,0.4,0.2,0.35,0.0,12340143,9,86,1035,25,0,0,0,0,0,0,0,0,0,0,0,0,0,0,0,0,0,0,0,0,0,0,0,0,0,0,0,0,0,0,0,0,0,0,0,0,0,0,0,0,0,0,0,0,0,0,0,0,0,0,0,0,0,0,0,0,0,0,0,0,0,0,0,0,0,0,0,0,0,0,0,0,0,0,0,0,0,0,0,0,0,0,0,0,0,0,0,0,0,0,0,0,0,0,0,0,0,0,0,0,0,0,0,0,0,0,0,0,0,0,0,0,0,0,0,0,0,0,0,0,0,0,0,0,0,0,0,0,0,0,12340143,9,86,1035,25,0,0,0,0,0,0,0,0,0,0,0,0,0,0,0,0,0,0,0,0,0,0,0,0,0,0,0,0,0,0,676467,1,176,25,176,0,0,0,0,0,0,0,0,0,0,10983663,7,57,1008,25,680013,1,192,9,192,0,0,0,0,0,0,0,0,0,0,0,0,0,0,0,0,0,0,0,0,0,0,0,0,0,0,0,0,0,0,0,0,0,0,0,0,0,0,0,0,0,0,0,0,0,0,0,0,0,0,0,0,0,0,0,0,0,0,0,0,0,0,0,0,0,0,0,0,0,0
australian rock,0.49,0.79,134.3,0.6,-4.95,0.06,0.16,0.01,0.0,15269640,19,152,931,53,1394283,2,148,106,102,0,0,0,0,0,0,0,0,0,0,0,0,0,0,0,0,0,0,0,0,0,0,0,0,0,0,0,0,0,0,0,0,0,0,0,0,0,0,0,0,0,0,0,0,0,791963,1,102,99,102,0,0,0,0,0,602320,1,195,6,195,3609707,5,153,240,53,442882,1,198,3,198,0,0,0,0,0,0,0,0,0,0,0,0,0,0,0,0,0,0,0,0,0,0,0,0,0,0,0,0,0,0,0,0,0,0,0,0,0,0,0,0,2484986,3,139,186,53,681839,1,148,53,148,0,0,0,0,0,1904551,2,111,180,71,0,0,0,0,0,0,0,0,0,0,0,0,0,0,0,0,0,0,0,0,0,0,0,0,0,0,0,0,0,0,0,0,0,0,0,0,0,0,0,0,0,0,0,0,0,1154975,1,71,130,71,749576,1,151,50,151,0,0,0,0,0,8361099,10,160,410,75,0,0,0,0,0,0,0,0,0,0,0,0,0,0,0,0,0,0,0,0,0,0,0,0,0,0,0,0,0,0,704831,1,186,15,186,0,0,0,0,0,0,0,0,0,0,5919502,7,165,252,75,1736766,2,132,138,129,0,0,0,0,0
halloween,0.59,0.49,106.64,0.67,-14.15,0.18,0.24,0.64,0.0,9596876,9,98,927,51,1340708,2,132,138,113,0,0,0,0,0,0,0,0,0,0,0,0,0,0,0,0,0,0,0,0,0,0,0,0,0,0,0,0,0,0,0,0,0,0,0,0,0,0,0,0,0,0,0,0,0,1340708,2,132,138,113,0,0,0,0,0,0,0,0,0,0,1744428,2,108,186,98,0,0,0,0,0,0,0,0,0,0,0,0,0,0,0,0,0,0,0,0,0,0,0,0,0,0,0,0,0,0,0,0,0,0,0,0,0,0,0,0,0,0,0,0,0,1744428,2,108,186,98,0,0,0,0,0,0,0,0,0,0,2470170,2,66,270,56,0,0,0,0,0,0,0,0,0,0,0,0,0,0,0,0,0,0,0,0,0,0,0,0,0,0,0,0,0,0,0,0,0,0,0,0,0,0,0,0,0,0,0,0,0,2470170,2,66,270,56,0,0,0,0,0,0,0,0,0,0,4041570,3,89,336,51,0,0,0,0,0,0,0,0,0,0,0,0,0,0,0,0,0,0,0,0,0,0,0,0,0,0,0,0,0,0,0,0,0,0,0,0,0,0,0,0,0,0,0,0,0,3259486,2,62,278,51,782084,1,142,59,142,0,0,0,0,0
turkish trap,0.77,0.63,142.97,0.48,-6.22,0.12,0.14,0.25,0.03,23733965,35,175,910,136,0,0,0,0,0,0,0,0,0,0,0,0,0,0,0,0,0,0,0,0,0,0,0,0,0,0,0,0,0,0,0,0,0,0,0,0,0,0,0,0,0,0,0,0,0,0,0,0,0,0,0,0,0,0,0,0,0,0,0,0,0,0,0,0,0,0,0,0,0,0,0,0,0,0,0,0,0,0,0,0,0,0,0,0,0,0,0,0,0,0,0,0,0,0,0,0,0,0,0,0,0,0,0,0,0,0,0,0,0,0,0,0,0,0,0,0,0,0,0,0,0,0,0,0,0,0,0,0,0,0,20958230,31,173,868,136,0,0,0,0,0,0,0,0,0,0,0,0,0,0,0,0,0,0,0,0,0,0,0,0,0,0,0,0,0,0,8232942,12,168,396,136,0,0,0,0,0,1500424,2,162,78,139,11224864,17,178,391,139,0,0,0,0,0,0,0,0,0,0,2775735,4,190,44,179,0,0,0,0,0,0,0,0,0,0,0,0,0,0,0,0,0,0,0,0,0,0,0,0,0,0,0,0,0,0,0,0,0,0,0,0,0,0,0,0,712081,1,200,1,200,2063654,3,187,42,179,0,0,0,0,0,0,0,0,0,0
norwegian indie,0.62,0.74,99.97,0.49,-2.94,0.06,0.26,0.14,0.0,18319467,29,170,899,115,0,0,0,0,0,0,0,0,0,0,0,0,0,0,0,0,0,0,0,0,0,0,0,0,0,0,0,0,0,0,0,0,0,0,0,0,0,0,0,0,0,0,0,0,0,0,0,0,0,0,0,0,0,0,0,0,0,0,0,0,0,0,0,0,0,18319467,29,170,899,115,0,0,0,0,0,0,0,0,0,0,0,0,0,0,0,7396173,11,160,451,115,10923294,18,177,432,146,0,0,0,0,0,0,0,0,0,0,0,0,0,0,0,0,0,0,0,0,0,0,0,0,0,0,0,0,0,0,0,0,0,0,0,0,0,0,0,0,0,0,0,0,0,0,0,0,0,0,0,0,0,0,0,0,0,0,0,0,0,0,0,0,0,0,0,0,0,0,0,0,0,0,0,0,0,0,0,0,0,0,0,0,0,0,0,0,0,0,0,0,0,0,0,0,0,0,0,0,0,0,0,0,0,0,0,0,0,0,0,0,0,0,0,0,0,0,0,0,0,0,0,0,0,0,0,0,0,0,0,0,0,0,0,0,0,0,0,0,0,0,0,0,0,0,0,0,0,0,0,0,0,0,0,0,0,0,0,0,0,0,0,0,0
kids hip hop,0.6,0.6,119.7,0.6,-7.08,0.23,0.28,0.05,0.0,11155049,14,137,896,69,0,0,0,0,0,0,0,0,0,0,0,0,0,0,0,0,0,0,0,0,0,0,0,0,0,0,0,0,0,0,0,0,0,0,0,0,0,0,0,0,0,0,0,0,0,0,0,0,0,0,0,0,0,0,0,0,0,0,0,0,0,0,0,0,0,0,0,0,0,0,0,0,0,0,0,0,0,0,0,0,0,0,0,0,0,0,0,0,0,0,0,0,0,0,0,0,0,0,0,0,0,0,0,0,0,0,0,0,0,0,0,0,0,0,0,0,0,0,0,0,0,0,0,0,0,0,0,0,0,0,11155049,14,137,896,69,0,0,0,0,0,0,0,0,0,0,0,0,0,0,0,0,0,0,0,0,0,0,0,0,0,0,0,0,0,0,10503677,13,133,884,69,651372,1,179,22,179,0,0,0,0,0,0,0,0,0,0,0,0,0,0,0,0,0,0,0,0,0,0,0,0,0,0,0,0,0,0,0,0,0,0,0,0,0,0,0,0,0,0,0,0,0,0,0,0,0,0,0,0,0,0,0,0,0,0,0,0,0,0,0,0,0,0,0,0,0,0,0,0,0,0,0,0,0,0,0,0,0,0,0,0,0
canadian latin,0.81,0.97,114.33,0.87,-6.1,0.05,0.15,0.06,0.0,24142092,33,174,891,143,0,0,0,0,0,0,0,0,0,0,0,0,0,0,0,0,0,0,0,0,0,0,0,0,0,0,0,0,0,0,0,0,0,0,0,0,0,0,0,0,0,0,0,0,0,0,0,0,0,0,0,0,0,0,0,0,0,0,0,0,0,0,0,0,0,0,0,0,0,0,0,0,0,0,0,0,0,0,0,0,0,0,0,0,0,0,0,0,0,0,0,0,0,0,0,0,0,0,0,0,0,0,0,0,0,0,0,0,0,0,0,0,0,0,0,0,0,0,0,0,0,0,0,0,0,0,0,0,0,0,0,0,0,0,0,0,0,0,0,0,0,0,0,0,0,0,0,0,0,0,0,0,0,0,0,0,0,0,0,0,0,0,0,0,0,0,0,0,0,0,0,0,0,0,0,0,0,0,0,0,0,0,0,0,0,0,0,0,0,0,0,0,0,0,0,24142092,33,174,891,143,0,0,0,0,0,0,0,0,0,0,0,0,0,0,0,0,0,0,0,0,0,0,0,0,0,0,0,0,0,0,0,0,0,0,0,0,0,0,0,0,0,0,0,0,0,8654927,12,179,264,143,15487165,21,172,609,150,0,0,0,0,0
progressive rock,0.3,0.46,109.21,0.19,-12.48,0.04,0.11,0.14,0.79,11604411,13,133,884,65,0,0,0,0,0,0,0,0,0,0,0,0,0,0,0,0,0,0,0,0,0,0,0,0,0,0,0,0,0,0,0,0,0,0,0,0,0,0,0,0,0,0,0,0,0,0,0,0,0,0,0,0,0,0,0,0,0,0,0,0,0,0,0,0,0,0,0,0,0,0,0,0,0,0,0,0,0,0,0,0,0,0,0,0,0,0,0,0,0,0,0,0,0,0,0,0,0,0,0,0,0,0,0,0,0,0,0,0,0,0,0,0,0,0,0,0,0,0,0,0,0,0,0,0,0,0,0,0,0,0,11604411,13,133,884,65,0,0,0,0,0,0,0,0,0,0,0,0,0,0,0,0,0,0,0,0,0,0,0,0,0,0,0,0,0,0,0,0,0,0,0,11604411,13,133,884,65,0,0,0,0,0,0,0,0,0,0,0,0,0,0,0,0,0,0,0,0,0,0,0,0,0,0,0,0,0,0,0,0,0,0,0,0,0,0,0,0,0,0,0,0,0,0,0,0,0,0,0,0,0,0,0,0,0,0,0,0,0,0,0,0,0,0,0,0,0,0,0,0,0,0,0,0,0,0,0,0,0,0,0,0,0
progressive metal,0.3,0.46,109.21,0.19,-12.48,0.04,0.11,0.14,0.79,11604411,13,133,884,65,0,0,0,0,0,0,0,0,0,0,0,0,0,0,0,0,0,0,0,0,0,0,0,0,0,0,0,0,0,0,0,0,0,0,0,0,0,0,0,0,0,0,0,0,0,0,0,0,0,0,0,0,0,0,0,0,0,0,0,0,0,0,0,0,0,0,0,0,0,0,0,0,0,0,0,0,0,0,0,0,0,0,0,0,0,0,0,0,0,0,0,0,0,0,0,0,0,0,0,0,0,0,0,0,0,0,0,0,0,0,0,0,0,0,0,0,0,0,0,0,0,0,0,0,0,0,0,0,0,0,11604411,13,133,884,65,0,0,0,0,0,0,0,0,0,0,0,0,0,0,0,0,0,0,0,0,0,0,0,0,0,0,0,0,0,0,0,0,0,0,0,11604411,13,133,884,65,0,0,0,0,0,0,0,0,0,0,0,0,0,0,0,0,0,0,0,0,0,0,0,0,0,0,0,0,0,0,0,0,0,0,0,0,0,0,0,0,0,0,0,0,0,0,0,0,0,0,0,0,0,0,0,0,0,0,0,0,0,0,0,0,0,0,0,0,0,0,0,0,0,0,0,0,0,0,0,0,0,0,0,0,0
south carolina hip hop,0.72,0.68,125.72,0.45,-5.01,0.08,0.12,0.14,0.0,23504851,46,182,874,101,13609737,34,190,374,179,10762938,27,188,351,179,2846799,7,195,42,190,0,0,0,0,0,0,0,0,0,0,0,0,0,0,0,0,0,0,0,0,0,0,0,0,0,0,0,0,0,0,0,0,0,0,0,0,0,0,0,0,0,0,0,0,0,0,0,0,0,0,1801930,2,177,48,162,0,0,0,0,0,0,0,0,0,0,0,0,0,0,0,0,0,0,0,0,0,0,0,0,0,0,0,0,0,0,0,0,0,0,0,0,0,0,0,0,0,0,0,0,0,0,0,0,0,0,0,0,0,0,0,1801930,2,177,48,162,6237614,8,164,296,109,0,0,0,0,0,0,0,0,0,0,0,0,0,0,0,0,0,0,0,0,0,0,0,0,0,0,0,0,0,0,0,0,0,0,0,0,0,0,0,0,0,0,0,0,0,4266434,6,161,240,109,0,0,0,0,0,1971180,2,173,56,162,1855570,2,127,148,101,0,0,0,0,0,0,0,0,0,0,0,0,0,0,0,0,0,0,0,0,0,0,0,0,0,0,0,0,0,0,0,0,0,0,0,0,0,0,0,0,0,0,0,0,0,1855570,2,127,148,101,0,0,0,0,0,0,0,0,0,0
trap brasileiro,0.73,0.69,140.71,0.52,-4.6,0.14,0.12,0.14,0.0,25027204,36,177,864,114,0,0,0,0,0,0,0,0,0,0,0,0,0,0,0,0,0,0,0,0,0,0,0,0,0,0,0,0,0,0,0,0,0,0,0,0,0,0,0,0,0,0,0,0,0,0,0,0,0,0,0,0,0,0,0,0,0,0,0,0,0,0,0,0,0,0,0,0,0,0,0,0,0,0,0,0,0,0,0,0,0,0,0,0,0,0,0,0,0,0,0,0,0,0,0,0,0,0,0,0,0,0,0,0,0,0,0,0,0,0,0,0,0,0,0,0,0,0,0,0,0,0,0,0,0,0,0,0,0,0,18517695,27,179,594,144,0,0,0,0,0,17172564,25,178,575,144,1345131,2,194,14,194,0,0,0,0,0,0,0,0,0,0,0,0,0,0,0,0,0,0,0,0,0,0,0,0,0,0,0,0,0,0,0,0,0,0,0,0,0,0,0,0,0,0,0,0,0,6509509,9,171,270,114,0,0,0,0,0,0,0,0,0,0,0,0,0,0,0,0,0,0,0,0,0,0,0,0,0,0,0,0,0,0,0,0,0,0,0,0,0,0,0,0,6509509,9,171,270,114,0,0,0,0,0,0,0,0,0,0,0,0,0,0,0
aesthetic rap,0.61,0.94,84.98,0.39,-7.44,0.12,0.1,0.0,0.0,21344764,29,173,812,145,0,0,0,0,0,0,0,0,0,0,0,0,0,0,0,0,0,0,0,0,0,0,0,0,0,0,0,0,0,0,0,0,0,0,0,0,0,0,0,0,0,0,0,0,0,0,0,0,0,0,0,0,0,0,0,0,0,0,0,0,0,0,0,0,0,0,0,0,0,0,0,0,0,0,0,0,0,0,0,0,0,0,0,0,0,0,0,0,0,0,0,0,0,0,0,0,0,0,0,0,0,0,0,0,0,0,0,0,0,0,0,0,0,0,0,0,0,0,0,0,0,0,0,0,0,0,0,0,0,0,0,0,0,0,0,0,0,0,0,0,0,0,0,0,0,0,0,0,0,0,0,0,0,0,0,0,0,0,0,0,0,0,0,0,0,0,0,0,0,0,0,0,0,0,0,0,0,0,0,0,0,0,0,0,0,0,0,0,0,0,0,0,0,0,0,21344764,29,173,812,145,0,0,0,0,0,0,0,0,0,0,0,0,0,0,0,0,0,0,0,0,0,0,0,0,0,0,0,0,0,0,0,0,0,0,0,0,0,0,0,0,0,0,0,0,0,5135689,7,171,210,152,13224267,18,171,540,145,2984808,4,187,56,181
roots rock,0.56,0.72,120.91,0.69,-6.6,0.07,0.26,0.17,0.0,10106590,14,143,812,84,5774918,9,139,558,84,0,0,0,0,0,0,0,0,0,0,0,0,0,0,0,1781151,3,155,138,127,0,0,0,0,0,0,0,0,0,0,0,0,0,0,0,0,0,0,0,0,0,0,0,0,0,3993767,6,131,420,84,0,0,0,0,0,0,0,0,0,0,1969133,2,126,150,86,0,0,0,0,0,0,0,0,0,0,0,0,0,0,0,0,0,0,0,0,0,0,0,0,0,0,0,0,0,0,0,0,0,0,0,0,0,0,0,0,983191,1,86,115,86,0,0,0,0,0,0,0,0,0,0,985942,1,167,34,167,791570,1,163,38,163,0,0,0,0,0,0,0,0,0,0,791570,1,163,38,163,0,0,0,0,0,0,0,0,0,0,0,0,0,0,0,0,0,0,0,0,0,0,0,0,0,0,0,0,0,0,0,0,0,0,0,0,0,0,0,0,0,0,0,0,0,1570969,2,166,70,147,0,0,0,0,0,0,0,0,0,0,0,0,0,0,0,0,0,0,0,0,0,0,0,0,0,0,0,0,0,0,0,0,0,0,0,0,0,0,0,0,735896,1,184,17,184,835073,1,147,54,147,0,0,0,0,0,0,0,0,0,0
rap boricua,0.86,0.73,93.04,0.65,-2.95,0.06,0.09,0.4,0.0,9817837,12,134,804,83,0,0,0,0,0,0,0,0,0,0,0,0,0,0,0,0,0,0,0,0,0,0,0,0,0,0,0,0,0,0,0,0,0,0,0,0,0,0,0,0,0,0,0,0,0,0,0,0,0,0,0,0,0,0,0,0,0,0,0,0,0,0,0,0,0,0,0,0,0,0,0,0,0,0,0,0,0,0,0,0,0,0,0,0,0,0,0,0,0,0,0,0,0,0,0,0,0,0,0,0,0,0,0,0,0,0,0,0,0,0,0,0,0,0,0,0,0,0,0,0,0,0,0,0,0,0,0,0,0,0,0,0,0,0,0,0,0,0,0,0,0,0,0,0,0,0,0,0,0,0,0,0,0,0,0,0,0,0,0,0,0,0,0,0,0,0,0,0,0,0,0,0,0,0,0,0,0,0,0,0,0,0,0,0,0,0,0,0,0,0,0,0,0,0,0,9817837,12,134,804,83,0,0,0,0,0,0,0,0,0,0,0,0,0,0,0,0,0,0,0,0,2907851,3,105,288,83,607312,1,199,2,199,6302674,8,136,520,116,0,0,0,0,0,0,0,0,0,0,0,0,0,0,0,0,0,0,0,0,0,0,0,0,0
chicago bop,0.73,0.57,75.49,0.32,-6.72,0.32,0.38,0.01,0.0,8812324,7,88,791,22,0,0,0,0,0,0,0,0,0,0,0,0,0,0,0,0,0,0,0,0,0,0,0,0,0,0,0,0,0,0,0,0,0,0,0,0,0,0,0,0,0,0,0,0,0,0,0,0,0,0,0,0,0,0,0,0,0,0,0,0,0,0,0,0,0,0,0,0,0,0,0,0,0,0,0,0,0,0,0,0,0,0,0,0,0,0,0,0,0,0,0,0,0,0,0,0,0,0,0,0,0,0,0,0,0,0,0,0,0,0,0,0,0,0,0,0,0,0,0,0,0,0,0,0,0,0,0,0,0,0,0,0,0,0,0,0,0,0,0,0,0,0,0,0,0,0,0,0,0,0,0,0,0,0,0,0,0,0,0,0,0,0,0,0,0,0,0,0,0,0,0,0,0,0,0,0,0,0,0,0,0,0,0,0,0,0,0,0,0,0,0,0,0,0,0,8812324,7,88,791,22,0,0,0,0,0,0,0,0,0,0,8812324,7,88,791,22,0,0,0,0,0,0,0,0,0,0,0,0,0,0,0,0,0,0,0,0,0,0,0,0,0,0,0,0,0,0,0,0,0,0,0,0,0,0,0,0,0,0,0,0,0
yodeling,0.83,0.37,96.63,0.98,-11.99,0.04,0.28,0.8,0.0,11760691,9,114,783,85,2034086,2,104,194,91,0,0,0,0,0,0,0,0,0,0,0,0,0,0,0,0,0,0,0,0,0,0,0,0,0,0,0,0,0,0,0,0,0,0,0,0,0,0,0,0,0,0,0,0,0,0,0,0,0,0,0,0,0,0,0,2034086,2,104,194,91,3434351,3,125,228,85,0,0,0,0,0,0,0,0,0,0,0,0,0,0,0,0,0,0,0,0,0,0,0,0,0,0,0,0,0,0,0,0,0,0,0,0,0,0,0,0,0,0,0,0,0,0,0,0,0,0,0,0,0,0,0,3434351,3,125,228,85,2616174,2,122,158,113,0,0,0,0,0,0,0,0,0,0,0,0,0,0,0,0,0,0,0,0,0,0,0,0,0,0,0,0,0,0,0,0,0,0,0,0,0,0,0,0,0,0,0,0,0,0,0,0,0,0,0,0,0,0,0,2616174,2,122,158,113,3676080,2,100,202,92,0,0,0,0,0,0,0,0,0,0,0,0,0,0,0,0,0,0,0,0,0,0,0,0,0,0,0,0,0,0,0,0,0,0,0,0,0,0,0,0,0,0,0,0,0,0,0,0,0,0,0,0,0,0,0,3676080,2,100,202,92
traditional country,0.83,0.37,96.63,0.98,-11.99,0.04,0.28,0.8,0.0,11760691,9,114,783,85,2034086,2,104,194,91,0,0,0,0,0,0,0,0,0,0,0,0,0,0,0,0,0,0,0,0,0,0,0,0,0,0,0,0,0,0,0,0,0,0,0,0,0,0,0,0,0,0,0,0,0,0,0,0,0,0,0,0,0,0,0,2034086,2,104,194,91,3434351,3,125,228,85,0,0,0,0,0,0,0,0,0,0,0,0,0,0,0,0,0,0,0,0,0,0,0,0,0,0,0,0,0,0,0,0,0,0,0,0,0,0,0,0,0,0,0,0,0,0,0,0,0,0,0,0,0,0,0,3434351,3,125,228,85,2616174,2,122,158,113,0,0,0,0,0,0,0,0,0,0,0,0,0,0,0,0,0,0,0,0,0,0,0,0,0,0,0,0,0,0,0,0,0,0,0,0,0,0,0,0,0,0,0,0,0,0,0,0,0,0,0,0,0,0,0,2616174,2,122,158,113,3676080,2,100,202,92,0,0,0,0,0,0,0,0,0,0,0,0,0,0,0,0,0,0,0,0,0,0,0,0,0,0,0,0,0,0,0,0,0,0,0,0,0,0,0,0,0,0,0,0,0,0,0,0,0,0,0,0,0,0,0,3676080,2,100,202,92
cowboy western,0.83,0.37,96.63,0.98,-11.99,0.04,0.28,0.8,0.0,11760691,9,114,783,85,2034086,2,104,194,91,0,0,0,0,0,0,0,0,0,0,0,0,0,0,0,0,0,0,0,0,0,0,0,0,0,0,0,0,0,0,0,0,0,0,0,0,0,0,0,0,0,0,0,0,0,0,0,0,0,0,0,0,0,0,0,2034086,2,104,194,91,3434351,3,125,228,85,0,0,0,0,0,0,0,0,0,0,0,0,0,0,0,0,0,0,0,0,0,0,0,0,0,0,0,0,0,0,0,0,0,0,0,0,0,0,0,0,0,0,0,0,0,0,0,0,0,0,0,0,0,0,0,3434351,3,125,228,85,2616174,2,122,158,113,0,0,0,0,0,0,0,0,0,0,0,0,0,0,0,0,0,0,0,0,0,0,0,0,0,0,0,0,0,0,0,0,0,0,0,0,0,0,0,0,0,0,0,0,0,0,0,0,0,0,0,0,0,0,0,2616174,2,122,158,113,3676080,2,100,202,92,0,0,0,0,0,0,0,0,0,0,0,0,0,0,0,0,0,0,0,0,0,0,0,0,0,0,0,0,0,0,0,0,0,0,0,0,0,0,0,0,0,0,0,0,0,0,0,0,0,0,0,0,0,0,0,3676080,2,100,202,92
folk,0.41,0.76,97.03,0.49,-5.91,0.12,0.3,0.13,0.01,12039391,12,136,780,65,3612980,5,142,295,105,0,0,0,0,0,0,0,0,0,0,0,0,0,0,0,1781151,3,155,138,127,0,0,0,0,0,0,0,0,0,0,0,0,0,0,0,0,0,0,0,0,0,0,0,0,0,0,0,0,0,0,0,0,0,0,0,1831829,2,122,158,105,1888195,2,124,154,86,0,0,0,0,0,0,0,0,0,0,0,0,0,0,0,0,0,0,0,0,0,0,0,0,0,0,0,0,0,0,0,0,0,0,0,0,0,0,0,0,983191,1,86,115,86,0,0,0,0,0,0,0,0,0,0,905004,1,161,40,161,928725,1,173,28,173,0,0,0,0,0,0,0,0,0,0,0,0,0,0,0,0,0,0,0,0,0,0,0,0,0,0,0,0,0,0,0,0,0,0,0,0,0,0,0,0,0,0,0,0,0,0,0,0,0,0,0,0,0,0,0,928725,1,173,28,173,5609491,4,126,300,65,0,0,0,0,0,0,0,0,0,0,0,0,0,0,0,0,0,0,0,0,0,0,0,0,0,0,0,0,0,0,0,0,0,0,0,0,0,0,0,0,735896,1,184,17,184,835073,1,147,54,147,0,0,0,0,0,4038522,2,86,230,65
rock en espanol,0.76,0.56,92.12,0.8,-7.2,0.1,0.08,0.35,0.0,9996298,12,138,756,58,0,0,0,0,0,0,0,0,0,0,0,0,0,0,0,0,0,0,0,0,0,0,0,0,0,0,0,0,0,0,0,0,0,0,0,0,0,0,0,0,0,0,0,0,0,0,0,0,0,0,0,0,0,0,0,0,0,0,0,0,0,0,0,0,0,0,0,0,0,0,0,0,0,0,0,0,0,0,0,0,0,0,0,0,0,0,0,0,0,0,0,0,0,0,0,0,0,0,0,0,0,0,0,0,0,0,0,0,0,0,0,0,0,0,0,0,0,0,0,0,0,0,0,0,0,0,0,0,0,0,8117628,9,123,702,58,0,0,0,0,0,0,0,0,0,0,0,0,0,0,0,0,0,0,0,0,0,0,0,0,0,3483535,3,79,366,58,4634093,6,145,336,102,0,0,0,0,0,0,0,0,0,0,0,0,0,0,0,0,0,0,0,0,0,0,0,0,0,1878670,3,183,54,162,586686,1,200,1,200,0,0,0,0,0,0,0,0,0,0,0,0,0,0,0,0,0,0,0,0,1291984,2,175,52,162,0,0,0,0,0,0,0,0,0,0,0,0,0,0,0,0,0,0,0,0,0,0,0,0,0,0,0,0,0,0
milan indie,0.74,0.81,126.03,0.63,-5.09,0.07,0.24,0.33,0.0,10277457,13,143,754,46,0,0,0,0,0,0,0,0,0,0,0,0,0,0,0,0,0,0,0,0,0,0,0,0,0,0,0,0,0,0,0,0,0,0,0,0,0,0,0,0,0,0,0,0,0,0,0,0,0,0,0,0,0,0,0,0,0,0,0,0,0,0,0,0,0,9001243,11,133,748,46,2017829,3,159,126,131,0,0,0,0,0,0,0,0,0,0,0,0,0,0,0,6983414,8,123,624,46,0,0,0,0,0,0,0,0,0,0,0,0,0,0,0,0,0,0,0,0,0,0,0,0,0,0,0,0,0,0,0,0,0,0,0,0,0,0,0,0,0,0,0,0,0,0,0,0,0,0,0,0,0,0,0,0,0,0,0,0,0,0,0,0,0,0,0,0,0,0,0,0,0,0,0,0,0,0,0,0,0,0,0,0,0,0,0,0,0,0,0,0,0,0,0,0,0,0,0,0,1276214,2,198,6,198,0,0,0,0,0,1276214,2,198,6,198,0,0,0,0,0,0,0,0,0,0,0,0,0,0,0,0,0,0,0,0,0,0,0,0,0,0,0,0,0,0,0,0,0,0,0,0,0,0,0,0,0,0,0,0,0,0,0,0,0,0
rap tunisien,0.73,0.75,132.0,0.52,-6.19,0.07,0.21,0.34,0.0,9001243,11,133,748,46,0,0,0,0,0,0,0,0,0,0,0,0,0,0,0,0,0,0,0,0,0,0,0,0,0,0,0,0,0,0,0,0,0,0,0,0,0,0,0,0,0,0,0,0,0,0,0,0,0,0,0,0,0,0,0,0,0,0,0,0,0,0,0,0,0,9001243,11,133,748,46,2017829,3,159,126,131,0,0,0,0,0,0,0,0,0,0,0,0,0,0,0,6983414,8,123,624,46,0,0,0,0,0,0,0,0,0,0,0,0,0,0,0,0,0,0,0,0,0,0,0,0,0,0,0,0,0,0,0,0,0,0,0,0,0,0,0,0,0,0,0,0,0,0,0,0,0,0,0,0,0,0,0,0,0,0,0,0,0,0,0,0,0,0,0,0,0,0,0,0,0,0,0,0,0,0,0,0,0,0,0,0,0,0,0,0,0,0,0,0,0,0,0,0,0,0,0,0,0,0,0,0,0,0,0,0,0,0,0,0,0,0,0,0,0,0,0,0,0,0,0,0,0,0,0,0,0,0,0,0,0,0,0,0,0,0,0,0,0,0,0,0,0,0,0,0,0,0,0,0,0,0,0,0,0,0,0,0,0,0,0,0,0
post-disco,0.78,0.72,115.4,0.73,-9.7,0.03,0.3,0.01,0.03,7982416,6,77,744,32,1181517,1,52,149,52,0,0,0,0,0,0,0,0,0,0,0,0,0,0,0,0,0,0,0,0,0,0,0,0,0,0,0,0,0,0,0,0,0,0,0,0,0,0,0,0,0,0,0,0,0,1181517,1,52,149,52,0,0,0,0,0,0,0,0,0,0,2390229,2,104,194,32,0,0,0,0,0,0,0,0,0,0,0,0,0,0,0,0,0,0,0,0,0,0,0,0,0,0,0,0,0,0,0,0,0,0,0,0,0,0,0,0,0,0,0,0,0,1781978,1,32,169,32,608251,1,176,25,176,0,0,0,0,0,1429689,1,47,154,47,0,0,0,0,0,0,0,0,0,0,0,0,0,0,0,0,0,0,0,0,0,0,0,0,0,0,0,0,0,0,0,0,0,0,0,0,0,0,0,0,0,0,0,0,0,1429689,1,47,154,47,0,0,0,0,0,0,0,0,0,0,2980981,2,78,246,32,0,0,0,0,0,0,0,0,0,0,0,0,0,0,0,0,0,0,0,0,0,0,0,0,0,0,0,0,0,0,0,0,0,0,0,0,0,0,0,0,0,0,0,0,0,2139930,1,32,169,32,841051,1,125,76,125,0,0,0,0,0
swedish synthpop,0.73,0.66,98.36,0.41,-6.52,0.07,0.1,0.11,0.0,12982799,29,176,725,103,11370830,27,178,621,103,9472259,24,181,480,158,0,0,0,0,0,0,0,0,0,0,0,0,0,0,0,0,0,0,0,0,0,0,0,0,0,0,0,0,0,0,0,0,0,0,0,1247310,2,150,102,103,0,0,0,0,0,0,0,0,0,0,651261,1,167,34,167,837748,1,137,64,137,0,0,0,0,0,0,0,0,0,0,0,0,0,0,0,0,0,0,0,0,0,0,0,0,0,0,0,0,0,0,0,0,0,0,0,0,0,0,0,0,0,0,0,0,0,837748,1,137,64,137,0,0,0,0,0,0,0,0,0,0,774221,1,161,40,161,0,0,0,0,0,0,0,0,0,0,0,0,0,0,0,0,0,0,0,0,774221,1,161,40,161,0,0,0,0,0,0,0,0,0,0,0,0,0,0,0,0,0,0,0,0,0,0,0,0,0,0,0,0,0,0,0,0,0,0,0,0,0,0,0,0,0,0,0,0,0,0,0,0,0,0,0,0,0,0,0,0,0,0,0,0,0,0,0,0,0,0,0,0,0,0,0,0,0,0,0,0,0,0,0,0,0,0,0,0,0,0,0,0,0,0,0,0,0,0,0,0,0,0,0,0
funk consciente,0.68,0.77,140.19,0.75,-6.02,0.12,0.12,0.22,0.0,17397323,27,175,702,135,0,0,0,0,0,0,0,0,0,0,0,0,0,0,0,0,0,0,0,0,0,0,0,0,0,0,0,0,0,0,0,0,0,0,0,0,0,0,0,0,0,0,0,0,0,0,0,0,0,0,0,0,0,0,0,0,0,0,0,0,0,0,0,0,0,8673200,14,174,378,135,0,0,0,0,0,0,0,0,0,0,0,0,0,0,0,3197403,5,165,180,135,4911687,8,177,192,143,564110,1,192,9,192,0,0,0,0,0,0,0,0,0,0,0,0,0,0,0,0,0,0,0,0,0,0,0,0,0,0,0,0,0,0,8724123,13,176,325,139,0,0,0,0,0,0,0,0,0,0,0,0,0,0,0,0,0,0,0,0,0,0,0,0,0,0,0,0,0,0,0,0,0,0,0,0,0,0,0,0,657290,1,193,8,193,5310673,8,178,184,149,2756160,4,168,132,139,0,0,0,0,0,0,0,0,0,0,0,0,0,0,0,0,0,0,0,0,0,0,0,0,0,0,0,0,0,0,0,0,0,0,0,0,0,0,0,0,0,0,0,0,0,0,0,0,0,0,0,0,0,0,0,0,0,0,0,0,0,0,0,0,0,0,0,0,0,0
chicago soul,0.63,0.64,93.05,0.68,-9.2,0.04,0.25,0.29,0.0,12343666,8,114,696,45,0,0,0,0,0,0,0,0,0,0,0,0,0,0,0,0,0,0,0,0,0,0,0,0,0,0,0,0,0,0,0,0,0,0,0,0,0,0,0,0,0,0,0,0,0,0,0,0,0,0,0,0,0,0,0,0,0,0,0,0,0,0,0,0,0,2381333,2,118,166,92,0,0,0,0,0,0,0,0,0,0,0,0,0,0,0,0,0,0,0,0,0,0,0,0,0,0,0,0,0,0,0,0,0,0,0,0,0,0,0,0,0,0,0,0,0,0,0,0,0,0,0,0,0,0,0,2381333,2,118,166,92,4237741,3,122,237,67,0,0,0,0,0,0,0,0,0,0,0,0,0,0,0,0,0,0,0,0,0,0,0,0,0,0,0,0,0,0,0,0,0,0,0,0,0,0,0,0,0,0,0,0,0,0,0,0,0,0,0,0,0,0,0,4237741,3,122,237,67,5724592,3,103,294,45,0,0,0,0,0,0,0,0,0,0,0,0,0,0,0,0,0,0,0,0,0,0,0,0,0,0,0,0,0,0,0,0,0,0,0,0,0,0,0,0,0,0,0,0,0,0,0,0,0,0,0,0,0,0,0,5724592,3,103,294,45
ukg revival,0.77,0.57,77.05,0.52,-6.8,0.22,0.11,0.01,0.0,19092160,27,176,675,115,0,0,0,0,0,0,0,0,0,0,0,0,0,0,0,0,0,0,0,0,0,0,0,0,0,0,0,0,0,0,0,0,0,0,0,0,0,0,0,0,0,0,0,0,0,0,0,0,0,0,0,0,0,0,0,0,0,0,0,0,0,0,0,0,0,0,0,0,0,0,0,0,0,0,0,0,0,0,0,0,0,0,0,0,0,0,0,0,0,0,0,0,0,0,0,0,0,0,0,0,0,0,0,0,0,0,0,0,0,0,0,0,0,0,0,0,0,0,0,0,0,0,0,0,0,0,0,0,0,0,0,0,0,0,0,0,0,0,0,0,0,0,0,0,0,0,0,0,0,0,0,0,0,0,0,0,0,0,0,0,0,0,0,0,0,0,0,0,0,0,0,0,0,0,0,0,0,0,0,0,0,0,0,0,0,0,0,0,0,0,0,0,0,0,0,19092160,27,176,675,115,0,0,0,0,0,0,0,0,0,0,0,0,0,0,0,0,0,0,0,0,0,0,0,0,0,0,0,0,0,0,0,0,0,0,0,7576887,10,154,470,115,10757326,16,190,176,172,757947,1,177,24,177,0,0,0,0,0,0,0,0,0,0
rap catala,0.67,0.75,178.0,0.7,-4.7,0.06,0.11,0.21,0.0,12219733,17,162,663,112,0,0,0,0,0,0,0,0,0,0,0,0,0,0,0,0,0,0,0,0,0,0,0,0,0,0,0,0,0,0,0,0,0,0,0,0,0,0,0,0,0,0,0,0,0,0,0,0,0,0,0,0,0,0,0,0,0,0,0,0,0,0,0,0,0,0,0,0,0,0,0,0,0,0,0,0,0,0,0,0,0,0,0,0,0,0,0,0,0,0,0,0,0,0,0,0,0,0,0,0,0,0,0,0,0,0,0,0,0,0,0,0,0,0,0,0,0,0,0,0,0,0,0,0,0,0,0,0,0,0,12219733,17,162,663,112,0,0,0,0,0,0,0,0,0,0,0,0,0,0,0,0,0,0,0,0,0,0,0,0,0,0,0,0,0,0,0,0,0,0,0,0,0,0,0,0,0,0,0,0,0,4732008,6,142,354,112,7487725,11,174,297,140,0,0,0,0,0,0,0,0,0,0,0,0,0,0,0,0,0,0,0,0,0,0,0,0,0,0,0,0,0,0,0,0,0,0,0,0,0,0,0,0,0,0,0,0,0,0,0,0,0,0,0,0,0,0,0,0,0,0,0,0,0,0,0,0,0,0,0,0,0,0
trap catala,0.67,0.75,178.0,0.7,-4.7,0.06,0.11,0.21,0.0,12219733,17,162,663,112,0,0,0,0,0,0,0,0,0,0,0,0,0,0,0,0,0,0,0,0,0,0,0,0,0,0,0,0,0,0,0,0,0,0,0,0,0,0,0,0,0,0,0,0,0,0,0,0,0,0,0,0,0,0,0,0,0,0,0,0,0,0,0,0,0,0,0,0,0,0,0,0,0,0,0,0,0,0,0,0,0,0,0,0,0,0,0,0,0,0,0,0,0,0,0,0,0,0,0,0,0,0,0,0,0,0,0,0,0,0,0,0,0,0,0,0,0,0,0,0,0,0,0,0,0,0,0,0,0,0,12219733,17,162,663,112,0,0,0,0,0,0,0,0,0,0,0,0,0,0,0,0,0,0,0,0,0,0,0,0,0,0,0,0,0,0,0,0,0,0,0,0,0,0,0,0,0,0,0,0,0,4732008,6,142,354,112,7487725,11,174,297,140,0,0,0,0,0,0,0,0,0,0,0,0,0,0,0,0,0,0,0,0,0,0,0,0,0,0,0,0,0,0,0,0,0,0,0,0,0,0,0,0,0,0,0,0,0,0,0,0,0,0,0,0,0,0,0,0,0,0,0,0,0,0,0,0,0,0,0,0,0,0
flamenco urbano,0.67,0.75,178.0,0.7,-4.7,0.06,0.11,0.21,0.0,12219733,17,162,663,112,0,0,0,0,0,0,0,0,0,0,0,0,0,0,0,0,0,0,0,0,0,0,0,0,0,0,0,0,0,0,0,0,0,0,0,0,0,0,0,0,0,0,0,0,0,0,0,0,0,0,0,0,0,0,0,0,0,0,0,0,0,0,0,0,0,0,0,0,0,0,0,0,0,0,0,0,0,0,0,0,0,0,0,0,0,0,0,0,0,0,0,0,0,0,0,0,0,0,0,0,0,0,0,0,0,0,0,0,0,0,0,0,0,0,0,0,0,0,0,0,0,0,0,0,0,0,0,0,0,0,12219733,17,162,663,112,0,0,0,0,0,0,0,0,0,0,0,0,0,0,0,0,0,0,0,0,0,0,0,0,0,0,0,0,0,0,0,0,0,0,0,0,0,0,0,0,0,0,0,0,0,4732008,6,142,354,112,7487725,11,174,297,140,0,0,0,0,0,0,0,0,0,0,0,0,0,0,0,0,0,0,0,0,0,0,0,0,0,0,0,0,0,0,0,0,0,0,0,0,0,0,0,0,0,0,0,0,0,0,0,0,0,0,0,0,0,0,0,0,0,0,0,0,0,0,0,0,0,0,0,0,0,0
funk bh,0.83,0.6,86.53,0.48,-1.62,0.15,0.08,0.38,0.0,13593401,20,168,660,109,0,0,0,0,0,0,0,0,0,0,0,0,0,0,0,0,0,0,0,0,0,0,0,0,0,0,0,0,0,0,0,0,0,0,0,0,0,0,0,0,0,0,0,0,0,0,0,0,0,0,0,0,0,0,0,0,0,0,0,0,0,0,0,0,0,9657660,14,170,434,121,0,0,0,0,0,0,0,0,0,0,0,0,0,0,0,0,0,0,0,0,0,0,0,0,0,0,0,0,0,0,0,0,0,0,0,0,0,0,0,0,0,0,0,0,0,0,0,0,0,0,2574293,4,189,48,177,7083367,10,163,380,121,3935741,6,162,234,109,3935741,6,162,234,109,0,0,0,0,0,0,0,0,0,0,0,0,0,0,0,0,0,0,0,0,0,0,0,0,0,0,0,0,0,0,0,0,0,0,0,0,0,0,0,0,0,0,0,0,0,0,0,0,0,0,0,0,0,0,0,0,0,0,0,0,0,0,0,0,0,0,0,0,0,0,0,0,0,0,0,0,0,0,0,0,0,0,0,0,0,0,0,0,0,0,0,0,0,0,0,0,0,0,0,0,0,0,0,0,0,0,0,0,0,0,0,0,0,0,0,0,0,0,0,0
melodic metalcore,0.53,0.88,113.39,0.43,-3.81,0.11,0.33,0.01,0.0,8856579,11,143,638,89,0,0,0,0,0,0,0,0,0,0,0,0,0,0,0,0,0,0,0,0,0,0,0,0,0,0,0,0,0,0,0,0,0,0,0,0,0,0,0,0,0,0,0,0,0,0,0,0,0,0,0,0,0,0,0,0,0,0,0,0,0,0,0,0,0,603289,1,169,32,169,0,0,0,0,0,0,0,0,0,0,0,0,0,0,0,0,0,0,0,0,0,0,0,0,0,0,0,0,0,0,0,0,0,0,0,603289,1,169,32,169,0,0,0,0,0,0,0,0,0,0,0,0,0,0,0,0,0,0,0,0,1603186,2,141,120,111,1603186,2,141,120,111,0,0,0,0,0,0,0,0,0,0,0,0,0,0,0,0,0,0,0,0,0,0,0,0,0,0,0,0,0,0,0,0,0,0,0,0,0,0,0,0,0,0,0,0,0,0,0,0,0,0,0,0,0,0,0,6650104,8,141,480,89,0,0,0,0,0,0,0,0,0,0,0,0,0,0,0,0,0,0,0,0,0,0,0,0,0,2341189,3,135,198,89,0,0,0,0,0,0,0,0,0,0,1635027,2,142,118,119,2673888,3,146,165,106,0,0,0,0,0,0,0,0,0,0
uk metalcore,0.53,0.88,113.39,0.43,-3.81,0.11,0.33,0.01,0.0,8856579,11,143,638,89,0,0,0,0,0,0,0,0,0,0,0,0,0,0,0,0,0,0,0,0,0,0,0,0,0,0,0,0,0,0,0,0,0,0,0,0,0,0,0,0,0,0,0,0,0,0,0,0,0,0,0,0,0,0,0,0,0,0,0,0,0,0,0,0,0,603289,1,169,32,169,0,0,0,0,0,0,0,0,0,0,0,0,0,0,0,0,0,0,0,0,0,0,0,0,0,0,0,0,0,0,0,0,0,0,0,603289,1,169,32,169,0,0,0,0,0,0,0,0,0,0,0,0,0,0,0,0,0,0,0,0,1603186,2,141,120,111,1603186,2,141,120,111,0,0,0,0,0,0,0,0,0,0,0,0,0,0,0,0,0,0,0,0,0,0,0,0,0,0,0,0,0,0,0,0,0,0,0,0,0,0,0,0,0,0,0,0,0,0,0,0,0,0,0,0,0,0,0,6650104,8,141,480,89,0,0,0,0,0,0,0,0,0,0,0,0,0,0,0,0,0,0,0,0,0,0,0,0,0,2341189,3,135,198,89,0,0,0,0,0,0,0,0,0,0,1635027,2,142,118,119,2673888,3,146,165,106,0,0,0,0,0,0,0,0,0,0
metalcore,0.53,0.88,113.39,0.43,-3.81,0.11,0.33,0.01,0.0,8856579,11,143,638,89,0,0,0,0,0,0,0,0,0,0,0,0,0,0,0,0,0,0,0,0,0,0,0,0,0,0,0,0,0,0,0,0,0,0,0,0,0,0,0,0,0,0,0,0,0,0,0,0,0,0,0,0,0,0,0,0,0,0,0,0,0,0,0,0,0,603289,1,169,32,169,0,0,0,0,0,0,0,0,0,0,0,0,0,0,0,0,0,0,0,0,0,0,0,0,0,0,0,0,0,0,0,0,0,0,0,603289,1,169,32,169,0,0,0,0,0,0,0,0,0,0,0,0,0,0,0,0,0,0,0,0,1603186,2,141,120,111,1603186,2,141,120,111,0,0,0,0,0,0,0,0,0,0,0,0,0,0,0,0,0,0,0,0,0,0,0,0,0,0,0,0,0,0,0,0,0,0,0,0,0,0,0,0,0,0,0,0,0,0,0,0,0,0,0,0,0,0,0,6650104,8,141,480,89,0,0,0,0,0,0,0,0,0,0,0,0,0,0,0,0,0,0,0,0,0,0,0,0,0,2341189,3,135,198,89,0,0,0,0,0,0,0,0,0,0,1635027,2,142,118,119,2673888,3,146,165,106,0,0,0,0,0,0,0,0,0,0
classic uk pop,0.44,0.67,137.49,0.45,-10.41,0.04,0.29,0.35,0.0,11650511,9,132,621,75,2641836,3,134,201,104,0,0,0,0,0,0,0,0,0,0,0,0,0,0,0,0,0,0,0,0,0,0,0,0,0,0,0,0,0,0,0,0,0,0,0,0,0,0,0,0,0,0,0,0,0,0,0,0,0,0,0,0,0,0,0,2641836,3,134,201,104,809924,1,187,14,187,0,0,0,0,0,0,0,0,0,0,0,0,0,0,0,0,0,0,0,0,0,0,0,0,0,0,0,0,0,0,0,0,0,0,0,0,0,0,0,0,0,0,0,0,0,0,0,0,0,0,0,0,0,0,0,809924,1,187,14,187,919027,1,175,26,175,0,0,0,0,0,0,0,0,0,0,0,0,0,0,0,0,0,0,0,0,0,0,0,0,0,0,0,0,0,0,0,0,0,0,0,0,0,0,0,0,0,0,0,0,0,0,0,0,0,0,0,0,0,0,0,919027,1,175,26,175,7279724,4,105,384,75,0,0,0,0,0,0,0,0,0,0,0,0,0,0,0,0,0,0,0,0,0,0,0,0,0,0,0,0,0,0,0,0,0,0,0,0,0,0,0,0,0,0,0,0,0,0,0,0,0,0,0,0,0,0,0,7279724,4,105,384,75
novelty,0.67,0.49,90.86,0.84,-12.79,0.25,0.3,0.53,0.0,6263187,6,106,570,51,1412062,2,145,112,113,0,0,0,0,0,0,0,0,0,0,0,0,0,0,0,0,0,0,0,0,0,0,0,0,0,0,0,0,0,0,0,0,0,0,0,0,0,0,0,0,0,0,0,0,0,744345,1,113,88,113,0,0,0,0,0,667717,1,177,24,177,914279,1,98,103,98,0,0,0,0,0,0,0,0,0,0,0,0,0,0,0,0,0,0,0,0,0,0,0,0,0,0,0,0,0,0,0,0,0,0,0,0,0,0,0,0,0,0,0,0,0,914279,1,98,103,98,0,0,0,0,0,0,0,0,0,0,1337496,1,56,145,56,0,0,0,0,0,0,0,0,0,0,0,0,0,0,0,0,0,0,0,0,0,0,0,0,0,0,0,0,0,0,0,0,0,0,0,0,0,0,0,0,0,0,0,0,0,1337496,1,56,145,56,0,0,0,0,0,0,0,0,0,0,2599350,2,96,210,51,0,0,0,0,0,0,0,0,0,0,0,0,0,0,0,0,0,0,0,0,0,0,0,0,0,0,0,0,0,0,0,0,0,0,0,0,0,0,0,0,0,0,0,0,0,1817266,1,51,150,51,782084,1,142,59,142,0,0,0,0,0
christlicher rap,0.75,0.78,99.77,0.51,-6.03,0.21,0.12,0.17,0.01,9484671,12,155,552,88,0,0,0,0,0,0,0,0,0,0,0,0,0,0,0,0,0,0,0,0,0,0,0,0,0,0,0,0,0,0,0,0,0,0,0,0,0,0,0,0,0,0,0,0,0,0,0,0,0,0,0,0,0,0,0,0,0,0,0,0,0,0,0,0,0,0,0,0,0,0,0,0,0,0,0,0,0,0,0,0,0,0,0,0,0,0,0,0,0,0,0,0,0,0,0,0,0,0,0,0,0,0,0,0,0,0,0,0,0,0,0,0,0,0,0,0,0,0,0,0,0,0,0,0,0,0,0,0,0,0,2264432,3,167,102,140,0,0,0,0,0,0,0,0,0,0,0,0,0,0,0,0,0,0,0,0,2264432,3,167,102,140,0,0,0,0,0,0,0,0,0,0,0,0,0,0,0,0,0,0,0,0,0,0,0,0,0,0,0,0,0,0,0,0,0,0,0,7220239,9,151,450,88,0,0,0,0,0,0,0,0,0,0,731337,1,182,19,182,0,0,0,0,0,0,0,0,0,0,0,0,0,0,0,5867111,7,140,427,88,621791,1,200,1,200,0,0,0,0,0,0,0,0,0,0,0,0,0,0,0,0,0,0,0,0
vapor pop,0.57,0.55,107.26,0.31,-7.88,0.08,0.22,0.49,0.0,15576686,29,182,551,148,6039151,14,183,252,148,3488819,9,188,117,168,0,0,0,0,0,0,0,0,0,0,0,0,0,0,0,0,0,0,0,0,0,0,0,0,0,2550332,5,174,135,148,0,0,0,0,0,0,0,0,0,0,0,0,0,0,0,0,0,0,0,0,0,0,0,0,0,0,0,0,0,0,0,0,0,0,0,0,0,0,0,0,0,0,0,0,0,0,0,0,0,0,0,0,0,0,0,0,0,0,0,0,0,0,0,0,0,0,0,0,0,0,0,0,0,0,0,0,0,0,0,0,0,0,0,0,0,0,0,0,0,0,9537535,15,180,315,156,0,0,0,0,0,0,0,0,0,0,0,0,0,0,0,0,0,0,0,0,0,0,0,0,0,8979728,14,179,308,156,557807,1,194,7,194,0,0,0,0,0,0,0,0,0,0,0,0,0,0,0,0,0,0,0,0,0,0,0,0,0,0,0,0,0,0,0,0,0,0,0,0,0,0,0,0,0,0,0,0,0,0,0,0,0,0,0,0,0,0,0,0,0,0,0,0,0,0,0,0,0,0,0,0,0,0,0,0,0,0,0,0,0,0,0,0,0,0,0,0,0,0,0,0,0,0
rap kreyol,0.78,0.82,100.02,0.76,-5.89,0.07,0.4,0.28,0.0,8039820,10,148,530,81,667936,1,170,31,170,0,0,0,0,0,0,0,0,0,0,0,0,0,0,0,0,0,0,0,0,0,0,0,0,0,0,0,0,0,0,0,0,0,0,0,0,0,0,0,0,0,0,0,0,0,0,0,0,0,0,0,0,0,0,0,667936,1,170,31,170,446042,1,195,6,195,446042,1,195,6,195,0,0,0,0,0,0,0,0,0,0,0,0,0,0,0,0,0,0,0,0,0,0,0,0,0,0,0,0,0,0,0,0,0,0,0,0,0,0,0,0,0,0,0,0,0,0,0,0,0,0,0,0,0,0,0,0,0,0,0,0,0,0,0,0,0,0,0,0,0,0,0,0,0,0,0,0,0,0,0,0,0,0,0,0,0,0,0,0,0,0,0,0,0,0,0,0,0,0,0,0,0,0,0,0,0,0,0,0,0,0,0,0,0,0,0,0,0,0,0,0,6925842,8,140,488,81,0,0,0,0,0,5061446,6,138,378,81,0,0,0,0,0,0,0,0,0,0,0,0,0,0,0,0,0,0,0,0,0,0,0,0,0,0,0,0,0,0,0,0,0,0,0,883751,1,130,71,130,0,0,0,0,0,980645,1,157,44,157
german trap,0.73,0.7,124.66,0.46,-6.77,0.14,0.27,0.12,0.0,8952243,12,158,516,109,0,0,0,0,0,0,0,0,0,0,0,0,0,0,0,0,0,0,0,0,0,0,0,0,0,0,0,0,0,0,0,0,0,0,0,0,0,0,0,0,0,0,0,0,0,0,0,0,0,0,0,0,0,0,0,0,0,0,0,0,0,0,0,0,0,0,0,0,0,0,0,0,0,0,0,0,0,0,0,0,0,0,0,0,0,0,0,0,0,0,0,0,0,0,0,0,0,0,0,0,0,0,0,0,0,0,0,0,0,0,0,0,0,0,0,0,0,0,0,0,0,0,0,0,0,0,0,0,0,0,7413465,10,158,430,109,0,0,0,0,0,0,0,0,0,0,0,0,0,0,0,0,0,0,0,0,0,0,0,0,0,2538302,3,124,231,109,3503989,5,167,170,127,0,0,0,0,0,0,0,0,0,0,0,0,0,0,0,1371174,2,186,30,186,0,0,0,0,0,1538778,2,160,82,129,0,0,0,0,0,0,0,0,0,0,675074,1,191,10,191,0,0,0,0,0,863704,1,129,72,129,0,0,0,0,0,0,0,0,0,0,0,0,0,0,0,0,0,0,0,0,0,0,0,0,0,0,0,0,0,0,0,0,0,0,0
turntablism,0.83,0.7,110.17,0.62,-4.82,0.22,0.15,0.35,0.0,5213234,8,141,480,63,4160255,7,141,420,63,0,0,0,0,0,0,0,0,0,0,0,0,0,0,0,0,0,0,0,0,0,0,0,0,0,1024118,1,63,138,63,3136137,6,154,282,96,0,0,0,0,0,0,0,0,0,0,0,0,0,0,0,0,0,0,0,0,0,0,0,0,0,0,0,0,0,0,0,0,0,0,0,0,0,0,0,0,0,0,0,0,0,0,0,0,0,0,0,0,0,0,0,0,0,0,0,0,0,0,0,0,0,0,0,0,0,0,0,0,0,0,0,0,0,0,0,0,0,0,0,0,0,0,0,0,0,0,0,0,0,0,0,0,0,0,0,0,0,0,0,0,0,0,0,0,0,0,0,0,0,0,0,0,0,0,0,0,0,0,0,0,0,0,0,0,0,0,0,0,0,0,0,0,0,0,0,0,0,0,0,0,0,0,0,0,0,0,0,0,0,0,0,1052979,1,139,62,139,0,0,0,0,0,0,0,0,0,0,0,0,0,0,0,0,0,0,0,0,0,0,0,0,0,0,0,0,0,0,0,0,0,0,0,0,0,0,0,0,0,0,0,0,0,0,0,0,0,0,0,0,0,0,0,1052979,1,139,62,139
scam rap,0.75,0.74,123.58,0.49,-4.73,0.19,0.12,0.2,0.0,6952859,9,148,477,95,0,0,0,0,0,0,0,0,0,0,0,0,0,0,0,0,0,0,0,0,0,0,0,0,0,0,0,0,0,0,0,0,0,0,0,0,0,0,0,0,0,0,0,0,0,0,0,0,0,0,0,0,0,0,0,0,0,0,0,0,0,0,0,0,0,0,0,0,0,0,0,0,0,0,0,0,0,0,0,0,0,0,0,0,0,0,0,0,0,0,0,0,0,0,0,0,0,0,0,0,0,0,0,0,0,0,0,0,0,0,0,0,0,0,0,0,0,0,0,0,0,0,0,0,0,0,0,0,0,0,6952859,9,148,477,95,0,0,0,0,0,0,0,0,0,0,0,0,0,0,0,0,0,0,0,0,0,0,0,0,0,0,0,0,0,0,6952859,9,148,477,95,0,0,0,0,0,0,0,0,0,0,0,0,0,0,0,0,0,0,0,0,0,0,0,0,0,0,0,0,0,0,0,0,0,0,0,0,0,0,0,0,0,0,0,0,0,0,0,0,0,0,0,0,0,0,0,0,0,0,0,0,0,0,0,0,0,0,0,0,0,0,0,0,0,0,0,0,0,0,0,0,0,0,0,0,0,0,0,0,0,0
lilith,0.22,0.71,66.21,0.45,-9.05,0.04,0.1,0.0,0.03,7704080,6,125,456,65,1831829,2,122,158,105,0,0,0,0,0,0,0,0,0,0,0,0,0,0,0,0,0,0,0,0,0,0,0,0,0,0,0,0,0,0,0,0,0,0,0,0,0,0,0,0,0,0,0,0,0,0,0,0,0,0,0,0,0,0,0,1831829,2,122,158,105,905004,1,161,40,161,0,0,0,0,0,0,0,0,0,0,0,0,0,0,0,0,0,0,0,0,0,0,0,0,0,0,0,0,0,0,0,0,0,0,0,0,0,0,0,0,0,0,0,0,0,0,0,0,0,0,0,0,0,0,0,905004,1,161,40,161,928725,1,173,28,173,0,0,0,0,0,0,0,0,0,0,0,0,0,0,0,0,0,0,0,0,0,0,0,0,0,0,0,0,0,0,0,0,0,0,0,0,0,0,0,0,0,0,0,0,0,0,0,0,0,0,0,0,0,0,0,928725,1,173,28,173,4038522,2,86,230,65,0,0,0,0,0,0,0,0,0,0,0,0,0,0,0,0,0,0,0,0,0,0,0,0,0,0,0,0,0,0,0,0,0,0,0,0,0,0,0,0,0,0,0,0,0,0,0,0,0,0,0,0,0,0,0,4038522,2,86,230,65
german singer-songwriter,0.7,0.76,82.03,0.53,-5.22,0.2,0.14,0.44,0.0,8572460,11,160,451,112,0,0,0,0,0,0,0,0,0,0,0,0,0,0,0,0,0,0,0,0,0,0,0,0,0,0,0,0,0,0,0,0,0,0,0,0,0,0,0,0,0,0,0,0,0,0,0,0,0,0,0,0,0,0,0,0,0,0,0,0,0,0,0,0,0,0,0,0,0,0,0,0,0,0,0,0,0,0,0,0,0,0,0,0,0,0,0,0,0,0,0,0,0,0,0,0,0,0,0,0,0,0,0,0,0,0,0,0,0,0,0,0,0,0,0,0,0,0,0,0,0,0,0,0,0,0,0,0,0,0,0,0,0,0,0,0,0,0,0,0,0,0,0,0,0,0,0,0,0,0,0,0,0,0,0,0,0,0,0,0,0,0,0,0,0,0,0,0,0,0,0,0,0,0,0,0,0,0,0,0,0,0,0,0,0,0,0,0,0,0,0,0,0,0,0,8572460,11,160,451,112,2280686,3,180,63,159,0,0,0,0,0,0,0,0,0,0,0,0,0,0,0,0,0,0,0,0,0,0,0,0,0,6291774,8,153,384,112,0,0,0,0,0,0,0,0,0,0,0,0,0,0,0,0,0,0,0,0,0,0,0,0,0
classic arab pop,0.74,0.57,99.93,0.4,-5.34,0.19,0.15,0.02,0.0,8319805,12,164,444,136,0,0,0,0,0,0,0,0,0,0,0,0,0,0,0,0,0,0,0,0,0,0,0,0,0,0,0,0,0,0,0,0,0,0,0,0,0,0,0,0,0,0,0,0,0,0,0,0,0,0,0,0,0,0,0,0,0,0,0,0,0,0,0,0,0,0,0,0,0,0,0,0,0,0,0,0,0,0,0,0,0,0,0,0,0,0,0,0,0,0,0,0,0,0,0,0,0,0,0,0,0,0,0,0,0,0,0,0,0,0,0,0,0,0,0,0,0,0,0,0,0,0,0,0,0,0,0,0,0,0,8319805,12,164,444,136,0,0,0,0,0,0,0,0,0,0,0,0,0,0,0,0,0,0,0,0,0,0,0,0,0,8319805,12,164,444,136,0,0,0,0,0,0,0,0,0,0,0,0,0,0,0,0,0,0,0,0,0,0,0,0,0,0,0,0,0,0,0,0,0,0,0,0,0,0,0,0,0,0,0,0,0,0,0,0,0,0,0,0,0,0,0,0,0,0,0,0,0,0,0,0,0,0,0,0,0,0,0,0,0,0,0,0,0,0,0,0,0,0,0,0,0,0,0,0,0,0,0,0,0,0,0
rai,0.74,0.57,99.93,0.4,-5.34,0.19,0.15,0.02,0.0,8319805,12,164,444,136,0,0,0,0,0,0,0,0,0,0,0,0,0,0,0,0,0,0,0,0,0,0,0,0,0,0,0,0,0,0,0,0,0,0,0,0,0,0,0,0,0,0,0,0,0,0,0,0,0,0,0,0,0,0,0,0,0,0,0,0,0,0,0,0,0,0,0,0,0,0,0,0,0,0,0,0,0,0,0,0,0,0,0,0,0,0,0,0,0,0,0,0,0,0,0,0,0,0,0,0,0,0,0,0,0,0,0,0,0,0,0,0,0,0,0,0,0,0,0,0,0,0,0,0,0,0,0,0,0,0,8319805,12,164,444,136,0,0,0,0,0,0,0,0,0,0,0,0,0,0,0,0,0,0,0,0,0,0,0,0,0,8319805,12,164,444,136,0,0,0,0,0,0,0,0,0,0,0,0,0,0,0,0,0,0,0,0,0,0,0,0,0,0,0,0,0,0,0,0,0,0,0,0,0,0,0,0,0,0,0,0,0,0,0,0,0,0,0,0,0,0,0,0,0,0,0,0,0,0,0,0,0,0,0,0,0,0,0,0,0,0,0,0,0,0,0,0,0,0,0,0,0,0,0,0,0,0,0,0,0,0,0
political hip hop,0.62,0.7,119.64,0.33,-6.31,0.31,0.14,0.09,0.0,4527398,7,139,434,91,2867048,5,151,250,91,0,0,0,0,0,0,0,0,0,0,0,0,0,0,0,0,0,0,0,0,2867048,5,151,250,91,0,0,0,0,0,0,0,0,0,0,0,0,0,0,0,0,0,0,0,0,0,0,0,0,0,0,0,0,0,0,0,0,0,0,0,0,0,0,0,0,0,0,0,0,0,0,0,0,0,0,0,0,0,0,0,0,0,0,0,0,0,0,0,0,0,0,0,0,0,0,0,0,0,0,0,0,0,0,0,0,0,0,0,0,0,0,0,0,0,0,0,0,0,0,0,0,0,0,0,0,0,0,0,0,0,0,0,0,0,0,0,0,0,0,0,0,0,0,0,0,0,0,0,0,0,0,0,0,0,0,0,0,0,0,0,0,0,0,0,0,0,0,0,0,0,0,0,0,0,0,0,0,0,0,0,0,0,0,0,0,0,0,0,0,0,1660350,2,110,182,108,0,0,0,0,0,0,0,0,0,0,0,0,0,0,0,0,0,0,0,0,0,0,0,0,0,1660350,2,110,182,108,0,0,0,0,0,0,0,0,0,0,0,0,0,0,0,0,0,0,0,0,0,0,0,0,0,0,0,0,0,0
transpop,0.6,0.56,142.27,0.3,-6.17,0.08,0.11,0.29,0.0,6355936,8,147,432,68,0,0,0,0,0,0,0,0,0,0,0,0,0,0,0,0,0,0,0,0,0,0,0,0,0,0,0,0,0,0,0,0,0,0,0,0,0,0,0,0,0,0,0,0,0,0,0,0,0,0,0,0,0,0,0,0,0,0,0,0,0,0,0,0,0,628538,1,200,1,200,0,0,0,0,0,0,0,0,0,0,0,0,0,0,0,0,0,0,0,0,0,0,0,0,0,0,0,0,0,0,0,0,0,0,0,0,0,0,0,0,0,0,0,0,0,628538,1,200,1,200,0,0,0,0,0,0,0,0,0,0,0,0,0,0,0,0,0,0,0,0,0,0,0,0,0,0,0,0,0,0,0,0,0,0,0,0,0,0,0,0,0,0,0,0,0,0,0,0,0,0,0,0,0,0,0,0,0,0,0,0,0,0,0,0,0,0,0,0,0,0,0,0,0,0,0,5727398,7,140,427,68,0,0,0,0,0,0,0,0,0,0,0,0,0,0,0,0,0,0,0,0,3046193,3,105,288,68,2681205,4,166,140,144,0,0,0,0,0,0,0,0,0,0,0,0,0,0,0,0,0,0,0,0,0,0,0,0,0,0,0,0,0,0
batidao romantico,0.74,0.59,128.52,0.81,-6.41,0.07,0.43,0.22,0.0,15554837,25,184,425,154,0,0,0,0,0,0,0,0,0,0,0,0,0,0,0,0,0,0,0,0,0,0,0,0,0,0,0,0,0,0,0,0,0,0,0,0,0,0,0,0,0,0,0,0,0,0,0,0,0,0,0,0,0,0,0,0,0,0,0,0,0,0,0,0,0,9871271,17,182,323,154,0,0,0,0,0,0,0,0,0,0,0,0,0,0,0,0,0,0,0,0,3007478,5,180,105,154,6272373,11,181,220,161,591420,1,190,11,190,0,0,0,0,0,0,0,0,0,0,0,0,0,0,0,0,0,0,0,0,0,0,0,0,0,0,0,0,0,0,0,0,0,0,0,0,0,0,0,0,0,0,0,0,0,0,0,0,0,0,0,0,0,0,0,0,0,0,0,0,0,0,0,0,0,0,0,0,0,0,0,0,0,0,0,0,0,0,0,0,0,0,0,0,0,0,0,0,0,0,5683566,8,189,96,173,0,0,0,0,0,0,0,0,0,0,0,0,0,0,0,0,0,0,0,0,0,0,0,0,0,0,0,0,0,0,0,0,0,0,0,0,0,0,0,0,705139,1,199,2,199,2133614,3,193,24,189,2844813,4,184,68,173,0,0,0,0,0
classic canadian rock,0.5,0.44,76.87,0.38,-8.65,0.02,0.06,0.45,0.0,6088364,4,98,412,90,1022545,1,104,97,104,0,0,0,0,0,0,0,0,0,0,0,0,0,0,0,0,0,0,0,0,0,0,0,0,0,0,0,0,0,0,0,0,0,0,0,0,0,0,0,0,0,0,0,0,0,0,0,0,0,0,0,0,0,0,0,1022545,1,104,97,104,1430908,1,93,108,93,0,0,0,0,0,0,0,0,0,0,0,0,0,0,0,0,0,0,0,0,0,0,0,0,0,0,0,0,0,0,0,0,0,0,0,0,0,0,0,0,0,0,0,0,0,0,0,0,0,0,0,0,0,0,0,1430908,1,93,108,93,1585016,1,103,98,103,0,0,0,0,0,0,0,0,0,0,0,0,0,0,0,0,0,0,0,0,0,0,0,0,0,0,0,0,0,0,0,0,0,0,0,0,0,0,0,0,0,0,0,0,0,0,0,0,0,0,0,0,0,0,0,1585016,1,103,98,103,2049895,1,90,111,90,0,0,0,0,0,0,0,0,0,0,0,0,0,0,0,0,0,0,0,0,0,0,0,0,0,0,0,0,0,0,0,0,0,0,0,0,0,0,0,0,0,0,0,0,0,0,0,0,0,0,0,0,0,0,0,2049895,1,90,111,90
canadian singer-songwriter,0.5,0.44,76.87,0.38,-8.65,0.02,0.06,0.45,0.0,6088364,4,98,412,90,1022545,1,104,97,104,0,0,0,0,0,0,0,0,0,0,0,0,0,0,0,0,0,0,0,0,0,0,0,0,0,0,0,0,0,0,0,0,0,0,0,0,0,0,0,0,0,0,0,0,0,0,0,0,0,0,0,0,0,0,0,1022545,1,104,97,104,1430908,1,93,108,93,0,0,0,0,0,0,0,0,0,0,0,0,0,0,0,0,0,0,0,0,0,0,0,0,0,0,0,0,0,0,0,0,0,0,0,0,0,0,0,0,0,0,0,0,0,0,0,0,0,0,0,0,0,0,0,1430908,1,93,108,93,1585016,1,103,98,103,0,0,0,0,0,0,0,0,0,0,0,0,0,0,0,0,0,0,0,0,0,0,0,0,0,0,0,0,0,0,0,0,0,0,0,0,0,0,0,0,0,0,0,0,0,0,0,0,0,0,0,0,0,0,0,1585016,1,103,98,103,2049895,1,90,111,90,0,0,0,0,0,0,0,0,0,0,0,0,0,0,0,0,0,0,0,0,0,0,0,0,0,0,0,0,0,0,0,0,0,0,0,0,0,0,0,0,0,0,0,0,0,0,0,0,0,0,0,0,0,0,0,2049895,1,90,111,90
italian indie pop,0.7,0.68,125.34,0.45,-5.67,0.18,0.17,0.21,0.0,7443717,10,160,410,94,0,0,0,0,0,0,0,0,0,0,0,0,0,0,0,0,0,0,0,0,0,0,0,0,0,0,0,0,0,0,0,0,0,0,0,0,0,0,0,0,0,0,0,0,0,0,0,0,0,0,0,0,0,0,0,0,0,0,0,0,0,0,0,0,0,1445560,2,173,56,158,0,0,0,0,0,0,0,0,0,0,0,0,0,0,0,0,0,0,0,0,647852,1,188,13,188,0,0,0,0,0,0,0,0,0,0,0,0,0,0,0,0,0,0,0,0,0,0,0,0,0,797708,1,158,43,158,0,0,0,0,0,1482327,2,168,66,150,697014,1,185,16,185,0,0,0,0,0,0,0,0,0,0,0,0,0,0,0,0,0,0,0,0,0,0,0,0,0,0,0,0,0,0,0,0,0,0,0,0,0,0,0,0,785313,1,150,51,150,0,0,0,0,0,0,0,0,0,0,4515830,6,154,282,94,0,0,0,0,0,3771289,5,154,235,94,0,0,0,0,0,0,0,0,0,0,744541,1,154,47,154,0,0,0,0,0,0,0,0,0,0,0,0,0,0,0,0,0,0,0,0,0,0,0,0,0,0,0,0,0,0,0,0,0,0,0
brega romantico,0.71,0.61,128.04,0.78,-7.08,0.07,0.35,0.28,0.0,12716084,21,182,399,154,0,0,0,0,0,0,0,0,0,0,0,0,0,0,0,0,0,0,0,0,0,0,0,0,0,0,0,0,0,0,0,0,0,0,0,0,0,0,0,0,0,0,0,0,0,0,0,0,0,0,0,0,0,0,0,0,0,0,0,0,0,0,0,0,0,9871271,17,182,323,154,0,0,0,0,0,0,0,0,0,0,0,0,0,0,0,0,0,0,0,0,3007478,5,180,105,154,6272373,11,181,220,161,591420,1,190,11,190,0,0,0,0,0,0,0,0,0,0,0,0,0,0,0,0,0,0,0,0,0,0,0,0,0,0,0,0,0,0,0,0,0,0,0,0,0,0,0,0,0,0,0,0,0,0,0,0,0,0,0,0,0,0,0,0,0,0,0,0,0,0,0,0,0,0,0,0,0,0,0,0,0,0,0,0,0,0,0,0,0,0,0,0,0,0,0,0,0,0,2844813,4,184,68,173,0,0,0,0,0,0,0,0,0,0,0,0,0,0,0,0,0,0,0,0,0,0,0,0,0,0,0,0,0,0,0,0,0,0,0,0,0,0,0,0,0,0,0,0,0,0,0,0,0,0,2844813,4,184,68,173,0,0,0,0,0
classic country pop,0.64,0.52,151.18,0.74,-9.23,0.04,0.12,0.6,0.0,6029878,5,122,395,84,0,0,0,0,0,0,0,0,0,0,0,0,0,0,0,0,0,0,0,0,0,0,0,0,0,0,0,0,0,0,0,0,0,0,0,0,0,0,0,0,0,0,0,0,0,0,0,0,0,0,0,0,0,0,0,0,0,0,0,0,0,0,0,0,0,0,0,0,0,0,0,0,0,0,0,0,0,0,0,0,0,0,0,0,0,0,0,0,0,0,0,0,0,0,0,0,0,0,0,0,0,0,0,0,0,0,0,0,0,0,0,0,0,0,0,0,0,0,0,0,0,0,0,0,0,0,0,0,0,0,0,0,0,0,0,0,0,0,0,0,0,0,0,0,0,0,0,0,0,0,0,0,0,0,0,0,0,0,0,0,0,0,0,0,0,0,0,0,0,0,0,0,0,0,0,0,0,0,0,0,0,0,0,0,0,0,0,0,0,0,0,0,0,0,0,6029878,5,122,395,84,0,0,0,0,0,0,0,0,0,0,2665821,3,126,225,84,0,0,0,0,0,0,0,0,0,0,0,0,0,0,0,0,0,0,0,0,0,0,0,0,0,0,0,0,0,0,0,0,0,0,0,0,0,0,0,0,3364057,2,117,168,101
double drumming,0.37,0.96,129.2,0.32,-3.35,0.08,0.14,0.0,0.04,5660301,7,145,392,117,0,0,0,0,0,0,0,0,0,0,0,0,0,0,0,0,0,0,0,0,0,0,0,0,0,0,0,0,0,0,0,0,0,0,0,0,0,0,0,0,0,0,0,0,0,0,0,0,0,0,0,0,0,0,0,0,0,0,0,0,0,0,0,0,0,0,0,0,0,0,0,0,0,0,0,0,0,0,0,0,0,0,0,0,0,0,0,0,0,0,0,0,0,0,0,0,0,0,0,0,0,0,0,0,0,0,0,0,0,0,0,0,0,0,0,0,0,0,0,0,0,0,0,0,0,0,0,0,0,0,5660301,7,145,392,117,0,0,0,0,0,0,0,0,0,0,0,0,0,0,0,0,0,0,0,0,2377060,3,158,129,117,0,0,0,0,0,0,0,0,0,0,3283241,4,135,264,117,0,0,0,0,0,0,0,0,0,0,0,0,0,0,0,0,0,0,0,0,0,0,0,0,0,0,0,0,0,0,0,0,0,0,0,0,0,0,0,0,0,0,0,0,0,0,0,0,0,0,0,0,0,0,0,0,0,0,0,0,0,0,0,0,0,0,0,0,0,0,0,0,0,0,0,0,0,0,0,0,0,0,0,0,0
hawaiian hip hop,0.75,0.62,126.57,0.41,-6.76,0.21,0.12,0.2,0.0,9618004,15,176,375,128,872775,2,196,10,192,0,0,0,0,0,0,0,0,0,0,872775,2,196,10,192,0,0,0,0,0,0,0,0,0,0,0,0,0,0,0,0,0,0,0,0,0,0,0,0,0,0,0,0,0,0,0,0,0,0,0,0,0,0,0,0,0,0,0,0,0,3259191,5,158,215,128,0,0,0,0,0,0,0,0,0,0,0,0,0,0,0,0,0,0,0,0,0,0,0,0,0,0,0,0,0,0,0,0,0,0,0,0,0,0,0,0,3259191,5,158,215,128,0,0,0,0,0,0,0,0,0,0,0,0,0,0,0,3783042,6,192,54,171,0,0,0,0,0,0,0,0,0,0,0,0,0,0,0,0,0,0,0,0,0,0,0,0,0,1901185,3,195,18,191,0,0,0,0,0,0,0,0,0,0,0,0,0,0,0,1881857,3,189,36,171,0,0,0,0,0,0,0,0,0,0,1702996,2,149,104,149,855371,1,149,52,149,847625,1,149,52,149,0,0,0,0,0,0,0,0,0,0,0,0,0,0,0,0,0,0,0,0,0,0,0,0,0,0,0,0,0,0,0,0,0,0,0,0,0,0,0,0,0,0,0,0,0,0,0,0,0,0
forro de favela,0.68,0.73,160.99,0.87,-6.96,0.06,0.37,0.39,0.0,14926206,22,184,374,138,0,0,0,0,0,0,0,0,0,0,0,0,0,0,0,0,0,0,0,0,0,0,0,0,0,0,0,0,0,0,0,0,0,0,0,0,0,0,0,0,0,0,0,0,0,0,0,0,0,0,0,0,0,0,0,0,0,0,0,0,0,0,0,0,0,6981926,12,183,216,154,0,0,0,0,0,0,0,0,0,0,0,0,0,0,0,0,0,0,0,0,3007478,5,180,105,154,3974448,7,184,119,162,0,0,0,0,0,0,0,0,0,0,0,0,0,0,0,0,0,0,0,0,0,0,0,0,0,0,0,0,0,0,0,0,0,0,0,0,0,0,0,0,0,0,0,0,0,0,0,0,0,0,0,0,0,0,0,0,0,0,0,0,0,0,0,0,0,0,0,0,0,0,0,0,0,0,0,0,0,0,0,0,0,0,0,0,0,0,0,0,0,0,0,0,0,0,0,7944280,10,185,160,138,0,0,0,0,0,0,0,0,0,0,0,0,0,0,0,0,0,0,0,0,0,0,0,0,0,0,0,0,0,0,0,0,0,0,0,0,0,0,0,0,0,0,0,0,0,0,0,0,0,0,2759722,4,193,32,190,5184558,6,180,126,138
grunge,0.47,0.85,103.99,0.55,-5.32,0.04,0.15,0.0,0.05,4256734,6,139,372,60,3555937,5,129,360,60,0,0,0,0,0,0,0,0,0,0,0,0,0,0,0,0,0,0,0,0,3555937,5,129,360,60,0,0,0,0,0,0,0,0,0,0,0,0,0,0,0,0,0,0,0,0,0,0,0,0,0,0,0,0,0,0,0,0,0,0,0,0,0,0,0,0,0,0,0,0,0,0,0,0,0,0,0,0,0,0,0,0,0,0,0,0,0,0,0,0,0,0,0,0,0,0,0,0,0,0,0,0,0,0,0,0,0,0,0,0,0,0,0,0,0,0,0,0,0,0,0,0,0,0,0,0,0,0,0,0,0,0,0,0,0,0,0,0,0,0,0,0,0,0,0,0,0,0,0,0,0,0,0,0,0,0,0,0,0,0,0,0,0,0,0,0,0,0,0,0,0,0,0,0,0,0,0,0,0,0,0,0,0,0,0,0,0,0,0,0,0,700797,1,191,10,191,0,0,0,0,0,0,0,0,0,0,0,0,0,0,0,0,0,0,0,0,0,0,0,0,0,0,0,0,0,0,0,0,0,0,0,0,0,0,0,0,0,0,0,0,0,0,0,0,0,0,0,0,0,0,0,700797,1,191,10,191
modern blues rock,0.57,0.76,146.15,0.65,-5.8,0.13,0.19,0.02,0.04,4215756,5,130,355,63,531101,1,157,44,157,0,0,0,0,0,0,0,0,0,0,0,0,0,0,0,0,0,0,0,0,0,0,0,0,0,0,0,0,0,0,0,0,0,0,0,531101,1,157,44,157,0,0,0,0,0,0,0,0,0,0,0,0,0,0,0,0,0,0,0,0,0,0,0,0,0,0,0,0,0,0,0,0,0,0,0,0,0,0,0,0,0,0,0,0,0,0,0,0,0,0,0,0,0,0,0,0,0,0,0,0,0,0,0,0,0,0,0,0,0,0,0,0,0,0,0,0,0,0,0,0,0,0,0,0,0,3684655,4,123,312,63,0,0,0,0,0,0,0,0,0,0,791570,1,163,38,163,2893085,3,110,273,63,0,0,0,0,0,0,0,0,0,0,0,0,0,0,0,0,0,0,0,0,0,0,0,0,0,0,0,0,0,0,0,0,0,0,0,0,0,0,0,0,0,0,0,0,0,0,0,0,0,0,0,0,0,0,0,0,0,0,0,0,0,0,0,0,0,0,0,0,0,0,0,0,0,0,0,0,0,0,0,0,0,0,0,0,0,0,0,0,0,0,0,0,0,0,0,0,0,0,0,0,0,0,0,0,0
soul jazz,0.63,0.81,160.17,0.78,-5.89,0.13,0.12,0.14,0.02,3809632,5,132,345,87,0,0,0,0,0,0,0,0,0,0,0,0,0,0,0,0,0,0,0,0,0,0,0,0,0,0,0,0,0,0,0,0,0,0,0,0,0,0,0,0,0,0,0,0,0,0,0,0,0,0,0,0,0,0,0,0,0,0,0,0,0,0,0,0,0,3809632,5,132,345,87,0,0,0,0,0,0,0,0,0,0,0,0,0,0,0,0,0,0,0,0,0,0,0,0,0,2687838,3,105,288,87,1121794,2,171,60,162,0,0,0,0,0,0,0,0,0,0,0,0,0,0,0,0,0,0,0,0,0,0,0,0,0,0,0,0,0,0,0,0,0,0,0,0,0,0,0,0,0,0,0,0,0,0,0,0,0,0,0,0,0,0,0,0,0,0,0,0,0,0,0,0,0,0,0,0,0,0,0,0,0,0,0,0,0,0,0,0,0,0,0,0,0,0,0,0,0,0,0,0,0,0,0,0,0,0,0,0,0,0,0,0,0,0,0,0,0,0,0,0,0,0,0,0,0,0,0,0,0,0,0,0,0,0,0,0,0,0,0,0,0,0,0,0,0,0,0,0,0,0,0,0,0,0,0,0,0,0,0,0,0,0,0
jazz guitar,0.63,0.81,160.17,0.78,-5.89,0.13,0.12,0.14,0.02,3809632,5,132,345,87,0,0,0,0,0,0,0,0,0,0,0,0,0,0,0,0,0,0,0,0,0,0,0,0,0,0,0,0,0,0,0,0,0,0,0,0,0,0,0,0,0,0,0,0,0,0,0,0,0,0,0,0,0,0,0,0,0,0,0,0,0,0,0,0,0,3809632,5,132,345,87,0,0,0,0,0,0,0,0,0,0,0,0,0,0,0,0,0,0,0,0,0,0,0,0,0,2687838,3,105,288,87,1121794,2,171,60,162,0,0,0,0,0,0,0,0,0,0,0,0,0,0,0,0,0,0,0,0,0,0,0,0,0,0,0,0,0,0,0,0,0,0,0,0,0,0,0,0,0,0,0,0,0,0,0,0,0,0,0,0,0,0,0,0,0,0,0,0,0,0,0,0,0,0,0,0,0,0,0,0,0,0,0,0,0,0,0,0,0,0,0,0,0,0,0,0,0,0,0,0,0,0,0,0,0,0,0,0,0,0,0,0,0,0,0,0,0,0,0,0,0,0,0,0,0,0,0,0,0,0,0,0,0,0,0,0,0,0,0,0,0,0,0,0,0,0,0,0,0,0,0,0,0,0,0,0,0,0,0,0,0,0,0
washington indie,0.61,0.66,159.82,0.7,-6.33,0.4,0.1,0.14,0.0,3997046,5,134,335,71,0,0,0,0,0,0,0,0,0,0,0,0,0,0,0,0,0,0,0,0,0,0,0,0,0,0,0,0,0,0,0,0,0,0,0,0,0,0,0,0,0,0,0,0,0,0,0,0,0,0,0,0,0,0,0,0,0,0,0,0,0,0,0,0,0,0,0,0,0,0,0,0,0,0,0,0,0,0,0,0,0,0,0,0,0,0,0,0,0,0,0,0,0,0,0,0,0,0,0,0,0,0,0,0,0,0,0,0,0,0,0,0,0,0,0,0,0,0,0,0,0,0,0,0,0,0,0,0,0,0,3997046,5,134,335,71,0,0,0,0,0,0,0,0,0,0,0,0,0,0,0,0,0,0,0,0,0,0,0,0,0,0,0,0,0,0,3997046,5,134,335,71,0,0,0,0,0,0,0,0,0,0,0,0,0,0,0,0,0,0,0,0,0,0,0,0,0,0,0,0,0,0,0,0,0,0,0,0,0,0,0,0,0,0,0,0,0,0,0,0,0,0,0,0,0,0,0,0,0,0,0,0,0,0,0,0,0,0,0,0,0,0,0,0,0,0,0,0,0,0,0,0,0,0,0,0,0,0,0,0,0,0
latin talent show,0.54,0.67,131.01,0.37,-4.07,0.1,0.07,0.45,0.0,5543861,9,165,324,140,0,0,0,0,0,0,0,0,0,0,0,0,0,0,0,0,0,0,0,0,0,0,0,0,0,0,0,0,0,0,0,0,0,0,0,0,0,0,0,0,0,0,0,0,0,0,0,0,0,0,0,0,0,0,0,0,0,0,0,0,0,0,0,0,0,5543861,9,165,324,140,0,0,0,0,0,0,0,0,0,0,0,0,0,0,0,0,0,0,0,0,0,0,0,0,0,0,0,0,0,0,2403648,4,154,188,140,2372314,4,172,116,150,0,0,0,0,0,0,0,0,0,0,767899,1,177,24,177,0,0,0,0,0,0,0,0,0,0,0,0,0,0,0,0,0,0,0,0,0,0,0,0,0,0,0,0,0,0,0,0,0,0,0,0,0,0,0,0,0,0,0,0,0,0,0,0,0,0,0,0,0,0,0,0,0,0,0,0,0,0,0,0,0,0,0,0,0,0,0,0,0,0,0,0,0,0,0,0,0,0,0,0,0,0,0,0,0,0,0,0,0,0,0,0,0,0,0,0,0,0,0,0,0,0,0,0,0,0,0,0,0,0,0,0,0,0,0,0,0,0,0,0,0,0,0,0,0,0,0,0,0,0,0
garage rock revival,0.55,0.81,158.22,0.62,-4.97,0.18,0.17,0.02,0.07,3424186,4,122,316,63,531101,1,157,44,157,0,0,0,0,0,0,0,0,0,0,0,0,0,0,0,0,0,0,0,0,0,0,0,0,0,0,0,0,0,0,0,0,0,0,0,531101,1,157,44,157,0,0,0,0,0,0,0,0,0,0,0,0,0,0,0,0,0,0,0,0,0,0,0,0,0,0,0,0,0,0,0,0,0,0,0,0,0,0,0,0,0,0,0,0,0,0,0,0,0,0,0,0,0,0,0,0,0,0,0,0,0,0,0,0,0,0,0,0,0,0,0,0,0,0,0,0,0,0,0,0,0,0,0,0,0,2893085,3,110,273,63,0,0,0,0,0,0,0,0,0,0,0,0,0,0,0,2893085,3,110,273,63,0,0,0,0,0,0,0,0,0,0,0,0,0,0,0,0,0,0,0,0,0,0,0,0,0,0,0,0,0,0,0,0,0,0,0,0,0,0,0,0,0,0,0,0,0,0,0,0,0,0,0,0,0,0,0,0,0,0,0,0,0,0,0,0,0,0,0,0,0,0,0,0,0,0,0,0,0,0,0,0,0,0,0,0,0,0,0,0,0,0,0,0,0,0,0,0,0,0,0,0,0,0,0,0,0
icelandic indie,0.49,0.5,163.26,0.34,-8.02,0.12,0.1,0.58,0.0,9589051,21,186,315,160,9589051,21,186,315,160,0,0,0,0,0,1195307,3,198,9,197,7960139,17,183,306,160,433605,1,199,2,199,0,0,0,0,0,0,0,0,0,0,0,0,0,0,0,0,0,0,0,0,0,0,0,0,0,0,0,0,0,0,0,0,0,0,0,0,0,0,0,0,0,0,0,0,0,0,0,0,0,0,0,0,0,0,0,0,0,0,0,0,0,0,0,0,0,0,0,0,0,0,0,0,0,0,0,0,0,0,0,0,0,0,0,0,0,0,0,0,0,0,0,0,0,0,0,0,0,0,0,0,0,0,0,0,0,0,0,0,0,0,0,0,0,0,0,0,0,0,0,0,0,0,0,0,0,0,0,0,0,0,0,0,0,0,0,0,0,0,0,0,0,0,0,0,0,0,0,0,0,0,0,0,0,0,0,0,0,0,0,0,0,0,0,0,0,0,0,0,0,0,0,0,0,0,0,0,0,0,0,0,0,0,0,0,0,0,0,0,0,0,0,0,0,0,0,0,0,0,0,0,0,0,0,0,0,0,0,0,0,0,0,0,0,0,0,0,0,0,0,0,0,0,0,0,0,0,0,0,0,0,0,0,0,0,0
icelandic rock,0.49,0.5,163.26,0.34,-8.02,0.12,0.1,0.58,0.0,9589051,21,186,315,160,9589051,21,186,315,160,0,0,0,0,0,1195307,3,198,9,197,7960139,17,183,306,160,433605,1,199,2,199,0,0,0,0,0,0,0,0,0,0,0,0,0,0,0,0,0,0,0,0,0,0,0,0,0,0,0,0,0,0,0,0,0,0,0,0,0,0,0,0,0,0,0,0,0,0,0,0,0,0,0,0,0,0,0,0,0,0,0,0,0,0,0,0,0,0,0,0,0,0,0,0,0,0,0,0,0,0,0,0,0,0,0,0,0,0,0,0,0,0,0,0,0,0,0,0,0,0,0,0,0,0,0,0,0,0,0,0,0,0,0,0,0,0,0,0,0,0,0,0,0,0,0,0,0,0,0,0,0,0,0,0,0,0,0,0,0,0,0,0,0,0,0,0,0,0,0,0,0,0,0,0,0,0,0,0,0,0,0,0,0,0,0,0,0,0,0,0,0,0,0,0,0,0,0,0,0,0,0,0,0,0,0,0,0,0,0,0,0,0,0,0,0,0,0,0,0,0,0,0,0,0,0,0,0,0,0,0,0,0,0,0,0,0,0,0,0,0,0,0,0,0,0,0,0,0,0,0,0,0,0,0,0,0,0
punk blues,0.61,0.68,129.27,0.68,-6.96,0.12,0.21,0.01,0.0,3684655,4,123,312,63,0,0,0,0,0,0,0,0,0,0,0,0,0,0,0,0,0,0,0,0,0,0,0,0,0,0,0,0,0,0,0,0,0,0,0,0,0,0,0,0,0,0,0,0,0,0,0,0,0,0,0,0,0,0,0,0,0,0,0,0,0,0,0,0,0,0,0,0,0,0,0,0,0,0,0,0,0,0,0,0,0,0,0,0,0,0,0,0,0,0,0,0,0,0,0,0,0,0,0,0,0,0,0,0,0,0,0,0,0,0,0,0,0,0,0,0,0,0,0,0,0,0,0,0,0,0,0,0,0,0,3684655,4,123,312,63,0,0,0,0,0,0,0,0,0,0,791570,1,163,38,163,2893085,3,110,273,63,0,0,0,0,0,0,0,0,0,0,0,0,0,0,0,0,0,0,0,0,0,0,0,0,0,0,0,0,0,0,0,0,0,0,0,0,0,0,0,0,0,0,0,0,0,0,0,0,0,0,0,0,0,0,0,0,0,0,0,0,0,0,0,0,0,0,0,0,0,0,0,0,0,0,0,0,0,0,0,0,0,0,0,0,0,0,0,0,0,0,0,0,0,0,0,0,0,0,0,0,0,0,0,0,0
northern soul,0.66,0.6,129.99,0.8,-10.87,0.03,0.18,0.43,0.0,2868101,4,124,308,85,1476859,2,117,168,85,413039,1,149,52,149,0,0,0,0,0,0,0,0,0,0,0,0,0,0,0,0,0,0,0,0,0,0,0,0,0,0,0,0,0,0,0,0,0,0,0,0,0,0,0,0,0,0,0,0,0,0,0,0,0,0,1063820,1,85,116,85,1391242,2,130,142,115,671343,1,115,86,115,0,0,0,0,0,0,0,0,0,0,0,0,0,0,0,0,0,0,0,0,0,0,0,0,0,719899,1,145,56,145,0,0,0,0,0,0,0,0,0,0,0,0,0,0,0,0,0,0,0,0,0,0,0,0,0,0,0,0,0,0,0,0,0,0,0,0,0,0,0,0,0,0,0,0,0,0,0,0,0,0,0,0,0,0,0,0,0,0,0,0,0,0,0,0,0,0,0,0,0,0,0,0,0,0,0,0,0,0,0,0,0,0,0,0,0,0,0,0,0,0,0,0,0,0,0,0,0,0,0,0,0,0,0,0,0,0,0,0,0,0,0,0,0,0,0,0,0,0,0,0,0,0,0,0,0,0,0,0,0,0,0,0,0,0,0,0,0,0,0,0,0,0,0,0,0,0,0,0,0,0,0,0,0,0,0
supergroup,0.5,0.76,92.57,0.44,-4.74,0.05,0.11,0.0,0.0,3169636,5,143,290,84,3169636,5,143,290,84,0,0,0,0,0,0,0,0,0,0,0,0,0,0,0,0,0,0,0,0,3169636,5,143,290,84,0,0,0,0,0,0,0,0,0,0,0,0,0,0,0,0,0,0,0,0,0,0,0,0,0,0,0,0,0,0,0,0,0,0,0,0,0,0,0,0,0,0,0,0,0,0,0,0,0,0,0,0,0,0,0,0,0,0,0,0,0,0,0,0,0,0,0,0,0,0,0,0,0,0,0,0,0,0,0,0,0,0,0,0,0,0,0,0,0,0,0,0,0,0,0,0,0,0,0,0,0,0,0,0,0,0,0,0,0,0,0,0,0,0,0,0,0,0,0,0,0,0,0,0,0,0,0,0,0,0,0,0,0,0,0,0,0,0,0,0,0,0,0,0,0,0,0,0,0,0,0,0,0,0,0,0,0,0,0,0,0,0,0,0,0,0,0,0,0,0,0,0,0,0,0,0,0,0,0,0,0,0,0,0,0,0,0,0,0,0,0,0,0,0,0,0,0,0,0,0,0,0,0,0,0,0,0,0,0,0,0,0,0,0,0,0,0,0,0,0,0,0,0,0,0,0,0,0,0,0
old school rap francais,0.81,0.68,135.72,0.53,-6.26,0.2,0.14,0.25,0.0,5512380,7,161,280,125,546878,1,200,1,200,0,0,0,0,0,0,0,0,0,0,0,0,0,0,0,0,0,0,0,0,0,0,0,0,0,0,0,0,0,0,0,0,0,0,0,0,0,0,0,0,0,0,0,0,0,0,0,0,0,0,0,0,0,0,0,546878,1,200,1,200,1478641,2,148,106,135,0,0,0,0,0,0,0,0,0,0,0,0,0,0,0,0,0,0,0,0,0,0,0,0,0,0,0,0,0,0,0,0,0,0,0,0,0,0,0,0,0,0,0,0,0,0,0,0,0,0,1478641,2,148,106,135,0,0,0,0,0,0,0,0,0,0,0,0,0,0,0,0,0,0,0,0,0,0,0,0,0,0,0,0,0,0,0,0,0,0,0,0,0,0,0,0,0,0,0,0,0,0,0,0,0,0,0,0,0,0,0,0,0,0,0,0,0,0,0,0,0,0,0,0,0,0,3486861,4,158,172,125,2694164,3,153,144,125,0,0,0,0,0,0,0,0,0,0,0,0,0,0,0,0,0,0,0,0,0,0,0,0,0,0,0,0,0,0,0,0,0,0,0,0,0,0,0,0,0,0,0,0,0,792697,1,176,25,176,0,0,0,0,0
r&b brasileiro,0.68,0.68,153.29,0.42,-4.97,0.14,0.14,0.09,0.0,6509509,9,171,270,114,0,0,0,0,0,0,0,0,0,0,0,0,0,0,0,0,0,0,0,0,0,0,0,0,0,0,0,0,0,0,0,0,0,0,0,0,0,0,0,0,0,0,0,0,0,0,0,0,0,0,0,0,0,0,0,0,0,0,0,0,0,0,0,0,0,0,0,0,0,0,0,0,0,0,0,0,0,0,0,0,0,0,0,0,0,0,0,0,0,0,0,0,0,0,0,0,0,0,0,0,0,0,0,0,0,0,0,0,0,0,0,0,0,0,0,0,0,0,0,0,0,0,0,0,0,0,0,0,0,0,0,0,0,0,0,0,0,0,0,0,0,0,0,0,0,0,0,0,0,0,0,0,0,0,0,0,0,0,0,0,0,0,0,0,0,0,0,0,0,0,0,0,0,0,0,0,0,0,0,0,0,0,0,0,0,0,0,0,0,0,0,0,0,0,0,6509509,9,171,270,114,0,0,0,0,0,0,0,0,0,0,0,0,0,0,0,0,0,0,0,0,0,0,0,0,0,0,0,0,0,0,0,0,0,0,0,0,0,0,0,0,6509509,9,171,270,114,0,0,0,0,0,0,0,0,0,0,0,0,0,0,0
rap cearense,0.68,0.68,153.29,0.42,-4.97,0.14,0.14,0.09,0.0,6509509,9,171,270,114,0,0,0,0,0,0,0,0,0,0,0,0,0,0,0,0,0,0,0,0,0,0,0,0,0,0,0,0,0,0,0,0,0,0,0,0,0,0,0,0,0,0,0,0,0,0,0,0,0,0,0,0,0,0,0,0,0,0,0,0,0,0,0,0,0,0,0,0,0,0,0,0,0,0,0,0,0,0,0,0,0,0,0,0,0,0,0,0,0,0,0,0,0,0,0,0,0,0,0,0,0,0,0,0,0,0,0,0,0,0,0,0,0,0,0,0,0,0,0,0,0,0,0,0,0,0,0,0,0,0,0,0,0,0,0,0,0,0,0,0,0,0,0,0,0,0,0,0,0,0,0,0,0,0,0,0,0,0,0,0,0,0,0,0,0,0,0,0,0,0,0,0,0,0,0,0,0,0,0,0,0,0,0,0,0,0,0,0,0,0,0,0,0,0,0,6509509,9,171,270,114,0,0,0,0,0,0,0,0,0,0,0,0,0,0,0,0,0,0,0,0,0,0,0,0,0,0,0,0,0,0,0,0,0,0,0,0,0,0,0,0,6509509,9,171,270,114,0,0,0,0,0,0,0,0,0,0,0,0,0,0,0
laiko,0.59,0.76,101.04,0.59,-4.58,0.12,0.61,0.06,0.0,3318504,5,150,255,115,0,0,0,0,0,0,0,0,0,0,0,0,0,0,0,0,0,0,0,0,0,0,0,0,0,0,0,0,0,0,0,0,0,0,0,0,0,0,0,0,0,0,0,0,0,0,0,0,0,0,0,0,0,0,0,0,0,0,0,0,0,0,0,0,0,3318504,5,150,255,115,0,0,0,0,0,0,0,0,0,0,0,0,0,0,0,0,0,0,0,0,3318504,5,150,255,115,0,0,0,0,0,0,0,0,0,0,0,0,0,0,0,0,0,0,0,0,0,0,0,0,0,0,0,0,0,0,0,0,0,0,0,0,0,0,0,0,0,0,0,0,0,0,0,0,0,0,0,0,0,0,0,0,0,0,0,0,0,0,0,0,0,0,0,0,0,0,0,0,0,0,0,0,0,0,0,0,0,0,0,0,0,0,0,0,0,0,0,0,0,0,0,0,0,0,0,0,0,0,0,0,0,0,0,0,0,0,0,0,0,0,0,0,0,0,0,0,0,0,0,0,0,0,0,0,0,0,0,0,0,0,0,0,0,0,0,0,0,0,0,0,0,0,0,0,0,0,0,0,0,0,0,0,0,0,0,0,0,0,0,0,0
greek pop,0.59,0.76,101.04,0.59,-4.58,0.12,0.61,0.06,0.0,3318504,5,150,255,115,0,0,0,0,0,0,0,0,0,0,0,0,0,0,0,0,0,0,0,0,0,0,0,0,0,0,0,0,0,0,0,0,0,0,0,0,0,0,0,0,0,0,0,0,0,0,0,0,0,0,0,0,0,0,0,0,0,0,0,0,0,0,0,0,0,3318504,5,150,255,115,0,0,0,0,0,0,0,0,0,0,0,0,0,0,0,0,0,0,0,0,3318504,5,150,255,115,0,0,0,0,0,0,0,0,0,0,0,0,0,0,0,0,0,0,0,0,0,0,0,0,0,0,0,0,0,0,0,0,0,0,0,0,0,0,0,0,0,0,0,0,0,0,0,0,0,0,0,0,0,0,0,0,0,0,0,0,0,0,0,0,0,0,0,0,0,0,0,0,0,0,0,0,0,0,0,0,0,0,0,0,0,0,0,0,0,0,0,0,0,0,0,0,0,0,0,0,0,0,0,0,0,0,0,0,0,0,0,0,0,0,0,0,0,0,0,0,0,0,0,0,0,0,0,0,0,0,0,0,0,0,0,0,0,0,0,0,0,0,0,0,0,0,0,0,0,0,0,0,0,0,0,0,0,0,0,0,0,0,0,0,0
spirituals,0.45,0.84,89.96,0.58,-4.28,0.21,0.5,0.11,0.0,2764342,4,138,252,86,1781151,3,155,138,127,0,0,0,0,0,0,0,0,0,0,0,0,0,0,0,1781151,3,155,138,127,0,0,0,0,0,0,0,0,0,0,0,0,0,0,0,0,0,0,0,0,0,0,0,0,0,0,0,0,0,0,0,0,0,0,0,0,0,0,0,0,983191,1,86,115,86,0,0,0,0,0,0,0,0,0,0,0,0,0,0,0,0,0,0,0,0,0,0,0,0,0,0,0,0,0,0,0,0,0,0,0,0,0,0,0,0,983191,1,86,115,86,0,0,0,0,0,0,0,0,0,0,0,0,0,0,0,0,0,0,0,0,0,0,0,0,0,0,0,0,0,0,0,0,0,0,0,0,0,0,0,0,0,0,0,0,0,0,0,0,0,0,0,0,0,0,0,0,0,0,0,0,0,0,0,0,0,0,0,0,0,0,0,0,0,0,0,0,0,0,0,0,0,0,0,0,0,0,0,0,0,0,0,0,0,0,0,0,0,0,0,0,0,0,0,0,0,0,0,0,0,0,0,0,0,0,0,0,0,0,0,0,0,0,0,0,0,0,0,0,0,0,0,0,0,0,0,0,0,0,0,0,0,0,0,0,0
mexican classic rock,0.79,0.73,101.05,0.36,-4.96,0.13,0.14,0.03,0.0,4365754,6,160,246,138,0,0,0,0,0,0,0,0,0,0,0,0,0,0,0,0,0,0,0,0,0,0,0,0,0,0,0,0,0,0,0,0,0,0,0,0,0,0,0,0,0,0,0,0,0,0,0,0,0,0,0,0,0,0,0,0,0,0,0,0,0,0,0,0,0,0,0,0,0,0,0,0,0,0,0,0,0,0,0,0,0,0,0,0,0,0,0,0,0,0,0,0,0,0,0,0,0,0,0,0,0,0,0,0,0,0,0,0,0,0,0,0,0,0,0,0,0,0,0,0,0,0,0,0,0,0,0,0,0,0,4365754,6,160,246,138,0,0,0,0,0,0,0,0,0,0,0,0,0,0,0,0,0,0,0,0,0,0,0,0,0,0,0,0,0,0,0,0,0,0,0,0,0,0,0,0,0,0,0,0,0,4365754,6,160,246,138,0,0,0,0,0,0,0,0,0,0,0,0,0,0,0,0,0,0,0,0,0,0,0,0,0,0,0,0,0,0,0,0,0,0,0,0,0,0,0,0,0,0,0,0,0,0,0,0,0,0,0,0,0,0,0,0,0,0,0,0,0,0,0,0,0,0,0,0,0,0,0,0,0,0,0
musica jibara,0.76,0.52,118.67,0.96,-7.37,0.04,0.35,0.78,0.0,3367001,2,79,244,34,0,0,0,0,0,0,0,0,0,0,0,0,0,0,0,0,0,0,0,0,0,0,0,0,0,0,0,0,0,0,0,0,0,0,0,0,0,0,0,0,0,0,0,0,0,0,0,0,0,0,0,0,0,0,0,0,0,0,0,0,0,0,0,0,0,0,0,0,0,0,0,0,0,0,0,0,0,0,0,0,0,0,0,0,0,0,0,0,0,0,0,0,0,0,0,0,0,0,0,0,0,0,0,0,0,0,0,0,0,0,0,0,0,0,0,0,0,0,0,0,0,0,0,0,0,0,0,0,0,0,0,0,0,0,0,0,0,0,0,0,0,0,0,0,0,0,0,0,0,0,0,0,0,0,0,0,0,0,0,0,0,0,0,0,0,0,0,0,0,0,0,0,0,0,0,0,0,0,0,0,0,0,0,0,0,0,0,0,0,0,0,0,0,0,0,3367001,2,79,244,34,0,0,0,0,0,0,0,0,0,0,0,0,0,0,0,0,0,0,0,0,0,0,0,0,0,0,0,0,0,0,0,0,0,0,0,0,0,0,0,0,0,0,0,0,0,0,0,0,0,0,3367001,2,79,244,34,0,0,0,0,0
puerto rican folk,0.76,0.52,118.67,0.96,-7.37,0.04,0.35,0.78,0.0,3367001,2,79,244,34,0,0,0,0,0,0,0,0,0,0,0,0,0,0,0,0,0,0,0,0,0,0,0,0,0,0,0,0,0,0,0,0,0,0,0,0,0,0,0,0,0,0,0,0,0,0,0,0,0,0,0,0,0,0,0,0,0,0,0,0,0,0,0,0,0,0,0,0,0,0,0,0,0,0,0,0,0,0,0,0,0,0,0,0,0,0,0,0,0,0,0,0,0,0,0,0,0,0,0,0,0,0,0,0,0,0,0,0,0,0,0,0,0,0,0,0,0,0,0,0,0,0,0,0,0,0,0,0,0,0,0,0,0,0,0,0,0,0,0,0,0,0,0,0,0,0,0,0,0,0,0,0,0,0,0,0,0,0,0,0,0,0,0,0,0,0,0,0,0,0,0,0,0,0,0,0,0,0,0,0,0,0,0,0,0,0,0,0,0,0,0,0,0,0,0,3367001,2,79,244,34,0,0,0,0,0,0,0,0,0,0,0,0,0,0,0,0,0,0,0,0,0,0,0,0,0,0,0,0,0,0,0,0,0,0,0,0,0,0,0,0,0,0,0,0,0,0,0,0,0,0,3367001,2,79,244,34,0,0,0,0,0
indie jazz,0.55,0.63,137.9,0.44,-7.83,0.09,0.34,0.29,0.0,3712632,5,153,240,106,1292557,2,145,112,106,0,0,0,0,0,0,0,0,0,0,0,0,0,0,0,1292557,2,145,112,106,0,0,0,0,0,0,0,0,0,0,0,0,0,0,0,0,0,0,0,0,0,0,0,0,0,0,0,0,0,0,0,0,0,0,0,0,0,0,0,0,963243,1,171,30,171,0,0,0,0,0,0,0,0,0,0,0,0,0,0,0,0,0,0,0,0,0,0,0,0,0,0,0,0,0,0,0,0,0,0,0,0,0,0,0,0,0,0,0,0,0,0,0,0,0,0,0,0,0,0,0,963243,1,171,30,171,0,0,0,0,0,0,0,0,0,0,0,0,0,0,0,0,0,0,0,0,0,0,0,0,0,0,0,0,0,0,0,0,0,0,0,0,0,0,0,0,0,0,0,0,0,0,0,0,0,0,0,0,0,0,0,0,0,0,0,0,0,0,0,0,0,1456832,2,151,100,145,0,0,0,0,0,0,0,0,0,0,1456832,2,151,100,145,0,0,0,0,0,0,0,0,0,0,0,0,0,0,0,0,0,0,0,0,0,0,0,0,0,0,0,0,0,0,0,0,0,0,0,0,0,0,0,0,0,0,0,0,0
west coast trap,0.69,0.48,117.21,0.31,-8.51,0.28,0.36,0.09,0.0,3143001,4,143,232,66,0,0,0,0,0,0,0,0,0,0,0,0,0,0,0,0,0,0,0,0,0,0,0,0,0,0,0,0,0,0,0,0,0,0,0,0,0,0,0,0,0,0,0,0,0,0,0,0,0,0,0,0,0,0,0,0,0,0,0,0,0,0,0,0,0,567166,1,190,11,190,0,0,0,0,0,0,0,0,0,0,0,0,0,0,0,0,0,0,0,0,0,0,0,0,0,0,0,0,0,0,0,0,0,0,0,567166,1,190,11,190,0,0,0,0,0,0,0,0,0,0,0,0,0,0,0,0,0,0,0,0,781007,1,140,61,140,0,0,0,0,0,0,0,0,0,0,0,0,0,0,0,781007,1,140,61,140,0,0,0,0,0,0,0,0,0,0,0,0,0,0,0,0,0,0,0,0,0,0,0,0,0,0,0,0,0,0,0,0,0,0,0,0,0,0,0,0,1794828,2,122,158,66,0,0,0,0,0,0,0,0,0,0,0,0,0,0,0,0,0,0,0,0,0,0,0,0,0,1794828,2,122,158,66,0,0,0,0,0,0,0,0,0,0,0,0,0,0,0,0,0,0,0,0,0,0,0,0,0,0,0,0,0,0
british singer-songwriter,0.63,0.77,134.12,0.46,-6.89,0.13,0.2,0.17,0.0,2967378,4,144,228,119,1158067,2,157,88,133,0,0,0,0,0,0,0,0,0,0,0,0,0,0,0,0,0,0,0,0,1158067,2,157,88,133,0,0,0,0,0,0,0,0,0,0,0,0,0,0,0,0,0,0,0,0,0,0,0,0,0,0,0,0,0,0,0,0,0,0,0,979778,1,119,82,119,0,0,0,0,0,0,0,0,0,0,0,0,0,0,0,0,0,0,0,0,0,0,0,0,0,0,0,0,0,0,0,0,0,0,0,0,0,0,0,0,979778,1,119,82,119,0,0,0,0,0,0,0,0,0,0,0,0,0,0,0,0,0,0,0,0,0,0,0,0,0,0,0,0,0,0,0,0,0,0,0,0,0,0,0,0,0,0,0,0,0,0,0,0,0,0,0,0,0,0,0,0,0,0,0,0,0,0,0,0,0,0,0,0,0,0,0,0,0,0,0,0,0,0,0,0,829533,1,145,56,145,0,0,0,0,0,0,0,0,0,0,829533,1,145,56,145,0,0,0,0,0,0,0,0,0,0,0,0,0,0,0,0,0,0,0,0,0,0,0,0,0,0,0,0,0,0,0,0,0,0,0,0,0,0,0,0,0,0,0,0,0
nashville sound,0.64,0.51,145.41,0.8,-10.69,0.05,0.13,0.51,0.0,2665821,3,126,225,84,0,0,0,0,0,0,0,0,0,0,0,0,0,0,0,0,0,0,0,0,0,0,0,0,0,0,0,0,0,0,0,0,0,0,0,0,0,0,0,0,0,0,0,0,0,0,0,0,0,0,0,0,0,0,0,0,0,0,0,0,0,0,0,0,0,0,0,0,0,0,0,0,0,0,0,0,0,0,0,0,0,0,0,0,0,0,0,0,0,0,0,0,0,0,0,0,0,0,0,0,0,0,0,0,0,0,0,0,0,0,0,0,0,0,0,0,0,0,0,0,0,0,0,0,0,0,0,0,0,0,0,0,0,0,0,0,0,0,0,0,0,0,0,0,0,0,0,0,0,0,0,0,0,0,0,0,0,0,0,0,0,0,0,0,0,0,0,0,0,0,0,0,0,0,0,0,0,0,0,0,0,0,0,0,0,0,0,0,0,0,0,0,0,0,0,2665821,3,126,225,84,0,0,0,0,0,0,0,0,0,0,2665821,3,126,225,84,0,0,0,0,0,0,0,0,0,0,0,0,0,0,0,0,0,0,0,0,0,0,0,0,0,0,0,0,0,0,0,0,0,0,0,0,0,0,0,0,0,0,0,0,0
modern folk rock,0.5,0.73,146.01,0.31,-7.94,0.04,0.1,0.03,0.08,2548496,3,132,207,87,0,0,0,0,0,0,0,0,0,0,0,0,0,0,0,0,0,0,0,0,0,0,0,0,0,0,0,0,0,0,0,0,0,0,0,0,0,0,0,0,0,0,0,0,0,0,0,0,0,0,0,0,0,0,0,0,0,0,0,0,0,0,0,0,0,2548496,3,132,207,87,0,0,0,0,0,0,0,0,0,0,0,0,0,0,0,0,0,0,0,0,0,0,0,0,0,0,0,0,0,0,0,0,0,0,0,0,0,0,0,0,1023137,1,87,114,87,0,0,0,0,0,1525359,2,154,94,124,0,0,0,0,0,0,0,0,0,0,0,0,0,0,0,0,0,0,0,0,0,0,0,0,0,0,0,0,0,0,0,0,0,0,0,0,0,0,0,0,0,0,0,0,0,0,0,0,0,0,0,0,0,0,0,0,0,0,0,0,0,0,0,0,0,0,0,0,0,0,0,0,0,0,0,0,0,0,0,0,0,0,0,0,0,0,0,0,0,0,0,0,0,0,0,0,0,0,0,0,0,0,0,0,0,0,0,0,0,0,0,0,0,0,0,0,0,0,0,0,0,0,0,0,0,0,0,0,0,0,0,0,0,0,0
uk americana,0.5,0.73,146.01,0.31,-7.94,0.04,0.1,0.03,0.08,2548496,3,132,207,87,0,0,0,0,0,0,0,0,0,0,0,0,0,0,0,0,0,0,0,0,0,0,0,0,0,0,0,0,0,0,0,0,0,0,0,0,0,0,0,0,0,0,0,0,0,0,0,0,0,0,0,0,0,0,0,0,0,0,0,0,0,0,0,0,0,2548496,3,132,207,87,0,0,0,0,0,0,0,0,0,0,0,0,0,0,0,0,0,0,0,0,0,0,0,0,0,0,0,0,0,0,0,0,0,0,0,0,0,0,0,0,1023137,1,87,114,87,0,0,0,0,0,1525359,2,154,94,124,0,0,0,0,0,0,0,0,0,0,0,0,0,0,0,0,0,0,0,0,0,0,0,0,0,0,0,0,0,0,0,0,0,0,0,0,0,0,0,0,0,0,0,0,0,0,0,0,0,0,0,0,0,0,0,0,0,0,0,0,0,0,0,0,0,0,0,0,0,0,0,0,0,0,0,0,0,0,0,0,0,0,0,0,0,0,0,0,0,0,0,0,0,0,0,0,0,0,0,0,0,0,0,0,0,0,0,0,0,0,0,0,0,0,0,0,0,0,0,0,0,0,0,0,0,0,0,0,0,0,0,0,0,0,0
bubblegum pop,0.5,0.43,135.01,0.36,-14.39,0.03,0.14,0.69,0.0,4183134,3,135,198,105,745890,1,176,25,176,0,0,0,0,0,0,0,0,0,0,0,0,0,0,0,0,0,0,0,0,0,0,0,0,0,0,0,0,0,0,0,0,0,0,0,0,0,0,0,0,0,0,0,0,0,0,0,0,0,0,0,0,0,0,0,745890,1,176,25,176,0,0,0,0,0,0,0,0,0,0,0,0,0,0,0,0,0,0,0,0,0,0,0,0,0,0,0,0,0,0,0,0,0,0,0,0,0,0,0,0,0,0,0,0,0,0,0,0,0,0,0,0,0,0,0,0,0,0,0,0,0,0,0,0,0,0,0,0,0,0,0,0,0,0,0,0,0,0,0,0,0,0,0,0,0,0,0,0,0,0,0,0,0,0,0,0,0,0,0,0,0,0,0,0,0,0,0,0,0,0,0,0,0,0,0,0,0,0,0,0,0,0,0,0,0,0,0,0,0,0,3437244,2,114,174,105,0,0,0,0,0,0,0,0,0,0,0,0,0,0,0,0,0,0,0,0,0,0,0,0,0,0,0,0,0,0,0,0,0,0,0,0,0,0,0,0,0,0,0,0,0,0,0,0,0,0,0,0,0,0,0,3437244,2,114,174,105
rap canario,0.86,0.52,105.94,0.71,-10.48,0.13,0.05,0.44,0.0,9342647,14,187,196,154,0,0,0,0,0,0,0,0,0,0,0,0,0,0,0,0,0,0,0,0,0,0,0,0,0,0,0,0,0,0,0,0,0,0,0,0,0,0,0,0,0,0,0,0,0,0,0,0,0,0,0,0,0,0,0,0,0,0,0,0,0,0,0,0,0,0,0,0,0,0,0,0,0,0,0,0,0,0,0,0,0,0,0,0,0,0,0,0,0,0,0,0,0,0,0,0,0,0,0,0,0,0,0,0,0,0,0,0,0,0,0,0,0,0,0,0,0,0,0,0,0,0,0,0,0,0,0,0,0,0,9342647,14,187,196,154,0,0,0,0,0,0,0,0,0,0,5378477,8,184,136,154,3964170,6,190,66,179,0,0,0,0,0,0,0,0,0,0,0,0,0,0,0,0,0,0,0,0,0,0,0,0,0,0,0,0,0,0,0,0,0,0,0,0,0,0,0,0,0,0,0,0,0,0,0,0,0,0,0,0,0,0,0,0,0,0,0,0,0,0,0,0,0,0,0,0,0,0,0,0,0,0,0,0,0,0,0,0,0,0,0,0,0,0,0,0,0,0,0,0,0,0,0,0,0,0,0,0,0,0,0,0,0
trap metal italiana,0.79,0.7,129.97,0.69,-5.22,0.11,0.13,0.17,0.0,3079180,4,153,192,100,0,0,0,0,0,0,0,0,0,0,0,0,0,0,0,0,0,0,0,0,0,0,0,0,0,0,0,0,0,0,0,0,0,0,0,0,0,0,0,0,0,0,0,0,0,0,0,0,0,0,0,0,0,0,0,0,0,0,0,0,0,0,0,0,0,0,0,0,0,0,0,0,0,0,0,0,0,0,0,0,0,0,0,0,0,0,0,0,0,0,0,0,0,0,0,0,0,0,0,0,0,0,0,0,0,0,0,0,0,0,0,0,0,0,0,0,0,0,0,0,0,0,0,0,0,0,0,0,0,0,3079180,4,153,192,100,0,0,0,0,0,0,0,0,0,0,0,0,0,0,0,0,0,0,0,0,0,0,0,0,0,0,0,0,0,0,2252299,3,156,135,100,0,0,0,0,0,0,0,0,0,0,826881,1,145,56,145,0,0,0,0,0,0,0,0,0,0,0,0,0,0,0,0,0,0,0,0,0,0,0,0,0,0,0,0,0,0,0,0,0,0,0,0,0,0,0,0,0,0,0,0,0,0,0,0,0,0,0,0,0,0,0,0,0,0,0,0,0,0,0,0,0,0,0,0,0,0,0,0,0,0,0
indie liguria,0.57,0.64,150.65,0.33,-6.91,0.19,0.28,0.05,0.0,3077899,4,154,188,117,0,0,0,0,0,0,0,0,0,0,0,0,0,0,0,0,0,0,0,0,0,0,0,0,0,0,0,0,0,0,0,0,0,0,0,0,0,0,0,0,0,0,0,0,0,0,0,0,0,0,0,0,0,0,0,0,0,0,0,0,0,0,0,0,0,0,0,0,0,0,0,0,0,0,0,0,0,0,0,0,0,0,0,0,0,0,0,0,0,0,0,0,0,0,0,0,0,0,0,0,0,0,0,0,0,0,0,0,0,0,0,0,0,0,0,0,0,0,0,0,0,0,0,0,0,0,0,0,0,0,2435533,3,139,186,117,672376,1,162,39,162,0,0,0,0,0,0,0,0,0,0,0,0,0,0,0,0,0,0,0,0,0,0,0,0,0,1763157,2,128,146,117,0,0,0,0,0,0,0,0,0,0,0,0,0,0,0,0,0,0,0,0,0,0,0,0,0,642366,1,198,3,198,0,0,0,0,0,0,0,0,0,0,0,0,0,0,0,0,0,0,0,0,0,0,0,0,0,642366,1,198,3,198,0,0,0,0,0,0,0,0,0,0,0,0,0,0,0,0,0,0,0,0,0,0,0,0,0,0,0,0,0,0
soul blues,0.71,0.29,101.52,0.86,-14.13,0.03,0.13,0.35,0.0,3540000,2,109,184,91,0,0,0,0,0,0,0,0,0,0,0,0,0,0,0,0,0,0,0,0,0,0,0,0,0,0,0,0,0,0,0,0,0,0,0,0,0,0,0,0,0,0,0,0,0,0,0,0,0,0,0,0,0,0,0,0,0,0,0,0,0,0,0,0,0,0,0,0,0,0,0,0,0,0,0,0,0,0,0,0,0,0,0,0,0,0,0,0,0,0,0,0,0,0,0,0,0,0,0,0,0,0,0,0,0,0,0,0,0,0,0,0,0,0,0,0,0,0,0,0,0,0,0,0,0,0,0,0,0,0,0,0,0,0,0,0,0,0,0,0,0,0,0,0,0,0,0,0,0,0,0,0,0,0,0,0,0,0,0,0,0,0,0,0,0,0,0,0,0,0,0,0,0,0,0,0,0,0,0,0,0,0,0,0,0,0,0,0,0,0,0,0,0,0,0,3540000,2,109,184,91,0,0,0,0,0,0,0,0,0,0,0,0,0,0,0,0,0,0,0,0,0,0,0,0,0,0,0,0,0,0,0,0,0,0,0,0,0,0,0,0,0,0,0,0,0,0,0,0,0,0,0,0,0,0,0,3540000,2,109,184,91
pop teen brasileiro,0.67,0.64,115.08,0.72,-4.86,0.08,0.5,0.28,0.0,5734158,9,181,180,161,0,0,0,0,0,0,0,0,0,0,0,0,0,0,0,0,0,0,0,0,0,0,0,0,0,0,0,0,0,0,0,0,0,0,0,0,0,0,0,0,0,0,0,0,0,0,0,0,0,0,0,0,0,0,0,0,0,0,0,0,0,0,0,0,0,2889345,5,179,110,161,0,0,0,0,0,0,0,0,0,0,0,0,0,0,0,0,0,0,0,0,0,0,0,0,0,2297925,4,176,100,161,591420,1,190,11,190,0,0,0,0,0,0,0,0,0,0,0,0,0,0,0,0,0,0,0,0,0,0,0,0,0,0,0,0,0,0,0,0,0,0,0,0,0,0,0,0,0,0,0,0,0,0,0,0,0,0,0,0,0,0,0,0,0,0,0,0,0,0,0,0,0,0,0,0,0,0,0,0,0,0,0,0,0,0,0,0,0,0,0,0,0,0,0,0,0,0,2844813,4,184,68,173,0,0,0,0,0,0,0,0,0,0,0,0,0,0,0,0,0,0,0,0,0,0,0,0,0,0,0,0,0,0,0,0,0,0,0,0,0,0,0,0,0,0,0,0,0,0,0,0,0,0,2844813,4,184,68,173,0,0,0,0,0
korean mask singer,0.66,0.81,137.96,0.58,-3.15,0.06,0.2,0.13,0.0,2672817,2,112,178,26,0,0,0,0,0,0,0,0,0,0,0,0,0,0,0,0,0,0,0,0,0,0,0,0,0,0,0,0,0,0,0,0,0,0,0,0,0,0,0,0,0,0,0,0,0,0,0,0,0,0,0,0,0,0,0,0,0,0,0,0,0,0,0,0,0,0,0,0,0,0,0,0,0,0,0,0,0,0,0,0,0,0,0,0,0,0,0,0,0,0,0,0,0,0,0,0,0,0,0,0,0,0,0,0,0,0,0,0,0,0,0,0,0,0,0,0,0,0,0,0,0,0,0,0,0,0,0,0,0,0,0,0,0,0,0,0,0,0,0,0,0,0,0,0,0,0,0,0,0,0,0,0,0,0,0,0,0,0,0,0,0,0,0,0,0,0,0,0,0,0,0,0,0,0,0,0,0,0,0,0,0,0,0,0,0,0,0,0,0,0,0,0,0,0,0,2672817,2,112,178,26,0,0,0,0,0,0,0,0,0,0,2049962,1,26,175,26,0,0,0,0,0,0,0,0,0,0,0,0,0,0,0,0,0,0,0,0,622855,1,199,2,199,0,0,0,0,0,0,0,0,0,0,0,0,0,0,0,0,0,0,0,0
czech pop,0.84,0.7,106.0,0.66,-6.52,0.11,0.38,0.01,0.0,2558212,4,158,172,119,0,0,0,0,0,0,0,0,0,0,0,0,0,0,0,0,0,0,0,0,0,0,0,0,0,0,0,0,0,0,0,0,0,0,0,0,0,0,0,0,0,0,0,0,0,0,0,0,0,0,0,0,0,0,0,0,0,0,0,0,0,0,0,0,0,2558212,4,158,172,119,0,0,0,0,0,0,0,0,0,0,0,0,0,0,0,0,0,0,0,0,2558212,4,158,172,119,0,0,0,0,0,0,0,0,0,0,0,0,0,0,0,0,0,0,0,0,0,0,0,0,0,0,0,0,0,0,0,0,0,0,0,0,0,0,0,0,0,0,0,0,0,0,0,0,0,0,0,0,0,0,0,0,0,0,0,0,0,0,0,0,0,0,0,0,0,0,0,0,0,0,0,0,0,0,0,0,0,0,0,0,0,0,0,0,0,0,0,0,0,0,0,0,0,0,0,0,0,0,0,0,0,0,0,0,0,0,0,0,0,0,0,0,0,0,0,0,0,0,0,0,0,0,0,0,0,0,0,0,0,0,0,0,0,0,0,0,0,0,0,0,0,0,0,0,0,0,0,0,0,0,0,0,0,0,0,0,0,0,0,0,0
ambient folk,0.62,0.78,141.19,0.57,-6.84,0.17,0.26,0.24,0.0,2137845,3,144,171,119,1158067,2,157,88,133,0,0,0,0,0,0,0,0,0,0,0,0,0,0,0,0,0,0,0,0,1158067,2,157,88,133,0,0,0,0,0,0,0,0,0,0,0,0,0,0,0,0,0,0,0,0,0,0,0,0,0,0,0,0,0,0,0,0,0,0,0,979778,1,119,82,119,0,0,0,0,0,0,0,0,0,0,0,0,0,0,0,0,0,0,0,0,0,0,0,0,0,0,0,0,0,0,0,0,0,0,0,0,0,0,0,0,979778,1,119,82,119,0,0,0,0,0,0,0,0,0,0,0,0,0,0,0,0,0,0,0,0,0,0,0,0,0,0,0,0,0,0,0,0,0,0,0,0,0,0,0,0,0,0,0,0,0,0,0,0,0,0,0,0,0,0,0,0,0,0,0,0,0,0,0,0,0,0,0,0,0,0,0,0,0,0,0,0,0,0,0,0,0,0,0,0,0,0,0,0,0,0,0,0,0,0,0,0,0,0,0,0,0,0,0,0,0,0,0,0,0,0,0,0,0,0,0,0,0,0,0,0,0,0,0,0,0,0,0,0,0,0,0,0,0,0,0,0,0,0,0,0,0,0,0,0,0
funky tech house,0.63,0.88,105.0,0.44,-5.23,0.04,0.1,0.05,0.0,7262900,17,191,170,168,7262900,17,191,170,168,0,0,0,0,0,6368683,15,191,150,168,894217,2,185,32,179,0,0,0,0,0,0,0,0,0,0,0,0,0,0,0,0,0,0,0,0,0,0,0,0,0,0,0,0,0,0,0,0,0,0,0,0,0,0,0,0,0,0,0,0,0,0,0,0,0,0,0,0,0,0,0,0,0,0,0,0,0,0,0,0,0,0,0,0,0,0,0,0,0,0,0,0,0,0,0,0,0,0,0,0,0,0,0,0,0,0,0,0,0,0,0,0,0,0,0,0,0,0,0,0,0,0,0,0,0,0,0,0,0,0,0,0,0,0,0,0,0,0,0,0,0,0,0,0,0,0,0,0,0,0,0,0,0,0,0,0,0,0,0,0,0,0,0,0,0,0,0,0,0,0,0,0,0,0,0,0,0,0,0,0,0,0,0,0,0,0,0,0,0,0,0,0,0,0,0,0,0,0,0,0,0,0,0,0,0,0,0,0,0,0,0,0,0,0,0,0,0,0,0,0,0,0,0,0,0,0,0,0,0,0,0,0,0,0,0,0,0,0,0,0,0,0,0,0,0,0,0,0,0,0,0,0,0,0,0,0
indiecoustica,0.63,0.88,105.0,0.44,-5.23,0.04,0.1,0.05,0.0,7262900,17,191,170,168,7262900,17,191,170,168,0,0,0,0,0,6368683,15,191,150,168,894217,2,185,32,179,0,0,0,0,0,0,0,0,0,0,0,0,0,0,0,0,0,0,0,0,0,0,0,0,0,0,0,0,0,0,0,0,0,0,0,0,0,0,0,0,0,0,0,0,0,0,0,0,0,0,0,0,0,0,0,0,0,0,0,0,0,0,0,0,0,0,0,0,0,0,0,0,0,0,0,0,0,0,0,0,0,0,0,0,0,0,0,0,0,0,0,0,0,0,0,0,0,0,0,0,0,0,0,0,0,0,0,0,0,0,0,0,0,0,0,0,0,0,0,0,0,0,0,0,0,0,0,0,0,0,0,0,0,0,0,0,0,0,0,0,0,0,0,0,0,0,0,0,0,0,0,0,0,0,0,0,0,0,0,0,0,0,0,0,0,0,0,0,0,0,0,0,0,0,0,0,0,0,0,0,0,0,0,0,0,0,0,0,0,0,0,0,0,0,0,0,0,0,0,0,0,0,0,0,0,0,0,0,0,0,0,0,0,0,0,0,0,0,0,0,0,0,0,0,0,0,0,0,0,0,0,0,0,0,0,0,0,0,0,0
la indie,0.52,0.63,165.78,0.34,-6.42,0.04,0.21,0.21,0.0,3320006,3,145,168,88,0,0,0,0,0,0,0,0,0,0,0,0,0,0,0,0,0,0,0,0,0,0,0,0,0,0,0,0,0,0,0,0,0,0,0,0,0,0,0,0,0,0,0,0,0,0,0,0,0,0,0,0,0,0,0,0,0,0,0,0,0,0,0,0,0,0,0,0,0,0,0,0,0,0,0,0,0,0,0,0,0,0,0,0,0,0,0,0,0,0,0,0,0,0,0,0,0,0,0,0,0,0,0,0,0,0,0,0,0,0,0,0,0,0,0,0,0,0,0,0,0,0,0,0,0,0,0,0,0,0,0,0,0,0,0,0,0,0,0,0,0,0,0,0,0,0,0,0,0,0,0,0,0,0,0,0,0,0,0,0,0,0,0,0,0,0,0,0,0,0,0,0,0,0,0,0,0,0,0,0,0,0,0,0,0,0,0,0,0,0,0,0,0,0,0,3320006,3,145,168,88,0,0,0,0,0,0,0,0,0,0,0,0,0,0,0,0,0,0,0,0,0,0,0,0,0,0,0,0,0,0,0,0,0,0,0,0,0,0,0,0,0,0,0,0,0,0,0,0,0,0,672173,1,194,7,194,2647833,2,120,162,88
old school hip hop,0.78,0.69,142.82,0.62,-10.62,0.13,0.11,0.08,0.0,2115559,3,145,168,82,1496936,2,122,158,82,0,0,0,0,0,0,0,0,0,0,0,0,0,0,0,0,0,0,0,0,1496936,2,122,158,82,0,0,0,0,0,0,0,0,0,0,0,0,0,0,0,0,0,0,0,0,0,0,0,0,0,0,0,0,0,0,0,0,0,0,0,618623,1,191,10,191,0,0,0,0,0,0,0,0,0,0,0,0,0,0,0,0,0,0,0,0,0,0,0,0,0,0,0,0,0,0,0,0,0,0,0,0,0,0,0,0,0,0,0,0,0,618623,1,191,10,191,0,0,0,0,0,0,0,0,0,0,0,0,0,0,0,0,0,0,0,0,0,0,0,0,0,0,0,0,0,0,0,0,0,0,0,0,0,0,0,0,0,0,0,0,0,0,0,0,0,0,0,0,0,0,0,0,0,0,0,0,0,0,0,0,0,0,0,0,0,0,0,0,0,0,0,0,0,0,0,0,0,0,0,0,0,0,0,0,0,0,0,0,0,0,0,0,0,0,0,0,0,0,0,0,0,0,0,0,0,0,0,0,0,0,0,0,0,0,0,0,0,0,0,0,0,0,0,0,0,0,0,0,0,0,0,0,0,0,0,0
south african alternative,0.63,0.55,126.69,0.31,-6.76,0.33,0.16,0.28,0.0,2550629,4,160,164,130,0,0,0,0,0,0,0,0,0,0,0,0,0,0,0,0,0,0,0,0,0,0,0,0,0,0,0,0,0,0,0,0,0,0,0,0,0,0,0,0,0,0,0,0,0,0,0,0,0,0,0,0,0,0,0,0,0,0,0,0,0,0,0,0,0,2550629,4,160,164,130,0,0,0,0,0,2550629,4,160,164,130,0,0,0,0,0,0,0,0,0,0,0,0,0,0,0,0,0,0,0,0,0,0,0,0,0,0,0,0,0,0,0,0,0,0,0,0,0,0,0,0,0,0,0,0,0,0,0,0,0,0,0,0,0,0,0,0,0,0,0,0,0,0,0,0,0,0,0,0,0,0,0,0,0,0,0,0,0,0,0,0,0,0,0,0,0,0,0,0,0,0,0,0,0,0,0,0,0,0,0,0,0,0,0,0,0,0,0,0,0,0,0,0,0,0,0,0,0,0,0,0,0,0,0,0,0,0,0,0,0,0,0,0,0,0,0,0,0,0,0,0,0,0,0,0,0,0,0,0,0,0,0,0,0,0,0,0,0,0,0,0,0,0,0,0,0,0,0,0,0,0,0,0,0,0,0,0,0,0,0,0
southern rock,0.6,0.6,97.8,0.89,-12.14,0.03,0.09,0.18,0.0,2598698,4,160,164,139,457652,1,174,27,174,0,0,0,0,0,0,0,0,0,0,0,0,0,0,0,0,0,0,0,0,0,0,0,0,0,0,0,0,0,0,457652,1,174,27,174,0,0,0,0,0,0,0,0,0,0,0,0,0,0,0,0,0,0,0,0,0,0,0,0,0,0,0,0,0,0,0,0,0,0,0,0,0,0,0,0,0,0,0,0,0,0,0,0,0,0,0,0,0,0,0,0,0,0,0,0,0,0,0,0,0,0,0,0,0,0,0,0,0,0,0,0,0,0,0,0,0,0,0,0,0,0,0,0,0,0,702508,1,156,45,156,0,0,0,0,0,0,0,0,0,0,0,0,0,0,0,0,0,0,0,0,0,0,0,0,0,0,0,0,0,0,702508,1,156,45,156,0,0,0,0,0,0,0,0,0,0,0,0,0,0,0,0,0,0,0,0,0,0,0,0,0,1438538,2,156,90,139,0,0,0,0,0,0,0,0,0,0,0,0,0,0,0,0,0,0,0,0,0,0,0,0,0,0,0,0,0,0,1438538,2,156,90,139,0,0,0,0,0,0,0,0,0,0,0,0,0,0,0,0,0,0,0,0,0,0,0,0,0
sacramento hip hop,0.63,0.55,126.69,0.31,-6.76,0.33,0.16,0.28,0.0,2550629,4,160,164,130,0,0,0,0,0,0,0,0,0,0,0,0,0,0,0,0,0,0,0,0,0,0,0,0,0,0,0,0,0,0,0,0,0,0,0,0,0,0,0,0,0,0,0,0,0,0,0,0,0,0,0,0,0,0,0,0,0,0,0,0,0,0,0,0,0,2550629,4,160,164,130,0,0,0,0,0,2550629,4,160,164,130,0,0,0,0,0,0,0,0,0,0,0,0,0,0,0,0,0,0,0,0,0,0,0,0,0,0,0,0,0,0,0,0,0,0,0,0,0,0,0,0,0,0,0,0,0,0,0,0,0,0,0,0,0,0,0,0,0,0,0,0,0,0,0,0,0,0,0,0,0,0,0,0,0,0,0,0,0,0,0,0,0,0,0,0,0,0,0,0,0,0,0,0,0,0,0,0,0,0,0,0,0,0,0,0,0,0,0,0,0,0,0,0,0,0,0,0,0,0,0,0,0,0,0,0,0,0,0,0,0,0,0,0,0,0,0,0,0,0,0,0,0,0,0,0,0,0,0,0,0,0,0,0,0,0,0,0,0,0,0,0,0,0,0,0,0,0,0,0,0,0,0,0,0,0,0,0,0,0,0,0
portuguese pop,0.22,0.1,172.69,0.16,-17.77,0.04,0.26,0.85,0.0,1260246,2,120,162,97,1260246,2,120,162,97,0,0,0,0,0,0,0,0,0,0,0,0,0,0,0,0,0,0,0,0,1260246,2,120,162,97,0,0,0,0,0,0,0,0,0,0,0,0,0,0,0,0,0,0,0,0,0,0,0,0,0,0,0,0,0,0,0,0,0,0,0,0,0,0,0,0,0,0,0,0,0,0,0,0,0,0,0,0,0,0,0,0,0,0,0,0,0,0,0,0,0,0,0,0,0,0,0,0,0,0,0,0,0,0,0,0,0,0,0,0,0,0,0,0,0,0,0,0,0,0,0,0,0,0,0,0,0,0,0,0,0,0,0,0,0,0,0,0,0,0,0,0,0,0,0,0,0,0,0,0,0,0,0,0,0,0,0,0,0,0,0,0,0,0,0,0,0,0,0,0,0,0,0,0,0,0,0,0,0,0,0,0,0,0,0,0,0,0,0,0,0,0,0,0,0,0,0,0,0,0,0,0,0,0,0,0,0,0,0,0,0,0,0,0,0,0,0,0,0,0,0,0,0,0,0,0,0,0,0,0,0,0,0,0,0,0,0,0,0,0,0,0,0,0,0,0,0,0,0,0,0,0,0,0,0,0
moldovan pop,0.83,0.81,110.1,0.64,-5.95,0.11,0.07,0.23,0.01,1597547,3,151,150,133,1597547,3,151,150,133,0,0,0,0,0,0,0,0,0,0,0,0,0,0,0,0,0,0,0,0,1597547,3,151,150,133,0,0,0,0,0,0,0,0,0,0,0,0,0,0,0,0,0,0,0,0,0,0,0,0,0,0,0,0,0,0,0,0,0,0,0,0,0,0,0,0,0,0,0,0,0,0,0,0,0,0,0,0,0,0,0,0,0,0,0,0,0,0,0,0,0,0,0,0,0,0,0,0,0,0,0,0,0,0,0,0,0,0,0,0,0,0,0,0,0,0,0,0,0,0,0,0,0,0,0,0,0,0,0,0,0,0,0,0,0,0,0,0,0,0,0,0,0,0,0,0,0,0,0,0,0,0,0,0,0,0,0,0,0,0,0,0,0,0,0,0,0,0,0,0,0,0,0,0,0,0,0,0,0,0,0,0,0,0,0,0,0,0,0,0,0,0,0,0,0,0,0,0,0,0,0,0,0,0,0,0,0,0,0,0,0,0,0,0,0,0,0,0,0,0,0,0,0,0,0,0,0,0,0,0,0,0,0,0,0,0,0,0,0,0,0,0,0,0,0,0,0,0,0,0,0,0,0,0,0,0
italian reggae,0.93,0.62,122.03,0.58,-5.73,0.14,0.39,0.29,0.0,4467903,7,180,147,162,0,0,0,0,0,0,0,0,0,0,0,0,0,0,0,0,0,0,0,0,0,0,0,0,0,0,0,0,0,0,0,0,0,0,0,0,0,0,0,0,0,0,0,0,0,0,0,0,0,0,0,0,0,0,0,0,0,0,0,0,0,0,0,0,0,0,0,0,0,0,0,0,0,0,0,0,0,0,0,0,0,0,0,0,0,0,0,0,0,0,0,0,0,0,0,0,0,0,0,0,0,0,0,0,0,0,0,0,0,0,0,0,0,0,0,0,0,0,0,0,0,0,0,0,0,0,0,0,0,0,0,0,0,0,0,0,0,0,0,0,0,0,0,0,0,0,0,0,0,0,0,0,0,0,0,0,0,0,0,0,0,0,0,0,0,0,0,0,0,0,0,0,0,0,0,0,0,0,0,0,0,0,0,0,0,0,0,0,0,0,0,0,0,0,0,4467903,7,180,147,162,0,0,0,0,0,0,0,0,0,0,0,0,0,0,0,0,0,0,0,0,0,0,0,0,0,2523584,4,179,88,162,1944319,3,182,57,170,0,0,0,0,0,0,0,0,0,0,0,0,0,0,0,0,0,0,0,0,0,0,0,0,0
italian pop rock,0.93,0.62,122.03,0.58,-5.73,0.14,0.39,0.29,0.0,4467903,7,180,147,162,0,0,0,0,0,0,0,0,0,0,0,0,0,0,0,0,0,0,0,0,0,0,0,0,0,0,0,0,0,0,0,0,0,0,0,0,0,0,0,0,0,0,0,0,0,0,0,0,0,0,0,0,0,0,0,0,0,0,0,0,0,0,0,0,0,0,0,0,0,0,0,0,0,0,0,0,0,0,0,0,0,0,0,0,0,0,0,0,0,0,0,0,0,0,0,0,0,0,0,0,0,0,0,0,0,0,0,0,0,0,0,0,0,0,0,0,0,0,0,0,0,0,0,0,0,0,0,0,0,0,0,0,0,0,0,0,0,0,0,0,0,0,0,0,0,0,0,0,0,0,0,0,0,0,0,0,0,0,0,0,0,0,0,0,0,0,0,0,0,0,0,0,0,0,0,0,0,0,0,0,0,0,0,0,0,0,0,0,0,0,0,0,0,0,0,4467903,7,180,147,162,0,0,0,0,0,0,0,0,0,0,0,0,0,0,0,0,0,0,0,0,0,0,0,0,0,2523584,4,179,88,162,1944319,3,182,57,170,0,0,0,0,0,0,0,0,0,0,0,0,0,0,0,0,0,0,0,0,0,0,0,0,0
vancouver indie,0.53,0.92,95.98,0.49,-2.67,0.07,0.42,0.0,0.0,3008706,4,165,144,158,0,0,0,0,0,0,0,0,0,0,0,0,0,0,0,0,0,0,0,0,0,0,0,0,0,0,0,0,0,0,0,0,0,0,0,0,0,0,0,0,0,0,0,0,0,0,0,0,0,0,0,0,0,0,0,0,0,0,0,0,0,0,0,0,0,0,0,0,0,0,0,0,0,0,0,0,0,0,0,0,0,0,0,0,0,0,0,0,0,0,0,0,0,0,0,0,0,0,0,0,0,0,0,0,0,0,0,0,0,0,0,0,0,0,0,0,0,0,0,0,0,0,0,0,0,0,0,0,0,0,0,0,0,0,0,0,0,0,0,0,0,0,0,0,0,0,0,0,0,0,0,0,0,0,0,0,0,0,0,0,0,0,0,0,0,0,0,0,0,0,0,0,0,0,0,0,0,0,0,0,0,0,0,0,0,0,0,0,0,0,0,0,0,0,0,3008706,4,165,144,158,0,0,0,0,0,0,0,0,0,0,0,0,0,0,0,0,0,0,0,0,0,0,0,0,0,0,0,0,0,0,0,0,0,0,0,0,0,0,0,0,0,0,0,0,0,0,0,0,0,0,0,0,0,0,0,3008706,4,165,144,158
hi-nrg,0.68,0.77,119.96,0.43,-5.75,0.15,0.11,0.02,0.0,1841298,2,130,142,89,0,0,0,0,0,0,0,0,0,0,0,0,0,0,0,0,0,0,0,0,0,0,0,0,0,0,0,0,0,0,0,0,0,0,0,0,0,0,0,0,0,0,0,0,0,0,0,0,0,0,0,0,0,0,0,0,0,0,0,0,0,0,0,0,0,0,0,0,0,0,0,0,0,0,0,0,0,0,0,0,0,0,0,0,0,0,0,0,0,0,0,0,0,0,0,0,0,0,0,0,0,0,0,0,0,0,0,0,0,0,0,0,0,0,0,0,0,0,0,0,0,0,0,0,0,0,0,0,0,0,0,0,0,0,0,0,0,0,0,0,0,0,0,0,0,0,0,0,0,0,0,0,0,0,0,0,0,0,0,0,0,0,0,0,0,0,0,0,0,0,0,0,0,0,0,0,0,0,0,0,0,0,0,0,0,0,0,0,0,0,0,0,0,0,0,1841298,2,130,142,89,0,0,0,0,0,0,0,0,0,0,0,0,0,0,0,0,0,0,0,0,0,0,0,0,0,0,0,0,0,0,0,0,0,0,0,0,0,0,0,0,1841298,2,130,142,89,0,0,0,0,0,0,0,0,0,0,0,0,0,0,0
golden age hip hop,0.75,0.73,155.43,0.56,-11.08,0.21,0.35,0.04,0.0,1886368,3,159,126,110,1267745,2,144,114,110,0,0,0,0,0,0,0,0,0,0,0,0,0,0,0,1267745,2,144,114,110,0,0,0,0,0,0,0,0,0,0,0,0,0,0,0,0,0,0,0,0,0,0,0,0,0,0,0,0,0,0,0,0,0,0,0,0,0,0,0,0,618623,1,191,10,191,0,0,0,0,0,0,0,0,0,0,0,0,0,0,0,0,0,0,0,0,0,0,0,0,0,0,0,0,0,0,0,0,0,0,0,0,0,0,0,0,0,0,0,0,0,618623,1,191,10,191,0,0,0,0,0,0,0,0,0,0,0,0,0,0,0,0,0,0,0,0,0,0,0,0,0,0,0,0,0,0,0,0,0,0,0,0,0,0,0,0,0,0,0,0,0,0,0,0,0,0,0,0,0,0,0,0,0,0,0,0,0,0,0,0,0,0,0,0,0,0,0,0,0,0,0,0,0,0,0,0,0,0,0,0,0,0,0,0,0,0,0,0,0,0,0,0,0,0,0,0,0,0,0,0,0,0,0,0,0,0,0,0,0,0,0,0,0,0,0,0,0,0,0,0,0,0,0,0,0,0,0,0,0,0,0,0,0,0,0,0
brooklyn indie,0.67,0.59,117.0,0.46,-6.47,0.06,0.21,0.2,0.0,3488819,9,188,117,168,3488819,9,188,117,168,3488819,9,188,117,168,0,0,0,0,0,0,0,0,0,0,0,0,0,0,0,0,0,0,0,0,0,0,0,0,0,0,0,0,0,0,0,0,0,0,0,0,0,0,0,0,0,0,0,0,0,0,0,0,0,0,0,0,0,0,0,0,0,0,0,0,0,0,0,0,0,0,0,0,0,0,0,0,0,0,0,0,0,0,0,0,0,0,0,0,0,0,0,0,0,0,0,0,0,0,0,0,0,0,0,0,0,0,0,0,0,0,0,0,0,0,0,0,0,0,0,0,0,0,0,0,0,0,0,0,0,0,0,0,0,0,0,0,0,0,0,0,0,0,0,0,0,0,0,0,0,0,0,0,0,0,0,0,0,0,0,0,0,0,0,0,0,0,0,0,0,0,0,0,0,0,0,0,0,0,0,0,0,0,0,0,0,0,0,0,0,0,0,0,0,0,0,0,0,0,0,0,0,0,0,0,0,0,0,0,0,0,0,0,0,0,0,0,0,0,0,0,0,0,0,0,0,0,0,0,0,0,0,0,0,0,0,0,0,0,0,0,0,0,0,0,0,0,0,0,0,0,0,0,0,0
jazz rap,0.78,0.98,140.24,0.49,-5.08,0.28,0.6,0.05,0.0,1267745,2,144,114,110,1267745,2,144,114,110,0,0,0,0,0,0,0,0,0,0,0,0,0,0,0,1267745,2,144,114,110,0,0,0,0,0,0,0,0,0,0,0,0,0,0,0,0,0,0,0,0,0,0,0,0,0,0,0,0,0,0,0,0,0,0,0,0,0,0,0,0,0,0,0,0,0,0,0,0,0,0,0,0,0,0,0,0,0,0,0,0,0,0,0,0,0,0,0,0,0,0,0,0,0,0,0,0,0,0,0,0,0,0,0,0,0,0,0,0,0,0,0,0,0,0,0,0,0,0,0,0,0,0,0,0,0,0,0,0,0,0,0,0,0,0,0,0,0,0,0,0,0,0,0,0,0,0,0,0,0,0,0,0,0,0,0,0,0,0,0,0,0,0,0,0,0,0,0,0,0,0,0,0,0,0,0,0,0,0,0,0,0,0,0,0,0,0,0,0,0,0,0,0,0,0,0,0,0,0,0,0,0,0,0,0,0,0,0,0,0,0,0,0,0,0,0,0,0,0,0,0,0,0,0,0,0,0,0,0,0,0,0,0,0,0,0,0,0,0,0,0,0,0,0,0,0,0,0,0,0,0,0,0,0,0,0
broken beat,0.64,0.86,105.11,0.5,-4.91,0.09,0.14,0.04,0.0,1292557,2,145,112,106,1292557,2,145,112,106,0,0,0,0,0,0,0,0,0,0,0,0,0,0,0,1292557,2,145,112,106,0,0,0,0,0,0,0,0,0,0,0,0,0,0,0,0,0,0,0,0,0,0,0,0,0,0,0,0,0,0,0,0,0,0,0,0,0,0,0,0,0,0,0,0,0,0,0,0,0,0,0,0,0,0,0,0,0,0,0,0,0,0,0,0,0,0,0,0,0,0,0,0,0,0,0,0,0,0,0,0,0,0,0,0,0,0,0,0,0,0,0,0,0,0,0,0,0,0,0,0,0,0,0,0,0,0,0,0,0,0,0,0,0,0,0,0,0,0,0,0,0,0,0,0,0,0,0,0,0,0,0,0,0,0,0,0,0,0,0,0,0,0,0,0,0,0,0,0,0,0,0,0,0,0,0,0,0,0,0,0,0,0,0,0,0,0,0,0,0,0,0,0,0,0,0,0,0,0,0,0,0,0,0,0,0,0,0,0,0,0,0,0,0,0,0,0,0,0,0,0,0,0,0,0,0,0,0,0,0,0,0,0,0,0,0,0,0,0,0,0,0,0,0,0,0,0,0,0,0,0,0,0,0,0,0
soulful house,0.64,0.86,105.11,0.5,-4.91,0.09,0.14,0.04,0.0,1292557,2,145,112,106,1292557,2,145,112,106,0,0,0,0,0,0,0,0,0,0,0,0,0,0,0,1292557,2,145,112,106,0,0,0,0,0,0,0,0,0,0,0,0,0,0,0,0,0,0,0,0,0,0,0,0,0,0,0,0,0,0,0,0,0,0,0,0,0,0,0,0,0,0,0,0,0,0,0,0,0,0,0,0,0,0,0,0,0,0,0,0,0,0,0,0,0,0,0,0,0,0,0,0,0,0,0,0,0,0,0,0,0,0,0,0,0,0,0,0,0,0,0,0,0,0,0,0,0,0,0,0,0,0,0,0,0,0,0,0,0,0,0,0,0,0,0,0,0,0,0,0,0,0,0,0,0,0,0,0,0,0,0,0,0,0,0,0,0,0,0,0,0,0,0,0,0,0,0,0,0,0,0,0,0,0,0,0,0,0,0,0,0,0,0,0,0,0,0,0,0,0,0,0,0,0,0,0,0,0,0,0,0,0,0,0,0,0,0,0,0,0,0,0,0,0,0,0,0,0,0,0,0,0,0,0,0,0,0,0,0,0,0,0,0,0,0,0,0,0,0,0,0,0,0,0,0,0,0,0,0,0,0,0,0,0,0
rome indie,0.68,0.66,124.65,0.37,-6.43,0.24,0.18,0.22,0.0,2280035,3,164,111,150,0,0,0,0,0,0,0,0,0,0,0,0,0,0,0,0,0,0,0,0,0,0,0,0,0,0,0,0,0,0,0,0,0,0,0,0,0,0,0,0,0,0,0,0,0,0,0,0,0,0,0,0,0,0,0,0,0,0,0,0,0,0,0,0,0,797708,1,158,43,158,0,0,0,0,0,0,0,0,0,0,0,0,0,0,0,0,0,0,0,0,0,0,0,0,0,0,0,0,0,0,0,0,0,0,0,0,0,0,0,0,0,0,0,0,0,0,0,0,0,0,797708,1,158,43,158,0,0,0,0,0,1482327,2,168,66,150,697014,1,185,16,185,0,0,0,0,0,0,0,0,0,0,0,0,0,0,0,0,0,0,0,0,0,0,0,0,0,0,0,0,0,0,0,0,0,0,0,0,0,0,0,0,785313,1,150,51,150,0,0,0,0,0,0,0,0,0,0,0,0,0,0,0,0,0,0,0,0,0,0,0,0,0,0,0,0,0,0,0,0,0,0,0,0,0,0,0,0,0,0,0,0,0,0,0,0,0,0,0,0,0,0,0,0,0,0,0,0,0,0,0,0,0,0,0,0,0,0,0,0,0,0,0
psychedelic soul,0.69,0.52,164.05,0.41,-9.72,0.16,0.49,0.2,0.0,1456832,2,151,100,145,0,0,0,0,0,0,0,0,0,0,0,0,0,0,0,0,0,0,0,0,0,0,0,0,0,0,0,0,0,0,0,0,0,0,0,0,0,0,0,0,0,0,0,0,0,0,0,0,0,0,0,0,0,0,0,0,0,0,0,0,0,0,0,0,0,0,0,0,0,0,0,0,0,0,0,0,0,0,0,0,0,0,0,0,0,0,0,0,0,0,0,0,0,0,0,0,0,0,0,0,0,0,0,0,0,0,0,0,0,0,0,0,0,0,0,0,0,0,0,0,0,0,0,0,0,0,0,0,0,0,0,0,0,0,0,0,0,0,0,0,0,0,0,0,0,0,0,0,0,0,0,0,0,0,0,0,0,0,0,0,0,0,0,0,0,0,0,0,0,0,0,0,0,0,0,0,0,0,0,0,0,0,0,0,0,0,0,0,0,0,0,0,0,0,0,1456832,2,151,100,145,0,0,0,0,0,0,0,0,0,0,1456832,2,151,100,145,0,0,0,0,0,0,0,0,0,0,0,0,0,0,0,0,0,0,0,0,0,0,0,0,0,0,0,0,0,0,0,0,0,0,0,0,0,0,0,0,0,0,0,0,0
rap maroc,0.82,0.63,110.0,0.5,-5.8,0.07,0.09,0.04,0.03,1135893,1,106,95,106,0,0,0,0,0,0,0,0,0,0,0,0,0,0,0,0,0,0,0,0,0,0,0,0,0,0,0,0,0,0,0,0,0,0,0,0,0,0,0,0,0,0,0,0,0,0,0,0,0,0,0,0,0,0,0,0,0,0,0,0,0,0,0,0,0,0,0,0,0,0,0,0,0,0,0,0,0,0,0,0,0,0,0,0,0,0,0,0,0,0,0,0,0,0,0,0,0,0,0,0,0,0,0,0,0,0,0,0,0,0,0,0,0,0,0,0,0,0,0,0,0,0,0,0,0,0,0,0,0,0,0,0,0,0,0,0,0,0,0,0,0,0,0,0,0,0,0,0,0,0,0,0,0,0,0,0,0,0,0,0,0,0,0,0,0,0,0,0,0,0,0,0,0,0,0,0,0,0,0,0,0,0,0,0,0,0,0,0,0,0,0,0,0,0,0,1135893,1,106,95,106,0,0,0,0,0,0,0,0,0,0,0,0,0,0,0,0,0,0,0,0,0,0,0,0,0,0,0,0,0,0,0,0,0,0,0,0,0,0,0,0,0,0,0,0,0,0,0,0,0,0,1135893,1,106,95,106,0,0,0,0,0
moroccan pop,0.82,0.63,110.0,0.5,-5.8,0.07,0.09,0.04,0.03,1135893,1,106,95,106,0,0,0,0,0,0,0,0,0,0,0,0,0,0,0,0,0,0,0,0,0,0,0,0,0,0,0,0,0,0,0,0,0,0,0,0,0,0,0,0,0,0,0,0,0,0,0,0,0,0,0,0,0,0,0,0,0,0,0,0,0,0,0,0,0,0,0,0,0,0,0,0,0,0,0,0,0,0,0,0,0,0,0,0,0,0,0,0,0,0,0,0,0,0,0,0,0,0,0,0,0,0,0,0,0,0,0,0,0,0,0,0,0,0,0,0,0,0,0,0,0,0,0,0,0,0,0,0,0,0,0,0,0,0,0,0,0,0,0,0,0,0,0,0,0,0,0,0,0,0,0,0,0,0,0,0,0,0,0,0,0,0,0,0,0,0,0,0,0,0,0,0,0,0,0,0,0,0,0,0,0,0,0,0,0,0,0,0,0,0,0,0,0,0,0,1135893,1,106,95,106,0,0,0,0,0,0,0,0,0,0,0,0,0,0,0,0,0,0,0,0,0,0,0,0,0,0,0,0,0,0,0,0,0,0,0,0,0,0,0,0,0,0,0,0,0,0,0,0,0,0,1135893,1,106,95,106,0,0,0,0,0
arabic hip hop,0.82,0.63,110.0,0.5,-5.8,0.07,0.09,0.04,0.03,1135893,1,106,95,106,0,0,0,0,0,0,0,0,0,0,0,0,0,0,0,0,0,0,0,0,0,0,0,0,0,0,0,0,0,0,0,0,0,0,0,0,0,0,0,0,0,0,0,0,0,0,0,0,0,0,0,0,0,0,0,0,0,0,0,0,0,0,0,0,0,0,0,0,0,0,0,0,0,0,0,0,0,0,0,0,0,0,0,0,0,0,0,0,0,0,0,0,0,0,0,0,0,0,0,0,0,0,0,0,0,0,0,0,0,0,0,0,0,0,0,0,0,0,0,0,0,0,0,0,0,0,0,0,0,0,0,0,0,0,0,0,0,0,0,0,0,0,0,0,0,0,0,0,0,0,0,0,0,0,0,0,0,0,0,0,0,0,0,0,0,0,0,0,0,0,0,0,0,0,0,0,0,0,0,0,0,0,0,0,0,0,0,0,0,0,0,0,0,0,0,1135893,1,106,95,106,0,0,0,0,0,0,0,0,0,0,0,0,0,0,0,0,0,0,0,0,0,0,0,0,0,0,0,0,0,0,0,0,0,0,0,0,0,0,0,0,0,0,0,0,0,0,0,0,0,0,1135893,1,106,95,106,0,0,0,0,0
jersey club,0.68,0.54,123.75,0.46,-7.01,0.34,0.21,0.07,0.0,1474719,2,155,92,113,0,0,0,0,0,0,0,0,0,0,0,0,0,0,0,0,0,0,0,0,0,0,0,0,0,0,0,0,0,0,0,0,0,0,0,0,0,0,0,0,0,0,0,0,0,0,0,0,0,0,0,0,0,0,0,0,0,0,0,0,0,0,0,0,0,1474719,2,155,92,113,0,0,0,0,0,0,0,0,0,0,0,0,0,0,0,0,0,0,0,0,0,0,0,0,0,0,0,0,0,0,0,0,0,0,0,0,0,0,0,0,0,0,0,0,0,0,0,0,0,0,1474719,2,155,92,113,0,0,0,0,0,0,0,0,0,0,0,0,0,0,0,0,0,0,0,0,0,0,0,0,0,0,0,0,0,0,0,0,0,0,0,0,0,0,0,0,0,0,0,0,0,0,0,0,0,0,0,0,0,0,0,0,0,0,0,0,0,0,0,0,0,0,0,0,0,0,0,0,0,0,0,0,0,0,0,0,0,0,0,0,0,0,0,0,0,0,0,0,0,0,0,0,0,0,0,0,0,0,0,0,0,0,0,0,0,0,0,0,0,0,0,0,0,0,0,0,0,0,0,0,0,0,0,0,0,0,0,0,0,0,0
industrial hip hop,0.68,0.5,132.42,0.39,-7.31,0.49,0.16,0.02,0.0,839395,1,111,90,111,0,0,0,0,0,0,0,0,0,0,0,0,0,0,0,0,0,0,0,0,0,0,0,0,0,0,0,0,0,0,0,0,0,0,0,0,0,0,0,0,0,0,0,0,0,0,0,0,0,0,0,0,0,0,0,0,0,0,0,0,0,0,0,0,0,0,0,0,0,0,0,0,0,0,0,0,0,0,0,0,0,0,0,0,0,0,0,0,0,0,0,0,0,0,0,0,0,0,0,0,0,0,0,0,0,0,0,0,0,0,0,0,0,0,0,0,0,0,0,0,0,0,0,0,0,0,0,0,0,0,0,0,0,0,0,0,0,0,0,0,0,0,0,0,0,0,0,0,0,0,0,0,0,0,0,0,0,0,0,0,0,0,0,0,0,0,0,0,0,0,0,0,0,0,0,0,0,0,0,0,0,0,0,0,0,0,0,0,0,0,0,0,0,0,0,839395,1,111,90,111,0,0,0,0,0,0,0,0,0,0,0,0,0,0,0,0,0,0,0,0,0,0,0,0,0,839395,1,111,90,111,0,0,0,0,0,0,0,0,0,0,0,0,0,0,0,0,0,0,0,0,0,0,0,0,0,0,0,0,0,0
big band,0.71,0.31,70.62,0.78,-8.62,0.1,0.19,0.52,0.0,2715854,3,171,90,141,793957,1,141,60,141,0,0,0,0,0,0,0,0,0,0,0,0,0,0,0,0,0,0,0,0,0,0,0,0,0,0,0,0,0,0,0,0,0,0,0,0,0,0,0,0,0,0,0,0,0,0,0,0,0,0,0,0,0,0,0,793957,1,141,60,141,859869,1,172,29,172,0,0,0,0,0,0,0,0,0,0,0,0,0,0,0,0,0,0,0,0,0,0,0,0,0,0,0,0,0,0,0,0,0,0,0,0,0,0,0,0,0,0,0,0,0,0,0,0,0,0,0,0,0,0,0,859869,1,172,29,172,0,0,0,0,0,0,0,0,0,0,0,0,0,0,0,0,0,0,0,0,0,0,0,0,0,0,0,0,0,0,0,0,0,0,0,0,0,0,0,0,0,0,0,0,0,0,0,0,0,0,0,0,0,0,0,0,0,0,0,0,0,0,0,0,0,1062028,1,199,2,199,0,0,0,0,0,0,0,0,0,0,0,0,0,0,0,0,0,0,0,0,0,0,0,0,0,0,0,0,0,0,0,0,0,0,0,0,0,0,0,0,0,0,0,0,0,0,0,0,0,0,0,0,0,0,0,1062028,1,199,2,199
korean ost,0.56,0.74,148.03,0.27,-6.34,0.06,0.06,0.02,0.0,921575,1,112,89,112,0,0,0,0,0,0,0,0,0,0,0,0,0,0,0,0,0,0,0,0,0,0,0,0,0,0,0,0,0,0,0,0,0,0,0,0,0,0,0,0,0,0,0,0,0,0,0,0,0,0,0,0,0,0,0,0,0,0,0,0,0,0,0,0,0,0,0,0,0,0,0,0,0,0,0,0,0,0,0,0,0,0,0,0,0,0,0,0,0,0,0,0,0,0,0,0,0,0,0,0,0,0,0,0,0,0,0,0,0,0,0,0,0,0,0,0,0,0,0,0,0,0,0,0,0,0,0,0,0,0,0,0,0,0,0,0,0,0,0,0,0,0,0,0,0,0,0,0,0,0,0,0,0,0,0,0,0,0,0,0,0,0,0,0,0,0,0,0,0,0,0,0,0,0,0,0,0,0,0,0,0,0,0,0,0,0,0,0,0,0,0,0,0,0,0,921575,1,112,89,112,0,0,0,0,0,0,0,0,0,0,0,0,0,0,0,0,0,0,0,0,921575,1,112,89,112,0,0,0,0,0,0,0,0,0,0,0,0,0,0,0,0,0,0,0,0,0,0,0,0,0,0,0,0,0,0,0,0,0,0,0
korean pop,0.56,0.74,148.03,0.27,-6.34,0.06,0.06,0.02,0.0,921575,1,112,89,112,0,0,0,0,0,0,0,0,0,0,0,0,0,0,0,0,0,0,0,0,0,0,0,0,0,0,0,0,0,0,0,0,0,0,0,0,0,0,0,0,0,0,0,0,0,0,0,0,0,0,0,0,0,0,0,0,0,0,0,0,0,0,0,0,0,0,0,0,0,0,0,0,0,0,0,0,0,0,0,0,0,0,0,0,0,0,0,0,0,0,0,0,0,0,0,0,0,0,0,0,0,0,0,0,0,0,0,0,0,0,0,0,0,0,0,0,0,0,0,0,0,0,0,0,0,0,0,0,0,0,0,0,0,0,0,0,0,0,0,0,0,0,0,0,0,0,0,0,0,0,0,0,0,0,0,0,0,0,0,0,0,0,0,0,0,0,0,0,0,0,0,0,0,0,0,0,0,0,0,0,0,0,0,0,0,0,0,0,0,0,0,0,0,0,0,921575,1,112,89,112,0,0,0,0,0,0,0,0,0,0,0,0,0,0,0,0,0,0,0,0,921575,1,112,89,112,0,0,0,0,0,0,0,0,0,0,0,0,0,0,0,0,0,0,0,0,0,0,0,0,0,0,0,0,0,0,0,0,0,0,0
strut,0.8,0.85,121.06,0.7,-5.7,0.18,0.38,0.01,0.0,954824,1,112,89,112,0,0,0,0,0,0,0,0,0,0,0,0,0,0,0,0,0,0,0,0,0,0,0,0,0,0,0,0,0,0,0,0,0,0,0,0,0,0,0,0,0,0,0,0,0,0,0,0,0,0,0,0,0,0,0,0,0,0,0,0,0,0,0,0,0,0,0,0,0,0,0,0,0,0,0,0,0,0,0,0,0,0,0,0,0,0,0,0,0,0,0,0,0,0,0,0,0,0,0,0,0,0,0,0,0,0,0,0,0,0,0,0,0,0,0,0,0,0,0,0,0,0,0,0,0,0,0,0,0,0,954824,1,112,89,112,0,0,0,0,0,0,0,0,0,0,0,0,0,0,0,0,0,0,0,0,954824,1,112,89,112,0,0,0,0,0,0,0,0,0,0,0,0,0,0,0,0,0,0,0,0,0,0,0,0,0,0,0,0,0,0,0,0,0,0,0,0,0,0,0,0,0,0,0,0,0,0,0,0,0,0,0,0,0,0,0,0,0,0,0,0,0,0,0,0,0,0,0,0,0,0,0,0,0,0,0,0,0,0,0,0,0,0,0,0,0,0,0,0,0,0,0,0,0,0,0,0,0,0,0,0
diva house,0.8,0.85,121.06,0.7,-5.7,0.18,0.38,0.01,0.0,954824,1,112,89,112,0,0,0,0,0,0,0,0,0,0,0,0,0,0,0,0,0,0,0,0,0,0,0,0,0,0,0,0,0,0,0,0,0,0,0,0,0,0,0,0,0,0,0,0,0,0,0,0,0,0,0,0,0,0,0,0,0,0,0,0,0,0,0,0,0,0,0,0,0,0,0,0,0,0,0,0,0,0,0,0,0,0,0,0,0,0,0,0,0,0,0,0,0,0,0,0,0,0,0,0,0,0,0,0,0,0,0,0,0,0,0,0,0,0,0,0,0,0,0,0,0,0,0,0,0,0,0,0,0,0,954824,1,112,89,112,0,0,0,0,0,0,0,0,0,0,0,0,0,0,0,0,0,0,0,0,954824,1,112,89,112,0,0,0,0,0,0,0,0,0,0,0,0,0,0,0,0,0,0,0,0,0,0,0,0,0,0,0,0,0,0,0,0,0,0,0,0,0,0,0,0,0,0,0,0,0,0,0,0,0,0,0,0,0,0,0,0,0,0,0,0,0,0,0,0,0,0,0,0,0,0,0,0,0,0,0,0,0,0,0,0,0,0,0,0,0,0,0,0,0,0,0,0,0,0,0,0,0,0,0,0
disney,0.34,0.33,103.2,0.35,-10.16,0.04,0.08,0.66,0.0,962768,1,119,82,119,0,0,0,0,0,0,0,0,0,0,0,0,0,0,0,0,0,0,0,0,0,0,0,0,0,0,0,0,0,0,0,0,0,0,0,0,0,0,0,0,0,0,0,0,0,0,0,0,0,0,0,0,0,0,0,0,0,0,0,0,0,0,0,0,0,0,0,0,0,0,0,0,0,0,0,0,0,0,0,0,0,0,0,0,0,0,0,0,0,0,0,0,0,0,0,0,0,0,0,0,0,0,0,0,0,0,0,0,0,0,0,0,0,0,0,0,0,0,0,0,0,0,0,0,0,0,0,0,0,0,962768,1,119,82,119,0,0,0,0,0,0,0,0,0,0,0,0,0,0,0,0,0,0,0,0,0,0,0,0,0,0,0,0,0,0,962768,1,119,82,119,0,0,0,0,0,0,0,0,0,0,0,0,0,0,0,0,0,0,0,0,0,0,0,0,0,0,0,0,0,0,0,0,0,0,0,0,0,0,0,0,0,0,0,0,0,0,0,0,0,0,0,0,0,0,0,0,0,0,0,0,0,0,0,0,0,0,0,0,0,0,0,0,0,0,0,0,0,0,0,0,0,0,0,0,0,0,0,0,0,0
dixieland,0.56,0.42,149.24,0.71,-11.18,0.1,0.24,0.66,0.0,2672117,2,162,78,135,0,0,0,0,0,0,0,0,0,0,0,0,0,0,0,0,0,0,0,0,0,0,0,0,0,0,0,0,0,0,0,0,0,0,0,0,0,0,0,0,0,0,0,0,0,0,0,0,0,0,0,0,0,0,0,0,0,0,0,0,0,0,0,0,0,0,0,0,0,0,0,0,0,0,0,0,0,0,0,0,0,0,0,0,0,0,0,0,0,0,0,0,0,0,0,0,0,0,0,0,0,0,0,0,0,0,0,0,0,0,0,0,0,0,0,0,0,0,0,0,0,0,0,0,0,0,0,0,0,0,0,0,0,0,0,0,0,0,0,0,0,0,0,0,0,0,0,0,0,0,0,0,0,0,0,0,0,0,0,0,0,0,0,0,0,0,0,0,0,0,0,0,0,0,0,0,0,0,0,0,0,0,0,0,0,0,0,0,0,0,0,0,0,0,0,2672117,2,162,78,135,0,0,0,0,0,0,0,0,0,0,0,0,0,0,0,0,0,0,0,0,0,0,0,0,0,0,0,0,0,0,0,0,0,0,0,0,0,0,0,0,0,0,0,0,0,0,0,0,0,0,0,0,0,0,0,2672117,2,162,78,135
jazz trumpet,0.56,0.42,149.24,0.71,-11.18,0.1,0.24,0.66,0.0,2672117,2,162,78,135,0,0,0,0,0,0,0,0,0,0,0,0,0,0,0,0,0,0,0,0,0,0,0,0,0,0,0,0,0,0,0,0,0,0,0,0,0,0,0,0,0,0,0,0,0,0,0,0,0,0,0,0,0,0,0,0,0,0,0,0,0,0,0,0,0,0,0,0,0,0,0,0,0,0,0,0,0,0,0,0,0,0,0,0,0,0,0,0,0,0,0,0,0,0,0,0,0,0,0,0,0,0,0,0,0,0,0,0,0,0,0,0,0,0,0,0,0,0,0,0,0,0,0,0,0,0,0,0,0,0,0,0,0,0,0,0,0,0,0,0,0,0,0,0,0,0,0,0,0,0,0,0,0,0,0,0,0,0,0,0,0,0,0,0,0,0,0,0,0,0,0,0,0,0,0,0,0,0,0,0,0,0,0,0,0,0,0,0,0,0,0,0,0,0,0,2672117,2,162,78,135,0,0,0,0,0,0,0,0,0,0,0,0,0,0,0,0,0,0,0,0,0,0,0,0,0,0,0,0,0,0,0,0,0,0,0,0,0,0,0,0,0,0,0,0,0,0,0,0,0,0,0,0,0,0,0,2672117,2,162,78,135
new orleans jazz,0.56,0.42,149.24,0.71,-11.18,0.1,0.24,0.66,0.0,2672117,2,162,78,135,0,0,0,0,0,0,0,0,0,0,0,0,0,0,0,0,0,0,0,0,0,0,0,0,0,0,0,0,0,0,0,0,0,0,0,0,0,0,0,0,0,0,0,0,0,0,0,0,0,0,0,0,0,0,0,0,0,0,0,0,0,0,0,0,0,0,0,0,0,0,0,0,0,0,0,0,0,0,0,0,0,0,0,0,0,0,0,0,0,0,0,0,0,0,0,0,0,0,0,0,0,0,0,0,0,0,0,0,0,0,0,0,0,0,0,0,0,0,0,0,0,0,0,0,0,0,0,0,0,0,0,0,0,0,0,0,0,0,0,0,0,0,0,0,0,0,0,0,0,0,0,0,0,0,0,0,0,0,0,0,0,0,0,0,0,0,0,0,0,0,0,0,0,0,0,0,0,0,0,0,0,0,0,0,0,0,0,0,0,0,0,0,0,0,0,2672117,2,162,78,135,0,0,0,0,0,0,0,0,0,0,0,0,0,0,0,0,0,0,0,0,0,0,0,0,0,0,0,0,0,0,0,0,0,0,0,0,0,0,0,0,0,0,0,0,0,0,0,0,0,0,0,0,0,0,0,2672117,2,162,78,135
turkish alt pop,0.64,0.68,129.8,0.3,-7.96,0.15,0.09,0.41,0.0,1500424,2,162,78,139,0,0,0,0,0,0,0,0,0,0,0,0,0,0,0,0,0,0,0,0,0,0,0,0,0,0,0,0,0,0,0,0,0,0,0,0,0,0,0,0,0,0,0,0,0,0,0,0,0,0,0,0,0,0,0,0,0,0,0,0,0,0,0,0,0,0,0,0,0,0,0,0,0,0,0,0,0,0,0,0,0,0,0,0,0,0,0,0,0,0,0,0,0,0,0,0,0,0,0,0,0,0,0,0,0,0,0,0,0,0,0,0,0,0,0,0,0,0,0,0,0,0,0,0,0,0,0,0,0,0,1500424,2,162,78,139,0,0,0,0,0,0,0,0,0,0,0,0,0,0,0,0,0,0,0,0,0,0,0,0,0,0,0,0,0,0,0,0,0,0,0,0,0,0,0,0,1500424,2,162,78,139,0,0,0,0,0,0,0,0,0,0,0,0,0,0,0,0,0,0,0,0,0,0,0,0,0,0,0,0,0,0,0,0,0,0,0,0,0,0,0,0,0,0,0,0,0,0,0,0,0,0,0,0,0,0,0,0,0,0,0,0,0,0,0,0,0,0,0,0,0,0,0,0,0,0,0,0,0,0,0,0
rock keyboard,0.69,0.71,125.14,0.88,-7.5,0.03,0.12,0.22,0.0,2204945,3,175,78,162,703283,1,162,39,162,0,0,0,0,0,0,0,0,0,0,0,0,0,0,0,0,0,0,0,0,0,0,0,0,0,0,0,0,0,0,0,0,0,0,0,0,0,0,0,0,0,0,0,0,0,0,0,0,0,0,0,0,0,0,0,703283,1,162,39,162,697842,1,188,13,188,0,0,0,0,0,0,0,0,0,0,0,0,0,0,0,0,0,0,0,0,0,0,0,0,0,0,0,0,0,0,0,0,0,0,0,0,0,0,0,0,0,0,0,0,0,0,0,0,0,0,0,0,0,0,0,697842,1,188,13,188,0,0,0,0,0,0,0,0,0,0,0,0,0,0,0,0,0,0,0,0,0,0,0,0,0,0,0,0,0,0,0,0,0,0,0,0,0,0,0,0,0,0,0,0,0,0,0,0,0,0,0,0,0,0,0,0,0,0,0,0,0,0,0,0,0,803820,1,176,25,176,0,0,0,0,0,0,0,0,0,0,0,0,0,0,0,0,0,0,0,0,0,0,0,0,0,0,0,0,0,0,0,0,0,0,0,0,0,0,0,0,0,0,0,0,0,803820,1,176,25,176,0,0,0,0,0,0,0,0,0,0
reggaeton mexicano,0.8,0.6,150.06,0.68,-6.86,0.08,0.07,0.24,0.0,905364,1,123,78,123,0,0,0,0,0,0,0,0,0,0,0,0,0,0,0,0,0,0,0,0,0,0,0,0,0,0,0,0,0,0,0,0,0,0,0,0,0,0,0,0,0,0,0,0,0,0,0,0,0,0,0,0,0,0,0,0,0,0,0,0,0,0,0,0,0,0,0,0,0,0,0,0,0,0,0,0,0,0,0,0,0,0,0,0,0,0,0,0,0,0,0,0,0,0,0,0,0,0,0,0,0,0,0,0,0,0,0,0,0,0,0,0,0,0,0,0,0,0,0,0,0,0,0,0,0,0,0,0,0,0,0,0,0,0,0,0,0,0,0,0,0,0,0,0,0,0,0,0,0,0,0,0,0,0,0,0,0,0,0,0,0,0,0,0,0,0,0,0,0,0,0,0,0,0,0,0,0,0,0,0,0,0,0,0,0,0,0,0,0,0,0,0,0,0,0,905364,1,123,78,123,0,0,0,0,0,0,0,0,0,0,0,0,0,0,0,0,0,0,0,0,0,0,0,0,0,0,0,0,0,0,0,0,0,0,0,905364,1,123,78,123,0,0,0,0,0,0,0,0,0,0,0,0,0,0,0,0,0,0,0,0
harlem renaissance,0.56,0.42,149.24,0.71,-11.18,0.1,0.24,0.66,0.0,2672117,2,162,78,135,0,0,0,0,0,0,0,0,0,0,0,0,0,0,0,0,0,0,0,0,0,0,0,0,0,0,0,0,0,0,0,0,0,0,0,0,0,0,0,0,0,0,0,0,0,0,0,0,0,0,0,0,0,0,0,0,0,0,0,0,0,0,0,0,0,0,0,0,0,0,0,0,0,0,0,0,0,0,0,0,0,0,0,0,0,0,0,0,0,0,0,0,0,0,0,0,0,0,0,0,0,0,0,0,0,0,0,0,0,0,0,0,0,0,0,0,0,0,0,0,0,0,0,0,0,0,0,0,0,0,0,0,0,0,0,0,0,0,0,0,0,0,0,0,0,0,0,0,0,0,0,0,0,0,0,0,0,0,0,0,0,0,0,0,0,0,0,0,0,0,0,0,0,0,0,0,0,0,0,0,0,0,0,0,0,0,0,0,0,0,0,0,0,0,0,2672117,2,162,78,135,0,0,0,0,0,0,0,0,0,0,0,0,0,0,0,0,0,0,0,0,0,0,0,0,0,0,0,0,0,0,0,0,0,0,0,0,0,0,0,0,0,0,0,0,0,0,0,0,0,0,0,0,0,0,0,2672117,2,162,78,135
modern blues,0.69,0.26,88.97,0.36,-7.92,0.04,0.1,0.45,0.0,797681,1,123,78,123,0,0,0,0,0,0,0,0,0,0,0,0,0,0,0,0,0,0,0,0,0,0,0,0,0,0,0,0,0,0,0,0,0,0,0,0,0,0,0,0,0,0,0,0,0,0,0,0,0,0,0,0,0,0,0,0,0,0,0,0,0,0,0,0,0,0,0,0,0,0,0,0,0,0,0,0,0,0,0,0,0,0,0,0,0,0,0,0,0,0,0,0,0,0,0,0,0,0,0,0,0,0,0,0,0,0,0,0,0,0,0,0,0,0,0,0,0,0,0,0,0,0,0,0,0,0,0,0,0,0,0,0,0,0,0,0,0,0,0,0,0,0,0,0,0,0,0,0,0,0,0,0,0,0,0,0,0,0,0,0,0,0,0,0,0,0,0,0,0,0,0,0,0,0,0,0,0,0,0,0,0,0,0,0,0,0,0,0,0,0,0,0,0,0,0,797681,1,123,78,123,0,0,0,0,0,0,0,0,0,0,0,0,0,0,0,797681,1,123,78,123,0,0,0,0,0,0,0,0,0,0,0,0,0,0,0,0,0,0,0,0,0,0,0,0,0,0,0,0,0,0,0,0,0,0,0,0,0,0,0,0
wrestling,0.48,0.94,168.18,0.31,-6.78,0.18,0.09,0.13,0.0,793624,1,124,77,124,0,0,0,0,0,0,0,0,0,0,0,0,0,0,0,0,0,0,0,0,0,0,0,0,0,0,0,0,0,0,0,0,0,0,0,0,0,0,0,0,0,0,0,0,0,0,0,0,0,0,0,0,0,0,0,0,0,0,0,0,0,0,0,0,0,793624,1,124,77,124,0,0,0,0,0,0,0,0,0,0,0,0,0,0,0,0,0,0,0,0,0,0,0,0,0,0,0,0,0,0,0,0,0,0,0,0,0,0,0,0,0,0,0,0,0,793624,1,124,77,124,0,0,0,0,0,0,0,0,0,0,0,0,0,0,0,0,0,0,0,0,0,0,0,0,0,0,0,0,0,0,0,0,0,0,0,0,0,0,0,0,0,0,0,0,0,0,0,0,0,0,0,0,0,0,0,0,0,0,0,0,0,0,0,0,0,0,0,0,0,0,0,0,0,0,0,0,0,0,0,0,0,0,0,0,0,0,0,0,0,0,0,0,0,0,0,0,0,0,0,0,0,0,0,0,0,0,0,0,0,0,0,0,0,0,0,0,0,0,0,0,0,0,0,0,0,0,0,0,0,0,0,0,0,0,0,0,0,0,0,0
nottingham indie,0.5,0.47,146.83,0.27,-5.81,0.04,0.11,0.48,0.0,1185446,2,164,74,150,475026,1,150,51,150,475026,1,150,51,150,0,0,0,0,0,0,0,0,0,0,0,0,0,0,0,0,0,0,0,0,0,0,0,0,0,0,0,0,0,0,0,0,0,0,0,0,0,0,0,0,0,0,0,0,0,0,0,0,0,0,0,0,0,0,0,0,0,0,0,0,0,0,0,0,0,0,0,0,0,0,0,0,0,0,0,0,0,0,0,0,0,0,0,0,0,0,0,0,0,0,0,0,0,0,0,0,0,0,0,0,0,0,0,0,0,0,0,0,0,0,0,0,0,0,0,0,0,0,0,0,710420,1,178,23,178,0,0,0,0,0,0,0,0,0,0,0,0,0,0,0,0,0,0,0,0,0,0,0,0,0,710420,1,178,23,178,0,0,0,0,0,0,0,0,0,0,0,0,0,0,0,0,0,0,0,0,0,0,0,0,0,0,0,0,0,0,0,0,0,0,0,0,0,0,0,0,0,0,0,0,0,0,0,0,0,0,0,0,0,0,0,0,0,0,0,0,0,0,0,0,0,0,0,0,0,0,0,0,0,0,0,0,0,0,0,0,0,0,0,0,0,0,0,0,0,0,0,0,0,0,0
asian american hip hop,0.84,0.56,130.03,0.48,-6.12,0.28,0.1,0.29,0.0,841752,1,130,71,130,0,0,0,0,0,0,0,0,0,0,0,0,0,0,0,0,0,0,0,0,0,0,0,0,0,0,0,0,0,0,0,0,0,0,0,0,0,0,0,0,0,0,0,0,0,0,0,0,0,0,0,0,0,0,0,0,0,0,0,0,0,0,0,0,0,0,0,0,0,0,0,0,0,0,0,0,0,0,0,0,0,0,0,0,0,0,0,0,0,0,0,0,0,0,0,0,0,0,0,0,0,0,0,0,0,0,0,0,0,0,0,0,0,0,0,0,0,0,0,0,0,0,0,0,0,0,0,0,0,0,841752,1,130,71,130,841752,1,130,71,130,0,0,0,0,0,0,0,0,0,0,0,0,0,0,0,0,0,0,0,0,0,0,0,0,0,0,0,0,0,0,0,0,0,0,0,0,0,0,0,0,0,0,0,0,0,0,0,0,0,0,0,0,0,0,0,0,0,0,0,0,0,0,0,0,0,0,0,0,0,0,0,0,0,0,0,0,0,0,0,0,0,0,0,0,0,0,0,0,0,0,0,0,0,0,0,0,0,0,0,0,0,0,0,0,0,0,0,0,0,0,0,0,0,0,0,0,0,0,0,0
bass house,0.85,0.5,160.02,0.82,-6.71,0.07,0.09,0.01,0.0,1621635,2,166,70,134,0,0,0,0,0,0,0,0,0,0,0,0,0,0,0,0,0,0,0,0,0,0,0,0,0,0,0,0,0,0,0,0,0,0,0,0,0,0,0,0,0,0,0,0,0,0,0,0,0,0,0,0,0,0,0,0,0,0,0,0,0,0,0,0,0,1621635,2,166,70,134,0,0,0,0,0,0,0,0,0,0,0,0,0,0,0,0,0,0,0,0,0,0,0,0,0,0,0,0,0,0,0,0,0,0,0,0,0,0,0,0,0,0,0,0,0,0,0,0,0,0,0,0,0,0,0,1621635,2,166,70,134,0,0,0,0,0,0,0,0,0,0,0,0,0,0,0,0,0,0,0,0,0,0,0,0,0,0,0,0,0,0,0,0,0,0,0,0,0,0,0,0,0,0,0,0,0,0,0,0,0,0,0,0,0,0,0,0,0,0,0,0,0,0,0,0,0,0,0,0,0,0,0,0,0,0,0,0,0,0,0,0,0,0,0,0,0,0,0,0,0,0,0,0,0,0,0,0,0,0,0,0,0,0,0,0,0,0,0,0,0,0,0,0,0,0,0,0,0,0,0,0,0,0,0,0,0,0,0,0,0,0
new americana,0.52,0.66,142.0,0.36,-6.02,0.03,0.1,0.31,0.0,1570969,2,166,70,147,0,0,0,0,0,0,0,0,0,0,0,0,0,0,0,0,0,0,0,0,0,0,0,0,0,0,0,0,0,0,0,0,0,0,0,0,0,0,0,0,0,0,0,0,0,0,0,0,0,0,0,0,0,0,0,0,0,0,0,0,0,0,0,0,0,0,0,0,0,0,0,0,0,0,0,0,0,0,0,0,0,0,0,0,0,0,0,0,0,0,0,0,0,0,0,0,0,0,0,0,0,0,0,0,0,0,0,0,0,0,0,0,0,0,0,0,0,0,0,0,0,0,0,0,0,0,0,0,0,0,0,0,0,0,0,0,0,0,0,0,0,0,0,0,0,0,0,0,0,0,0,0,0,0,0,0,0,0,0,0,0,0,0,0,0,0,0,0,0,0,0,0,0,0,0,0,0,0,0,0,0,0,0,0,0,0,0,0,0,0,0,0,0,0,0,1570969,2,166,70,147,0,0,0,0,0,0,0,0,0,0,0,0,0,0,0,0,0,0,0,0,0,0,0,0,0,0,0,0,0,0,0,0,0,0,0,0,0,0,0,0,735896,1,184,17,184,835073,1,147,54,147,0,0,0,0,0,0,0,0,0,0
dubstep,0.85,0.5,160.02,0.82,-6.71,0.07,0.09,0.01,0.0,1621635,2,166,70,134,0,0,0,0,0,0,0,0,0,0,0,0,0,0,0,0,0,0,0,0,0,0,0,0,0,0,0,0,0,0,0,0,0,0,0,0,0,0,0,0,0,0,0,0,0,0,0,0,0,0,0,0,0,0,0,0,0,0,0,0,0,0,0,0,0,1621635,2,166,70,134,0,0,0,0,0,0,0,0,0,0,0,0,0,0,0,0,0,0,0,0,0,0,0,0,0,0,0,0,0,0,0,0,0,0,0,0,0,0,0,0,0,0,0,0,0,0,0,0,0,0,0,0,0,0,0,1621635,2,166,70,134,0,0,0,0,0,0,0,0,0,0,0,0,0,0,0,0,0,0,0,0,0,0,0,0,0,0,0,0,0,0,0,0,0,0,0,0,0,0,0,0,0,0,0,0,0,0,0,0,0,0,0,0,0,0,0,0,0,0,0,0,0,0,0,0,0,0,0,0,0,0,0,0,0,0,0,0,0,0,0,0,0,0,0,0,0,0,0,0,0,0,0,0,0,0,0,0,0,0,0,0,0,0,0,0,0,0,0,0,0,0,0,0,0,0,0,0,0,0,0,0,0,0,0,0,0,0,0,0,0,0
alternative country,0.52,0.66,142.0,0.36,-6.02,0.03,0.1,0.31,0.0,1570969,2,166,70,147,0,0,0,0,0,0,0,0,0,0,0,0,0,0,0,0,0,0,0,0,0,0,0,0,0,0,0,0,0,0,0,0,0,0,0,0,0,0,0,0,0,0,0,0,0,0,0,0,0,0,0,0,0,0,0,0,0,0,0,0,0,0,0,0,0,0,0,0,0,0,0,0,0,0,0,0,0,0,0,0,0,0,0,0,0,0,0,0,0,0,0,0,0,0,0,0,0,0,0,0,0,0,0,0,0,0,0,0,0,0,0,0,0,0,0,0,0,0,0,0,0,0,0,0,0,0,0,0,0,0,0,0,0,0,0,0,0,0,0,0,0,0,0,0,0,0,0,0,0,0,0,0,0,0,0,0,0,0,0,0,0,0,0,0,0,0,0,0,0,0,0,0,0,0,0,0,0,0,0,0,0,0,0,0,0,0,0,0,0,0,0,0,0,0,0,1570969,2,166,70,147,0,0,0,0,0,0,0,0,0,0,0,0,0,0,0,0,0,0,0,0,0,0,0,0,0,0,0,0,0,0,0,0,0,0,0,0,0,0,0,0,735896,1,184,17,184,835073,1,147,54,147,0,0,0,0,0,0,0,0,0,0
afghan rap,0.8,0.81,130.1,0.37,-4.57,0.29,0.22,0.04,0.0,885617,1,133,68,133,0,0,0,0,0,0,0,0,0,0,0,0,0,0,0,0,0,0,0,0,0,0,0,0,0,0,0,0,0,0,0,0,0,0,0,0,0,0,0,0,0,0,0,0,0,0,0,0,0,0,0,0,0,0,0,0,0,0,0,0,0,0,0,0,0,0,0,0,0,0,0,0,0,0,0,0,0,0,0,0,0,0,0,0,0,0,0,0,0,0,0,0,0,0,0,0,0,0,0,0,0,0,0,0,0,0,0,0,0,0,0,0,0,0,0,0,0,0,0,0,0,0,0,0,0,0,0,0,0,0,885617,1,133,68,133,0,0,0,0,0,0,0,0,0,0,0,0,0,0,0,0,0,0,0,0,0,0,0,0,0,0,0,0,0,0,0,0,0,0,0,0,0,0,0,0,885617,1,133,68,133,0,0,0,0,0,0,0,0,0,0,0,0,0,0,0,0,0,0,0,0,0,0,0,0,0,0,0,0,0,0,0,0,0,0,0,0,0,0,0,0,0,0,0,0,0,0,0,0,0,0,0,0,0,0,0,0,0,0,0,0,0,0,0,0,0,0,0,0,0,0,0,0,0,0,0,0,0,0,0,0
lo-fi beats,0.68,0.68,173.1,0.64,-9.44,0.05,0.1,0.38,0.74,1630086,2,168,66,141,0,0,0,0,0,0,0,0,0,0,0,0,0,0,0,0,0,0,0,0,0,0,0,0,0,0,0,0,0,0,0,0,0,0,0,0,0,0,0,0,0,0,0,0,0,0,0,0,0,0,0,0,0,0,0,0,0,0,0,0,0,0,0,0,0,0,0,0,0,0,0,0,0,0,0,0,0,0,0,0,0,0,0,0,0,0,0,0,0,0,0,0,0,0,0,0,0,0,0,0,0,0,0,0,0,0,0,0,0,0,0,0,0,0,0,0,0,0,0,0,0,0,0,0,0,0,0,0,0,0,0,0,0,0,0,0,0,0,0,0,0,0,0,0,0,0,0,0,0,0,0,0,0,0,0,0,0,0,0,0,0,0,0,0,0,0,0,0,0,0,0,0,0,0,0,0,0,0,0,0,0,0,0,0,0,0,0,0,0,0,0,0,0,0,0,1630086,2,168,66,141,0,0,0,0,0,0,0,0,0,0,0,0,0,0,0,0,0,0,0,0,0,0,0,0,0,0,0,0,0,0,0,0,0,0,0,0,0,0,0,0,1630086,2,168,66,141,0,0,0,0,0,0,0,0,0,0,0,0,0,0,0
british invasion,0.58,0.77,117.59,0.86,-7.28,0.05,0.08,0.33,0.01,1349024,2,169,64,154,626247,1,184,17,184,0,0,0,0,0,0,0,0,0,0,0,0,0,0,0,0,0,0,0,0,0,0,0,0,0,0,0,0,0,0,0,0,0,0,0,0,0,0,0,0,0,0,0,0,0,0,0,0,0,0,0,0,0,0,0,626247,1,184,17,184,0,0,0,0,0,0,0,0,0,0,0,0,0,0,0,0,0,0,0,0,0,0,0,0,0,0,0,0,0,0,0,0,0,0,0,0,0,0,0,0,0,0,0,0,0,0,0,0,0,0,0,0,0,0,0,0,0,0,0,0,0,0,0,0,0,0,0,0,0,0,0,0,0,0,0,0,0,0,0,0,0,0,0,0,0,0,0,0,0,0,0,0,0,0,0,0,0,0,0,0,0,0,0,0,0,0,0,0,0,0,0,0,0,0,0,0,0,0,0,0,0,0,0,0,0,0,0,0,0,0,722777,1,154,47,154,0,0,0,0,0,0,0,0,0,0,0,0,0,0,0,722777,1,154,47,154,0,0,0,0,0,0,0,0,0,0,0,0,0,0,0,0,0,0,0,0,0,0,0,0,0,0,0,0,0,0,0,0,0,0,0,0,0,0,0,0
ai,0.53,0.4,99.71,0.57,-8.24,0.39,0.06,0.64,0.0,836650,1,138,63,138,0,0,0,0,0,0,0,0,0,0,0,0,0,0,0,0,0,0,0,0,0,0,0,0,0,0,0,0,0,0,0,0,0,0,0,0,0,0,0,0,0,0,0,0,0,0,0,0,0,0,0,0,0,0,0,0,0,0,0,0,0,0,0,0,0,0,0,0,0,0,0,0,0,0,0,0,0,0,0,0,0,0,0,0,0,0,0,0,0,0,0,0,0,0,0,0,0,0,0,0,0,0,0,0,0,0,0,0,0,0,0,0,0,0,0,0,0,0,0,0,0,0,0,0,0,0,0,0,0,0,836650,1,138,63,138,0,0,0,0,0,0,0,0,0,0,0,0,0,0,0,0,0,0,0,0,0,0,0,0,0,0,0,0,0,0,0,0,0,0,0,0,0,0,0,0,0,0,0,0,0,836650,1,138,63,138,0,0,0,0,0,0,0,0,0,0,0,0,0,0,0,0,0,0,0,0,0,0,0,0,0,0,0,0,0,0,0,0,0,0,0,0,0,0,0,0,0,0,0,0,0,0,0,0,0,0,0,0,0,0,0,0,0,0,0,0,0,0,0,0,0,0,0,0,0,0,0,0,0,0,0
jazz boom bap,0.85,0.76,134.32,0.47,-5.36,0.28,0.09,0.26,0.0,1052979,1,139,62,139,0,0,0,0,0,0,0,0,0,0,0,0,0,0,0,0,0,0,0,0,0,0,0,0,0,0,0,0,0,0,0,0,0,0,0,0,0,0,0,0,0,0,0,0,0,0,0,0,0,0,0,0,0,0,0,0,0,0,0,0,0,0,0,0,0,0,0,0,0,0,0,0,0,0,0,0,0,0,0,0,0,0,0,0,0,0,0,0,0,0,0,0,0,0,0,0,0,0,0,0,0,0,0,0,0,0,0,0,0,0,0,0,0,0,0,0,0,0,0,0,0,0,0,0,0,0,0,0,0,0,0,0,0,0,0,0,0,0,0,0,0,0,0,0,0,0,0,0,0,0,0,0,0,0,0,0,0,0,0,0,0,0,0,0,0,0,0,0,0,0,0,0,0,0,0,0,0,0,0,0,0,0,0,0,0,0,0,0,0,0,0,0,0,0,0,1052979,1,139,62,139,0,0,0,0,0,0,0,0,0,0,0,0,0,0,0,0,0,0,0,0,0,0,0,0,0,0,0,0,0,0,0,0,0,0,0,0,0,0,0,0,0,0,0,0,0,0,0,0,0,0,0,0,0,0,0,1052979,1,139,62,139
musique guadeloupe,0.82,0.82,109.99,0.51,-4.46,0.05,0.1,0.06,0.01,842008,1,140,61,140,0,0,0,0,0,0,0,0,0,0,0,0,0,0,0,0,0,0,0,0,0,0,0,0,0,0,0,0,0,0,0,0,0,0,0,0,0,0,0,0,0,0,0,0,0,0,0,0,0,0,0,0,0,0,0,0,0,0,0,0,0,0,0,0,0,0,0,0,0,0,0,0,0,0,0,0,0,0,0,0,0,0,0,0,0,0,0,0,0,0,0,0,0,0,0,0,0,0,0,0,0,0,0,0,0,0,0,0,0,0,0,0,0,0,0,0,0,0,0,0,0,0,0,0,0,0,0,0,0,0,842008,1,140,61,140,0,0,0,0,0,0,0,0,0,0,0,0,0,0,0,0,0,0,0,0,842008,1,140,61,140,0,0,0,0,0,0,0,0,0,0,0,0,0,0,0,0,0,0,0,0,0,0,0,0,0,0,0,0,0,0,0,0,0,0,0,0,0,0,0,0,0,0,0,0,0,0,0,0,0,0,0,0,0,0,0,0,0,0,0,0,0,0,0,0,0,0,0,0,0,0,0,0,0,0,0,0,0,0,0,0,0,0,0,0,0,0,0,0,0,0,0,0,0,0,0,0,0,0,0,0
operatic pop,0.54,0.42,95.16,0.21,-4.39,0.02,0.08,0.59,0.0,2462873,4,186,60,163,2462873,4,186,60,163,0,0,0,0,0,0,0,0,0,0,0,0,0,0,0,0,0,0,0,0,0,0,0,0,0,0,0,0,0,0,0,0,0,0,0,0,0,0,0,0,0,0,0,0,0,0,0,0,0,0,0,0,0,0,0,2462873,4,186,60,163,0,0,0,0,0,0,0,0,0,0,0,0,0,0,0,0,0,0,0,0,0,0,0,0,0,0,0,0,0,0,0,0,0,0,0,0,0,0,0,0,0,0,0,0,0,0,0,0,0,0,0,0,0,0,0,0,0,0,0,0,0,0,0,0,0,0,0,0,0,0,0,0,0,0,0,0,0,0,0,0,0,0,0,0,0,0,0,0,0,0,0,0,0,0,0,0,0,0,0,0,0,0,0,0,0,0,0,0,0,0,0,0,0,0,0,0,0,0,0,0,0,0,0,0,0,0,0,0,0,0,0,0,0,0,0,0,0,0,0,0,0,0,0,0,0,0,0,0,0,0,0,0,0,0,0,0,0,0,0,0,0,0,0,0,0,0,0,0,0,0,0,0,0,0,0,0,0,0,0,0,0,0,0,0,0,0,0,0,0,0,0,0,0,0,0
italian tenor,0.54,0.42,95.16,0.21,-4.39,0.02,0.08,0.59,0.0,2462873,4,186,60,163,2462873,4,186,60,163,0,0,0,0,0,0,0,0,0,0,0,0,0,0,0,0,0,0,0,0,0,0,0,0,0,0,0,0,0,0,0,0,0,0,0,0,0,0,0,0,0,0,0,0,0,0,0,0,0,0,0,0,0,0,0,2462873,4,186,60,163,0,0,0,0,0,0,0,0,0,0,0,0,0,0,0,0,0,0,0,0,0,0,0,0,0,0,0,0,0,0,0,0,0,0,0,0,0,0,0,0,0,0,0,0,0,0,0,0,0,0,0,0,0,0,0,0,0,0,0,0,0,0,0,0,0,0,0,0,0,0,0,0,0,0,0,0,0,0,0,0,0,0,0,0,0,0,0,0,0,0,0,0,0,0,0,0,0,0,0,0,0,0,0,0,0,0,0,0,0,0,0,0,0,0,0,0,0,0,0,0,0,0,0,0,0,0,0,0,0,0,0,0,0,0,0,0,0,0,0,0,0,0,0,0,0,0,0,0,0,0,0,0,0,0,0,0,0,0,0,0,0,0,0,0,0,0,0,0,0,0,0,0,0,0,0,0,0,0,0,0,0,0,0,0,0,0,0,0,0,0,0,0,0,0,0
classical tenor,0.54,0.42,95.16,0.21,-4.39,0.02,0.08,0.59,0.0,2462873,4,186,60,163,2462873,4,186,60,163,0,0,0,0,0,0,0,0,0,0,0,0,0,0,0,0,0,0,0,0,0,0,0,0,0,0,0,0,0,0,0,0,0,0,0,0,0,0,0,0,0,0,0,0,0,0,0,0,0,0,0,0,0,0,0,2462873,4,186,60,163,0,0,0,0,0,0,0,0,0,0,0,0,0,0,0,0,0,0,0,0,0,0,0,0,0,0,0,0,0,0,0,0,0,0,0,0,0,0,0,0,0,0,0,0,0,0,0,0,0,0,0,0,0,0,0,0,0,0,0,0,0,0,0,0,0,0,0,0,0,0,0,0,0,0,0,0,0,0,0,0,0,0,0,0,0,0,0,0,0,0,0,0,0,0,0,0,0,0,0,0,0,0,0,0,0,0,0,0,0,0,0,0,0,0,0,0,0,0,0,0,0,0,0,0,0,0,0,0,0,0,0,0,0,0,0,0,0,0,0,0,0,0,0,0,0,0,0,0,0,0,0,0,0,0,0,0,0,0,0,0,0,0,0,0,0,0,0,0,0,0,0,0,0,0,0,0,0,0,0,0,0,0,0,0,0,0,0,0,0,0,0,0,0,0,0
vogue,0.45,0.65,86.02,0.7,-6.77,0.3,0.35,0.18,0.0,647604,1,143,58,143,647604,1,143,58,143,0,0,0,0,0,0,0,0,0,0,0,0,0,0,0,647604,1,143,58,143,0,0,0,0,0,0,0,0,0,0,0,0,0,0,0,0,0,0,0,0,0,0,0,0,0,0,0,0,0,0,0,0,0,0,0,0,0,0,0,0,0,0,0,0,0,0,0,0,0,0,0,0,0,0,0,0,0,0,0,0,0,0,0,0,0,0,0,0,0,0,0,0,0,0,0,0,0,0,0,0,0,0,0,0,0,0,0,0,0,0,0,0,0,0,0,0,0,0,0,0,0,0,0,0,0,0,0,0,0,0,0,0,0,0,0,0,0,0,0,0,0,0,0,0,0,0,0,0,0,0,0,0,0,0,0,0,0,0,0,0,0,0,0,0,0,0,0,0,0,0,0,0,0,0,0,0,0,0,0,0,0,0,0,0,0,0,0,0,0,0,0,0,0,0,0,0,0,0,0,0,0,0,0,0,0,0,0,0,0,0,0,0,0,0,0,0,0,0,0,0,0,0,0,0,0,0,0,0,0,0,0,0,0,0,0,0,0,0,0,0,0,0,0,0,0,0,0,0,0,0,0,0,0,0,0
electra,0.45,0.65,86.02,0.7,-6.77,0.3,0.35,0.18,0.0,647604,1,143,58,143,647604,1,143,58,143,0,0,0,0,0,0,0,0,0,0,0,0,0,0,0,647604,1,143,58,143,0,0,0,0,0,0,0,0,0,0,0,0,0,0,0,0,0,0,0,0,0,0,0,0,0,0,0,0,0,0,0,0,0,0,0,0,0,0,0,0,0,0,0,0,0,0,0,0,0,0,0,0,0,0,0,0,0,0,0,0,0,0,0,0,0,0,0,0,0,0,0,0,0,0,0,0,0,0,0,0,0,0,0,0,0,0,0,0,0,0,0,0,0,0,0,0,0,0,0,0,0,0,0,0,0,0,0,0,0,0,0,0,0,0,0,0,0,0,0,0,0,0,0,0,0,0,0,0,0,0,0,0,0,0,0,0,0,0,0,0,0,0,0,0,0,0,0,0,0,0,0,0,0,0,0,0,0,0,0,0,0,0,0,0,0,0,0,0,0,0,0,0,0,0,0,0,0,0,0,0,0,0,0,0,0,0,0,0,0,0,0,0,0,0,0,0,0,0,0,0,0,0,0,0,0,0,0,0,0,0,0,0,0,0,0,0,0,0,0,0,0,0,0,0,0,0,0,0,0,0,0,0,0,0,0
spanish rock,0.87,0.48,103.06,0.66,-9.07,0.04,0.08,0.52,0.0,1291984,2,175,52,162,0,0,0,0,0,0,0,0,0,0,0,0,0,0,0,0,0,0,0,0,0,0,0,0,0,0,0,0,0,0,0,0,0,0,0,0,0,0,0,0,0,0,0,0,0,0,0,0,0,0,0,0,0,0,0,0,0,0,0,0,0,0,0,0,0,0,0,0,0,0,0,0,0,0,0,0,0,0,0,0,0,0,0,0,0,0,0,0,0,0,0,0,0,0,0,0,0,0,0,0,0,0,0,0,0,0,0,0,0,0,0,0,0,0,0,0,0,0,0,0,0,0,0,0,0,0,0,0,0,0,0,0,0,0,0,0,0,0,0,0,0,0,0,0,0,0,0,0,0,0,0,0,0,0,0,0,0,0,0,0,0,0,0,0,0,0,0,0,0,0,0,0,0,0,0,0,0,0,0,0,0,0,0,0,0,0,0,0,0,0,0,0,0,0,0,1291984,2,175,52,162,0,0,0,0,0,0,0,0,0,0,0,0,0,0,0,0,0,0,0,0,0,0,0,0,0,1291984,2,175,52,162,0,0,0,0,0,0,0,0,0,0,0,0,0,0,0,0,0,0,0,0,0,0,0,0,0,0,0,0,0,0
australian country,0.7,0.54,82.96,0.59,-6.5,0.07,0.57,0.25,0.0,835522,1,150,51,150,0,0,0,0,0,0,0,0,0,0,0,0,0,0,0,0,0,0,0,0,0,0,0,0,0,0,0,0,0,0,0,0,0,0,0,0,0,0,0,0,0,0,0,0,0,0,0,0,0,0,0,0,0,0,0,0,0,0,0,0,0,0,0,0,0,0,0,0,0,0,0,0,0,0,0,0,0,0,0,0,0,0,0,0,0,0,0,0,0,0,0,0,0,0,0,0,0,0,0,0,0,0,0,0,0,0,0,0,0,0,0,0,0,0,0,0,0,0,0,0,0,0,0,0,0,0,0,0,0,0,0,0,0,0,0,0,0,0,0,0,0,0,0,0,0,0,0,0,0,0,0,0,0,0,0,0,0,0,0,0,0,0,0,0,0,0,0,0,0,0,0,0,0,0,0,0,0,0,0,0,0,0,0,0,0,0,0,0,0,0,0,0,0,0,0,835522,1,150,51,150,0,0,0,0,0,0,0,0,0,0,0,0,0,0,0,0,0,0,0,0,0,0,0,0,0,0,0,0,0,0,0,0,0,0,0,0,0,0,0,0,835522,1,150,51,150,0,0,0,0,0,0,0,0,0,0,0,0,0,0,0
ccm,0.58,0.52,136.41,0.28,-7.18,0.03,0.11,0.73,0.0,3801722,5,191,50,171,0,0,0,0,0,0,0,0,0,0,0,0,0,0,0,0,0,0,0,0,0,0,0,0,0,0,0,0,0,0,0,0,0,0,0,0,0,0,0,0,0,0,0,0,0,0,0,0,0,0,0,0,0,0,0,0,0,0,0,0,0,0,0,0,0,1946501,3,195,18,193,0,0,0,0,0,0,0,0,0,0,0,0,0,0,0,0,0,0,0,0,0,0,0,0,0,0,0,0,0,0,0,0,0,0,0,0,0,0,0,0,0,0,0,0,0,1168776,2,194,14,193,0,0,0,0,0,777725,1,199,2,199,1855221,2,186,30,171,0,0,0,0,0,0,0,0,0,0,0,0,0,0,0,0,0,0,0,0,0,0,0,0,0,0,0,0,0,0,0,0,0,0,0,0,0,0,0,0,0,0,0,0,0,0,0,0,0,0,0,0,0,0,0,1855221,2,186,30,171,0,0,0,0,0,0,0,0,0,0,0,0,0,0,0,0,0,0,0,0,0,0,0,0,0,0,0,0,0,0,0,0,0,0,0,0,0,0,0,0,0,0,0,0,0,0,0,0,0,0,0,0,0,0,0,0,0,0,0,0,0,0,0,0,0
swedish indie pop,0.53,0.52,134.24,0.22,-8.32,0.06,0.08,0.23,0.0,841061,1,151,50,151,0,0,0,0,0,0,0,0,0,0,0,0,0,0,0,0,0,0,0,0,0,0,0,0,0,0,0,0,0,0,0,0,0,0,0,0,0,0,0,0,0,0,0,0,0,0,0,0,0,0,0,0,0,0,0,0,0,0,0,0,0,0,0,0,0,0,0,0,0,0,0,0,0,0,0,0,0,0,0,0,0,0,0,0,0,0,0,0,0,0,0,0,0,0,0,0,0,0,0,0,0,0,0,0,0,0,0,0,0,0,0,0,0,0,0,0,0,0,0,0,0,0,0,0,0,0,0,0,0,0,841061,1,151,50,151,0,0,0,0,0,0,0,0,0,0,0,0,0,0,0,0,0,0,0,0,0,0,0,0,0,841061,1,151,50,151,0,0,0,0,0,0,0,0,0,0,0,0,0,0,0,0,0,0,0,0,0,0,0,0,0,0,0,0,0,0,0,0,0,0,0,0,0,0,0,0,0,0,0,0,0,0,0,0,0,0,0,0,0,0,0,0,0,0,0,0,0,0,0,0,0,0,0,0,0,0,0,0,0,0,0,0,0,0,0,0,0,0,0,0,0,0,0,0,0,0,0,0,0,0,0
drill francais,0.64,0.55,137.09,0.04,-10.68,0.05,0.11,0.38,0.0,788104,1,154,47,154,0,0,0,0,0,0,0,0,0,0,0,0,0,0,0,0,0,0,0,0,0,0,0,0,0,0,0,0,0,0,0,0,0,0,0,0,0,0,0,0,0,0,0,0,0,0,0,0,0,0,0,0,0,0,0,0,0,0,0,0,0,0,0,0,0,0,0,0,0,0,0,0,0,0,0,0,0,0,0,0,0,0,0,0,0,0,0,0,0,0,0,0,0,0,0,0,0,0,0,0,0,0,0,0,0,0,0,0,0,0,0,0,0,0,0,0,0,0,0,0,0,0,0,0,0,0,0,0,0,0,0,0,0,0,0,0,0,0,0,0,0,0,0,0,0,0,0,0,0,0,0,0,0,0,0,0,0,0,0,0,0,0,0,0,0,0,0,0,0,0,0,0,0,0,0,0,0,0,0,0,0,0,0,0,0,0,0,0,0,0,0,0,0,0,0,788104,1,154,47,154,0,0,0,0,0,0,0,0,0,0,0,0,0,0,0,0,0,0,0,0,0,0,0,0,0,0,0,0,0,0,0,0,0,0,0,0,0,0,0,0,788104,1,154,47,154,0,0,0,0,0,0,0,0,0,0,0,0,0,0,0
palm desert scene,0.48,0.93,179.91,0.6,-3.46,0.14,0.15,0.04,0.13,531101,1,157,44,157,531101,1,157,44,157,0,0,0,0,0,0,0,0,0,0,0,0,0,0,0,0,0,0,0,0,0,0,0,0,0,0,0,0,0,0,0,0,0,0,0,531101,1,157,44,157,0,0,0,0,0,0,0,0,0,0,0,0,0,0,0,0,0,0,0,0,0,0,0,0,0,0,0,0,0,0,0,0,0,0,0,0,0,0,0,0,0,0,0,0,0,0,0,0,0,0,0,0,0,0,0,0,0,0,0,0,0,0,0,0,0,0,0,0,0,0,0,0,0,0,0,0,0,0,0,0,0,0,0,0,0,0,0,0,0,0,0,0,0,0,0,0,0,0,0,0,0,0,0,0,0,0,0,0,0,0,0,0,0,0,0,0,0,0,0,0,0,0,0,0,0,0,0,0,0,0,0,0,0,0,0,0,0,0,0,0,0,0,0,0,0,0,0,0,0,0,0,0,0,0,0,0,0,0,0,0,0,0,0,0,0,0,0,0,0,0,0,0,0,0,0,0,0,0,0,0,0,0,0,0,0,0,0,0,0,0,0,0,0,0,0,0,0,0,0,0,0,0,0,0,0,0,0,0,0,0,0,0,0,0,0
black punk,0.45,0.94,164.03,0.6,-3.35,0.16,0.61,0.0,0.0,848159,1,158,43,158,0,0,0,0,0,0,0,0,0,0,0,0,0,0,0,0,0,0,0,0,0,0,0,0,0,0,0,0,0,0,0,0,0,0,0,0,0,0,0,0,0,0,0,0,0,0,0,0,0,0,0,0,0,0,0,0,0,0,0,0,0,0,0,0,0,0,0,0,0,0,0,0,0,0,0,0,0,0,0,0,0,0,0,0,0,0,0,0,0,0,0,0,0,0,0,0,0,0,0,0,0,0,0,0,0,0,0,0,0,0,0,0,0,0,0,0,0,0,0,0,0,0,0,0,0,0,0,0,0,0,0,0,0,0,0,0,0,0,0,0,0,0,0,0,0,0,0,0,0,0,0,0,0,0,0,0,0,0,0,0,0,0,0,0,0,0,0,0,0,0,0,0,0,0,0,0,0,0,0,0,0,0,0,0,0,0,0,0,0,0,0,0,0,0,0,848159,1,158,43,158,0,0,0,0,0,0,0,0,0,0,0,0,0,0,0,0,0,0,0,0,0,0,0,0,0,0,0,0,0,0,0,0,0,0,0,0,0,0,0,0,0,0,0,0,0,848159,1,158,43,158,0,0,0,0,0,0,0,0,0,0
uk diy punk,0.45,0.94,164.03,0.6,-3.35,0.16,0.61,0.0,0.0,848159,1,158,43,158,0,0,0,0,0,0,0,0,0,0,0,0,0,0,0,0,0,0,0,0,0,0,0,0,0,0,0,0,0,0,0,0,0,0,0,0,0,0,0,0,0,0,0,0,0,0,0,0,0,0,0,0,0,0,0,0,0,0,0,0,0,0,0,0,0,0,0,0,0,0,0,0,0,0,0,0,0,0,0,0,0,0,0,0,0,0,0,0,0,0,0,0,0,0,0,0,0,0,0,0,0,0,0,0,0,0,0,0,0,0,0,0,0,0,0,0,0,0,0,0,0,0,0,0,0,0,0,0,0,0,0,0,0,0,0,0,0,0,0,0,0,0,0,0,0,0,0,0,0,0,0,0,0,0,0,0,0,0,0,0,0,0,0,0,0,0,0,0,0,0,0,0,0,0,0,0,0,0,0,0,0,0,0,0,0,0,0,0,0,0,0,0,0,0,0,848159,1,158,43,158,0,0,0,0,0,0,0,0,0,0,0,0,0,0,0,0,0,0,0,0,0,0,0,0,0,0,0,0,0,0,0,0,0,0,0,0,0,0,0,0,0,0,0,0,0,848159,1,158,43,158,0,0,0,0,0,0,0,0,0,0
rif,0.79,0.86,95.22,0.96,-5.31,0.12,0.08,0.21,0.0,742390,1,159,42,159,0,0,0,0,0,0,0,0,0,0,0,0,0,0,0,0,0,0,0,0,0,0,0,0,0,0,0,0,0,0,0,0,0,0,0,0,0,0,0,0,0,0,0,0,0,0,0,0,0,0,0,0,0,0,0,0,0,0,0,0,0,0,0,0,0,0,0,0,0,0,0,0,0,0,0,0,0,0,0,0,0,0,0,0,0,0,0,0,0,0,0,0,0,0,0,0,0,0,0,0,0,0,0,0,0,0,0,0,0,0,0,0,0,0,0,0,0,0,0,0,0,0,0,0,0,0,0,0,0,0,0,0,0,0,0,0,0,0,0,0,0,0,0,0,0,0,0,0,0,0,0,0,0,0,0,0,0,0,0,0,0,0,0,0,0,0,0,0,0,0,0,0,0,0,0,0,0,0,0,0,0,0,0,0,0,0,0,0,0,0,0,0,0,0,0,742390,1,159,42,159,0,0,0,0,0,0,0,0,0,0,0,0,0,0,0,0,0,0,0,0,0,0,0,0,0,0,0,0,0,0,742390,1,159,42,159,0,0,0,0,0,0,0,0,0,0,0,0,0,0,0,0,0,0,0,0,0,0,0,0,0
euphoric hardstyle,0.57,0.94,125.03,0.51,-2.68,0.03,0.12,0.1,0.5,645104,1,161,40,161,0,0,0,0,0,0,0,0,0,0,0,0,0,0,0,0,0,0,0,0,0,0,0,0,0,0,0,0,0,0,0,0,0,0,0,0,0,0,0,0,0,0,0,0,0,0,0,0,0,0,0,0,0,0,0,0,0,0,0,0,0,0,0,0,0,645104,1,161,40,161,0,0,0,0,0,0,0,0,0,0,0,0,0,0,0,0,0,0,0,0,0,0,0,0,0,645104,1,161,40,161,0,0,0,0,0,0,0,0,0,0,0,0,0,0,0,0,0,0,0,0,0,0,0,0,0,0,0,0,0,0,0,0,0,0,0,0,0,0,0,0,0,0,0,0,0,0,0,0,0,0,0,0,0,0,0,0,0,0,0,0,0,0,0,0,0,0,0,0,0,0,0,0,0,0,0,0,0,0,0,0,0,0,0,0,0,0,0,0,0,0,0,0,0,0,0,0,0,0,0,0,0,0,0,0,0,0,0,0,0,0,0,0,0,0,0,0,0,0,0,0,0,0,0,0,0,0,0,0,0,0,0,0,0,0,0,0,0,0,0,0,0,0,0,0,0,0,0,0,0,0,0,0,0,0,0,0,0,0,0,0
classic hardstyle,0.57,0.94,125.03,0.51,-2.68,0.03,0.12,0.1,0.5,645104,1,161,40,161,0,0,0,0,0,0,0,0,0,0,0,0,0,0,0,0,0,0,0,0,0,0,0,0,0,0,0,0,0,0,0,0,0,0,0,0,0,0,0,0,0,0,0,0,0,0,0,0,0,0,0,0,0,0,0,0,0,0,0,0,0,0,0,0,0,645104,1,161,40,161,0,0,0,0,0,0,0,0,0,0,0,0,0,0,0,0,0,0,0,0,0,0,0,0,0,645104,1,161,40,161,0,0,0,0,0,0,0,0,0,0,0,0,0,0,0,0,0,0,0,0,0,0,0,0,0,0,0,0,0,0,0,0,0,0,0,0,0,0,0,0,0,0,0,0,0,0,0,0,0,0,0,0,0,0,0,0,0,0,0,0,0,0,0,0,0,0,0,0,0,0,0,0,0,0,0,0,0,0,0,0,0,0,0,0,0,0,0,0,0,0,0,0,0,0,0,0,0,0,0,0,0,0,0,0,0,0,0,0,0,0,0,0,0,0,0,0,0,0,0,0,0,0,0,0,0,0,0,0,0,0,0,0,0,0,0,0,0,0,0,0,0,0,0,0,0,0,0,0,0,0,0,0,0,0,0,0,0,0,0,0
american choir,0.53,0.54,131.92,0.4,-8.62,0.46,0.08,0.31,0.0,906672,2,182,38,174,906672,2,182,38,174,0,0,0,0,0,906672,2,182,38,174,0,0,0,0,0,0,0,0,0,0,0,0,0,0,0,0,0,0,0,0,0,0,0,0,0,0,0,0,0,0,0,0,0,0,0,0,0,0,0,0,0,0,0,0,0,0,0,0,0,0,0,0,0,0,0,0,0,0,0,0,0,0,0,0,0,0,0,0,0,0,0,0,0,0,0,0,0,0,0,0,0,0,0,0,0,0,0,0,0,0,0,0,0,0,0,0,0,0,0,0,0,0,0,0,0,0,0,0,0,0,0,0,0,0,0,0,0,0,0,0,0,0,0,0,0,0,0,0,0,0,0,0,0,0,0,0,0,0,0,0,0,0,0,0,0,0,0,0,0,0,0,0,0,0,0,0,0,0,0,0,0,0,0,0,0,0,0,0,0,0,0,0,0,0,0,0,0,0,0,0,0,0,0,0,0,0,0,0,0,0,0,0,0,0,0,0,0,0,0,0,0,0,0,0,0,0,0,0,0,0,0,0,0,0,0,0,0,0,0,0,0,0,0,0,0,0,0,0,0,0,0,0,0,0,0,0,0,0,0,0,0,0,0,0,0
children's choir,0.53,0.54,131.92,0.4,-8.62,0.46,0.08,0.31,0.0,906672,2,182,38,174,906672,2,182,38,174,0,0,0,0,0,906672,2,182,38,174,0,0,0,0,0,0,0,0,0,0,0,0,0,0,0,0,0,0,0,0,0,0,0,0,0,0,0,0,0,0,0,0,0,0,0,0,0,0,0,0,0,0,0,0,0,0,0,0,0,0,0,0,0,0,0,0,0,0,0,0,0,0,0,0,0,0,0,0,0,0,0,0,0,0,0,0,0,0,0,0,0,0,0,0,0,0,0,0,0,0,0,0,0,0,0,0,0,0,0,0,0,0,0,0,0,0,0,0,0,0,0,0,0,0,0,0,0,0,0,0,0,0,0,0,0,0,0,0,0,0,0,0,0,0,0,0,0,0,0,0,0,0,0,0,0,0,0,0,0,0,0,0,0,0,0,0,0,0,0,0,0,0,0,0,0,0,0,0,0,0,0,0,0,0,0,0,0,0,0,0,0,0,0,0,0,0,0,0,0,0,0,0,0,0,0,0,0,0,0,0,0,0,0,0,0,0,0,0,0,0,0,0,0,0,0,0,0,0,0,0,0,0,0,0,0,0,0,0,0,0,0,0,0,0,0,0,0,0,0,0,0,0,0,0,0
nottingham hip hop,0.96,0.45,108.04,0.34,-8.7,0.32,0.18,0.18,0.01,1898528,3,189,36,186,0,0,0,0,0,0,0,0,0,0,0,0,0,0,0,0,0,0,0,0,0,0,0,0,0,0,0,0,0,0,0,0,0,0,0,0,0,0,0,0,0,0,0,0,0,0,0,0,0,0,0,0,0,0,0,0,0,0,0,0,0,0,0,0,0,0,0,0,0,0,0,0,0,0,0,0,0,0,0,0,0,0,0,0,0,0,0,0,0,0,0,0,0,0,0,0,0,0,0,0,0,0,0,0,0,0,0,0,0,0,0,0,0,0,0,0,0,0,0,0,0,0,0,0,0,0,0,0,0,0,0,0,0,0,0,0,0,0,0,0,0,0,0,0,0,0,0,0,0,0,0,0,0,0,0,0,0,0,0,0,0,0,0,0,0,0,0,0,0,0,0,0,0,0,0,0,0,0,0,0,0,0,0,0,0,0,0,0,0,0,0,0,0,0,0,1898528,3,189,36,186,0,0,0,0,0,0,0,0,0,0,0,0,0,0,0,0,0,0,0,0,1898528,3,189,36,186,0,0,0,0,0,0,0,0,0,0,0,0,0,0,0,0,0,0,0,0,0,0,0,0,0,0,0,0,0,0,0,0,0,0,0
symphonic rock,0.39,0.34,177.76,0.48,-10.05,0.03,0.25,0.65,0.0,1356951,3,189,36,182,1356951,3,189,36,182,0,0,0,0,0,0,0,0,0,0,0,0,0,0,0,0,0,0,0,0,1356951,3,189,36,182,0,0,0,0,0,0,0,0,0,0,0,0,0,0,0,0,0,0,0,0,0,0,0,0,0,0,0,0,0,0,0,0,0,0,0,0,0,0,0,0,0,0,0,0,0,0,0,0,0,0,0,0,0,0,0,0,0,0,0,0,0,0,0,0,0,0,0,0,0,0,0,0,0,0,0,0,0,0,0,0,0,0,0,0,0,0,0,0,0,0,0,0,0,0,0,0,0,0,0,0,0,0,0,0,0,0,0,0,0,0,0,0,0,0,0,0,0,0,0,0,0,0,0,0,0,0,0,0,0,0,0,0,0,0,0,0,0,0,0,0,0,0,0,0,0,0,0,0,0,0,0,0,0,0,0,0,0,0,0,0,0,0,0,0,0,0,0,0,0,0,0,0,0,0,0,0,0,0,0,0,0,0,0,0,0,0,0,0,0,0,0,0,0,0,0,0,0,0,0,0,0,0,0,0,0,0,0,0,0,0,0,0,0,0,0,0,0,0,0,0,0,0,0,0,0,0,0,0,0,0
trap funk,0.65,0.72,130.76,0.53,-7.58,0.11,0.07,0.24,0.0,2705514,4,192,36,188,0,0,0,0,0,0,0,0,0,0,0,0,0,0,0,0,0,0,0,0,0,0,0,0,0,0,0,0,0,0,0,0,0,0,0,0,0,0,0,0,0,0,0,0,0,0,0,0,0,0,0,0,0,0,0,0,0,0,0,0,0,0,0,0,0,0,0,0,0,0,0,0,0,0,0,0,0,0,0,0,0,0,0,0,0,0,0,0,0,0,0,0,0,0,0,0,0,0,0,0,0,0,0,0,0,0,0,0,0,0,0,0,0,0,0,0,0,0,0,0,0,0,0,0,0,0,0,0,0,0,0,0,0,0,0,0,0,0,0,0,0,0,0,0,0,0,0,0,0,0,0,0,0,0,0,0,0,0,0,0,0,0,0,0,0,0,0,0,0,0,0,0,0,0,0,0,0,0,0,0,0,0,0,0,0,0,0,0,0,0,0,0,0,0,0,2705514,4,192,36,188,0,0,0,0,0,0,0,0,0,0,0,0,0,0,0,0,0,0,0,0,0,0,0,0,0,0,0,0,0,0,0,0,0,0,0,0,0,0,0,0,2705514,4,192,36,188,0,0,0,0,0,0,0,0,0,0,0,0,0,0,0
anthem worship,0.68,0.41,124.89,0.47,-7.97,0.03,0.14,0.8,0.0,2632946,3,190,33,171,0,0,0,0,0,0,0,0,0,0,0,0,0,0,0,0,0,0,0,0,0,0,0,0,0,0,0,0,0,0,0,0,0,0,0,0,0,0,0,0,0,0,0,0,0,0,0,0,0,0,0,0,0,0,0,0,0,0,0,0,0,0,0,0,0,777725,1,199,2,199,0,0,0,0,0,0,0,0,0,0,0,0,0,0,0,0,0,0,0,0,0,0,0,0,0,0,0,0,0,0,0,0,0,0,0,0,0,0,0,0,0,0,0,0,0,0,0,0,0,0,0,0,0,0,0,777725,1,199,2,199,1855221,2,186,30,171,0,0,0,0,0,0,0,0,0,0,0,0,0,0,0,0,0,0,0,0,0,0,0,0,0,0,0,0,0,0,0,0,0,0,0,0,0,0,0,0,0,0,0,0,0,0,0,0,0,0,0,0,0,0,0,1855221,2,186,30,171,0,0,0,0,0,0,0,0,0,0,0,0,0,0,0,0,0,0,0,0,0,0,0,0,0,0,0,0,0,0,0,0,0,0,0,0,0,0,0,0,0,0,0,0,0,0,0,0,0,0,0,0,0,0,0,0,0,0,0,0,0,0,0,0,0
indonesian hip hop,0.88,0.55,158.02,0.42,-7.49,0.39,0.12,0.04,0.0,670987,1,168,33,168,0,0,0,0,0,0,0,0,0,0,0,0,0,0,0,0,0,0,0,0,0,0,0,0,0,0,0,0,0,0,0,0,0,0,0,0,0,0,0,0,0,0,0,0,0,0,0,0,0,0,0,0,0,0,0,0,0,0,0,0,0,0,0,0,0,670987,1,168,33,168,0,0,0,0,0,670987,1,168,33,168,0,0,0,0,0,0,0,0,0,0,0,0,0,0,0,0,0,0,0,0,0,0,0,0,0,0,0,0,0,0,0,0,0,0,0,0,0,0,0,0,0,0,0,0,0,0,0,0,0,0,0,0,0,0,0,0,0,0,0,0,0,0,0,0,0,0,0,0,0,0,0,0,0,0,0,0,0,0,0,0,0,0,0,0,0,0,0,0,0,0,0,0,0,0,0,0,0,0,0,0,0,0,0,0,0,0,0,0,0,0,0,0,0,0,0,0,0,0,0,0,0,0,0,0,0,0,0,0,0,0,0,0,0,0,0,0,0,0,0,0,0,0,0,0,0,0,0,0,0,0,0,0,0,0,0,0,0,0,0,0,0,0,0,0,0,0,0,0,0,0,0,0,0,0,0,0,0,0,0,0
christian pop,0.68,0.41,124.89,0.47,-7.97,0.03,0.14,0.8,0.0,2632946,3,190,33,171,0,0,0,0,0,0,0,0,0,0,0,0,0,0,0,0,0,0,0,0,0,0,0,0,0,0,0,0,0,0,0,0,0,0,0,0,0,0,0,0,0,0,0,0,0,0,0,0,0,0,0,0,0,0,0,0,0,0,0,0,0,0,0,0,0,777725,1,199,2,199,0,0,0,0,0,0,0,0,0,0,0,0,0,0,0,0,0,0,0,0,0,0,0,0,0,0,0,0,0,0,0,0,0,0,0,0,0,0,0,0,0,0,0,0,0,0,0,0,0,0,0,0,0,0,0,777725,1,199,2,199,1855221,2,186,30,171,0,0,0,0,0,0,0,0,0,0,0,0,0,0,0,0,0,0,0,0,0,0,0,0,0,0,0,0,0,0,0,0,0,0,0,0,0,0,0,0,0,0,0,0,0,0,0,0,0,0,0,0,0,0,0,1855221,2,186,30,171,0,0,0,0,0,0,0,0,0,0,0,0,0,0,0,0,0,0,0,0,0,0,0,0,0,0,0,0,0,0,0,0,0,0,0,0,0,0,0,0,0,0,0,0,0,0,0,0,0,0,0,0,0,0,0,0,0,0,0,0,0,0,0,0,0
chanson,0.66,0.42,131.94,0.21,-9.95,0.16,0.14,0.32,0.0,801164,1,170,31,170,0,0,0,0,0,0,0,0,0,0,0,0,0,0,0,0,0,0,0,0,0,0,0,0,0,0,0,0,0,0,0,0,0,0,0,0,0,0,0,0,0,0,0,0,0,0,0,0,0,0,0,0,0,0,0,0,0,0,0,0,0,0,0,0,0,0,0,0,0,0,0,0,0,0,0,0,0,0,0,0,0,0,0,0,0,0,0,0,0,0,0,0,0,0,0,0,0,0,0,0,0,0,0,0,0,0,0,0,0,0,0,0,0,0,0,0,0,0,0,0,0,0,0,0,0,0,0,0,0,0,801164,1,170,31,170,0,0,0,0,0,0,0,0,0,0,0,0,0,0,0,0,0,0,0,0,0,0,0,0,0,801164,1,170,31,170,0,0,0,0,0,0,0,0,0,0,0,0,0,0,0,0,0,0,0,0,0,0,0,0,0,0,0,0,0,0,0,0,0,0,0,0,0,0,0,0,0,0,0,0,0,0,0,0,0,0,0,0,0,0,0,0,0,0,0,0,0,0,0,0,0,0,0,0,0,0,0,0,0,0,0,0,0,0,0,0,0,0,0,0,0,0,0,0,0,0,0,0,0,0,0
french indie pop,0.66,0.42,131.94,0.21,-9.95,0.16,0.14,0.32,0.0,801164,1,170,31,170,0,0,0,0,0,0,0,0,0,0,0,0,0,0,0,0,0,0,0,0,0,0,0,0,0,0,0,0,0,0,0,0,0,0,0,0,0,0,0,0,0,0,0,0,0,0,0,0,0,0,0,0,0,0,0,0,0,0,0,0,0,0,0,0,0,0,0,0,0,0,0,0,0,0,0,0,0,0,0,0,0,0,0,0,0,0,0,0,0,0,0,0,0,0,0,0,0,0,0,0,0,0,0,0,0,0,0,0,0,0,0,0,0,0,0,0,0,0,0,0,0,0,0,0,0,0,0,0,0,0,801164,1,170,31,170,0,0,0,0,0,0,0,0,0,0,0,0,0,0,0,0,0,0,0,0,0,0,0,0,0,801164,1,170,31,170,0,0,0,0,0,0,0,0,0,0,0,0,0,0,0,0,0,0,0,0,0,0,0,0,0,0,0,0,0,0,0,0,0,0,0,0,0,0,0,0,0,0,0,0,0,0,0,0,0,0,0,0,0,0,0,0,0,0,0,0,0,0,0,0,0,0,0,0,0,0,0,0,0,0,0,0,0,0,0,0,0,0,0,0,0,0,0,0,0,0,0,0,0,0,0
french rock,0.66,0.42,131.94,0.21,-9.95,0.16,0.14,0.32,0.0,801164,1,170,31,170,0,0,0,0,0,0,0,0,0,0,0,0,0,0,0,0,0,0,0,0,0,0,0,0,0,0,0,0,0,0,0,0,0,0,0,0,0,0,0,0,0,0,0,0,0,0,0,0,0,0,0,0,0,0,0,0,0,0,0,0,0,0,0,0,0,0,0,0,0,0,0,0,0,0,0,0,0,0,0,0,0,0,0,0,0,0,0,0,0,0,0,0,0,0,0,0,0,0,0,0,0,0,0,0,0,0,0,0,0,0,0,0,0,0,0,0,0,0,0,0,0,0,0,0,0,0,0,0,0,0,801164,1,170,31,170,0,0,0,0,0,0,0,0,0,0,0,0,0,0,0,0,0,0,0,0,0,0,0,0,0,801164,1,170,31,170,0,0,0,0,0,0,0,0,0,0,0,0,0,0,0,0,0,0,0,0,0,0,0,0,0,0,0,0,0,0,0,0,0,0,0,0,0,0,0,0,0,0,0,0,0,0,0,0,0,0,0,0,0,0,0,0,0,0,0,0,0,0,0,0,0,0,0,0,0,0,0,0,0,0,0,0,0,0,0,0,0,0,0,0,0,0,0,0,0,0,0,0,0,0,0
nouvelle chanson francaise,0.66,0.42,131.94,0.21,-9.95,0.16,0.14,0.32,0.0,801164,1,170,31,170,0,0,0,0,0,0,0,0,0,0,0,0,0,0,0,0,0,0,0,0,0,0,0,0,0,0,0,0,0,0,0,0,0,0,0,0,0,0,0,0,0,0,0,0,0,0,0,0,0,0,0,0,0,0,0,0,0,0,0,0,0,0,0,0,0,0,0,0,0,0,0,0,0,0,0,0,0,0,0,0,0,0,0,0,0,0,0,0,0,0,0,0,0,0,0,0,0,0,0,0,0,0,0,0,0,0,0,0,0,0,0,0,0,0,0,0,0,0,0,0,0,0,0,0,0,0,0,0,0,0,801164,1,170,31,170,0,0,0,0,0,0,0,0,0,0,0,0,0,0,0,0,0,0,0,0,0,0,0,0,0,801164,1,170,31,170,0,0,0,0,0,0,0,0,0,0,0,0,0,0,0,0,0,0,0,0,0,0,0,0,0,0,0,0,0,0,0,0,0,0,0,0,0,0,0,0,0,0,0,0,0,0,0,0,0,0,0,0,0,0,0,0,0,0,0,0,0,0,0,0,0,0,0,0,0,0,0,0,0,0,0,0,0,0,0,0,0,0,0,0,0,0,0,0,0,0,0,0,0,0,0
jazz fusion,0.32,0.51,144.55,0.43,-8.87,0.03,0.39,0.64,0.0,963243,1,171,30,171,0,0,0,0,0,0,0,0,0,0,0,0,0,0,0,0,0,0,0,0,0,0,0,0,0,0,0,0,0,0,0,0,0,0,0,0,0,0,0,0,0,0,0,0,0,0,0,0,0,0,0,0,0,0,0,0,0,0,0,0,0,0,0,0,0,963243,1,171,30,171,0,0,0,0,0,0,0,0,0,0,0,0,0,0,0,0,0,0,0,0,0,0,0,0,0,0,0,0,0,0,0,0,0,0,0,0,0,0,0,0,0,0,0,0,0,0,0,0,0,0,0,0,0,0,0,963243,1,171,30,171,0,0,0,0,0,0,0,0,0,0,0,0,0,0,0,0,0,0,0,0,0,0,0,0,0,0,0,0,0,0,0,0,0,0,0,0,0,0,0,0,0,0,0,0,0,0,0,0,0,0,0,0,0,0,0,0,0,0,0,0,0,0,0,0,0,0,0,0,0,0,0,0,0,0,0,0,0,0,0,0,0,0,0,0,0,0,0,0,0,0,0,0,0,0,0,0,0,0,0,0,0,0,0,0,0,0,0,0,0,0,0,0,0,0,0,0,0,0,0,0,0,0,0,0,0,0,0,0,0,0
jazz,0.32,0.51,144.55,0.43,-8.87,0.03,0.39,0.64,0.0,963243,1,171,30,171,0,0,0,0,0,0,0,0,0,0,0,0,0,0,0,0,0,0,0,0,0,0,0,0,0,0,0,0,0,0,0,0,0,0,0,0,0,0,0,0,0,0,0,0,0,0,0,0,0,0,0,0,0,0,0,0,0,0,0,0,0,0,0,0,0,963243,1,171,30,171,0,0,0,0,0,0,0,0,0,0,0,0,0,0,0,0,0,0,0,0,0,0,0,0,0,0,0,0,0,0,0,0,0,0,0,0,0,0,0,0,0,0,0,0,0,0,0,0,0,0,0,0,0,0,0,963243,1,171,30,171,0,0,0,0,0,0,0,0,0,0,0,0,0,0,0,0,0,0,0,0,0,0,0,0,0,0,0,0,0,0,0,0,0,0,0,0,0,0,0,0,0,0,0,0,0,0,0,0,0,0,0,0,0,0,0,0,0,0,0,0,0,0,0,0,0,0,0,0,0,0,0,0,0,0,0,0,0,0,0,0,0,0,0,0,0,0,0,0,0,0,0,0,0,0,0,0,0,0,0,0,0,0,0,0,0,0,0,0,0,0,0,0,0,0,0,0,0,0,0,0,0,0,0,0,0,0,0,0,0,0
electric bass,0.32,0.51,144.55,0.43,-8.87,0.03,0.39,0.64,0.0,963243,1,171,30,171,0,0,0,0,0,0,0,0,0,0,0,0,0,0,0,0,0,0,0,0,0,0,0,0,0,0,0,0,0,0,0,0,0,0,0,0,0,0,0,0,0,0,0,0,0,0,0,0,0,0,0,0,0,0,0,0,0,0,0,0,0,0,0,0,0,963243,1,171,30,171,0,0,0,0,0,0,0,0,0,0,0,0,0,0,0,0,0,0,0,0,0,0,0,0,0,0,0,0,0,0,0,0,0,0,0,0,0,0,0,0,0,0,0,0,0,0,0,0,0,0,0,0,0,0,0,963243,1,171,30,171,0,0,0,0,0,0,0,0,0,0,0,0,0,0,0,0,0,0,0,0,0,0,0,0,0,0,0,0,0,0,0,0,0,0,0,0,0,0,0,0,0,0,0,0,0,0,0,0,0,0,0,0,0,0,0,0,0,0,0,0,0,0,0,0,0,0,0,0,0,0,0,0,0,0,0,0,0,0,0,0,0,0,0,0,0,0,0,0,0,0,0,0,0,0,0,0,0,0,0,0,0,0,0,0,0,0,0,0,0,0,0,0,0,0,0,0,0,0,0,0,0,0,0,0,0,0,0,0,0,0
rap calme,0.71,0.38,93.62,0.24,-11.06,0.44,0.13,0.72,0.0,798518,1,171,30,171,0,0,0,0,0,0,0,0,0,0,0,0,0,0,0,0,0,0,0,0,0,0,0,0,0,0,0,0,0,0,0,0,0,0,0,0,0,0,0,0,0,0,0,0,0,0,0,0,0,0,0,0,0,0,0,0,0,0,0,0,0,0,0,0,0,0,0,0,0,0,0,0,0,0,0,0,0,0,0,0,0,0,0,0,0,0,0,0,0,0,0,0,0,0,0,0,0,0,0,0,0,0,0,0,0,0,0,0,0,0,0,0,0,0,0,0,0,0,0,0,0,0,0,0,0,0,0,0,0,0,798518,1,171,30,171,0,0,0,0,0,0,0,0,0,0,0,0,0,0,0,0,0,0,0,0,0,0,0,0,0,798518,1,171,30,171,0,0,0,0,0,0,0,0,0,0,0,0,0,0,0,0,0,0,0,0,0,0,0,0,0,0,0,0,0,0,0,0,0,0,0,0,0,0,0,0,0,0,0,0,0,0,0,0,0,0,0,0,0,0,0,0,0,0,0,0,0,0,0,0,0,0,0,0,0,0,0,0,0,0,0,0,0,0,0,0,0,0,0,0,0,0,0,0,0,0,0,0,0,0,0
partyschlager,0.31,0.42,132.85,0.49,-8.96,0.03,0.27,0.82,0.0,1285882,1,174,27,174,0,0,0,0,0,0,0,0,0,0,0,0,0,0,0,0,0,0,0,0,0,0,0,0,0,0,0,0,0,0,0,0,0,0,0,0,0,0,0,0,0,0,0,0,0,0,0,0,0,0,0,0,0,0,0,0,0,0,0,0,0,0,0,0,0,0,0,0,0,0,0,0,0,0,0,0,0,0,0,0,0,0,0,0,0,0,0,0,0,0,0,0,0,0,0,0,0,0,0,0,0,0,0,0,0,0,0,0,0,0,0,0,0,0,0,0,0,0,0,0,0,0,0,0,0,0,0,0,0,0,0,0,0,0,0,0,0,0,0,0,0,0,0,0,0,0,0,0,0,0,0,0,0,0,0,0,0,0,0,0,0,0,0,0,0,0,0,0,0,0,0,0,0,0,0,0,0,0,0,0,0,0,0,0,0,0,0,0,0,0,0,0,0,0,0,1285882,1,174,27,174,0,0,0,0,0,0,0,0,0,0,0,0,0,0,0,0,0,0,0,0,0,0,0,0,0,0,0,0,0,0,0,0,0,0,0,0,0,0,0,0,0,0,0,0,0,0,0,0,0,0,0,0,0,0,0,1285882,1,174,27,174
schlager,0.31,0.42,132.85,0.49,-8.96,0.03,0.27,0.82,0.0,1285882,1,174,27,174,0,0,0,0,0,0,0,0,0,0,0,0,0,0,0,0,0,0,0,0,0,0,0,0,0,0,0,0,0,0,0,0,0,0,0,0,0,0,0,0,0,0,0,0,0,0,0,0,0,0,0,0,0,0,0,0,0,0,0,0,0,0,0,0,0,0,0,0,0,0,0,0,0,0,0,0,0,0,0,0,0,0,0,0,0,0,0,0,0,0,0,0,0,0,0,0,0,0,0,0,0,0,0,0,0,0,0,0,0,0,0,0,0,0,0,0,0,0,0,0,0,0,0,0,0,0,0,0,0,0,0,0,0,0,0,0,0,0,0,0,0,0,0,0,0,0,0,0,0,0,0,0,0,0,0,0,0,0,0,0,0,0,0,0,0,0,0,0,0,0,0,0,0,0,0,0,0,0,0,0,0,0,0,0,0,0,0,0,0,0,0,0,0,0,0,1285882,1,174,27,174,0,0,0,0,0,0,0,0,0,0,0,0,0,0,0,0,0,0,0,0,0,0,0,0,0,0,0,0,0,0,0,0,0,0,0,0,0,0,0,0,0,0,0,0,0,0,0,0,0,0,0,0,0,0,0,1285882,1,174,27,174
kent indie,0.64,0.81,158.07,0.71,-6.73,0.24,0.64,0.09,0.0,788712,1,174,27,174,0,0,0,0,0,0,0,0,0,0,0,0,0,0,0,0,0,0,0,0,0,0,0,0,0,0,0,0,0,0,0,0,0,0,0,0,0,0,0,0,0,0,0,0,0,0,0,0,0,0,0,0,0,0,0,0,0,0,0,0,0,0,0,0,0,0,0,0,0,0,0,0,0,0,0,0,0,0,0,0,0,0,0,0,0,0,0,0,0,0,0,0,0,0,0,0,0,0,0,0,0,0,0,0,0,0,0,0,0,0,0,0,0,0,0,0,0,0,0,0,0,0,0,0,0,0,0,0,0,0,0,0,0,0,0,0,0,0,0,0,0,0,0,0,0,0,0,0,0,0,0,0,0,0,0,0,0,0,0,0,0,0,0,0,0,0,0,0,0,0,0,0,0,0,0,0,0,0,0,0,0,0,0,0,0,0,0,0,0,0,0,0,0,0,0,788712,1,174,27,174,788712,1,174,27,174,0,0,0,0,0,0,0,0,0,0,0,0,0,0,0,0,0,0,0,0,0,0,0,0,0,0,0,0,0,0,0,0,0,0,0,0,0,0,0,0,0,0,0,0,0,0,0,0,0,0,0,0,0,0,0
english indie rock,0.64,0.81,158.07,0.71,-6.73,0.24,0.64,0.09,0.0,788712,1,174,27,174,0,0,0,0,0,0,0,0,0,0,0,0,0,0,0,0,0,0,0,0,0,0,0,0,0,0,0,0,0,0,0,0,0,0,0,0,0,0,0,0,0,0,0,0,0,0,0,0,0,0,0,0,0,0,0,0,0,0,0,0,0,0,0,0,0,0,0,0,0,0,0,0,0,0,0,0,0,0,0,0,0,0,0,0,0,0,0,0,0,0,0,0,0,0,0,0,0,0,0,0,0,0,0,0,0,0,0,0,0,0,0,0,0,0,0,0,0,0,0,0,0,0,0,0,0,0,0,0,0,0,0,0,0,0,0,0,0,0,0,0,0,0,0,0,0,0,0,0,0,0,0,0,0,0,0,0,0,0,0,0,0,0,0,0,0,0,0,0,0,0,0,0,0,0,0,0,0,0,0,0,0,0,0,0,0,0,0,0,0,0,0,0,0,0,0,788712,1,174,27,174,788712,1,174,27,174,0,0,0,0,0,0,0,0,0,0,0,0,0,0,0,0,0,0,0,0,0,0,0,0,0,0,0,0,0,0,0,0,0,0,0,0,0,0,0,0,0,0,0,0,0,0,0,0,0,0,0,0,0,0,0
hip house,0.68,0.63,104.13,0.72,-10.34,0.09,0.21,0.02,0.0,676845,1,174,27,174,0,0,0,0,0,0,0,0,0,0,0,0,0,0,0,0,0,0,0,0,0,0,0,0,0,0,0,0,0,0,0,0,0,0,0,0,0,0,0,0,0,0,0,0,0,0,0,0,0,0,0,0,0,0,0,0,0,0,0,0,0,0,0,0,0,676845,1,174,27,174,0,0,0,0,0,0,0,0,0,0,0,0,0,0,0,0,0,0,0,0,0,0,0,0,0,676845,1,174,27,174,0,0,0,0,0,0,0,0,0,0,0,0,0,0,0,0,0,0,0,0,0,0,0,0,0,0,0,0,0,0,0,0,0,0,0,0,0,0,0,0,0,0,0,0,0,0,0,0,0,0,0,0,0,0,0,0,0,0,0,0,0,0,0,0,0,0,0,0,0,0,0,0,0,0,0,0,0,0,0,0,0,0,0,0,0,0,0,0,0,0,0,0,0,0,0,0,0,0,0,0,0,0,0,0,0,0,0,0,0,0,0,0,0,0,0,0,0,0,0,0,0,0,0,0,0,0,0,0,0,0,0,0,0,0,0,0,0,0,0,0,0,0,0,0,0,0,0,0,0,0,0,0,0,0,0,0,0,0,0,0
classic house,0.68,0.63,104.13,0.72,-10.34,0.09,0.21,0.02,0.0,676845,1,174,27,174,0,0,0,0,0,0,0,0,0,0,0,0,0,0,0,0,0,0,0,0,0,0,0,0,0,0,0,0,0,0,0,0,0,0,0,0,0,0,0,0,0,0,0,0,0,0,0,0,0,0,0,0,0,0,0,0,0,0,0,0,0,0,0,0,0,676845,1,174,27,174,0,0,0,0,0,0,0,0,0,0,0,0,0,0,0,0,0,0,0,0,0,0,0,0,0,676845,1,174,27,174,0,0,0,0,0,0,0,0,0,0,0,0,0,0,0,0,0,0,0,0,0,0,0,0,0,0,0,0,0,0,0,0,0,0,0,0,0,0,0,0,0,0,0,0,0,0,0,0,0,0,0,0,0,0,0,0,0,0,0,0,0,0,0,0,0,0,0,0,0,0,0,0,0,0,0,0,0,0,0,0,0,0,0,0,0,0,0,0,0,0,0,0,0,0,0,0,0,0,0,0,0,0,0,0,0,0,0,0,0,0,0,0,0,0,0,0,0,0,0,0,0,0,0,0,0,0,0,0,0,0,0,0,0,0,0,0,0,0,0,0,0,0,0,0,0,0,0,0,0,0,0,0,0,0,0,0,0,0,0,0
gospel r&b,0.75,0.86,101.93,0.57,-3.29,0.27,0.12,0.14,0.0,676467,1,176,25,176,0,0,0,0,0,0,0,0,0,0,0,0,0,0,0,0,0,0,0,0,0,0,0,0,0,0,0,0,0,0,0,0,0,0,0,0,0,0,0,0,0,0,0,0,0,0,0,0,0,0,0,0,0,0,0,0,0,0,0,0,0,0,0,0,0,0,0,0,0,0,0,0,0,0,0,0,0,0,0,0,0,0,0,0,0,0,0,0,0,0,0,0,0,0,0,0,0,0,0,0,0,0,0,0,0,0,0,0,0,0,0,0,0,0,0,0,0,0,0,0,0,0,0,0,0,0,0,0,0,0,676467,1,176,25,176,0,0,0,0,0,0,0,0,0,0,0,0,0,0,0,0,0,0,0,0,0,0,0,0,0,0,0,0,0,0,676467,1,176,25,176,0,0,0,0,0,0,0,0,0,0,0,0,0,0,0,0,0,0,0,0,0,0,0,0,0,0,0,0,0,0,0,0,0,0,0,0,0,0,0,0,0,0,0,0,0,0,0,0,0,0,0,0,0,0,0,0,0,0,0,0,0,0,0,0,0,0,0,0,0,0,0,0,0,0,0,0,0,0,0,0,0,0,0,0,0,0,0,0,0,0
bachata dominicana,0.77,0.78,124.01,0.85,-4.65,0.03,0.07,0.18,0.0,803296,1,177,24,177,0,0,0,0,0,0,0,0,0,0,0,0,0,0,0,0,0,0,0,0,0,0,0,0,0,0,0,0,0,0,0,0,0,0,0,0,0,0,0,0,0,0,0,0,0,0,0,0,0,0,0,0,0,0,0,0,0,0,0,0,0,0,0,0,0,0,0,0,0,0,0,0,0,0,0,0,0,0,0,0,0,0,0,0,0,0,0,0,0,0,0,0,0,0,0,0,0,0,0,0,0,0,0,0,0,0,0,0,0,0,0,0,0,0,0,0,0,0,0,0,0,0,0,0,0,0,0,0,0,0,803296,1,177,24,177,0,0,0,0,0,0,0,0,0,0,0,0,0,0,0,803296,1,177,24,177,0,0,0,0,0,0,0,0,0,0,0,0,0,0,0,0,0,0,0,0,0,0,0,0,0,0,0,0,0,0,0,0,0,0,0,0,0,0,0,0,0,0,0,0,0,0,0,0,0,0,0,0,0,0,0,0,0,0,0,0,0,0,0,0,0,0,0,0,0,0,0,0,0,0,0,0,0,0,0,0,0,0,0,0,0,0,0,0,0,0,0,0,0,0,0,0,0,0,0,0,0,0,0,0,0
cincinnati rap,0.72,0.64,150.0,0.15,-5.02,0.08,0.16,0.06,0.0,757888,1,177,24,177,0,0,0,0,0,0,0,0,0,0,0,0,0,0,0,0,0,0,0,0,0,0,0,0,0,0,0,0,0,0,0,0,0,0,0,0,0,0,0,0,0,0,0,0,0,0,0,0,0,0,0,0,0,0,0,0,0,0,0,0,0,0,0,0,0,0,0,0,0,0,0,0,0,0,0,0,0,0,0,0,0,0,0,0,0,0,0,0,0,0,0,0,0,0,0,0,0,0,0,0,0,0,0,0,0,0,0,0,0,0,0,0,0,0,0,0,0,0,0,0,0,0,0,0,0,0,0,0,0,0,757888,1,177,24,177,0,0,0,0,0,0,0,0,0,0,0,0,0,0,0,0,0,0,0,0,0,0,0,0,0,0,0,0,0,0,0,0,0,0,0,0,0,0,0,0,0,0,0,0,0,0,0,0,0,0,0,0,0,0,0,757888,1,177,24,177,0,0,0,0,0,0,0,0,0,0,0,0,0,0,0,0,0,0,0,0,0,0,0,0,0,0,0,0,0,0,0,0,0,0,0,0,0,0,0,0,0,0,0,0,0,0,0,0,0,0,0,0,0,0,0,0,0,0,0,0,0,0,0,0,0
spanish hip hop,0.71,0.83,104.88,0.33,-4.1,0.06,0.27,0.02,0.0,1139773,2,190,22,189,0,0,0,0,0,0,0,0,0,0,0,0,0,0,0,0,0,0,0,0,0,0,0,0,0,0,0,0,0,0,0,0,0,0,0,0,0,0,0,0,0,0,0,0,0,0,0,0,0,0,0,0,0,0,0,0,0,0,0,0,0,0,0,0,0,1139773,2,190,22,189,0,0,0,0,0,0,0,0,0,0,0,0,0,0,0,0,0,0,0,0,0,0,0,0,0,0,0,0,0,0,1139773,2,190,22,189,0,0,0,0,0,0,0,0,0,0,0,0,0,0,0,0,0,0,0,0,0,0,0,0,0,0,0,0,0,0,0,0,0,0,0,0,0,0,0,0,0,0,0,0,0,0,0,0,0,0,0,0,0,0,0,0,0,0,0,0,0,0,0,0,0,0,0,0,0,0,0,0,0,0,0,0,0,0,0,0,0,0,0,0,0,0,0,0,0,0,0,0,0,0,0,0,0,0,0,0,0,0,0,0,0,0,0,0,0,0,0,0,0,0,0,0,0,0,0,0,0,0,0,0,0,0,0,0,0,0,0,0,0,0,0,0,0,0,0,0,0,0,0,0,0,0,0,0,0,0,0,0,0,0,0
azontobeats,0.56,0.58,129.99,0.31,-9.32,0.2,0.37,0.02,0.0,742159,1,179,22,179,0,0,0,0,0,0,0,0,0,0,0,0,0,0,0,0,0,0,0,0,0,0,0,0,0,0,0,0,0,0,0,0,0,0,0,0,0,0,0,0,0,0,0,0,0,0,0,0,0,0,0,0,0,0,0,0,0,0,0,0,0,0,0,0,0,0,0,0,0,0,0,0,0,0,0,0,0,0,0,0,0,0,0,0,0,0,0,0,0,0,0,0,0,0,0,0,0,0,0,0,0,0,0,0,0,0,0,0,0,0,0,0,0,0,0,0,0,0,0,0,0,0,0,0,0,0,0,0,0,0,0,0,0,0,0,0,0,0,0,0,0,0,0,0,0,0,0,0,0,0,0,0,0,0,0,0,0,0,0,0,0,0,0,0,0,0,0,0,0,0,0,0,0,0,0,0,0,0,0,0,0,0,0,0,0,0,0,0,0,0,0,0,0,0,0,742159,1,179,22,179,0,0,0,0,0,0,0,0,0,0,0,0,0,0,0,0,0,0,0,0,0,0,0,0,0,0,0,0,0,0,0,0,0,0,0,0,0,0,0,0,742159,1,179,22,179,0,0,0,0,0,0,0,0,0,0,0,0,0,0,0
rumba congolaise,0.56,0.58,129.99,0.31,-9.32,0.2,0.37,0.02,0.0,742159,1,179,22,179,0,0,0,0,0,0,0,0,0,0,0,0,0,0,0,0,0,0,0,0,0,0,0,0,0,0,0,0,0,0,0,0,0,0,0,0,0,0,0,0,0,0,0,0,0,0,0,0,0,0,0,0,0,0,0,0,0,0,0,0,0,0,0,0,0,0,0,0,0,0,0,0,0,0,0,0,0,0,0,0,0,0,0,0,0,0,0,0,0,0,0,0,0,0,0,0,0,0,0,0,0,0,0,0,0,0,0,0,0,0,0,0,0,0,0,0,0,0,0,0,0,0,0,0,0,0,0,0,0,0,0,0,0,0,0,0,0,0,0,0,0,0,0,0,0,0,0,0,0,0,0,0,0,0,0,0,0,0,0,0,0,0,0,0,0,0,0,0,0,0,0,0,0,0,0,0,0,0,0,0,0,0,0,0,0,0,0,0,0,0,0,0,0,0,0,742159,1,179,22,179,0,0,0,0,0,0,0,0,0,0,0,0,0,0,0,0,0,0,0,0,0,0,0,0,0,0,0,0,0,0,0,0,0,0,0,0,0,0,0,0,742159,1,179,22,179,0,0,0,0,0,0,0,0,0,0,0,0,0,0,0
cancion melodica,0.38,0.61,109.31,0.52,-6.24,0.04,0.18,0.77,0.0,611197,1,181,20,181,0,0,0,0,0,0,0,0,0,0,0,0,0,0,0,0,0,0,0,0,0,0,0,0,0,0,0,0,0,0,0,0,0,0,0,0,0,0,0,0,0,0,0,0,0,0,0,0,0,0,0,0,0,0,0,0,0,0,0,0,0,0,0,0,0,0,0,0,0,0,0,0,0,0,0,0,0,0,0,0,0,0,0,0,0,0,0,0,0,0,0,0,0,0,0,0,0,0,0,0,0,0,0,0,0,0,0,0,0,0,0,0,0,0,0,0,0,0,0,0,0,0,0,0,0,0,0,0,0,0,611197,1,181,20,181,0,0,0,0,0,0,0,0,0,0,0,0,0,0,0,0,0,0,0,0,0,0,0,0,0,0,0,0,0,0,0,0,0,0,0,0,0,0,0,0,611197,1,181,20,181,0,0,0,0,0,0,0,0,0,0,0,0,0,0,0,0,0,0,0,0,0,0,0,0,0,0,0,0,0,0,0,0,0,0,0,0,0,0,0,0,0,0,0,0,0,0,0,0,0,0,0,0,0,0,0,0,0,0,0,0,0,0,0,0,0,0,0,0,0,0,0,0,0,0,0,0,0,0,0,0
electro-pop francais,0.91,0.44,114.01,0.64,-7.57,0.07,0.07,0.04,0.0,704748,1,182,19,182,0,0,0,0,0,0,0,0,0,0,0,0,0,0,0,0,0,0,0,0,0,0,0,0,0,0,0,0,0,0,0,0,0,0,0,0,0,0,0,0,0,0,0,0,0,0,0,0,0,0,0,0,0,0,0,0,0,0,0,0,0,0,0,0,0,0,0,0,0,0,0,0,0,0,0,0,0,0,0,0,0,0,0,0,0,0,0,0,0,0,0,0,0,0,0,0,0,0,0,0,0,0,0,0,0,0,0,0,0,0,0,0,0,0,0,0,0,0,0,0,0,0,0,0,0,0,0,0,0,0,704748,1,182,19,182,0,0,0,0,0,0,0,0,0,0,0,0,0,0,0,0,0,0,0,0,0,0,0,0,0,0,0,0,0,0,704748,1,182,19,182,0,0,0,0,0,0,0,0,0,0,0,0,0,0,0,0,0,0,0,0,0,0,0,0,0,0,0,0,0,0,0,0,0,0,0,0,0,0,0,0,0,0,0,0,0,0,0,0,0,0,0,0,0,0,0,0,0,0,0,0,0,0,0,0,0,0,0,0,0,0,0,0,0,0,0,0,0,0,0,0,0,0,0,0,0,0,0,0,0,0
rock independant francais,0.53,0.92,98.03,0.68,-6.69,0.05,0.16,0.03,0.01,531902,1,183,18,183,531902,1,183,18,183,0,0,0,0,0,0,0,0,0,0,0,0,0,0,0,531902,1,183,18,183,0,0,0,0,0,0,0,0,0,0,0,0,0,0,0,0,0,0,0,0,0,0,0,0,0,0,0,0,0,0,0,0,0,0,0,0,0,0,0,0,0,0,0,0,0,0,0,0,0,0,0,0,0,0,0,0,0,0,0,0,0,0,0,0,0,0,0,0,0,0,0,0,0,0,0,0,0,0,0,0,0,0,0,0,0,0,0,0,0,0,0,0,0,0,0,0,0,0,0,0,0,0,0,0,0,0,0,0,0,0,0,0,0,0,0,0,0,0,0,0,0,0,0,0,0,0,0,0,0,0,0,0,0,0,0,0,0,0,0,0,0,0,0,0,0,0,0,0,0,0,0,0,0,0,0,0,0,0,0,0,0,0,0,0,0,0,0,0,0,0,0,0,0,0,0,0,0,0,0,0,0,0,0,0,0,0,0,0,0,0,0,0,0,0,0,0,0,0,0,0,0,0,0,0,0,0,0,0,0,0,0,0,0,0,0,0,0,0,0,0,0,0,0,0,0,0,0,0,0,0,0,0,0,0,0
rave funk,0.7,0.67,131.45,0.72,-3.31,0.4,0.09,0.26,0.0,677929,1,183,18,183,0,0,0,0,0,0,0,0,0,0,0,0,0,0,0,0,0,0,0,0,0,0,0,0,0,0,0,0,0,0,0,0,0,0,0,0,0,0,0,0,0,0,0,0,0,0,0,0,0,0,0,0,0,0,0,0,0,0,0,0,0,0,0,0,0,0,0,0,0,0,0,0,0,0,0,0,0,0,0,0,0,0,0,0,0,0,0,0,0,0,0,0,0,0,0,0,0,0,0,0,0,0,0,0,0,0,0,0,0,0,0,0,0,0,0,0,0,0,0,0,0,0,0,0,0,0,0,0,0,0,677929,1,183,18,183,0,0,0,0,0,0,0,0,0,0,0,0,0,0,0,0,0,0,0,0,0,0,0,0,0,0,0,0,0,0,0,0,0,0,0,0,0,0,0,0,677929,1,183,18,183,0,0,0,0,0,0,0,0,0,0,0,0,0,0,0,0,0,0,0,0,0,0,0,0,0,0,0,0,0,0,0,0,0,0,0,0,0,0,0,0,0,0,0,0,0,0,0,0,0,0,0,0,0,0,0,0,0,0,0,0,0,0,0,0,0,0,0,0,0,0,0,0,0,0,0,0,0,0,0,0
indonesian pop,0.65,0.38,90.1,0.41,-7.85,0.04,0.39,0.91,0.0,588281,1,183,18,183,0,0,0,0,0,0,0,0,0,0,0,0,0,0,0,0,0,0,0,0,0,0,0,0,0,0,0,0,0,0,0,0,0,0,0,0,0,0,0,0,0,0,0,0,0,0,0,0,0,0,0,0,0,0,0,0,0,0,0,0,0,0,0,0,0,0,0,0,0,0,0,0,0,0,0,0,0,0,0,0,0,0,0,0,0,0,0,0,0,0,0,0,0,0,0,0,0,0,0,0,0,0,0,0,0,0,0,0,0,0,0,0,0,0,0,0,0,0,0,0,0,0,0,0,0,0,0,0,0,0,588281,1,183,18,183,0,0,0,0,0,0,0,0,0,0,0,0,0,0,0,0,0,0,0,0,0,0,0,0,0,0,0,0,0,0,588281,1,183,18,183,0,0,0,0,0,0,0,0,0,0,0,0,0,0,0,0,0,0,0,0,0,0,0,0,0,0,0,0,0,0,0,0,0,0,0,0,0,0,0,0,0,0,0,0,0,0,0,0,0,0,0,0,0,0,0,0,0,0,0,0,0,0,0,0,0,0,0,0,0,0,0,0,0,0,0,0,0,0,0,0,0,0,0,0,0,0,0,0,0,0
socal pop punk,0.56,0.92,157.92,0.74,-4.1,0.07,0.07,0.0,0.0,696456,1,184,17,184,0,0,0,0,0,0,0,0,0,0,0,0,0,0,0,0,0,0,0,0,0,0,0,0,0,0,0,0,0,0,0,0,0,0,0,0,0,0,0,0,0,0,0,0,0,0,0,0,0,0,0,0,0,0,0,0,0,0,0,0,0,0,0,0,0,0,0,0,0,0,0,0,0,0,0,0,0,0,0,0,0,0,0,0,0,0,0,0,0,0,0,0,0,0,0,0,0,0,0,0,0,0,0,0,0,0,0,0,0,0,0,0,0,0,0,0,0,0,0,0,0,0,0,0,0,0,0,0,0,0,696456,1,184,17,184,0,0,0,0,0,0,0,0,0,0,0,0,0,0,0,0,0,0,0,0,0,0,0,0,0,0,0,0,0,0,0,0,0,0,0,0,0,0,0,0,696456,1,184,17,184,0,0,0,0,0,0,0,0,0,0,0,0,0,0,0,0,0,0,0,0,0,0,0,0,0,0,0,0,0,0,0,0,0,0,0,0,0,0,0,0,0,0,0,0,0,0,0,0,0,0,0,0,0,0,0,0,0,0,0,0,0,0,0,0,0,0,0,0,0,0,0,0,0,0,0,0,0,0,0,0
merseybeat,0.48,0.85,124.63,0.94,-9.2,0.05,0.04,0.64,0.0,626247,1,184,17,184,626247,1,184,17,184,0,0,0,0,0,0,0,0,0,0,0,0,0,0,0,0,0,0,0,0,0,0,0,0,0,0,0,0,0,0,0,0,0,0,0,0,0,0,0,0,0,0,0,0,0,0,0,0,0,0,0,0,0,0,0,626247,1,184,17,184,0,0,0,0,0,0,0,0,0,0,0,0,0,0,0,0,0,0,0,0,0,0,0,0,0,0,0,0,0,0,0,0,0,0,0,0,0,0,0,0,0,0,0,0,0,0,0,0,0,0,0,0,0,0,0,0,0,0,0,0,0,0,0,0,0,0,0,0,0,0,0,0,0,0,0,0,0,0,0,0,0,0,0,0,0,0,0,0,0,0,0,0,0,0,0,0,0,0,0,0,0,0,0,0,0,0,0,0,0,0,0,0,0,0,0,0,0,0,0,0,0,0,0,0,0,0,0,0,0,0,0,0,0,0,0,0,0,0,0,0,0,0,0,0,0,0,0,0,0,0,0,0,0,0,0,0,0,0,0,0,0,0,0,0,0,0,0,0,0,0,0,0,0,0,0,0,0,0,0,0,0,0,0,0,0,0,0,0,0,0,0,0,0,0,0
nashville indie,0.62,0.31,111.89,0.12,-10.16,0.03,0.12,0.94,0.0,460356,1,184,17,184,460356,1,184,17,184,0,0,0,0,0,460356,1,184,17,184,0,0,0,0,0,0,0,0,0,0,0,0,0,0,0,0,0,0,0,0,0,0,0,0,0,0,0,0,0,0,0,0,0,0,0,0,0,0,0,0,0,0,0,0,0,0,0,0,0,0,0,0,0,0,0,0,0,0,0,0,0,0,0,0,0,0,0,0,0,0,0,0,0,0,0,0,0,0,0,0,0,0,0,0,0,0,0,0,0,0,0,0,0,0,0,0,0,0,0,0,0,0,0,0,0,0,0,0,0,0,0,0,0,0,0,0,0,0,0,0,0,0,0,0,0,0,0,0,0,0,0,0,0,0,0,0,0,0,0,0,0,0,0,0,0,0,0,0,0,0,0,0,0,0,0,0,0,0,0,0,0,0,0,0,0,0,0,0,0,0,0,0,0,0,0,0,0,0,0,0,0,0,0,0,0,0,0,0,0,0,0,0,0,0,0,0,0,0,0,0,0,0,0,0,0,0,0,0,0,0,0,0,0,0,0,0,0,0,0,0,0,0,0,0,0,0,0,0,0,0,0,0,0,0,0,0,0,0,0,0,0,0,0,0,0
pop virale italiano,0.76,0.78,121.97,0.9,-5.32,0.04,0.34,0.39,0.0,1940408,3,196,15,190,0,0,0,0,0,0,0,0,0,0,0,0,0,0,0,0,0,0,0,0,0,0,0,0,0,0,0,0,0,0,0,0,0,0,0,0,0,0,0,0,0,0,0,0,0,0,0,0,0,0,0,0,0,0,0,0,0,0,0,0,0,0,0,0,0,0,0,0,0,0,0,0,0,0,0,0,0,0,0,0,0,0,0,0,0,0,0,0,0,0,0,0,0,0,0,0,0,0,0,0,0,0,0,0,0,0,0,0,0,0,0,0,0,0,0,0,0,0,0,0,0,0,0,0,0,0,0,0,0,0,0,0,0,0,0,0,0,0,0,0,0,0,0,0,0,0,0,0,0,0,0,0,0,0,0,0,0,0,0,0,0,0,0,0,0,0,0,0,0,0,0,0,0,0,0,0,0,0,0,0,0,0,0,0,0,0,0,0,0,0,0,0,0,0,0,1940408,3,196,15,190,0,0,0,0,0,0,0,0,0,0,0,0,0,0,0,0,0,0,0,0,0,0,0,0,0,0,0,0,0,0,0,0,0,0,0,1940408,3,196,15,190,0,0,0,0,0,0,0,0,0,0,0,0,0,0,0,0,0,0,0,0
russelater,0.81,0.9,114.96,0.2,-4.26,0.08,0.06,0.06,0.0,856986,1,187,14,187,0,0,0,0,0,0,0,0,0,0,0,0,0,0,0,0,0,0,0,0,0,0,0,0,0,0,0,0,0,0,0,0,0,0,0,0,0,0,0,0,0,0,0,0,0,0,0,0,0,0,0,0,0,0,0,0,0,0,0,0,0,0,0,0,0,0,0,0,0,0,0,0,0,0,0,0,0,0,0,0,0,0,0,0,0,0,0,0,0,0,0,0,0,0,0,0,0,0,0,0,0,0,0,0,0,0,0,0,0,0,0,0,0,0,0,0,0,0,0,0,0,0,0,0,0,0,0,0,0,0,0,0,0,0,0,0,0,0,0,0,0,0,0,0,0,0,0,0,0,0,0,0,0,0,0,0,0,0,0,0,0,0,0,0,0,0,0,0,0,0,0,0,0,0,0,0,0,0,0,0,0,0,0,0,0,0,0,0,0,0,0,0,0,0,0,856986,1,187,14,187,0,0,0,0,0,0,0,0,0,0,0,0,0,0,0,0,0,0,0,0,0,0,0,0,0,0,0,0,0,0,0,0,0,0,0,0,0,0,0,0,0,0,0,0,0,0,0,0,0,0,0,0,0,0,0,856986,1,187,14,187
christian alternative rock,0.49,0.64,147.92,0.1,-6.38,0.03,0.09,0.67,0.0,1168776,2,194,14,193,0,0,0,0,0,0,0,0,0,0,0,0,0,0,0,0,0,0,0,0,0,0,0,0,0,0,0,0,0,0,0,0,0,0,0,0,0,0,0,0,0,0,0,0,0,0,0,0,0,0,0,0,0,0,0,0,0,0,0,0,0,0,0,0,0,1168776,2,194,14,193,0,0,0,0,0,0,0,0,0,0,0,0,0,0,0,0,0,0,0,0,0,0,0,0,0,0,0,0,0,0,0,0,0,0,0,0,0,0,0,0,0,0,0,0,0,1168776,2,194,14,193,0,0,0,0,0,0,0,0,0,0,0,0,0,0,0,0,0,0,0,0,0,0,0,0,0,0,0,0,0,0,0,0,0,0,0,0,0,0,0,0,0,0,0,0,0,0,0,0,0,0,0,0,0,0,0,0,0,0,0,0,0,0,0,0,0,0,0,0,0,0,0,0,0,0,0,0,0,0,0,0,0,0,0,0,0,0,0,0,0,0,0,0,0,0,0,0,0,0,0,0,0,0,0,0,0,0,0,0,0,0,0,0,0,0,0,0,0,0,0,0,0,0,0,0,0,0,0,0,0,0,0,0,0,0,0,0,0,0,0,0
worship,0.49,0.64,147.92,0.1,-6.38,0.03,0.09,0.67,0.0,1168776,2,194,14,193,0,0,0,0,0,0,0,0,0,0,0,0,0,0,0,0,0,0,0,0,0,0,0,0,0,0,0,0,0,0,0,0,0,0,0,0,0,0,0,0,0,0,0,0,0,0,0,0,0,0,0,0,0,0,0,0,0,0,0,0,0,0,0,0,0,1168776,2,194,14,193,0,0,0,0,0,0,0,0,0,0,0,0,0,0,0,0,0,0,0,0,0,0,0,0,0,0,0,0,0,0,0,0,0,0,0,0,0,0,0,0,0,0,0,0,0,1168776,2,194,14,193,0,0,0,0,0,0,0,0,0,0,0,0,0,0,0,0,0,0,0,0,0,0,0,0,0,0,0,0,0,0,0,0,0,0,0,0,0,0,0,0,0,0,0,0,0,0,0,0,0,0,0,0,0,0,0,0,0,0,0,0,0,0,0,0,0,0,0,0,0,0,0,0,0,0,0,0,0,0,0,0,0,0,0,0,0,0,0,0,0,0,0,0,0,0,0,0,0,0,0,0,0,0,0,0,0,0,0,0,0,0,0,0,0,0,0,0,0,0,0,0,0,0,0,0,0,0,0,0,0,0,0,0,0,0,0,0,0,0,0,0
christian music,0.49,0.64,147.92,0.1,-6.38,0.03,0.09,0.67,0.0,1168776,2,194,14,193,0,0,0,0,0,0,0,0,0,0,0,0,0,0,0,0,0,0,0,0,0,0,0,0,0,0,0,0,0,0,0,0,0,0,0,0,0,0,0,0,0,0,0,0,0,0,0,0,0,0,0,0,0,0,0,0,0,0,0,0,0,0,0,0,0,1168776,2,194,14,193,0,0,0,0,0,0,0,0,0,0,0,0,0,0,0,0,0,0,0,0,0,0,0,0,0,0,0,0,0,0,0,0,0,0,0,0,0,0,0,0,0,0,0,0,0,1168776,2,194,14,193,0,0,0,0,0,0,0,0,0,0,0,0,0,0,0,0,0,0,0,0,0,0,0,0,0,0,0,0,0,0,0,0,0,0,0,0,0,0,0,0,0,0,0,0,0,0,0,0,0,0,0,0,0,0,0,0,0,0,0,0,0,0,0,0,0,0,0,0,0,0,0,0,0,0,0,0,0,0,0,0,0,0,0,0,0,0,0,0,0,0,0,0,0,0,0,0,0,0,0,0,0,0,0,0,0,0,0,0,0,0,0,0,0,0,0,0,0,0,0,0,0,0,0,0,0,0,0,0,0,0,0,0,0,0,0,0,0,0,0,0
kurdish hip hop,0.55,0.74,97.54,0.5,-5.23,0.3,0.26,0.32,0.0,657250,1,192,9,192,0,0,0,0,0,0,0,0,0,0,0,0,0,0,0,0,0,0,0,0,0,0,0,0,0,0,0,0,0,0,0,0,0,0,0,0,0,0,0,0,0,0,0,0,0,0,0,0,0,0,0,0,0,0,0,0,0,0,0,0,0,0,0,0,0,657250,1,192,9,192,0,0,0,0,0,0,0,0,0,0,0,0,0,0,0,0,0,0,0,0,0,0,0,0,0,0,0,0,0,0,0,0,0,0,0,0,0,0,0,0,0,0,0,0,0,0,0,0,0,0,657250,1,192,9,192,0,0,0,0,0,0,0,0,0,0,0,0,0,0,0,0,0,0,0,0,0,0,0,0,0,0,0,0,0,0,0,0,0,0,0,0,0,0,0,0,0,0,0,0,0,0,0,0,0,0,0,0,0,0,0,0,0,0,0,0,0,0,0,0,0,0,0,0,0,0,0,0,0,0,0,0,0,0,0,0,0,0,0,0,0,0,0,0,0,0,0,0,0,0,0,0,0,0,0,0,0,0,0,0,0,0,0,0,0,0,0,0,0,0,0,0,0,0,0,0,0,0,0,0,0,0,0,0,0,0,0,0,0,0,0
funk metal,0.56,0.34,84.58,0.46,-13.5,0.05,0.14,0.06,0.0,477518,1,193,8,193,477518,1,193,8,193,0,0,0,0,0,0,0,0,0,0,0,0,0,0,0,0,0,0,0,0,0,0,0,0,0,0,0,0,0,0,0,0,0,0,0,0,0,0,0,0,0,0,0,0,0,477518,1,193,8,193,0,0,0,0,0,0,0,0,0,0,0,0,0,0,0,0,0,0,0,0,0,0,0,0,0,0,0,0,0,0,0,0,0,0,0,0,0,0,0,0,0,0,0,0,0,0,0,0,0,0,0,0,0,0,0,0,0,0,0,0,0,0,0,0,0,0,0,0,0,0,0,0,0,0,0,0,0,0,0,0,0,0,0,0,0,0,0,0,0,0,0,0,0,0,0,0,0,0,0,0,0,0,0,0,0,0,0,0,0,0,0,0,0,0,0,0,0,0,0,0,0,0,0,0,0,0,0,0,0,0,0,0,0,0,0,0,0,0,0,0,0,0,0,0,0,0,0,0,0,0,0,0,0,0,0,0,0,0,0,0,0,0,0,0,0,0,0,0,0,0,0,0,0,0,0,0,0,0,0,0,0,0,0,0,0,0,0,0,0,0,0,0,0,0,0,0,0,0,0,0,0,0,0,0,0
wave,0.9,0.32,129.91,0.84,-8.8,0.33,0.09,0.68,0.08,636424,1,193,8,193,0,0,0,0,0,0,0,0,0,0,0,0,0,0,0,0,0,0,0,0,0,0,0,0,0,0,0,0,0,0,0,0,0,0,0,0,0,0,0,0,0,0,0,0,0,0,0,0,0,0,0,0,0,0,0,0,0,0,0,0,0,0,0,0,0,636424,1,193,8,193,0,0,0,0,0,0,0,0,0,0,0,0,0,0,0,0,0,0,0,0,0,0,0,0,0,0,0,0,0,0,0,0,0,0,0,0,0,0,0,0,0,0,0,0,0,636424,1,193,8,193,0,0,0,0,0,0,0,0,0,0,0,0,0,0,0,0,0,0,0,0,0,0,0,0,0,0,0,0,0,0,0,0,0,0,0,0,0,0,0,0,0,0,0,0,0,0,0,0,0,0,0,0,0,0,0,0,0,0,0,0,0,0,0,0,0,0,0,0,0,0,0,0,0,0,0,0,0,0,0,0,0,0,0,0,0,0,0,0,0,0,0,0,0,0,0,0,0,0,0,0,0,0,0,0,0,0,0,0,0,0,0,0,0,0,0,0,0,0,0,0,0,0,0,0,0,0,0,0,0,0,0,0,0,0,0,0,0,0,0,0
witch house,0.9,0.32,129.91,0.84,-8.8,0.33,0.09,0.68,0.08,636424,1,193,8,193,0,0,0,0,0,0,0,0,0,0,0,0,0,0,0,0,0,0,0,0,0,0,0,0,0,0,0,0,0,0,0,0,0,0,0,0,0,0,0,0,0,0,0,0,0,0,0,0,0,0,0,0,0,0,0,0,0,0,0,0,0,0,0,0,0,636424,1,193,8,193,0,0,0,0,0,0,0,0,0,0,0,0,0,0,0,0,0,0,0,0,0,0,0,0,0,0,0,0,0,0,0,0,0,0,0,0,0,0,0,0,0,0,0,0,0,636424,1,193,8,193,0,0,0,0,0,0,0,0,0,0,0,0,0,0,0,0,0,0,0,0,0,0,0,0,0,0,0,0,0,0,0,0,0,0,0,0,0,0,0,0,0,0,0,0,0,0,0,0,0,0,0,0,0,0,0,0,0,0,0,0,0,0,0,0,0,0,0,0,0,0,0,0,0,0,0,0,0,0,0,0,0,0,0,0,0,0,0,0,0,0,0,0,0,0,0,0,0,0,0,0,0,0,0,0,0,0,0,0,0,0,0,0,0,0,0,0,0,0,0,0,0,0,0,0,0,0,0,0,0,0,0,0,0,0,0,0,0,0,0,0
funk rock,0.56,0.34,84.58,0.46,-13.5,0.05,0.14,0.06,0.0,477518,1,193,8,193,477518,1,193,8,193,0,0,0,0,0,0,0,0,0,0,0,0,0,0,0,0,0,0,0,0,0,0,0,0,0,0,0,0,0,0,0,0,0,0,0,0,0,0,0,0,0,0,0,0,0,477518,1,193,8,193,0,0,0,0,0,0,0,0,0,0,0,0,0,0,0,0,0,0,0,0,0,0,0,0,0,0,0,0,0,0,0,0,0,0,0,0,0,0,0,0,0,0,0,0,0,0,0,0,0,0,0,0,0,0,0,0,0,0,0,0,0,0,0,0,0,0,0,0,0,0,0,0,0,0,0,0,0,0,0,0,0,0,0,0,0,0,0,0,0,0,0,0,0,0,0,0,0,0,0,0,0,0,0,0,0,0,0,0,0,0,0,0,0,0,0,0,0,0,0,0,0,0,0,0,0,0,0,0,0,0,0,0,0,0,0,0,0,0,0,0,0,0,0,0,0,0,0,0,0,0,0,0,0,0,0,0,0,0,0,0,0,0,0,0,0,0,0,0,0,0,0,0,0,0,0,0,0,0,0,0,0,0,0,0,0,0,0,0,0,0,0,0,0,0,0,0,0,0,0,0,0,0,0,0,0
experimental hip hop,0.9,0.32,129.91,0.84,-8.8,0.33,0.09,0.68,0.08,636424,1,193,8,193,0,0,0,0,0,0,0,0,0,0,0,0,0,0,0,0,0,0,0,0,0,0,0,0,0,0,0,0,0,0,0,0,0,0,0,0,0,0,0,0,0,0,0,0,0,0,0,0,0,0,0,0,0,0,0,0,0,0,0,0,0,0,0,0,0,636424,1,193,8,193,0,0,0,0,0,0,0,0,0,0,0,0,0,0,0,0,0,0,0,0,0,0,0,0,0,0,0,0,0,0,0,0,0,0,0,0,0,0,0,0,0,0,0,0,0,636424,1,193,8,193,0,0,0,0,0,0,0,0,0,0,0,0,0,0,0,0,0,0,0,0,0,0,0,0,0,0,0,0,0,0,0,0,0,0,0,0,0,0,0,0,0,0,0,0,0,0,0,0,0,0,0,0,0,0,0,0,0,0,0,0,0,0,0,0,0,0,0,0,0,0,0,0,0,0,0,0,0,0,0,0,0,0,0,0,0,0,0,0,0,0,0,0,0,0,0,0,0,0,0,0,0,0,0,0,0,0,0,0,0,0,0,0,0,0,0,0,0,0,0,0,0,0,0,0,0,0,0,0,0,0,0,0,0,0,0,0,0,0,0,0
r&b italiano,0.58,0.51,64.82,0.48,-6.41,0.04,0.08,0.04,0.0,687717,1,193,8,193,0,0,0,0,0,0,0,0,0,0,0,0,0,0,0,0,0,0,0,0,0,0,0,0,0,0,0,0,0,0,0,0,0,0,0,0,0,0,0,0,0,0,0,0,0,0,0,0,0,0,0,0,0,0,0,0,0,0,0,0,0,0,0,0,0,0,0,0,0,0,0,0,0,0,0,0,0,0,0,0,0,0,0,0,0,0,0,0,0,0,0,0,0,0,0,0,0,0,0,0,0,0,0,0,0,0,0,0,0,0,0,0,0,0,0,0,0,0,0,0,0,0,0,0,0,0,0,0,0,0,687717,1,193,8,193,0,0,0,0,0,0,0,0,0,0,0,0,0,0,0,0,0,0,0,0,0,0,0,0,0,0,0,0,0,0,0,0,0,0,0,0,0,0,0,0,0,0,0,0,0,0,0,0,0,0,687717,1,193,8,193,0,0,0,0,0,0,0,0,0,0,0,0,0,0,0,0,0,0,0,0,0,0,0,0,0,0,0,0,0,0,0,0,0,0,0,0,0,0,0,0,0,0,0,0,0,0,0,0,0,0,0,0,0,0,0,0,0,0,0,0,0,0,0,0,0,0,0,0,0,0
bergamo indie,0.75,0.92,114.08,0.86,-2.91,0.05,0.31,0.3,0.0,1276214,2,198,6,198,0,0,0,0,0,0,0,0,0,0,0,0,0,0,0,0,0,0,0,0,0,0,0,0,0,0,0,0,0,0,0,0,0,0,0,0,0,0,0,0,0,0,0,0,0,0,0,0,0,0,0,0,0,0,0,0,0,0,0,0,0,0,0,0,0,0,0,0,0,0,0,0,0,0,0,0,0,0,0,0,0,0,0,0,0,0,0,0,0,0,0,0,0,0,0,0,0,0,0,0,0,0,0,0,0,0,0,0,0,0,0,0,0,0,0,0,0,0,0,0,0,0,0,0,0,0,0,0,0,0,0,0,0,0,0,0,0,0,0,0,0,0,0,0,0,0,0,0,0,0,0,0,0,0,0,0,0,0,0,0,0,0,0,0,0,0,0,0,0,0,0,0,0,0,0,0,0,0,0,0,0,0,0,0,0,0,0,0,0,0,0,0,0,0,0,1276214,2,198,6,198,0,0,0,0,0,1276214,2,198,6,198,0,0,0,0,0,0,0,0,0,0,0,0,0,0,0,0,0,0,0,0,0,0,0,0,0,0,0,0,0,0,0,0,0,0,0,0,0,0,0,0,0,0,0,0,0,0,0,0,0,0
doo-wop,0.34,0.34,103.5,0.4,-9.28,0.03,0.11,0.87,0.0,621506,1,195,6,195,621506,1,195,6,195,0,0,0,0,0,0,0,0,0,0,0,0,0,0,0,0,0,0,0,0,0,0,0,0,0,0,0,0,0,0,0,0,0,0,0,0,0,0,0,0,0,0,0,0,0,0,0,0,0,0,0,0,0,0,0,621506,1,195,6,195,0,0,0,0,0,0,0,0,0,0,0,0,0,0,0,0,0,0,0,0,0,0,0,0,0,0,0,0,0,0,0,0,0,0,0,0,0,0,0,0,0,0,0,0,0,0,0,0,0,0,0,0,0,0,0,0,0,0,0,0,0,0,0,0,0,0,0,0,0,0,0,0,0,0,0,0,0,0,0,0,0,0,0,0,0,0,0,0,0,0,0,0,0,0,0,0,0,0,0,0,0,0,0,0,0,0,0,0,0,0,0,0,0,0,0,0,0,0,0,0,0,0,0,0,0,0,0,0,0,0,0,0,0,0,0,0,0,0,0,0,0,0,0,0,0,0,0,0,0,0,0,0,0,0,0,0,0,0,0,0,0,0,0,0,0,0,0,0,0,0,0,0,0,0,0,0,0,0,0,0,0,0,0,0,0,0,0,0,0,0,0,0,0,0,0
oc rap,0.77,0.6,74.9,0.44,-6.38,0.11,0.14,0.19,0.0,549183,1,196,5,196,0,0,0,0,0,0,0,0,0,0,0,0,0,0,0,0,0,0,0,0,0,0,0,0,0,0,0,0,0,0,0,0,0,0,0,0,0,0,0,0,0,0,0,0,0,0,0,0,0,0,0,0,0,0,0,0,0,0,0,0,0,0,0,0,0,549183,1,196,5,196,0,0,0,0,0,0,0,0,0,0,0,0,0,0,0,0,0,0,0,0,0,0,0,0,0,549183,1,196,5,196,0,0,0,0,0,0,0,0,0,0,0,0,0,0,0,0,0,0,0,0,0,0,0,0,0,0,0,0,0,0,0,0,0,0,0,0,0,0,0,0,0,0,0,0,0,0,0,0,0,0,0,0,0,0,0,0,0,0,0,0,0,0,0,0,0,0,0,0,0,0,0,0,0,0,0,0,0,0,0,0,0,0,0,0,0,0,0,0,0,0,0,0,0,0,0,0,0,0,0,0,0,0,0,0,0,0,0,0,0,0,0,0,0,0,0,0,0,0,0,0,0,0,0,0,0,0,0,0,0,0,0,0,0,0,0,0,0,0,0,0,0,0,0,0,0,0,0,0,0,0,0,0,0,0,0,0,0,0,0,0
contemporary vocal jazz,0.48,0.07,95.16,0.27,-20.03,0.03,0.1,0.89,0.0,1088492,1,196,5,196,0,0,0,0,0,0,0,0,0,0,0,0,0,0,0,0,0,0,0,0,0,0,0,0,0,0,0,0,0,0,0,0,0,0,0,0,0,0,0,0,0,0,0,0,0,0,0,0,0,0,0,0,0,0,0,0,0,0,0,0,0,0,0,0,0,0,0,0,0,0,0,0,0,0,0,0,0,0,0,0,0,0,0,0,0,0,0,0,0,0,0,0,0,0,0,0,0,0,0,0,0,0,0,0,0,0,0,0,0,0,0,0,0,0,0,0,0,0,0,0,0,0,0,0,0,0,0,0,0,0,0,0,0,0,0,0,0,0,0,0,0,0,0,0,0,0,0,0,0,0,0,0,0,0,0,0,0,0,0,0,0,0,0,0,0,0,0,0,0,0,0,0,0,0,0,0,0,0,0,0,0,0,0,0,0,0,0,0,0,0,0,0,0,0,0,1088492,1,196,5,196,0,0,0,0,0,0,0,0,0,0,0,0,0,0,0,0,0,0,0,0,0,0,0,0,0,0,0,0,0,0,0,0,0,0,0,0,0,0,0,0,0,0,0,0,0,0,0,0,0,0,0,0,0,0,0,1088492,1,196,5,196
folktronica,0.54,0.75,90.54,0.18,-7.4,0.29,0.11,0.23,0.0,625239,1,198,3,198,0,0,0,0,0,0,0,0,0,0,0,0,0,0,0,0,0,0,0,0,0,0,0,0,0,0,0,0,0,0,0,0,0,0,0,0,0,0,0,0,0,0,0,0,0,0,0,0,0,0,0,0,0,0,0,0,0,0,0,0,0,0,0,0,0,0,0,0,0,0,0,0,0,0,0,0,0,0,0,0,0,0,0,0,0,0,0,0,0,0,0,0,0,0,0,0,0,0,0,0,0,0,0,0,0,0,0,0,0,0,0,0,0,0,0,0,0,0,0,0,0,0,0,0,0,0,0,0,0,0,625239,1,198,3,198,0,0,0,0,0,0,0,0,0,0,0,0,0,0,0,0,0,0,0,0,0,0,0,0,0,0,0,0,0,0,625239,1,198,3,198,0,0,0,0,0,0,0,0,0,0,0,0,0,0,0,0,0,0,0,0,0,0,0,0,0,0,0,0,0,0,0,0,0,0,0,0,0,0,0,0,0,0,0,0,0,0,0,0,0,0,0,0,0,0,0,0,0,0,0,0,0,0,0,0,0,0,0,0,0,0,0,0,0,0,0,0,0,0,0,0,0,0,0,0,0,0,0,0,0,0
argentine telepop,0.74,0.65,171.98,0.78,-4.43,0.24,0.15,0.02,0.0,529536,1,198,3,198,0,0,0,0,0,0,0,0,0,0,0,0,0,0,0,0,0,0,0,0,0,0,0,0,0,0,0,0,0,0,0,0,0,0,0,0,0,0,0,0,0,0,0,0,0,0,0,0,0,0,0,0,0,0,0,0,0,0,0,0,0,0,0,0,0,529536,1,198,3,198,0,0,0,0,0,529536,1,198,3,198,0,0,0,0,0,0,0,0,0,0,0,0,0,0,0,0,0,0,0,0,0,0,0,0,0,0,0,0,0,0,0,0,0,0,0,0,0,0,0,0,0,0,0,0,0,0,0,0,0,0,0,0,0,0,0,0,0,0,0,0,0,0,0,0,0,0,0,0,0,0,0,0,0,0,0,0,0,0,0,0,0,0,0,0,0,0,0,0,0,0,0,0,0,0,0,0,0,0,0,0,0,0,0,0,0,0,0,0,0,0,0,0,0,0,0,0,0,0,0,0,0,0,0,0,0,0,0,0,0,0,0,0,0,0,0,0,0,0,0,0,0,0,0,0,0,0,0,0,0,0,0,0,0,0,0,0,0,0,0,0,0,0,0,0,0,0,0,0,0,0,0,0,0,0,0,0,0,0,0,0
new weird america,0.54,0.75,90.54,0.18,-7.4,0.29,0.11,0.23,0.0,625239,1,198,3,198,0,0,0,0,0,0,0,0,0,0,0,0,0,0,0,0,0,0,0,0,0,0,0,0,0,0,0,0,0,0,0,0,0,0,0,0,0,0,0,0,0,0,0,0,0,0,0,0,0,0,0,0,0,0,0,0,0,0,0,0,0,0,0,0,0,0,0,0,0,0,0,0,0,0,0,0,0,0,0,0,0,0,0,0,0,0,0,0,0,0,0,0,0,0,0,0,0,0,0,0,0,0,0,0,0,0,0,0,0,0,0,0,0,0,0,0,0,0,0,0,0,0,0,0,0,0,0,0,0,0,625239,1,198,3,198,0,0,0,0,0,0,0,0,0,0,0,0,0,0,0,0,0,0,0,0,0,0,0,0,0,0,0,0,0,0,625239,1,198,3,198,0,0,0,0,0,0,0,0,0,0,0,0,0,0,0,0,0,0,0,0,0,0,0,0,0,0,0,0,0,0,0,0,0,0,0,0,0,0,0,0,0,0,0,0,0,0,0,0,0,0,0,0,0,0,0,0,0,0,0,0,0,0,0,0,0,0,0,0,0,0,0,0,0,0,0,0,0,0,0,0,0,0,0,0,0,0,0,0,0,0
freak folk,0.54,0.75,90.54,0.18,-7.4,0.29,0.11,0.23,0.0,625239,1,198,3,198,0,0,0,0,0,0,0,0,0,0,0,0,0,0,0,0,0,0,0,0,0,0,0,0,0,0,0,0,0,0,0,0,0,0,0,0,0,0,0,0,0,0,0,0,0,0,0,0,0,0,0,0,0,0,0,0,0,0,0,0,0,0,0,0,0,0,0,0,0,0,0,0,0,0,0,0,0,0,0,0,0,0,0,0,0,0,0,0,0,0,0,0,0,0,0,0,0,0,0,0,0,0,0,0,0,0,0,0,0,0,0,0,0,0,0,0,0,0,0,0,0,0,0,0,0,0,0,0,0,0,625239,1,198,3,198,0,0,0,0,0,0,0,0,0,0,0,0,0,0,0,0,0,0,0,0,0,0,0,0,0,0,0,0,0,0,625239,1,198,3,198,0,0,0,0,0,0,0,0,0,0,0,0,0,0,0,0,0,0,0,0,0,0,0,0,0,0,0,0,0,0,0,0,0,0,0,0,0,0,0,0,0,0,0,0,0,0,0,0,0,0,0,0,0,0,0,0,0,0,0,0,0,0,0,0,0,0,0,0,0,0,0,0,0,0,0,0,0,0,0,0,0,0,0,0,0,0,0,0,0,0
bounce,0.68,0.87,114.99,0.27,-4.69,0.13,0.07,0.0,0.0,695384,1,199,2,199,0,0,0,0,0,0,0,0,0,0,0,0,0,0,0,0,0,0,0,0,0,0,0,0,0,0,0,0,0,0,0,0,0,0,0,0,0,0,0,0,0,0,0,0,0,0,0,0,0,0,0,0,0,0,0,0,0,0,0,0,0,0,0,0,0,0,0,0,0,0,0,0,0,0,0,0,0,0,0,0,0,0,0,0,0,0,0,0,0,0,0,0,0,0,0,0,0,0,0,0,0,0,0,0,0,0,0,0,0,0,0,0,0,0,0,0,0,0,0,0,0,0,0,0,0,0,0,0,0,0,695384,1,199,2,199,0,0,0,0,0,0,0,0,0,0,0,0,0,0,0,0,0,0,0,0,0,0,0,0,0,0,0,0,0,0,0,0,0,0,0,0,0,0,0,0,0,0,0,0,0,695384,1,199,2,199,0,0,0,0,0,0,0,0,0,0,0,0,0,0,0,0,0,0,0,0,0,0,0,0,0,0,0,0,0,0,0,0,0,0,0,0,0,0,0,0,0,0,0,0,0,0,0,0,0,0,0,0,0,0,0,0,0,0,0,0,0,0,0,0,0,0,0,0,0,0,0,0,0,0,0
pagode novo,0.52,0.74,138.1,0.78,-7.18,0.07,0.95,0.56,0.0,705043,1,200,1,200,0,0,0,0,0,0,0,0,0,0,0,0,0,0,0,0,0,0,0,0,0,0,0,0,0,0,0,0,0,0,0,0,0,0,0,0,0,0,0,0,0,0,0,0,0,0,0,0,0,0,0,0,0,0,0,0,0,0,0,0,0,0,0,0,0,0,0,0,0,0,0,0,0,0,0,0,0,0,0,0,0,0,0,0,0,0,0,0,0,0,0,0,0,0,0,0,0,0,0,0,0,0,0,0,0,0,0,0,0,0,0,0,0,0,0,0,0,0,0,0,0,0,0,0,0,0,0,0,0,0,0,0,0,0,0,0,0,0,0,0,0,0,0,0,0,0,0,0,0,0,0,0,0,0,0,0,0,0,0,0,0,0,0,0,0,0,0,0,0,0,0,0,0,0,0,0,0,0,0,0,0,0,0,0,0,0,0,0,0,0,0,0,0,0,0,705043,1,200,1,200,0,0,0,0,0,0,0,0,0,0,0,0,0,0,0,0,0,0,0,0,0,0,0,0,0,0,0,0,0,0,0,0,0,0,0,0,0,0,0,0,705043,1,200,1,200,0,0,0,0,0,0,0,0,0,0,0,0,0,0,0
german reggae,0.77,0.51,134.94,0.57,-6.22,0.16,0.14,0.23,0.0,712081,1,200,1,200,0,0,0,0,0,0,0,0,0,0,0,0,0,0,0,0,0,0,0,0,0,0,0,0,0,0,0,0,0,0,0,0,0,0,0,0,0,0,0,0,0,0,0,0,0,0,0,0,0,0,0,0,0,0,0,0,0,0,0,0,0,0,0,0,0,0,0,0,0,0,0,0,0,0,0,0,0,0,0,0,0,0,0,0,0,0,0,0,0,0,0,0,0,0,0,0,0,0,0,0,0,0,0,0,0,0,0,0,0,0,0,0,0,0,0,0,0,0,0,0,0,0,0,0,0,0,0,0,0,0,0,0,0,0,0,0,0,0,0,0,0,0,0,0,0,0,0,0,0,0,0,0,0,0,0,0,0,0,0,0,0,0,0,0,0,0,0,0,0,0,0,0,0,0,0,0,0,0,0,0,0,0,0,0,0,0,0,0,0,0,0,0,0,0,0,712081,1,200,1,200,0,0,0,0,0,0,0,0,0,0,0,0,0,0,0,0,0,0,0,0,0,0,0,0,0,0,0,0,0,0,0,0,0,0,0,0,0,0,0,0,712081,1,200,1,200,0,0,0,0,0,0,0,0,0,0,0,0,0,0,0
cologne hip hop,0.77,0.51,134.94,0.57,-6.22,0.16,0.14,0.23,0.0,712081,1,200,1,200,0,0,0,0,0,0,0,0,0,0,0,0,0,0,0,0,0,0,0,0,0,0,0,0,0,0,0,0,0,0,0,0,0,0,0,0,0,0,0,0,0,0,0,0,0,0,0,0,0,0,0,0,0,0,0,0,0,0,0,0,0,0,0,0,0,0,0,0,0,0,0,0,0,0,0,0,0,0,0,0,0,0,0,0,0,0,0,0,0,0,0,0,0,0,0,0,0,0,0,0,0,0,0,0,0,0,0,0,0,0,0,0,0,0,0,0,0,0,0,0,0,0,0,0,0,0,0,0,0,0,0,0,0,0,0,0,0,0,0,0,0,0,0,0,0,0,0,0,0,0,0,0,0,0,0,0,0,0,0,0,0,0,0,0,0,0,0,0,0,0,0,0,0,0,0,0,0,0,0,0,0,0,0,0,0,0,0,0,0,0,0,0,0,0,0,712081,1,200,1,200,0,0,0,0,0,0,0,0,0,0,0,0,0,0,0,0,0,0,0,0,0,0,0,0,0,0,0,0,0,0,0,0,0,0,0,0,0,0,0,0,712081,1,200,1,200,0,0,0,0,0,0,0,0,0,0,0,0,0,0,0
gruperas inmortales,0.79,0.52,94.0,0.78,-5.42,0.04,0.09,0.4,0.0,586686,1,200,1,200,0,0,0,0,0,0,0,0,0,0,0,0,0,0,0,0,0,0,0,0,0,0,0,0,0,0,0,0,0,0,0,0,0,0,0,0,0,0,0,0,0,0,0,0,0,0,0,0,0,0,0,0,0,0,0,0,0,0,0,0,0,0,0,0,0,0,0,0,0,0,0,0,0,0,0,0,0,0,0,0,0,0,0,0,0,0,0,0,0,0,0,0,0,0,0,0,0,0,0,0,0,0,0,0,0,0,0,0,0,0,0,0,0,0,0,0,0,0,0,0,0,0,0,0,0,0,0,0,0,0,0,0,0,0,0,0,0,0,0,0,0,0,0,0,0,0,0,0,0,0,0,0,0,0,0,0,0,0,0,0,0,0,0,0,0,0,0,0,0,0,0,0,0,0,0,0,0,0,0,0,0,0,0,0,0,0,0,0,0,0,0,0,0,0,0,586686,1,200,1,200,586686,1,200,1,200,0,0,0,0,0,0,0,0,0,0,0,0,0,0,0,0,0,0,0,0,0,0,0,0,0,0,0,0,0,0,0,0,0,0,0,0,0,0,0,0,0,0,0,0,0,0,0,0,0,0,0,0,0,0,0
nu-cumbia,0.79,0.52,94.0,0.78,-5.42,0.04,0.09,0.4,0.0,586686,1,200,1,200,0,0,0,0,0,0,0,0,0,0,0,0,0,0,0,0,0,0,0,0,0,0,0,0,0,0,0,0,0,0,0,0,0,0,0,0,0,0,0,0,0,0,0,0,0,0,0,0,0,0,0,0,0,0,0,0,0,0,0,0,0,0,0,0,0,0,0,0,0,0,0,0,0,0,0,0,0,0,0,0,0,0,0,0,0,0,0,0,0,0,0,0,0,0,0,0,0,0,0,0,0,0,0,0,0,0,0,0,0,0,0,0,0,0,0,0,0,0,0,0,0,0,0,0,0,0,0,0,0,0,0,0,0,0,0,0,0,0,0,0,0,0,0,0,0,0,0,0,0,0,0,0,0,0,0,0,0,0,0,0,0,0,0,0,0,0,0,0,0,0,0,0,0,0,0,0,0,0,0,0,0,0,0,0,0,0,0,0,0,0,0,0,0,0,0,586686,1,200,1,200,586686,1,200,1,200,0,0,0,0,0,0,0,0,0,0,0,0,0,0,0,0,0,0,0,0,0,0,0,0,0,0,0,0,0,0,0,0,0,0,0,0,0,0,0,0,0,0,0,0,0,0,0,0,0,0,0,0,0,0,0
veracruz indie,0.79,0.52,94.0,0.78,-5.42,0.04,0.09,0.4,0.0,586686,1,200,1,200,0,0,0,0,0,0,0,0,0,0,0,0,0,0,0,0,0,0,0,0,0,0,0,0,0,0,0,0,0,0,0,0,0,0,0,0,0,0,0,0,0,0,0,0,0,0,0,0,0,0,0,0,0,0,0,0,0,0,0,0,0,0,0,0,0,0,0,0,0,0,0,0,0,0,0,0,0,0,0,0,0,0,0,0,0,0,0,0,0,0,0,0,0,0,0,0,0,0,0,0,0,0,0,0,0,0,0,0,0,0,0,0,0,0,0,0,0,0,0,0,0,0,0,0,0,0,0,0,0,0,0,0,0,0,0,0,0,0,0,0,0,0,0,0,0,0,0,0,0,0,0,0,0,0,0,0,0,0,0,0,0,0,0,0,0,0,0,0,0,0,0,0,0,0,0,0,0,0,0,0,0,0,0,0,0,0,0,0,0,0,0,0,0,0,0,586686,1,200,1,200,586686,1,200,1,200,0,0,0,0,0,0,0,0,0,0,0,0,0,0,0,0,0,0,0,0,0,0,0,0,0,0,0,0,0,0,0,0,0,0,0,0,0,0,0,0,0,0,0,0,0,0,0,0,0,0,0,0,0,0,0