artist_id,name,genres,followers,popularity,danceability,energy,tempo,valence,loudness,speechiness,liveness,acousticness,instrumentalness
3TVXtAsR1Inumwj472S9r4,Drake,"canadian hip hop,canadian pop,hip hop,rap,toronto rap",57611522,100,0.72,0.55,121.23,0.4,-7.53,0.21,0.2,0.22,0.01
4q3ewBCX7sLwd24euuV69X,Bad Bunny,"latin,reggaeton,trap latino",38127243,97,0.75,0.69,124.53,0.55,-5.58,0.12,0.15,0.23,0.0
1uNFoZAHBGtllmzznpCI3s,Justin Bieber,"canadian pop,pop",51059942,96,0.66,0.57,122.04,0.62,-6.61,0.09,0.15,0.33,0.01
3Nrfpe0tUJi4K4DXYWgMUX,BTS,"k-pop,k-pop boy group",39492334,96,0.63,0.73,122.02,0.49,-5.54,0.12,0.19,0.14,0.02
5K4W6rqBFWDnAN6FQUkS6x,Kanye West,"chicago rap,rap",15253699,96,0.64,0.57,116.91,0.39,-6.05,0.24,0.28,0.26,0.0
1vyhD5VmyZ7KMfW5gqLgo5,J Balvin,"latin,reggaeton,reggaeton colombiano,trap latino",30055823,95,0.74,0.73,124.9,0.65,-4.75,0.14,0.19,0.15,0.01
5cj0lLjcoR7YOSnhnX0Po5,Doja Cat,"dance pop,pop",10507323,95,0.76,0.69,117.34,0.55,-4.82,0.1,0.17,0.15,0.0
6eUKZXaKkcviH0Ku9w2n3V,Ed Sheeran,"pop,uk pop",85770152,94,0.69,0.58,107.16,0.55,-6.56,0.1,0.16,0.32,0.0
06HL4z0CvFAxyc27GXpf02,Taylor Swift,pop,43736648,94,0.6,0.53,121.78,0.42,-8.5,0.07,0.13,0.46,0.01
1Xyo4u8uXC1ZmMpatF05PJ,The Weeknd,"canadian contemporary r&b,canadian pop,pop",37146980,94,0.59,0.63,127.23,0.34,-6.79,0.11,0.19,0.19,0.01
7jVv8c5Fj3E9VhNjxT4snq,Lil Nas X,"lgbtq+ hip hop,pop",6638572,94,0.77,0.57,143.07,0.57,-6.44,0.12,0.17,0.14,0.0
6qqNVTkY8uBg9cP3Jd7DAH,Billie Eilish,"electropop,pop",49817217,93,0.62,0.32,115.43,0.29,-12.72,0.15,0.18,0.66,0.14
1mcTU81TzQhprhouKaTkpq,Rauw Alejandro,"puerto rican pop,trap latino",7010834,93,0.77,0.67,126.23,0.67,-4.16,0.13,0.15,0.19,0.0
66CXWjxzNUsdJxJ2JdwvnR,Ariana Grande,"dance pop,pop",69785612,92,0.67,0.6,118.57,0.47,-6.15,0.11,0.18,0.23,0.0
7dGJo4pcD2V6oG8kP0tJRR,Eminem,"detroit hip hop,hip hop,rap",48139187,92,0.73,0.72,121.28,0.51,-5.67,0.27,0.31,0.17,0.0
6M2wZ9GZgrQXHCFfjv46we,Dua Lipa,"dance pop,pop,uk pop",28610495,92,0.7,0.71,118.47,0.57,-4.96,0.09,0.17,0.07,0.0
4MCBfE4596Uoi2O4DtmEMz,Juice WRLD,"chicago rap,melodic rap",19925548,92,0.68,0.61,134.64,0.45,-6.64,0.17,0.2,0.19,0.0
0Y5tJX1MQlPlqiwlOH1tJY,Travis Scott,"rap,slap house",18491947,92,0.71,0.63,130.07,0.36,-5.75,0.13,0.2,0.13,0.0
1McMsnEElThX1knmY4oliG,Olivia Rodrigo,pop,8669942,92,0.38,0.43,77.6,0.13,-6.58,0.03,0.09,0.09,0.0
5f7VJjfbwm532GiveGC0ZK,Lil Baby,"atl hip hop,atl trap,rap,trap",8348899,92,0.79,0.57,126.4,0.41,-6.86,0.29,0.17,0.11,0.0
2tIP7SsRs7vjIcLrU85W8J,The Kid LAROI,australian hip hop,2626999,92,0.63,0.62,116.88,0.43,-6.29,0.12,0.19,0.12,0.0
329e4yvIujISKGKz1BZZbO,Farruko,"latin,reggaeton,trap latino",10966556,91,0.75,0.72,128.05,0.68,-4.47,0.13,0.19,0.17,0.0
5pKCCKE2ajJHZ9KAiaK11H,Rihanna,"barbadian pop,dance pop,pop,pop rap,urban contemporary",45137379,90,0.66,0.6,123.19,0.4,-6.53,0.11,0.15,0.13,0.01
246dkjvS1zLTtiykXe5h60,Post Malone,"dfw rap,melodic rap,rap",34339288,90,0.65,0.64,124.21,0.38,-5.06,0.09,0.15,0.28,0.01
0du5cEVh5yTK9QJze8zA0C,Bruno Mars,"dance pop,pop",34175585,90,0.74,0.69,121.38,0.63,-5.51,0.06,0.14,0.05,0.0
4gzpq5DPGxSnKTe4SA8HAU,Coldplay,"permanent wave,pop",32019548,90,0.49,0.7,115.97,0.3,-6.36,0.04,0.23,0.16,0.1
1Cs0zKBU1kc0i8ypK3B9ai,David Guetta,"big room,dance pop,edm,pop,pop dance,pop rap",23227689,90,0.65,0.79,116.36,0.51,-4.66,0.09,0.23,0.1,0.03
1RyvyyTE3xzB2ZywiAwp0i,Future,"atl hip hop,pop rap,rap,southern hip hop,trap",10678838,90,0.77,0.58,136.12,0.42,-6.82,0.23,0.18,0.11,0.01
7iK8PXO48WeuP03g8YR51W,Myke Towers,trap latino,6745120,90,0.79,0.71,126.85,0.64,-4.4,0.15,0.17,0.23,0.0
15UsOTVnJzReFVN1VCnxy4,XXXTENTACION,"emo rap,miami hip hop",31076473,89,0.68,0.46,118.92,0.41,-9.5,0.19,0.16,0.41,0.03
1i8SpTcr7yvPOmcqrbnVXY,Ozuna,"latin,puerto rican pop,reggaeton,trap latino",29819475,89,0.74,0.74,131.27,0.65,-4.45,0.11,0.17,0.2,0.0
1r4hJ1h58CWwUQe3MxPuau,Maluma,"latin,reggaeton,reggaeton colombiano",27666298,89,0.75,0.71,128.38,0.69,-4.54,0.14,0.18,0.22,0.0
2YZyLoL8N0Wb9xBt1NhZWg,Kendrick Lamar,"conscious hip hop,hip hop,rap,west coast rap",18419505,89,0.69,0.63,124.94,0.47,-7.34,0.26,0.25,0.17,0.0
6l3HvQ5sa6mXTsMTB19rO5,J. Cole,"conscious hip hop,hip hop,north carolina hip hop,rap",14603690,89,0.72,0.54,116.67,0.38,-8.28,0.31,0.18,0.28,0.0
7bXgB6jMjp9ATFy66eO08Z,Chris Brown,"dance pop,pop,pop rap,r&b,rap",14415597,89,0.68,0.58,109.2,0.49,-5.74,0.14,0.15,0.16,0.0
4O15NlyKLIASxsJ0PrXPfz,Lil Uzi Vert,"melodic rap,philly rap,rap,trap",12118739,89,0.78,0.63,129.45,0.47,-6.17,0.24,0.21,0.13,0.0
55Aa2cqylxrFIXC767Z865,Lil Wayne,"hip hop,new orleans rap,pop rap,rap,trap",10919732,89,0.73,0.64,121.57,0.49,-5.55,0.25,0.21,0.17,0.0
77ziqFxp5gaInVrF2lj4ht,Sech,"latin,panamanian pop,reggaeton,trap latino",9206232,89,0.74,0.69,146.47,0.65,-4.07,0.18,0.18,0.24,0.0
4r63FhuTkUYltbVAg5TQnk,DaBaby,"north carolina hip hop,rap",8089608,89,0.82,0.65,128.31,0.65,-5.61,0.28,0.17,0.1,0.0
0eDvMgVFoNV3TpwtrVCoTj,Pop Smoke,brooklyn drill,7646196,89,0.69,0.65,128.53,0.46,-6.25,0.23,0.2,0.21,0.0
50co4Is1HCEo8bhOyUWKpn,Young Thug,"atl hip hop,atl trap,gangster rap,hip hop,melodic rap,pop rap,rap,trap",6543812,89,0.8,0.6,128.44,0.46,-6.98,0.2,0.18,0.1,0.0
6AgTAQt8XS6jRWi4sX7w49,Polo G,chicago rap,5336043,89,0.79,0.61,129.88,0.45,-7.45,0.34,0.11,0.14,0.0
0EFisYRi20PTADoJrifHrz,Jhay Cortez,"latin,reggaeton,trap latino",2706397,89,0.81,0.64,98.23,0.35,-7.51,0.11,0.11,0.21,0.0
2LIk90788K0zvyj2JJVwkJ,Jack Harlow,"deep underground hip hop,kentucky hip hop,pop rap,rap",1202638,89,0.88,0.65,131.77,0.71,-6.86,0.22,0.24,0.05,0.0
53XhwfbYqKCa1cC15pYq2q,Imagine Dragons,"modern rock,pop,rock",36081513,88,0.58,0.7,124.27,0.39,-5.95,0.07,0.19,0.15,0.01
04gDigrS5kc9YWfZHwBETP,Maroon 5,"pop,pop rock",33200206,88,0.72,0.6,108.28,0.47,-6.01,0.06,0.1,0.3,0.0
4VMYDCV2IEDYJArk749S6m,Daddy Yankee,"latin,latin hip hop,reggaeton,trap latino",24484741,88,0.74,0.8,123.92,0.7,-3.71,0.1,0.2,0.19,0.0
0hCNtLu0JehylgoiP8L4Gh,Nicki Minaj,"dance pop,hip pop,pop,pop rap,queens hip hop",22716806,88,0.78,0.67,127.26,0.52,-5.46,0.19,0.17,0.12,0.0
2R21vXR83lH98kGeO99Y66,Anuel AA,"latin,reggaeton,reggaeton flow,trap boricua,trap latino",18980539,88,0.76,0.73,125.45,0.62,-4.48,0.12,0.16,0.31,0.0
790FomKkXshlbRYZFtlgla,KAROL G,"latin,reggaeton,reggaeton colombiano,trap latino",18875519,88,0.77,0.74,134.74,0.62,-4.45,0.11,0.17,0.23,0.0
6LuN9FCkKOj5PcnpouEgny,Khalid,"pop,pop r&b",14391575,88,0.62,0.54,109.0,0.36,-8.08,0.11,0.16,0.32,0.09
1URnnhqYAYcrqrcwql10ft,21 Savage,"atl hip hop,hip hop,rap,trap",10188717,88,0.81,0.56,130.74,0.4,-7.11,0.27,0.18,0.13,0.05
6Xgp2XMz1fhVYe7i6yNAax,Trippie Redd,"melodic rap,rap,trap",6700801,88,0.68,0.62,125.9,0.42,-6.6,0.11,0.17,0.22,0.0
3hcs9uc56yIGFCSy9leWe7,Lil Durk,"chicago drill,chicago rap,drill,hip hop,rap,trap",3035844,88,0.81,0.57,141.52,0.49,-7.86,0.29,0.13,0.13,0.0
1dfeR4HaWDbWqFHLkxsg1d,Queen,"classic rock,glam rock,rock",37022707,87,0.53,0.58,105.04,0.46,-7.7,0.07,0.29,0.34,0.02
7n2wHs1TKAczGzO7Dd2rGr,Shawn Mendes,"canadian pop,dance pop,pop,viral pop",34702918,87,0.63,0.56,125.61,0.55,-6.98,0.09,0.16,0.32,0.0
4AK6F7OLvEQ5QYCBNiQWHq,One Direction,"boy band,pop,post-teen pop,talent show",23259760,87,0.62,0.7,119.82,0.56,-5.03,0.05,0.13,0.16,0.0
1HY2Jd0NmPuamShAr6KMms,Lady Gaga,"dance pop,pop",19357840,87,0.64,0.71,113.55,0.43,-5.49,0.05,0.33,0.16,0.07
26VFTg2z8YR0cCuwLzESi2,Halsey,"dance pop,electropop,etherpop,indie poptimism,pop",16110190,87,0.62,0.65,121.01,0.39,-5.76,0.07,0.17,0.13,0.0
1SupJlEpv7RS2tPNRaHViT,Nicky Jam,"latin,latin hip hop,reggaeton,trap latino",15236611,87,0.72,0.73,141.25,0.71,-4.28,0.12,0.18,0.21,0.0
7c0XG5cIJTrrAgEC3ULPiq,Ty Dolla $ign,"hip hop,pop,pop rap,r&b,southern hip hop,trap,trap soul",3936370,87,0.72,0.62,121.52,0.45,-6.3,0.12,0.2,0.12,0.0
2hlmm7s2ICUX0LVIhVFlZQ,Gunna,"atl hip hop,hip hop,melodic rap,rap,trap",3495362,87,0.83,0.59,126.01,0.46,-7.1,0.2,0.17,0.14,0.0
64KEffDW9EtZ1y2vBYgq8T,Marshmello,"brostep,edm,pop,pop dance,progressive electro house",32146935,86,0.66,0.75,117.61,0.45,-4.12,0.08,0.21,0.1,0.0
7CajNmpbOovFoOoasH2HaY,Calvin Harris,"dance pop,edm,electro house,house,pop,progressive house,uk dance",22169481,86,0.75,0.76,112.55,0.63,-4.26,0.07,0.17,0.25,0.01
5WUlDfRSoLAfcVSX1WnrxN,Sia,"australian dance,australian pop,pop",21056836,86,0.57,0.69,132.19,0.42,-5.24,0.09,0.16,0.11,0.01
3WrFJ7ztbogyGnTHbHJFl2,The Beatles,"beatlesque,british invasion,classic rock,merseybeat,psychedelic rock,rock",20728945,86,0.48,0.85,124.63,0.94,-9.2,0.05,0.04,0.64,0.0
4kYSro6naA4h99UJvo89HB,Cardi B,"dance pop,pop,pop rap,rap",18090996,86,0.84,0.66,127.29,0.53,-5.65,0.2,0.14,0.13,0.0
2wY79sveU1sp5g7SokKOiI,Sam Smith,"dance pop,pop,uk pop",17631250,86,0.56,0.43,111.74,0.33,-8.07,0.05,0.16,0.52,0.0
6KImCVD70vtIoJWnq6nGn3,Harry Styles,pop,16971880,86,0.54,0.59,114.69,0.41,-6.45,0.04,0.15,0.28,0.02
3PhoLpVuITZKcymswpck5b,Elton John,"glam rock,mellow gold,piano rock",7865980,86,0.62,0.66,140.1,0.43,-7.44,0.05,0.31,0.29,0.0
7wlFDEWiM5OoIAt8RSli8b,YoungBoy Never Broke Again,"baton rouge rap,trap",7603169,86,0.74,0.7,132.06,0.56,-5.0,0.23,0.16,0.14,0.0
4V8LLVI7PbaPR0K2TGSxFF,"Tyler, The Creator","hip hop,rap",7070738,86,0.55,0.58,108.92,0.37,-8.52,0.19,0.3,0.28,0.01
3nFkdlSjzX9mRTtwJOzDYB,JAY-Z,"east coast hip hop,hip hop,rap",6592421,86,0.67,0.71,124.81,0.55,-6.04,0.25,0.28,0.07,0.0
7tYKF4w9nC0nq9CsPZTHyP,SZA,"pop,r&b,rap",6257002,86,0.69,0.62,115.95,0.43,-5.76,0.1,0.18,0.2,0.0
181bsRPaVXVlUKXrxwZfHK,Megan Thee Stallion,"houston rap,pop,trap queen",5194301,86,0.84,0.71,137.06,0.58,-5.21,0.25,0.16,0.03,0.0
14zUHaJZo1mnYtn6IBRaRP,Justin Quiles,"latin,reggaeton,trap latino",2992147,86,0.78,0.72,129.74,0.71,-4.41,0.14,0.14,0.16,0.0
0C8ZW7ezQVs4URX5aX7Kqx,Selena Gomez,"dance pop,pop,post-teen pop",30179689,85,0.72,0.59,115.68,0.52,-6.71,0.14,0.14,0.25,0.0
6vWDO969PvNqNYHIOW5v0m,Beyoncé,"dance pop,pop,r&b",29012079,85,0.57,0.56,110.72,0.42,-8.02,0.15,0.25,0.29,0.03
4nDoRrQiYLoBzwC5BhVJzF,Camila Cabello,"dance pop,pop,post-teen pop",23567429,85,0.62,0.58,112.23,0.42,-5.96,0.11,0.14,0.28,0.0
6XyY86QOPPrYVGvF9ch6wz,Linkin Park,"alternative metal,nu metal,post-grunge,rap metal",20094336,85,0.58,0.8,116.85,0.5,-5.23,0.07,0.27,0.08,0.02
6jJ0s89eD6GaHleKKya26X,Katy Perry,"dance pop,pop,post-teen pop",19410159,85,0.69,0.69,119.34,0.46,-5.6,0.08,0.16,0.16,0.0
5YGY8feqx7naU7z4HrwZM6,Miley Cyrus,"dance pop,pop,post-teen pop",16240083,85,0.61,0.7,119.1,0.43,-5.38,0.06,0.2,0.07,0.0
00FQb4jTyendYWaN8pK0wa,Lana Del Rey,"art pop,pop",14147298,85,0.48,0.4,107.88,0.23,-10.06,0.05,0.14,0.6,0.04
28gNT5KBp7IjEOQoevXf9N,Camilo,"colombian pop,reggaeton colombiano",11579949,85,0.71,0.7,142.58,0.8,-4.1,0.11,0.17,0.23,0.0
137W8MRPWKqSmrBGDBFSop,Wiz Khalifa,"dance pop,hip hop,pittsburgh rap,pop rap,rap,southern hip hop,trap",10170703,85,0.8,0.65,134.19,0.5,-6.0,0.16,0.23,0.08,0.0
0TnOYISbd1XYRBk9myaseg,Pitbull,"dance pop,latin,miami hip hop,pop,pop rap",8741613,85,0.68,0.85,98.64,0.72,-3.64,0.11,0.12,0.11,0.0
2kCcBybjl3SAtIcwdWpUe3,Lil Peep,"emo rap,lgbtq+ hip hop",7897658,85,0.54,0.65,122.01,0.31,-6.8,0.07,0.2,0.1,0.01
4LLpKhyESsyAXpc4laK94U,Mac Miller,"hip hop,pittsburgh rap,rap",6404097,85,0.68,0.44,122.86,0.35,-9.5,0.15,0.15,0.48,0.02
699OTQXzgjhIYAHMy9RyPD,Playboi Carti,"atl hip hop,hip hop,plugg,rap,trap",5229161,85,0.76,0.61,132.89,0.38,-6.38,0.17,0.19,0.07,0.0
1bAftSH8umNcGZ0uyV7LMg,Duki,"argentine hip hop,trap argentino,trap latino,trap triste",4646331,85,0.65,0.74,125.78,0.5,-3.96,0.05,0.13,0.2,0.0
2cFrymmkijnjDg9SS92EPM,blackbear,"pop,pop rap",4387240,85,0.71,0.7,109.9,0.54,-5.55,0.09,0.23,0.07,0.0
6TIYQ3jFPwQSRmorSezPxX,Machine Gun Kelly,"ohio hip hop,pop rap",4035390,85,0.63,0.77,130.19,0.46,-5.09,0.09,0.23,0.04,0.0
6jGMq4yGs7aQzuGsMgVgZR,Lil Tjay,"brooklyn drill,melodic rap,nyc rap",3878319,85,0.64,0.58,112.06,0.33,-7.3,0.32,0.11,0.21,0.0
4yvcSjfu4PC0CYQyLy4wSq,Glass Animals,"gauze pop,indietronica,shiver pop",2044285,85,0.8,0.55,115.41,0.69,-6.42,0.09,0.1,0.28,0.0
4fxd5Ee7UefO4CUXgwJ7IP,Giveon,"pop,r&b",1604124,85,0.74,0.45,122.95,0.04,-7.51,0.35,0.11,0.63,0.0
7vk5e3vY1uw9plTHJAMwjN,Alan Walker,electro house,30564606,84,0.61,0.7,113.19,0.36,-4.89,0.05,0.22,0.16,0.0
4dpARuHxo51G3z768sgnrY,Adele,"british soul,pop,pop soul,uk pop",29201893,84,0.51,0.49,128.06,0.33,-7.65,0.05,0.11,0.42,0.0
41MozSoPIsD1dJM0CLPjZF,BLACKPINK,"k-pop,k-pop girl group",25241954,84,0.68,0.7,129.35,0.51,-4.9,0.11,0.14,0.09,0.0
0EmeFodog0BfCgMzAIvKQp,Shakira,"colombian pop,dance pop,latin,latin pop,pop",22428777,84,0.78,0.79,130.24,0.8,-4.65,0.12,0.2,0.19,0.0
3YQKmKGau1PzlVlkL1iodx,Twenty One Pilots,"modern rock,rock",21182899,84,0.68,0.61,114.65,0.48,-7.43,0.08,0.17,0.15,0.03
07YUOmWljBTXwIseAUd9TW,Sebastian Yatra,"colombian pop,latin,reggaeton,reggaeton colombiano",16648837,84,0.7,0.71,112.91,0.72,-4.64,0.08,0.17,0.2,0.0
7Ln80lUS6He07XvHI8qqHH,Arctic Monkeys,"garage rock,permanent wave,rock,sheffield indie",12725474,84,0.57,0.69,114.69,0.58,-5.35,0.04,0.19,0.16,0.04
5Pwc4xIPtQLFEnJriah9YJ,OneRepublic,"dance pop,piano rock,pop,pop rock",12467537,84,0.61,0.67,122.66,0.44,-6.06,0.07,0.18,0.11,0.0
07YZf4WDAMNwqr4jfgOZ8y,Jason Derulo,"dance pop,pop,pop rap,post-teen pop",10097891,84,0.78,0.71,111.71,0.67,-4.84,0.09,0.16,0.09,0.0
0XwVARXT135rw8lyw1EeWP,Christian Nodal,"mariachi,nuevo regional mexicano,ranchera,regional mexican",8735786,84,0.74,0.59,118.91,0.75,-4.1,0.04,0.23,0.31,0.0
2h93pZq0e7k5yf4dywlkpM,Frank Ocean,"alternative r&b,hip hop,lgbtq+ hip hop,neo soul,pop",8308781,84,0.61,0.44,113.08,0.34,-9.02,0.15,0.16,0.68,0.07
5he5w2lnU9x7JFhnwcekXX,Skrillex,"brostep,complextro,edm,electro",7929517,84,0.66,0.8,141.91,0.32,-4.25,0.13,0.41,0.04,0.0
7hJcb9fa4alzcOq3EaNPoG,Snoop Dogg,"g funk,gangster rap,hip hop,pop rap,rap,west coast rap",7276815,84,0.75,0.63,118.2,0.62,-6.99,0.2,0.13,0.19,0.0
77SW9BnxLY8rJ0RciFqkHh,The Neighbourhood,"modern alternative rock,modern rock,pop",7010269,84,0.6,0.66,104.53,0.37,-6.14,0.03,0.11,0.06,0.08
4SsVbpTthjScTS7U2hmr1X,Arcangel,"latin,latin hip hop,reggaeton,trap latino",6895020,84,0.77,0.72,132.28,0.63,-4.28,0.17,0.23,0.25,0.0
757aE44tKEUQEqRuT6GnEB,Roddy Ricch,"melodic rap,rap,trap",6889891,84,0.78,0.64,114.04,0.52,-6.6,0.17,0.2,0.2,0.0
5LHRHt1k9lMyONurDHEdrp,Tyga,"dance pop,hip hop,pop rap,rap,southern hip hop,trap",6345296,84,0.83,0.67,107.36,0.44,-5.04,0.14,0.18,0.09,0.0
2o5jDhtHVPhrJdv3cEQ99Z,Tiësto,"big room,brostep,dance pop,dutch edm,edm,house,pop,pop dance,slap house,trance,tropical house",5920591,84,0.72,0.74,121.39,0.62,-4.45,0.09,0.16,0.2,0.0
0fA0VVWsXO9YnASrzqfmYu,Kid Cudi,"hip hop,ohio hip hop,pop rap,rap",5154523,84,0.61,0.65,138.79,0.3,-7.63,0.14,0.25,0.35,0.08
711MCceyCBcFnzjGY4Q7Un,AC/DC,"australian rock,hard rock,rock",20810065,83,0.49,0.79,134.3,0.6,-4.95,0.06,0.16,0.01,0.0
6S2OmqARrzebs0tKUEyXyp,Demi Lovato,"dance pop,pop,post-teen pop",20723113,83,0.6,0.63,117.28,0.48,-5.77,0.12,0.15,0.16,0.0
1vCWHaC5f2uS3yhpwWbIA6,Avicii,"dance pop,edm,pop,pop dance",20661111,83,0.6,0.69,118.29,0.46,-5.62,0.06,0.17,0.17,0.04
3fMbdgg4jU18AjLCKBhRSm,Michael Jackson,"pop,r&b,soul",19972464,83,0.82,0.67,119.34,0.68,-6.01,0.05,0.31,0.16,0.01
0L8ExT028jH3ddEcZwqJJ5,Red Hot Chili Peppers,"alternative rock,funk metal,funk rock,permanent wave",16812139,83,0.56,0.34,84.58,0.46,-13.5,0.05,0.14,0.06,0.0
6olE6TJLqED3rqDCT0FyPh,Nirvana,"alternative rock,grunge,permanent wave,rock",13686339,83,0.5,0.91,116.76,0.72,-4.56,0.06,0.11,0.0,0.0
3p7PcrEHaaKLJnPUGOtRlT,Henrique & Juliano,sertanejo universitario,13537750,83,0.63,0.7,116.75,0.69,-6.16,0.05,0.87,0.49,0.0
1KCSPY1glIKqW2TotWuXOR,P!nk,"dance pop,pop",11850029,83,0.54,0.63,113.0,0.39,-5.5,0.14,0.24,0.11,0.0
7n2Ycct7Beij7Dj7meI4X0,TWICE,"k-pop,k-pop girl group",10744227,83,0.7,0.89,129.52,0.69,-2.83,0.07,0.34,0.05,0.0
4obzFoKoKRHIphyHzJ35G3,Becky G,"dance pop,latin,latin pop,latin viral pop,pop,rap latina,reggaeton,trap latino",10558121,83,0.77,0.73,118.99,0.62,-4.49,0.13,0.26,0.2,0.0
13ubrt8QOOCPljQ2FL1Kca,A$AP Rocky,"east coast hip hop,hip hop,rap,trap",9915550,83,0.68,0.6,133.6,0.41,-7.24,0.23,0.22,0.28,0.0
3e7awlrlDSwF3iM0WBjGMp,Little Mix,"dance pop,girl group,pop,post-teen pop,talent show,uk pop",9592419,83,0.66,0.75,111.65,0.54,-4.53,0.12,0.17,0.08,0.0
4IWBUUAFIplrNtaOHcJPRM,James Arthur,"pop,talent show,uk pop",8695010,83,0.51,0.59,115.36,0.38,-6.11,0.11,0.16,0.32,0.0
2nszmSgqreHSdJA3zWPyrW,Luis Miguel,"bolero,latin,latin pop",7951336,83,0.54,0.37,70.28,0.25,-14.24,0.03,0.04,0.04,0.0
3q7HBObVc0L8jNeTe5Gofh,50 Cent,"east coast hip hop,gangster rap,hip hop,pop rap,queens hip hop,rap",7784205,83,0.67,0.64,95.37,0.51,-6.29,0.14,0.53,0.08,0.0
23fqKkggKUBHNkbKtXEls4,Kygo,"edm,pop,pop dance,tropical house",7714837,83,0.64,0.64,115.07,0.41,-6.67,0.07,0.14,0.2,0.0
3E6xrwgnVfYCrCs0ePERDz,Wisin,"latin,latin hip hop,reggaeton,trap latino",7092575,83,0.75,0.83,120.21,0.69,-3.81,0.13,0.23,0.13,0.0
0LcJLqbBmaGUft1e9Mm8HV,ABBA,"europop,swedish pop",6564534,83,0.53,0.62,116.68,0.5,-7.85,0.04,0.47,0.59,0.0
6fOMl44jA4Sp5b9PpYCkzz,NF,"hip hop,pop rap,rap",6075924,83,0.69,0.74,122.14,0.33,-4.75,0.18,0.16,0.29,0.0
31W5EY0aAly4Qieq6OFu6I,A Boogie Wit da Hoodie,"melodic rap,rap,trap",5983328,83,0.75,0.65,123.66,0.49,-6.07,0.2,0.16,0.2,0.0
20sxb77xiYeusSH8cVdatc,Meek Mill,"hip hop,philly rap,pop rap,rap,southern hip hop,trap",5430055,83,0.71,0.67,112.58,0.32,-5.48,0.23,0.2,0.09,0.0
02kJSzxNuaWGqwubyUba0Z,G-Eazy,"hip hop,indie pop rap,oakland hip hop,pop,pop rap,rap",4932649,83,0.72,0.71,116.39,0.44,-5.64,0.23,0.19,0.09,0.0
1qto4hHid1P71emI6Fd8xi,Aventura,"bachata,bachata dominicana,latin,latin hip hop,latin pop,trap latino,tropical",4890157,83,0.77,0.78,124.01,0.85,-4.65,0.03,0.07,0.18,0.0
4Ga1P7PMIsmqEZqhYZQgDo,Lil Tecca,"melodic rap,rap,trap",4289613,83,0.71,0.61,142.17,0.44,-6.97,0.2,0.13,0.26,0.0
4npEfmQ6YuiwW1GpUmaq3F,Ava Max,"dance pop,pop",4227295,83,0.67,0.68,130.16,0.56,-4.46,0.05,0.15,0.18,0.0
4oUHIQIBe0LHzYfvXNW4QM,Morgan Wallen,contemporary country,2338366,83,0.66,0.66,124.51,0.55,-6.09,0.04,0.15,0.46,0.0
5hdhHgpxyniooUiQVaPxQ0,Nio Garcia,"latin,reggaeton,trap latino",2330838,83,0.86,0.7,136.26,0.61,-4.05,0.21,0.08,0.42,0.0
4Gso3d4CscCijv0lmajZWs,Don Toliver,"pop,rap,trap",1714726,83,0.73,0.61,132.0,0.35,-6.33,0.06,0.21,0.23,0.03
1pQWsZQehhS4wavwh7Fnxd,Lenny Tavárez,"latin,reggaeton,reggaeton flow,trap argentino,trap latino",1405470,83,0.69,0.67,149.55,0.66,-4.62,0.18,0.14,0.26,0.0
6ASri4ePR7RlsvIQgWPJpS,iann dior,"melodic rap,pop rap",1346184,83,0.7,0.71,97.39,0.6,-4.48,0.05,0.23,0.14,0.0
69GGBxA162lTqCwzJG5jLp,The Chainsmokers,"dance pop,edm,electropop,pop,pop dance,tropical house",18416887,82,0.6,0.64,113.93,0.37,-7.03,0.05,0.21,0.12,0.0
487N2T9nIPEHrlTZLL3SQs,Zé Neto & Cristiano,"sertanejo,sertanejo universitario",14764701,82,0.62,0.82,139.23,0.56,-4.72,0.14,0.5,0.56,0.0
7MiDcPa6UiV3In7lIM71IN,Gusttavo Lima,"sertanejo,sertanejo universitario",13537009,82,0.81,0.93,128.0,0.9,-2.37,0.03,0.6,0.24,0.0
5lwmRuXgjX8xIwlnauTZIP,Romeo Santos,"bachata,latin",13390730,82,0.73,0.71,139.88,0.66,-4.63,0.14,0.14,0.23,0.0
2C6i0I5RiGzDKN9IAF8reh,Banda MS de Sergio Lizárraga,"banda,corrido,norteno,regional mexican",12654725,82,0.76,0.53,177.95,0.68,-8.05,0.2,0.13,0.21,0.0
6oMuImdp5ZcFhWP0ESe6mG,Migos,"atl hip hop,rap,trap",11811257,82,0.84,0.64,136.7,0.4,-5.87,0.17,0.16,0.12,0.0
0NGAZxHanS9e0iNHpR8f2W,Alok,"electro house,pop nacional,slap house",10580298,82,0.76,0.64,123.0,0.52,-5.85,0.04,0.08,0.29,0.0
26dSoYclwsYLMAKD3tpOr4,Britney Spears,"dance pop,pop,post-teen pop",9762895,82,0.67,0.65,147.09,0.71,-10.58,0.03,0.22,0.2,0.0
0c173mlxpT3dSFRgMO8XPh,Big Sean,"detroit hip hop,hip hop,pop,pop rap,rap,southern hip hop,trap",8823575,82,0.66,0.64,117.52,0.37,-6.6,0.18,0.23,0.22,0.0
4GNC7GD6oZMSxPGyXy4MNB,Lewis Capaldi,"pop,uk pop",8671789,82,0.6,0.39,112.55,0.32,-6.87,0.04,0.12,0.75,0.0
1zNqDE7qDGCsyzJwohVaoX,Anne-Marie,"dance pop,pop,pop dance,post-teen pop,tropical house,uk pop",8464360,82,0.68,0.72,123.58,0.64,-4.46,0.11,0.21,0.18,0.0
163tK9Wjr9P9DmM0AVK7lm,Lorde,"art pop,dance pop,electropop,metropopolis,nz pop,pop",8403722,82,0.6,0.44,103.52,0.26,-8.73,0.09,0.12,0.32,0.0
08GQAI4eElDnROBrJRGE0X,Fleetwood Mac,"album rock,classic rock,mellow gold,rock,soft rock,yacht rock",7201754,82,0.69,0.58,135.85,0.64,-9.28,0.04,0.09,0.04,0.0
0vR2qb8m9WHeZ5ByCbimq2,Reik,"latin,latin arena pop,latin pop,mexican pop",6360310,82,0.74,0.68,116.97,0.71,-4.87,0.06,0.23,0.11,0.0
1yxSLGMDHlW21z4YXirZDS,Black Eyed Peas,"dance pop,pop,pop rap",6116872,82,0.84,0.63,113.4,0.47,-7.04,0.08,0.33,0.09,0.01
33ScadVnbm2X8kkUqOkC6Z,Don Omar,"latin,latin hip hop,puerto rican pop,reggaeton,trap latino",5991572,82,0.64,0.86,90.64,0.73,-4.64,0.13,0.11,0.08,0.0
2dIgFjalVxs4ThymZ67YCE,Stray Kids,"k-pop,k-pop boy group",5693251,82,0.82,0.84,107.95,0.65,-3.85,0.27,0.11,0.16,0.0
21451j1KhjAiaYKflxBjr1,Zion & Lennox,"latin,latin hip hop,reggaeton,trap latino",5684736,82,0.75,0.79,109.17,0.63,-5.17,0.08,0.19,0.1,0.0
718COspgdWOnwOFpJHRZHS,Luke Combs,"contemporary country,country",5601866,82,0.53,0.6,132.96,0.51,-6.62,0.04,0.1,0.33,0.0
1sBkRIssrMs1AbVkOJbc7a,Rick Ross,"dirty south rap,gangster rap,hip hop,pop rap,rap,southern hip hop,trap",5153126,82,0.6,0.72,118.26,0.34,-5.31,0.24,0.28,0.12,0.0
3MZsBdqDrRTJihTHQrO6Dq,Joji,"alternative r&b,pop,viral pop",4940771,82,0.66,0.55,128.74,0.38,-8.12,0.08,0.17,0.5,0.12
5Lv2GUVwqmQBPwrTrxucE5,Os Barões Da Pisadinha,"forro,piseiro",4774957,82,0.65,0.91,169.37,0.9,-3.74,0.07,0.49,0.51,0.0
2jku7tDXc6XoB6MO2hFuqg,Tory Lanez,"canadian hip hop,canadian trap,hip hop,melodic rap,pop rap,r&b,rap,toronto rap,trap",3919476,82,0.74,0.69,121.11,0.48,-5.73,0.16,0.18,0.11,0.0
3Isy6kedDrgPYoTS1dazA9,Sean Paul,"dance pop,dancehall,pop,pop rap",3612134,82,0.78,0.78,100.19,0.6,-4.75,0.14,0.16,0.1,0.0
716NhGYqD1jl2wI1Qkgq36,Bizarrap,"argentine hip hop,pop venezolano,trap argentino,trap latino",3546413,82,0.72,0.6,87.02,0.49,-4.88,0.18,0.11,0.28,0.0
20wkVLutqVOYrc0kxFs7rA,Daniel Caesar,"canadian contemporary r&b,pop,r&b",2883103,82,0.54,0.36,89.28,0.42,-9.28,0.06,0.1,0.71,0.0
5fMUXHkw8R8eOP2RNVYEZX,Diplo,"bmore,dance pop,edm,electro house,house,moombahton,ninja,pop,pop dance,tropical house",2420331,82,0.65,0.72,128.82,0.49,-5.48,0.09,0.23,0.1,0.0
1U1el3k54VvEUzo3ybLPlM,Kali Uchis,"colombian pop,pop",2145433,82,0.64,0.69,109.36,0.54,-7.55,0.06,0.11,0.19,0.04
2cPqdH7XMvwaBJEVjheH8g,Jay Wheeler,"latin,reggaeton,trap latino",1914412,82,0.84,0.68,90.01,0.68,-4.8,0.14,0.11,0.27,0.0
3rWZHrfrsPBxVy692yAIxF,WILLOW,"afrofuturism,dance pop,electropop,pop,post-teen pop",1700304,82,0.76,0.7,101.0,0.67,-5.28,0.03,0.09,0.04,0.0
0GM7qgcRCORpGnfcN2tCiB,Tainy,"latin,latin hip hop,latin pop,pop reggaeton,reggaeton,reggaeton flow,trap latino",578043,82,0.69,0.68,117.82,0.49,-5.38,0.19,0.19,0.19,0.0
6EPlBSH2RSiettczlz7ihV,Sleepy Hallow,"brooklyn drill,nyc rap",525644,82,0.87,0.48,133.93,0.78,-6.69,0.44,0.1,0.7,0.0
1yR65psqiazQpeM79CcGh8,Marília Mendonça,sertanejo,21104492,81,0.67,0.73,131.65,0.58,-4.66,0.09,0.62,0.25,0.0
1elUiq4X7pxej6FRlrEzjM,Jorge & Mateus,"sertanejo,sertanejo universitario",15317676,81,0.63,0.79,139.15,0.78,-4.24,0.1,0.29,0.35,0.0
60d24wfXkVzDSfLS6hyCjZ,Martin Garrix,"dance pop,dutch edm,edm,pop,pop dance,progressive house,tropical house",15108353,81,0.53,0.65,126.31,0.25,-6.24,0.04,0.19,0.16,0.04
6VuMaDnrHyPL1p4EHjYLi7,Charlie Puth,"dance pop,pop,viral pop",14060428,81,0.69,0.61,124.2,0.62,-6.16,0.13,0.14,0.37,0.0
7oPftvlwr6VrsViSDV7fJY,Green Day,"permanent wave,punk",12614059,81,0.41,0.95,171.13,0.84,-5.91,0.12,0.74,0.0,0.0
31TPClRtHm23RisEBtV3X7,Justin Timberlake,"dance pop,pop",11249541,81,0.72,0.66,113.91,0.58,-6.36,0.07,0.18,0.12,0.04
20JZFwl6HVl6yg8a4H3ZqK,Panic! At The Disco,modern rock,10945490,81,0.48,0.85,129.69,0.6,-3.11,0.11,0.25,0.12,0.0
22bE4uQ6baNwSHPVcDxLCe,The Rolling Stones,"british invasion,classic rock,rock",10831620,81,0.68,0.7,110.56,0.78,-5.37,0.05,0.12,0.01,0.01
23zg3TcAtWQy7J6upgbUnj,Usher,"atl hip hop,dance pop,pop,r&b,south carolina hip hop,urban contemporary",9075905,81,0.72,0.68,125.72,0.45,-5.01,0.08,0.12,0.14,0.0
4UXqAaa6dQYAk18Lv7PEgX,Fall Out Boy,"emo,modern rock,rock",9068788,81,0.57,0.85,128.08,0.55,-4.85,0.09,0.19,0.06,0.0
4tZwfgrHOc3mvqYlEYSvVi,Daft Punk,"electro,filter house",8261677,81,0.73,0.7,139.5,0.54,-6.48,0.2,0.1,0.28,0.0
0tmwSHipWxN12fsoLcFU3B,Manuel Turizo,"colombian pop,latin,reggaeton,reggaeton colombiano,trap latino",8241855,81,0.73,0.69,131.25,0.68,-5.31,0.11,0.25,0.31,0.0
0jnsk9HBra6NMjO2oANoPY,Flo Rida,"dance pop,miami hip hop,pop,pop rap",8241241,81,0.73,0.78,103.04,0.7,-4.76,0.08,0.2,0.04,0.0
5Rl15oVamLq7FbSb0NNBNy,5 Seconds of Summer,"boy band,dance pop,electropop,pop,post-teen pop",7898452,81,0.63,0.7,131.12,0.56,-4.35,0.1,0.16,0.08,0.0
3AA28KZvwAUcZuOKwyblJQ,Gorillaz,alternative hip hop,7598901,81,0.59,0.77,116.84,0.54,-5.98,0.12,0.34,0.14,0.12
540vIaP2JwjQb9dm3aArA4,DJ Snake,"dance pop,edm,electronic trap,pop,pop dance,pop rap",7465553,81,0.73,0.75,105.52,0.41,-4.4,0.11,0.17,0.17,0.0
46SHBwWsqBkxI7EeeBEQG7,Kodak Black,"florida rap,hip hop,melodic rap,miami hip hop,rap,southern hip hop,trap",7357668,81,0.73,0.61,138.31,0.47,-6.29,0.2,0.18,0.19,0.0
64M6ah0SkkRsnPGtGiRAbb,Bebe Rexha,"dance pop,pop,post-teen pop",6703827,81,0.65,0.66,105.5,0.44,-5.35,0.07,0.19,0.09,0.0
1GDbiv3spRmZ1XdM1jQbT7,Natti Natasha,"latin,latin pop,rap latina,reggaeton,trap latino",6631204,81,0.77,0.78,105.13,0.81,-3.89,0.09,0.2,0.17,0.0
7gOdHgIoIKoe4i9Tta6qdD,Jonas Brothers,"boy band,dance pop,pop,post-teen pop",5600977,81,0.71,0.66,116.2,0.59,-5.86,0.06,0.15,0.1,0.0
4xRYI6VqpkE3UwrDrAZL8L,Logic,"conscious hip hop,dmv rap,hip hop,pop rap,rap",5508836,81,0.72,0.76,126.65,0.57,-5.91,0.2,0.21,0.17,0.0
0hEurMDQu99nJRq8pTxO14,John Mayer,"neo mellow,pop rock,singer-songwriter",5254543,81,0.66,0.45,124.54,0.47,-8.93,0.03,0.13,0.5,0.03
0VRj0yCOv2FXJNP47XQnx5,Quavo,"atl hip hop,hip hop,melodic rap,pop rap,rap,southern hip hop,trap",5229918,81,0.8,0.64,132.77,0.42,-5.2,0.18,0.16,0.13,0.02
5JZ7CnR6gTvEMKX4g70Amv,Lauv,"dance pop,electropop,pop",4566571,81,0.67,0.54,111.25,0.41,-7.0,0.11,0.15,0.28,0.0
3IW7ScrzXmPvZhB27hmfgy,Jul,"francoton,rap marseille",4378943,81,0.83,0.81,132.55,0.69,-4.43,0.2,0.09,0.23,0.0
0KPX4Ucy9dk82uj4GpKesn,Dalex,"latin,r&b en espanol,reggaeton,trap latino",3702678,81,0.69,0.68,167.74,0.66,-4.5,0.19,0.16,0.24,0.0
7vXDAI8JwjW531ouMGbfcp,TINI,"latin pop,pop argentino",3184464,81,0.7,0.68,101.72,0.51,-6.22,0.08,0.3,0.19,0.0
0z4gvV4rjIZ9wHck67ucSV,Akon,dance pop,2876626,81,0.65,0.78,89.98,0.5,-4.72,0.12,0.3,0.03,0.0
3t5xRXzsuZmMDkQzgOX35S,Robin Schulz,"dance pop,deep euro house,deep house,edm,german dance,pop,pop dance,tropical house",2819042,81,0.59,0.76,124.89,0.55,-5.45,0.09,0.15,0.12,0.0
0iEtIxbK0KxaSlF7G42ZOp,Metro Boomin,"hip hop,pop rap,rap,southern hip hop,trap",2664572,81,0.75,0.5,126.28,0.36,-8.03,0.25,0.18,0.24,0.07
25uiPmTg16RbhZWAqwLBy5,Charli XCX,"art pop,candy pop,dance pop,electropop,hyperpop,metropopolis,pop,post-teen pop,uk pop",2433369,81,0.77,0.72,113.86,0.51,-4.89,0.07,0.15,0.05,0.0
4DdkRBBYG6Yk9Ka8tdJ9BW,Offset,"atl hip hop,hip hop,pop rap,rap,southern hip hop,trap",2131591,81,0.84,0.55,129.58,0.39,-6.96,0.2,0.15,0.22,0.03
3jK9MiCrA42lLAdMGUZpwa,Anderson .Paak,escape room,1959692,81,0.71,0.69,137.08,0.52,-6.78,0.37,0.15,0.11,0.0
45dkTj5sMRSjrmBSBeiHym,Tate McRae,"alt z,dance pop,pop,post-teen pop",1809018,81,0.67,0.37,124.15,0.08,-9.39,0.05,0.09,0.78,0.0
6fWVd57NKTalqvmjRd2t8Z,24kGoldn,cali rap,1383086,81,0.73,0.69,110.81,0.73,-4.16,0.07,0.19,0.2,0.0
6cK3NBO6uP7hh0oyuVELFl,Saweetie,"cali rap,dance pop,pop,trap queen",1326878,81,0.91,0.68,111.82,0.45,-6.42,0.22,0.09,0.04,0.0
1zNqQNIdeOUZHb8zbZRFMX,Swae Lee,"melodic rap,trap",1292361,81,0.76,0.63,131.23,0.37,-6.19,0.11,0.18,0.14,0.01
6DgP9otnZw5z6daOntINxp,Joel Corry,"dance pop,pop,pop dance,tropical house,uk dance",220545,81,0.74,0.87,123.96,0.77,-5.02,0.07,0.11,0.1,0.0
0Q8NcsJwoCbZOHHW63su5S,Mora,"reggaeton,trap latino",179353,81,0.55,0.6,83.84,0.54,-5.4,0.08,0.1,0.13,0.0
5ZsFI1h6hIdQRw2ti0hz81,ZAYN,"dance pop,pop,post-teen pop,uk pop",17330989,80,0.55,0.57,125.59,0.34,-6.34,0.07,0.12,0.18,0.0
63yrD80RY3RNEM2YDpUpO8,Melanie Martinez,"alt z,electropop,pop",11391273,80,0.64,0.7,109.97,0.55,-5.68,0.12,0.33,0.5,0.0
1ZwdS5xdxEREPySFridCfh,2Pac,"g funk,gangster rap,hip hop,rap,west coast rap",11292317,80,0.6,0.73,172.33,0.6,-7.01,0.42,0.51,0.14,0.0
7FNnA9vBm6EKceENgCGRMb,Anitta,"funk carioca,funk pop,pagode baiano,pop nacional",10831794,80,0.78,0.74,129.78,0.64,-4.94,0.11,0.19,0.15,0.02
7qG3b048QCHVRO5Pv1T5lw,Enrique Iglesias,"dance pop,latin,latin pop,mexican pop,pop",10407643,80,0.72,0.88,108.0,0.74,-3.16,0.07,0.13,0.16,0.0
0X2BH1fck6amBIoJhDVmmJ,Ellie Goulding,"dance pop,edm,electropop,indietronica,metropopolis,pop,uk pop",9974680,80,0.6,0.68,124.81,0.55,-5.93,0.08,0.18,0.23,0.0
3DiDSECUqqY1AuBP8qtaIa,Alicia Keys,"hip pop,neo soul,pop,r&b,urban contemporary",8994573,80,0.6,0.55,116.69,0.34,-7.4,0.14,0.16,0.51,0.01
1Hsdzj7Dlq2I7tHP7501T4,Niall Horan,"dance pop,pop,post-teen pop",7773847,80,0.58,0.54,128.96,0.44,-6.75,0.04,0.14,0.25,0.0
6icQOAFXDZKsumw3YXyusw,Lil Yachty,"atl hip hop,hip hop,melodic rap,rap,southern hip hop,trap,viral rap",7488317,80,0.81,0.58,132.16,0.51,-6.16,0.23,0.2,0.17,0.01
17lzZA2AlOHwCwFALHttmp,2 Chainz,"atl hip hop,gangster rap,hip hop,pop rap,rap,southern hip hop,trap",6618760,80,0.77,0.54,123.37,0.34,-7.08,0.25,0.18,0.13,0.0
0QHgL1lAIqAw0HtD7YldmP,DJ Khaled,"hip hop,miami hip hop,pop,pop rap,rap,southern hip hop,trap",6442397,80,0.61,0.72,115.81,0.49,-4.69,0.2,0.23,0.08,0.0
3WGpXCj9YhhfX11TToZcXP,Troye Sivan,"australian pop,dance pop,electropop,pop,viral pop",6021449,80,0.61,0.6,114.3,0.47,-7.99,0.06,0.22,0.2,0.0
6DPYiyq5kWVQS4RGwxzPC7,Dr. Dre,"g funk,gangster rap,hip hop,rap,west coast rap",5951664,80,0.78,0.87,119.96,0.66,-4.61,0.28,0.44,0.02,0.0
5y2Xq6xcjJb2jVM54GHK3t,John Legend,"neo soul,pop,pop soul,r&b,urban contemporary",5915102,80,0.53,0.68,121.69,0.53,-5.27,0.14,0.15,0.37,0.0
1anyVhU62p31KFi8MEzkbf,Chance the Rapper,"chicago rap,conscious hip hop,hip hop,pop rap,rap",5422085,80,0.69,0.67,124.39,0.56,-5.97,0.28,0.14,0.19,0.0
0eHQ9o50hj6ZDNBt6Ys1sD,Yandel,"latin,latin hip hop,reggaeton,reggaeton flow,trap latino",5300834,80,0.77,0.79,103.29,0.62,-4.36,0.16,0.21,0.15,0.0
5INjqkS1o8h1imAzPqGZBb,Tame Impala,"australian psych,neo-psychedelic",5158828,80,0.56,0.77,127.8,0.52,-5.13,0.04,0.25,0.03,0.08
0cGUm45nv7Z6M6qdXYQGTX,Kehlani,"dance pop,pop,r&b",5082468,80,0.68,0.63,121.49,0.53,-5.43,0.11,0.12,0.23,0.0
6Te49r3A6f5BiIgBRxH7FH,Ninho,"french hip hop,pop urbaine",4976604,80,0.71,0.7,130.16,0.52,-6.17,0.17,0.15,0.5,0.0
5ZS223C6JyBfXasXxrRqOk,Jhené Aiko,"alternative r&b,dance pop,pop,pop rap,r&b,urban contemporary",4861611,80,0.64,0.62,106.05,0.52,-7.26,0.15,0.12,0.25,0.0
7ltDVBr6mKbRvohxheJ9h1,ROSALÍA,r&b en espanol,4839499,80,0.74,0.62,116.04,0.55,-5.43,0.2,0.16,0.27,0.0
1wZtkThiXbVNtj6hee6dz9,Wisin & Yandel,"electro latino,latin,latin hip hop,reggaeton,trap latino",4722904,80,0.75,0.84,122.02,0.71,-3.3,0.08,0.09,0.18,0.0
5C4PDR4LnhZTbVnKWXuDKD,Morat,"colombian pop,latin,latin pop",4680117,80,0.73,0.75,93.98,0.79,-4.9,0.07,0.15,0.21,0.0
0ghlgldX5Dd6720Q3qFyQB,TOMORROW X TOGETHER,"k-pop,k-pop boy group",4614068,80,0.62,0.8,110.98,0.58,-5.82,0.04,0.06,0.05,0.0
2rhFzFmezpnW82MNqEKVry,Ski Mask The Slump God,"miami hip hop,rap,underground hip hop",4496975,80,0.82,0.58,126.06,0.55,-8.5,0.26,0.17,0.26,0.0
3b8QkneNDz4JHKKKlLgYZg,Florida Georgia Line,"contemporary country,country,country pop,country road,modern country rock",4494172,80,0.53,0.77,150.43,0.6,-5.64,0.07,0.1,0.06,0.0
1z7b1Pr1rSlvWRzsW3HOrS,Russ,"hawaiian hip hop,rap",4118360,80,0.75,0.62,126.57,0.41,-6.76,0.21,0.12,0.2,0.0
4Uc8Dsxct0oMqx0P6i60ea,Conan Gray,"bedroom pop,electropop,indie pop,pop",4081304,80,0.56,0.58,97.68,0.42,-6.03,0.05,0.26,0.24,0.0
0ZED1XzwlLHW4ZaG4lOT6m,Julia Michaels,"alt z,dance pop,electropop,pop,post-teen pop",4049266,80,0.67,0.55,134.61,0.48,-7.01,0.1,0.11,0.4,0.0
1Ffb6ejR6Fe5IamqA5oRUF,Bring Me The Horizon,"melodic metalcore,metalcore,rock,uk metalcore",4028954,80,0.53,0.88,113.39,0.43,-3.81,0.11,0.33,0.01,0.0
49tQo2QULno7gxHutgccqF,LANY,"la pop,pop",4027614,80,0.73,0.54,107.97,0.42,-7.69,0.12,0.18,0.09,0.0
13y7CgLHjMVRMDqxdx0Xdo,Gucci Mane,"atl hip hop,dirty south rap,gangster rap,hip hop,pop rap,rap,southern hip hop,trap",3992608,80,0.81,0.59,135.13,0.42,-5.99,0.17,0.15,0.13,0.0
2RdwBSPQiwcmiDo9kixcl8,Pharrell Williams,pop rap,3673193,80,0.75,0.69,123.9,0.63,-5.11,0.15,0.11,0.19,0.0
3aQeKQSyrW4qWr35idm0cy,T-Pain,"dance pop,hip hop,pop,pop rap,r&b,rap,southern hip hop,urban contemporary",3449906,80,0.76,0.75,100.01,0.45,-5.33,0.23,0.09,0.14,0.0
4IVAbR2w4JJNJDDRFP3E83,6LACK,"alternative r&b,atl hip hop,hip hop,melodic rap,r&b,rap,trap",3147507,80,0.69,0.48,115.15,0.33,-9.02,0.18,0.13,0.33,0.0
3l0CmX0FuQjFxr8SK7Vqag,Clairo,"bedroom pop,indie pop,pop",2832982,80,0.71,0.65,116.51,0.64,-8.12,0.03,0.25,0.38,0.0
3tJoFztHeIJkJWMrx0td2f,Moneybagg Yo,"hip hop,memphis hip hop,rap,southern hip hop,tennessee hip hop,trap",2366832,80,0.86,0.71,144.99,0.7,-4.51,0.28,0.15,0.05,0.0
1TtXnWcUs0FCkaZDPGYHdf,Darell,"latin,latin hip hop,reggaeton,reggaeton flow,trap latino",2329908,80,0.81,0.69,126.89,0.57,-4.33,0.24,0.14,0.41,0.0
2oQX8QiMXOyuqbcZEFsZfm,El Alfa,"dembow,latin,rap dominicano,reggaeton,trap latino",1856527,80,0.85,0.84,120.49,0.75,-3.42,0.1,0.14,0.22,0.01
3tlXnStJ1fFhdScmQeLpuG,Brent Faiyaz,"dmv rap,pop,r&b,rap",1820610,80,0.63,0.35,130.77,0.33,-9.97,0.11,0.12,0.25,0.14
3gIRvgZssIb9aiirIg0nI3,Jeremy Zucker,"electropop,pop",1781412,80,0.8,0.18,93.98,0.61,-11.99,0.06,0.62,0.61,0.0
2feDdbD5araYcm6JhFHHw7,Labrinth,"indie poptimism,pop",1724179,80,0.57,0.63,119.12,0.4,-5.94,0.09,0.15,0.22,0.03
0Dvx6p8JDyzeOPGmaCIH1L,RAF Camora,german hip hop,1358614,80,0.72,0.74,125.39,0.5,-6.67,0.15,0.17,0.27,0.04
3tVQdUvClmAT7URs9V3rsp,WizKid,"afro dancehall,afropop,azonto,nigerian hip hop,nigerian pop",1025245,80,0.73,0.6,114.35,0.55,-6.78,0.2,0.2,0.21,0.0
2LRoIwlKmHjgvigdNGBHNo,Feid,"colombian pop,latin,pop reggaeton,reggaeton,reggaeton colombiano,trap latino",703937,80,0.74,0.69,157.35,0.68,-5.41,0.21,0.18,0.29,0.0
0u6GtibW46tFX7koQ6uNJZ,Topic,"dance pop,edm,electro house,german dance,pop dance,pop edm,tropical house",157027,80,0.79,0.72,122.03,0.66,-5.65,0.22,0.13,0.22,0.0
3vQ0GE3mI0dAaxIMYe5g7z,Paulo Londra,"argentine hip hop,trap argentino,trap latino",13694090,79,0.81,0.62,132.67,0.61,-5.2,0.15,0.13,0.27,0.0
1AL2GKpmRrKXkYIcASuRFa,Wesley Safadão,forro,10122411,79,0.61,0.92,139.99,0.71,-2.94,0.05,0.35,0.12,0.0
4V8Sr092TqfHkfAA5fXXqG,Luis Fonsi,"latin,latin pop,puerto rican pop",9701385,79,0.73,0.81,130.22,0.77,-3.97,0.1,0.14,0.17,0.0
2wUjUUtkb5lvLKcGKsKqsR,Alessia Cara,"canadian contemporary r&b,canadian pop,dance pop,electropop,pop,post-teen pop",9437524,79,0.54,0.6,134.07,0.39,-7.04,0.19,0.21,0.24,0.0
7jy3rLJdDQY21OgRLCZ9sD,Foo Fighters,"alternative metal,alternative rock,modern rock,permanent wave,post-grunge,rock",9155620,79,0.41,0.74,142.02,0.38,-8.19,0.06,0.29,0.0,0.03
51Blml2LZPmy7TTiAg47vQ,U2,"irish rock,permanent wave,rock",8831336,79,0.61,0.7,143.57,0.56,-6.81,0.23,0.22,0.07,0.0
73sIBHcqh3Z3NyqHKZ7FOL,Childish Gambino,"atl hip hop,hip hop,pop rap,rap",8315014,79,0.61,0.48,122.16,0.38,-9.73,0.12,0.27,0.22,0.03
05fG473iIaoy82BF1aGhL8,Slipknot,"alternative metal,double drumming,nu metal,rap metal",7598215,79,0.37,0.96,129.2,0.32,-3.35,0.08,0.14,0.0,0.04
5eAWCfyUhZtHHtBdNk56l1,System Of A Down,"alternative metal,nu metal,rap metal,rock",7578198,79,0.5,0.94,89.49,0.17,-3.04,0.12,0.32,0.01,0.0
0oSGxfWSnnOXhD2fKuz2Gy,David Bowie,"art rock,classic rock,glam rock,permanent wave,rock",7308574,79,0.67,0.71,113.8,0.46,-7.82,0.05,0.1,0.43,0.0
4iHNK0tOyZPYnBU7nGAgpQ,Mariah Carey,"dance pop,pop,r&b,urban contemporary",7061548,79,0.42,0.64,140.96,0.47,-7.42,0.05,0.1,0.28,0.0
6FBDaR13swtiWwGhX1WQsP,blink-182,"pop punk,punk,rock,socal pop punk",6682488,79,0.56,0.92,157.92,0.74,-4.1,0.07,0.07,0.0,0.0
6LqNN22kT3074XbTVUrhzX,Kesha,"dance pop,electropop,pop,post-teen pop",6667324,79,0.59,0.69,120.2,0.4,-5.0,0.07,0.24,0.17,0.02
2DaxqgrOhkeH0fpeiQq2f4,Oasis,"beatlesque,britpop,madchester,permanent wave,rock",6644456,79,0.35,0.92,168.62,0.4,-3.65,0.05,0.17,0.04,0.0
1cNDP5yjU5vjeR8qMf4grg,YNW Melly,"melodic rap,trap",6590966,79,0.73,0.5,137.38,0.42,-8.21,0.16,0.13,0.24,0.0
1l7ZsJRRS8wlW3WfJfPfNS,Christina Aguilera,"dance pop,pop,post-teen pop",6415054,79,0.5,0.57,125.85,0.34,-6.56,0.08,0.15,0.38,0.0
74XFHRwlV6OrjEM0A2NCMF,Paramore,"candy pop,pixie,pop emo,pop punk",6387484,79,0.72,0.78,113.89,0.79,-5.79,0.04,0.07,0.03,0.0
0C0XlULifJtAgn6ZNCW2eu,The Killers,"alternative rock,dance rock,modern rock,permanent wave,rock",6216485,79,0.49,0.87,134.29,0.39,-4.24,0.1,0.15,0.02,0.0
4wLXwxDeWQ8mtUIRPxGiD6,Marc Anthony,"latin,latin pop,modern salsa,salsa,tropical",6140542,79,0.72,0.86,112.54,0.79,-3.13,0.17,0.14,0.22,0.0
6w9ToX5slZ4uIdmD17hJ3c,Bryant Myers,"latin,latin hip hop,reggaeton,reggaeton flow,trap latino",5554669,79,0.82,0.65,119.53,0.55,-4.98,0.16,0.18,0.2,0.0
2EMAnMvWE2eb56ToJVfCWs,Bryson Tiller,"kentucky hip hop,pop,pop rap,r&b,rap,trap",5127424,79,0.67,0.54,128.75,0.44,-7.11,0.21,0.22,0.25,0.0
1LZEQNv7sE11VDY3SdxQeN,Bee Gees,"disco,mellow gold,soft rock",4914706,79,0.71,0.7,103.58,0.95,-11.36,0.03,0.17,0.05,0.0
2FXC3k01G6Gw61bmprjgqS,Hozier,"irish singer-songwriter,modern rock,pop",4865255,79,0.43,0.75,105.55,0.6,-4.5,0.11,0.13,0.22,0.0
6sq1yF0OZEWA4xoXVKW1L9,Alejandro Fernández,"latin,latin arena pop,latin pop,mariachi,mexican pop,ranchera,regional mexican",4601082,79,0.68,0.86,94.95,0.75,-4.71,0.07,0.1,0.24,0.0
23TFHmajVfBtlRx5MXqgoz,Sfera Ebbasta,"italian hip hop,italian pop,trap italiana",4505024,79,0.75,0.67,136.59,0.47,-6.22,0.11,0.17,0.12,0.0
6MDME20pz9RveH9rEXvrOM,Clean Bandit,"dance pop,edm,pop,pop dance,tropical house,uk dance,uk funky",4500995,79,0.72,0.69,107.85,0.57,-4.99,0.04,0.18,0.27,0.0
3Y7RZ31TRPVadSFVy1o8os,H.E.R.,"alternative r&b,dance pop,pop,r&b",4336212,79,0.52,0.51,100.8,0.52,-9.06,0.08,0.13,0.55,0.0
360IAlyVv4PCEVjgyMZrxK,Miguel,"dance pop,pop,r&b,urban contemporary",3647261,79,0.6,0.52,116.47,0.36,-7.86,0.13,0.13,0.31,0.0
3oSJ7TBVCWMDMiYjXNiCKE,Kane Brown,"contemporary country,country,country road",3621506,79,0.67,0.65,95.25,0.49,-5.45,0.04,0.25,0.1,0.0
6ydoSd3N2mwgwBHtF6K7eX,Calum Scott,"neo mellow,pop,pop rock",3618995,79,0.47,0.2,141.32,0.2,-8.26,0.03,0.11,0.88,0.0
5IH6FPUwQTxPSXurCrcIov,Alec Benjamin,"alt z,dream smp,electropop,pop",2962061,79,0.67,0.56,153.07,0.55,-6.46,0.05,0.13,0.69,0.0
7rkW85dBwwrJtlHRDkJDAC,NAV,"canadian hip hop,canadian trap,hip hop,melodic rap,pop rap,rap,toronto rap,trap",2690772,79,0.82,0.64,129.35,0.5,-5.82,0.15,0.18,0.18,0.0
45TgXXqMDdF8BkjA83OM7z,Rod Wave,florida rap,2392063,79,0.84,0.36,131.29,0.26,-11.88,0.14,0.12,0.16,0.0
6cEuCEZu7PAE9ZSzLLc2oQ,R3HAB,"dance pop,dutch house,edm,electro house,pop,pop dance,progressive electro house,slap house,tropical house",2253810,79,0.58,0.7,118.19,0.42,-6.67,0.05,0.11,0.26,0.02
3ipn9JLAPI5GUEo4y4jcoi,Ludacris,"atl hip hop,dirty south rap,hip hop,pop rap,rap,southern hip hop,trap",2235374,79,0.91,0.78,118.54,0.52,-4.4,0.18,0.07,0.03,0.0
1aS5tqEs9ci5P9KD9tZWa6,Bonez MC,"german hip hop,hamburg hip hop",1712282,79,0.74,0.69,111.07,0.39,-7.11,0.25,0.15,0.19,0.08
6Ip8FS7vWT1uKkJSweANQK,Dave,uk hip hop,1530093,79,0.75,0.65,88.01,0.84,-6.22,0.22,0.17,0.33,0.0
48HORs6F9P7IgdyKrk4MZC,Tarcísio do Acordeon,,1454580,79,0.71,0.82,150.06,0.92,-4.79,0.03,0.15,0.68,0.0
70kkdajctXSbqSMJbQO424,Kacey Musgraves,"contemporary country,country dawn,pop,texas country",1027790,79,0.51,0.31,85.47,0.39,-9.62,0.03,0.7,0.87,0.0
41X1TR6hrK8Q2ZCpp2EqCz,bbno$,"canadian hip hop,dark trap,vapor trap",903048,79,0.84,0.39,129.97,0.5,-7.9,0.08,0.14,0.18,0.0
6MPCFvOQv5cIGfw3jODMF0,Internet Money,"rap,trap",465723,79,0.76,0.62,125.48,0.41,-6.66,0.1,0.15,0.18,0.0
4EPJlUEBy49EX1wuFOvtjK,Becky Hill,"dance pop,house,pop,pop dance,pop house,tropical house,uk dance,uk pop",356265,79,0.6,0.53,123.94,0.53,-8.66,0.04,0.14,0.13,0.0
4exLIFE8sISLr28sqG1qNX,Travis Barker,rap rock,342658,79,0.6,0.66,129.42,0.45,-5.22,0.07,0.14,0.13,0.03
5rGrDvrLOV2VV8SCFVGWlj,Imanbek,"dance pop,edm,electro house,pop dance,slap house,tropical house",119077,79,0.74,0.81,123.99,0.82,-4.12,0.04,0.31,0.01,0.01
2DlGxzQSjYe5N6G9nkYghR,Jennifer Lopez,"dance pop,pop,pop rap,urban contemporary",10725356,78,0.78,0.81,126.71,0.66,-3.17,0.16,0.22,0.21,0.0
1Xylc3o4UrD53lo9CvFvVg,Zara Larsson,"dance pop,edm,electropop,pop,pop dance,post-teen pop,scandipop,swedish electropop,swedish pop,tropical house",9266897,78,0.62,0.66,121.58,0.47,-5.84,0.06,0.15,0.16,0.0
2Z0lRIqr997lIUiPtrpKCr,Matheus & Kauan,"pop nacional,sertanejo pop,sertanejo universitario",9169477,78,0.67,0.53,135.03,0.42,-6.17,0.04,0.15,0.01,0.0
0p4nmQO2msCgU4IF37Wi3j,Avril Lavigne,"canadian pop,candy pop,dance pop,pop,post-teen pop",7803107,78,0.65,0.77,119.97,0.6,-5.02,0.08,0.11,0.09,0.0
4bw2Am3p9ji3mYsXNXtQcd,Piso 21,"colombian pop,latin,latin pop,reggaeton,reggaeton colombiano,trap latino",7396359,78,0.78,0.74,114.31,0.72,-4.3,0.08,0.13,0.16,0.0
6XpaIBNiVzIetEPCWDvAFP,Whitney Houston,"dance pop,pop,urban contemporary",7097501,78,0.7,0.75,111.38,0.64,-7.99,0.04,0.09,0.11,0.0
3MHaV05u0io8fQbZ2XPtlC,Prince Royce,"bachata,latin,latin hip hop,latin pop",6466602,78,0.79,0.65,122.48,0.6,-5.98,0.09,0.16,0.37,0.0
6wWVKhxIU2cEi0K81v7HvP,Rammstein,"alternative metal,german metal,industrial,industrial metal,industrial rock,neue deutsche harte,nu metal",6387294,78,0.55,0.81,143.78,0.39,-5.66,0.06,0.14,0.09,0.04
738wLrAtLtCtFOLvQBXOXp,Major Lazer,"dance pop,edm,electro house,moombahton,pop,pop dance,pop rap",6243062,78,0.7,0.78,120.36,0.53,-4.81,0.11,0.2,0.08,0.0
7slfeZO9LsJbWgpkIoXBUJ,Ricky Martin,"dance pop,latin,latin pop,mexican pop,puerto rican pop",6159079,78,0.71,0.88,96.96,0.58,-3.66,0.18,0.23,0.04,0.0
43ZHCT0cAZBISjO8DG9PnE,Elvis Presley,"rock-and-roll,rockabilly",5879667,78,0.46,0.18,91.13,0.54,-17.58,0.04,0.12,0.95,0.01
2qxJFvFYMEDqd7ui6kSAcq,Zedd,"complextro,dance pop,edm,electro house,electropop,german techno,pop,pop dance,tropical house",5563126,78,0.68,0.71,110.68,0.43,-4.5,0.07,0.14,0.3,0.0
6tbjWDEIzxoDsBA1FuhfPW,Madonna,"dance pop,pop",5443999,78,0.82,0.68,123.01,0.63,-6.89,0.17,0.26,0.11,0.0
3KV3p5EY4AvKxOlhGHORLg,Jeremih,"chicago rap,dance pop,hip hop,pop,pop rap,r&b,southern hip hop,trap,urban contemporary",5301822,78,0.55,0.68,105.38,0.3,-5.02,0.08,0.24,0.23,0.0
47MpMsUfWtgyIIBEFOr4FE,Lunay,"latin,latin hip hop,latin pop,reggaeton,reggaeton flow,trap latino",5279685,78,0.76,0.74,103.57,0.78,-3.7,0.05,0.25,0.24,0.0
7guDJrEfX3qb6FEbdPA5qi,Stevie Wonder,"funk,indie r&b,motown,quiet storm,soul",5275211,78,0.59,0.61,122.84,0.86,-11.05,0.06,0.06,0.12,0.0
3EiLUeyEcA6fbRPSHkG5kb,De La Ghetto,"latin,latin hip hop,reggaeton,reggaeton flow,trap latino",5177456,78,0.76,0.83,118.02,0.72,-3.88,0.09,0.24,0.08,0.0
1Mxqyy3pSjf8kZZL4QVxS0,Frank Sinatra,"adult standards,easy listening,lounge",5074924,78,0.51,0.22,130.62,0.6,-13.39,0.05,0.2,0.84,0.0
7EQ0qTo7fWT7DPxmxtSYEc,Bastille,"metropopolis,modern rock,pop,pop rock,tropical house",4834899,78,0.59,0.8,129.54,0.48,-4.03,0.06,0.14,0.23,0.0
4GvEc3ANtPPjt1ZJllr5Zl,Bazzi,"dance pop,electropop,pop",4556970,78,0.73,0.67,101.13,0.46,-5.04,0.05,0.16,0.19,0.0
56oDRnqbIiwx4mymNEv7dS,Lizzo,"dance pop,escape room,minnesota hip hop,pop,trap queen",4127348,78,0.7,0.83,110.98,0.54,-2.98,0.08,0.47,0.17,0.0
6vXTefBL93Dj5IqAWq6OTv,French Montana,"gangster rap,hip hop,pop,pop rap,rap,southern hip hop,trap",4117198,78,0.7,0.72,119.07,0.57,-4.26,0.13,0.18,0.14,0.0
2kRfqPViCqYdSGhYSM9R0Q,Madison Beer,"alt z,dance pop,electropop,pop,post-teen pop",3710570,78,0.58,0.66,125.72,0.45,-5.36,0.09,0.19,0.2,0.0
4YLtscXsxbVgi031ovDDdh,Chris Stapleton,"contemporary country,outlaw country",3628802,78,0.67,0.71,94.75,0.48,-6.19,0.06,0.23,0.05,0.01
5nP8x4uEFjAAmDzwOEc9b8,Matuê,"r&b brasileiro,rap cearense,trap brasileiro",3584609,78,0.68,0.68,153.29,0.42,-4.97,0.14,0.14,0.09,0.0
0ErzCpIMyLcjPiwT4elrtZ,NLE Choppa,memphis hip hop,3560819,78,0.84,0.68,129.48,0.59,-5.22,0.32,0.17,0.1,0.0
1HBjj22wzbscIZ9sEb5dyf,Jonas Blue,"dance pop,edm,pop,pop dance,tropical house,uk dance",3373005,78,0.65,0.76,110.25,0.57,-4.8,0.05,0.13,0.22,0.0
4m6ubhNsdwF4psNf3R8kwR,KHEA,"argentine hip hop,trap argentino,trap latino,trap triste",3372794,78,0.75,0.7,133.35,0.61,-5.63,0.11,0.17,0.45,0.0
7pbDxGE6nQSZVfiFdq9lOL,Rex Orange County,"bedroom pop,pop",3324906,78,0.68,0.56,99.35,0.26,-8.1,0.08,0.28,0.5,0.0
2HPaUgqeutzr3jx5a9WyDV,PARTYNEXTDOOR,"pop,pop rap,r&b,rap,toronto rap,trap,urban contemporary",3258915,78,0.62,0.55,118.5,0.35,-6.96,0.14,0.13,0.28,0.0
5xSx2FM8mQnrfgM1QsHniB,Danna Paola,"latin,latin pop,latin viral pop,mexican pop,pop",3177886,78,0.64,0.77,176.9,0.67,-3.36,0.09,0.18,0.13,0.0
4sTQVOfp9vEMCemLw50sbu,Galantis,"dance pop,edm,electro house,pop,pop dance,tropical house",3143698,78,0.64,0.78,113.41,0.61,-3.77,0.06,0.13,0.09,0.0
2NjfBq1NflQcKSeiDooVjY,Tones And I,"australian pop,pop",2865196,78,0.72,0.53,107.21,0.49,-5.62,0.07,0.2,0.44,0.0
4NHQUGzhtTLFvgF5SZesLK,Tove Lo,"dance pop,electropop,metropopolis,pop,post-teen pop,swedish electropop,swedish pop,swedish synthpop",2853422,78,0.74,0.67,99.42,0.41,-6.41,0.06,0.1,0.1,0.0
12vb80Km0Ew53ABfJOepVz,Ñengo Flow,"latin,latin hip hop,reggaeton,reggaeton flow,trap latino",2764452,78,0.71,0.75,121.36,0.55,-5.28,0.27,0.15,0.09,0.0
2KC9Qb60EaY0kW4eH68vr3,ITZY,k-pop girl group,2685341,78,0.79,0.91,111.53,0.6,-3.74,0.1,0.22,0.08,0.0
0A0FS04o6zMoto8OKPsDwY,YG,"cali rap,gangster rap,hip hop,pop rap,rap,southern hip hop,trap",2682149,78,0.82,0.56,119.98,0.32,-6.43,0.26,0.17,0.09,0.0
57LYzLEk2LcFghVwuWbcuS,Summer Walker,"pop,r&b",2632080,78,0.68,0.53,117.82,0.39,-7.15,0.12,0.14,0.27,0.0
10exVja0key0uqUkk6LJRT,Vance Joy,"folk-pop,modern rock,pop,pop rock",2458881,78,0.61,0.7,114.82,0.5,-6.23,0.03,0.11,0.26,0.0
7z5WFjZAIYejWy0NI5lv4T,Dan + Shay,"contemporary country,country,pop",2410545,78,0.64,0.57,100.27,0.48,-5.55,0.03,0.11,0.24,0.0
4PzYKhC14sTJNEr0dzoo0d,Luísa Sonza,"funk carioca,pop nacional",2078785,78,0.76,0.72,151.4,0.68,-5.26,0.07,0.11,0.3,0.0
3hBQ4zniNdQf1cqqo6hzuW,Salmo,"italian hip hop,italian underground hip hop,rap sardegna",2075370,78,0.7,0.76,125.06,0.55,-6.14,0.29,0.29,0.15,0.0
5Y5TRrQiqgUO4S36tzjIRZ,Timbaland,"dance pop,hip hop,hip pop,pop,pop rap,urban contemporary",2062060,78,0.63,0.8,102.09,0.58,-5.29,0.05,0.14,0.03,0.0
2IDLDx25HU1nQMKde4n61a,Rich Brian,indonesian hip hop,1880181,78,0.88,0.55,158.02,0.42,-7.49,0.39,0.12,0.04,0.0
6C1ohJrd5VydigQtaGy5Wa,Joyner Lucas,"boston hip hop,hip hop,pop rap,rap",1761759,78,0.86,0.76,138.68,0.6,-6.37,0.24,0.16,0.12,0.04
5TYxZTjIPqKM8K8NuP9woO,C. Tangana,urbano espanol,1546557,78,0.77,0.72,114.74,0.53,-4.95,0.2,0.12,0.22,0.01
3wcj11K77LjEY1PkEazffa,Burna Boy,"afro dancehall,dancehall,nigerian hip hop,nigerian pop",1363913,78,0.75,0.71,117.7,0.5,-6.63,0.09,0.13,0.23,0.0
4bL2B6hmLlMWnUEZnorEtG,Felix Jaehn,"dance pop,edm,electro house,german dance,pop,pop dance,pop edm,tropical house",1140027,78,0.73,0.74,121.27,0.7,-5.76,0.04,0.19,0.17,0.0
47mIJdHORyRerp4os813jD,League of Legends,"speedrun,video game music",1131318,78,0.64,0.77,154.23,0.47,-4.67,0.11,0.21,0.03,0.0
1Oa0bMld0A3u5OTYfMzp5h,Nate Dogg,"g funk,gangster rap,hip hop,pop rap,rap,west coast rap",1104391,78,0.55,0.85,171.45,0.1,-3.24,0.19,0.08,0.06,0.0
3CJKkU0XuElRT1z8rEtIYg,Luciano,"german drill,german hip hop",993774,78,0.79,0.63,133.19,0.52,-6.49,0.23,0.19,0.14,0.03
5KNNVgR6LBIABRIomyCwKJ,Dermot Kennedy,"folk-pop,irish pop,pop",986392,78,0.56,0.71,151.6,0.39,-5.89,0.11,0.14,0.12,0.0
4Q6nIcaBED8qUel8bBx6Cr,Jax Jones,"dance pop,edm,electro house,house,pop,pop dance,tropical house,uk dance",952803,78,0.76,0.77,120.19,0.71,-4.67,0.11,0.14,0.17,0.0
57vWImR43h4CaDao012Ofp,Steve Lacy,afrofuturism,760689,78,0.48,0.61,90.03,0.3,-7.04,0.3,0.31,0.05,0.0
0xRXCcSX89eobfrshSVdyu,MEDUZA,"edm,pop dance,pop house,tropical house",451285,78,0.64,0.62,124.04,0.53,-7.7,0.04,0.14,0.08,0.0
6JL8zeS1NmiOftqZTRgdTz,Meghan Trainor,"dance pop,hip pop,pop,post-teen pop",10767451,77,0.65,0.59,134.31,0.57,-5.12,0.12,0.13,0.25,0.0
59jlthNnbmim5l9tmNA7se,Maiara & Maraisa,"sertanejo,sertanejo pop,sertanejo universitario",9416850,77,0.7,0.6,127.71,0.35,-4.57,0.05,0.25,0.5,0.0
0ECwFtbIWEVNwjlrfc6xoL,Eagles,"album rock,classic rock,country rock,folk rock,heartland rock,mellow gold,rock,soft rock,yacht rock",7153313,77,0.6,0.4,165.15,0.54,-10.53,0.03,0.06,0.3,0.0
5CCwRZC6euC8Odo6y9X8jr,Rita Ora,"australian pop,dance pop,edm,electropop,pop,post-teen pop,tropical house,uk pop",6926706,77,0.65,0.71,104.98,0.47,-4.65,0.08,0.1,0.14,0.0
12Chz98pHFMPJEknJQMWvI,Muse,"modern rock,permanent wave,rock",6657434,77,0.46,0.7,145.22,0.38,-4.85,0.05,0.12,0.05,0.0
3mIj9lX2MWuHmhNCA7LSCW,The 1975,"modern alternative rock,modern rock,pop,rock",5132497,77,0.53,0.63,131.2,0.35,-7.04,0.05,0.18,0.15,0.01
0ZCO8oVkMj897cKgFH7fRW,Los Ángeles Azules,"gruperas inmortales,nu-cumbia,regional mexican,tropical",4931667,77,0.79,0.52,94.0,0.78,-5.42,0.04,0.09,0.4,0.0
1gPhS1zisyXr5dHTYZyiMe,Kevin Gates,"baton rouge rap,pop rap,rap,southern hip hop,trap",4476924,77,0.82,0.76,81.54,0.73,-4.63,0.33,0.2,0.02,0.0
5NGO30tJxFlKixkPSgXcFE,The Police,"album rock,art rock,classic rock,mellow gold,new wave,permanent wave,rock,soft rock",4456948,77,0.82,0.45,117.4,0.74,-9.8,0.03,0.07,0.54,0.0
3eqjTLE0HfPfh78zjh6TqT,Bruce Springsteen,"classic rock,heartland rock,mellow gold,permanent wave,rock,singer-songwriter",4353943,77,0.36,0.67,139.99,0.41,-8.44,0.05,0.73,0.36,0.0
00XhexlJEXQstHimpZN910,Brytiago,"latin,latin hip hop,reggaeton,reggaeton flow,trap latino",4208280,77,0.82,0.67,119.78,0.53,-4.99,0.21,0.16,0.48,0.0
5zctI4wO9XSKS8XwcnqEHk,Lil Mosey,"melodic rap,rap,rap conscient,trap,vapor trap",3979656,77,0.69,0.65,97.38,0.42,-6.42,0.09,0.14,0.23,0.0
0epOFNiUfyON9EYx7Tpr6V,The Strokes,"alternative rock,garage rock,modern rock,permanent wave,rock",3965496,77,0.55,0.74,130.8,0.38,-4.35,0.05,0.17,0.05,0.06
6x2LnllRG5uGarZMsD4iO8,Thomas Rhett,"contemporary country,country,country road,modern country rock",3922553,77,0.49,0.64,117.0,0.53,-6.27,0.04,0.18,0.03,0.0
4OBJLual30L7gRl5UkeRcT,T.I.,"atl hip hop,dance pop,dirty south rap,gangster rap,hip hop,pop rap,rap,southern hip hop,trap",3897433,77,0.64,0.68,132.99,0.36,-6.39,0.22,0.14,0.16,0.0
5M9Bb4adKAgrOFOhc05Y50,Pablo Alborán,"latin,latin arena pop,latin pop,spanish pop",3871921,77,0.48,0.49,144.51,0.66,-6.59,0.3,0.32,0.6,0.0
5IcR3N7QB1j6KBL8eImZ8m,ScHoolboy Q,"gangster rap,hip hop,pop rap,rap,southern hip hop,trap,underground hip hop",3851066,77,0.78,0.61,130.25,0.41,-6.2,0.25,0.16,0.17,0.0
2wkoKEfS6dXwThbyTnZWFU,Mau y Ricky,"latin,latin pop,pop venezolano,reggaeton,trap latino",3842636,77,0.68,0.76,161.43,0.77,-3.38,0.14,0.21,0.1,0.0
4D75GcNG95ebPtNvoNVXhz,Afrojack,"big room,dance pop,dutch house,edm,electro house,pop dance,pop rap,tropical house",3732082,77,0.63,0.73,108.43,0.4,-5.44,0.08,0.14,0.09,0.0
4AVFqumd2ogHFlRbKIjp1t,Alesso,"dance pop,edm,electro house,pop,pop dance,progressive electro house,tropical house",3688951,77,0.68,0.72,116.34,0.54,-5.28,0.05,0.17,0.16,0.03
77AiFEVeAVj2ORpC85QVJs,Steve Aoki,"dance pop,edm,electro house,pop,pop dance,pop rap,tropical house",3597784,77,0.65,0.75,115.57,0.41,-4.72,0.09,0.32,0.11,0.0
5H1nN1SzW0qNeUEZvuXjAj,Danny Ocean,"latin,latin pop,pop venezolano,reggaeton,trap latino",3301402,77,0.76,0.72,103.76,0.47,-6.24,0.13,0.07,0.19,0.0
4NUePmzDvCYqilXBFa91Hg,Dilsinho,"pagode,pagode novo",3151288,77,0.52,0.74,138.1,0.78,-7.18,0.07,0.95,0.56,0.0
4QQgXkCYTt3BlENzhyNETg,"Earth, Wind & Fire","disco,funk,jazz funk,motown,quiet storm,soul",3128307,77,0.69,0.91,125.9,0.98,-3.69,0.03,0.3,0.18,0.0
4LEiUm1SRbFMgfqnQTwUbQ,Bon Iver,"eau claire indie,indie folk,melancholia",3064830,77,0.41,0.33,99.5,0.18,-10.88,0.04,0.26,0.84,0.01
6CwfuxIqcltXDGjfZsMd9A,MARINA,"dance pop,electropop,metropopolis,pop,uk alternative pop",3048557,77,0.76,0.74,116.95,0.33,-5.35,0.04,0.1,0.36,0.0
2jw70GZXlAI8QzWeY2bgRc,Nelly Furtado,"canadian latin,canadian pop,dance pop,pop,pop rap",2777566,77,0.81,0.97,114.33,0.87,-6.1,0.05,0.15,0.06,0.0
20qISvAhX20dpIbOOzGK3q,Nas,"conscious hip hop,east coast hip hop,gangster rap,hardcore hip hop,hip hop,queens hip hop,rap",2536549,77,0.56,0.74,124.78,0.44,-4.92,0.33,0.37,0.17,0.0
3Z02hBLubJxuFJfhacLSDc,Bryan Adams,"album rock,canadian pop,canadian singer-songwriter,classic canadian rock,heartland rock,mellow gold,soft rock",2288933,77,0.5,0.44,76.87,0.38,-8.65,0.02,0.06,0.45,0.0
0e86yPdC41PGRkLp2Q1Bph,Mother Mother,vancouver indie,2252334,77,0.53,0.92,95.98,0.49,-2.67,0.07,0.42,0.0,0.0
1nzgtKYFckznkcVMR3Gg4z,KSI,uk hip hop,2111799,77,0.68,0.64,134.6,0.5,-5.9,0.15,0.18,0.14,0.0
6s22t5Y3prQHyaHWUN1R1C,AJR,modern rock,1970976,77,0.66,0.63,108.5,0.73,-4.73,0.04,0.13,0.21,0.0
6nS5roXSAGhTGr34W6n7Et,Disclosure,"house,pop,uk dance",1960108,77,0.82,0.56,127.8,0.46,-8.36,0.1,0.14,0.08,0.0
2UZIAOlrnyZmyzt1nuXr9y,Nicki Nicole,"argentine hip hop,r&b argentino,trap argentino,trap latino",1876573,77,0.75,0.57,83.49,0.37,-5.47,0.06,0.13,0.29,0.0
7eLcDZDYHXZCebtQmVFL25,Aitana,"latin pop,latin talent show,spanish pop",1630994,77,0.54,0.67,131.01,0.37,-4.07,0.1,0.07,0.45,0.0
6QtgPSJPSzcnn7dPZ4VINp,King Von,chicago rap,1293081,77,0.83,0.61,146.57,0.48,-7.7,0.31,0.12,0.04,0.0
64aJYyrXljOodnUG6jvhRD,DJ Luian,"latin,latin hip hop,reggaeton,reggaeton flow,trap latino",1155938,77,0.81,0.63,126.0,0.51,-6.17,0.09,0.18,0.36,0.0
45eNHdiiabvmbp4erw26rg,ILLENIUM,"edm,melodic dubstep,pop,pop dance,tropical house",1155818,77,0.52,0.67,128.73,0.31,-5.89,0.04,0.14,0.18,0.0
3hv9jJF3adDNsBSIQDqcjp,Mark Ronson,"dance pop,neo soul,pop",929878,77,0.59,0.67,108.65,0.41,-6.31,0.06,0.27,0.02,0.0
0YinUQ50QDB7ZxSCLyQ40k,Mustard,"cali rap,hip hop,pop rap,rap,southern hip hop,trap",898530,77,0.82,0.52,117.99,0.27,-7.1,0.14,0.2,0.21,0.0
1r1uxoy19fzMxunt3ONAkG,Phoebe Bridgers,"indie pop,indie rock,la indie,pop",845759,77,0.6,0.6,141.53,0.17,-7.86,0.04,0.16,0.15,0.0
2ydZrTy8U3kOMOzx20s3dg,DJ Nelson,"latin,latin hip hop,reggaeton,reggaeton flow,trap latino",786767,77,0.84,0.68,90.01,0.68,-4.8,0.14,0.11,0.27,0.0
20gsENnposVs2I4rQ5kvrf,Sam Feldt,"dance pop,edm,electro house,pop,pop dance,pop edm,tropical house",652151,77,0.59,0.64,107.36,0.65,-3.87,0.12,0.1,0.08,0.0
6WY7D3jk8zTrHtmkqqo5GI,Maren Morris,"contemporary country,country,texas country",603055,77,0.67,0.66,95.75,0.45,-5.26,0.04,0.17,0.12,0.0
7okSU80WTrn4LXlyXYbX3P,Clinton Kane,"alt z,pop",532289,77,0.57,0.74,120.08,0.36,-5.46,0.06,0.18,0.21,0.0
5KKpBU5eC2tJDzf0wmlRp2,RAYE,"dance pop,edm,house,pop,pop dance,tropical house,uk contemporary r&b,uk dance,uk pop",438964,77,0.73,0.75,132.0,0.61,-5.17,0.09,0.15,0.11,0.01
7b79bQFziJFedJb75k6hFt,Tion Wayne,london rap,375721,77,0.57,0.52,100.45,0.7,-8.05,0.24,0.13,0.0,0.0
2T1aUibqR2QC2sINIDQOAK,Mambo Kingz,reggaeton flow,159833,77,0.81,0.63,126.0,0.51,-6.17,0.09,0.18,0.36,0.0
09agIJMxCD2k87ys9Al0f0,VIZE,"dance pop,edm,german dance,pop dance,slap house,tropical house",148210,77,0.76,0.88,127.98,0.63,-4.03,0.08,0.12,0.19,0.0
0n6sKrG0xKAf8xmdqeNGke,Los Legendarios,"reggaeton,trap latino",48122,77,0.82,0.82,100.0,0.79,-3.4,0.17,0.14,0.31,0.0
3BmGtnKgCSGYIUhmivXKWX,Kelly Clarkson,"dance pop,neo mellow,pop,pop rock,post-teen pop,talent show",8042210,76,0.56,0.73,142.19,0.55,-5.94,0.07,0.18,0.15,0.0
3AQRLZ9PuTAozP28Skbq8V,The Script,"celtic rock,dance pop,neo mellow,pop,pop rock,post-teen pop",6864989,76,0.68,0.59,93.0,0.64,-7.64,0.11,0.37,0.23,0.0
7gZfnEnfiaHzxARJ2LeXrf,6ix9ine,"emo rap,rap",6546941,76,0.75,0.7,119.37,0.51,-5.68,0.2,0.18,0.09,0.0
4phGZZrJZRo4ElhRtViYdl,Jason Mraz,"acoustic pop,neo mellow,pop,pop rock",6267362,76,0.69,0.46,150.95,0.72,-8.32,0.05,0.1,0.6,0.0
1z4g3DjTBBZKhvAroFlhOM,Red Velvet,"k-pop,k-pop girl group",5987771,76,0.69,0.7,144.99,0.61,-3.0,0.05,0.07,0.19,0.0
1moxjboGR7GNWYIMWsRjgG,Florence + The Machine,"baroque pop,pop,uk alternative pop",5672004,76,0.53,0.45,100.66,0.27,-7.96,0.04,0.13,0.59,0.0
3qvcCP2J0fWi0m0uQDUf6r,Luan Santana,"sertanejo,sertanejo pop,sertanejo universitario",5572707,76,0.65,0.79,128.12,0.53,-4.77,0.04,0.53,0.3,0.0
3HqSLMAZ3g3d5poNaI7GOU,IU,k-pop,5476220,76,0.68,0.87,120.03,0.59,-1.57,0.04,0.13,0.12,0.0
4S9EykWXhStSc15wEx8QFK,Céline Dion,"canadian pop,dance pop",5296152,76,0.35,0.6,172.08,0.17,-5.26,0.03,0.31,0.48,0.0
4yiQZ8tQPux8cPriYMWUFP,Gwen Stefani,"dance pop,hip pop,pop,post-teen pop,urban contemporary",4916059,76,0.52,0.88,185.97,0.92,-4.29,0.06,0.12,0.01,0.0
1GxkXlMwML1oSg5eLPiAz3,Michael Bublé,"adult standards,canadian pop,jazz pop,lounge",4763113,76,0.52,0.42,105.87,0.48,-8.95,0.04,0.14,0.62,0.0
7d3WFRME3vBY2cgoP38RDo,Lil Skies,"melodic rap,rap,trap",4743214,76,0.74,0.66,126.37,0.44,-6.38,0.12,0.17,0.23,0.0
4vhNDa5ycK0ST968ek7kRr,Carlos Vives,"champeta,colombian pop,latin,latin pop,tropical,vallenato",4642843,76,0.74,0.91,137.52,0.8,-3.59,0.09,0.34,0.14,0.0
4WZGDpNwrC0vNQyl9QzF7d,Capital Bra,german hip hop,4134453,76,0.68,0.69,120.99,0.52,-5.46,0.29,0.14,0.33,0.0
5rSXSAkZ67PYJSvpUpkOr7,Backstreet Boys,"boy band,dance pop",4092354,76,0.56,0.57,144.06,0.5,-9.36,0.02,0.05,0.28,0.0
6LnJKrtFnTEGdbWQ2riWCL,Ezhel,"turkish hip hop,turkish trap",4029717,76,0.8,0.6,145.26,0.53,-5.93,0.1,0.16,0.2,0.03
0SfsnGyD8FpIN4U4WCkBZ5,Armin van Buuren,"dutch trance,edm,pop dance,progressive house,trance",3951183,76,0.38,0.96,103.41,0.16,-3.91,0.07,0.29,0.01,0.0
6w3SkAHYPsQ1bxV7VDlG5y,Cazzu,"argentine hip hop,latin,latin pop,rap latina,reggaeton,trap argentino,trap latino",3877943,76,0.66,0.61,121.03,0.54,-6.3,0.14,0.11,0.42,0.0
4EzkuveR9pLvDVFNx6foYD,James Bay,"modern rock,neo mellow,pop,pop rock",3464525,76,0.54,0.51,123.35,0.3,-7.19,0.04,0.11,0.42,0.0
67nwj3Y5sZQLl72VNUHEYE,Wale,"dance pop,gangster rap,hip hop,pop,pop rap,r&b,rap,southern hip hop,trap,urban contemporary",3285042,76,0.76,0.72,100.11,0.6,-6.7,0.15,0.49,0.33,0.0
2UwqpfQtNuhBwviIC0f2ie,Damso,"belgian hip hop,french hip hop,pop urbaine,rap belge,rap conscient",3175378,76,0.74,0.61,136.35,0.41,-7.74,0.17,0.14,0.2,0.05
5dHt1vcEm9qb8fCyLcB3HL,A$AP Ferg,"hip hop,pop rap,rap,southern hip hop,trap,underground hip hop",3099261,76,0.79,0.77,167.65,0.33,-4.52,0.25,0.16,0.04,0.0
5gCRApTajqwbnHHPbr2Fpi,Juicy J,"crunk,dirty south rap,gangster rap,hip hop,memphis hip hop,pop rap,rap,southern hip hop,trap",2639071,76,0.72,0.73,151.04,0.56,-5.38,0.21,0.27,0.16,0.0
4ScCswdRlyA23odg9thgIO,Jess Glynne,"australian pop,dance pop,pop,pop dance,post-teen pop,tropical house,uk pop",2593050,76,0.71,0.72,110.12,0.49,-4.53,0.06,0.13,0.2,0.0
2SrSdSvpminqmStGELCSNd,Stormzy,"grime,uk hip hop",2356775,76,0.7,0.76,137.03,0.52,-4.78,0.23,0.2,0.13,0.0
1CoZyIx7UvdxT5c8UkMzHd,Jorja Smith,"pop,r&b,uk contemporary r&b",2349317,76,0.71,0.68,123.28,0.6,-7.2,0.14,0.13,0.18,0.13
2DspEsT7UXGKd2VaaedgG4,Alex Rose,"latin,reggaeton,reggaeton flow,trap latino",2297637,76,0.69,0.56,92.02,0.55,-5.69,0.09,0.09,0.21,0.0
7DMveApC7UnC2NPfPvlHSU,Cheat Codes,"dance pop,edm,electro house,electropop,pop,pop dance,pop edm,tropical house",1948858,76,0.61,0.76,123.39,0.43,-4.8,0.09,0.12,0.08,0.03
6Ad91Jof8Niiw0lGLLi3NW,YUNGBLUD,"british indie rock,modern rock,pop,rock",1882635,76,0.53,0.85,138.35,0.39,-3.71,0.11,0.28,0.01,0.0
3JhNCzhSMTxs9WLGJJxWOY,Macklemore,"pop rap,seattle hip hop",1778044,76,0.75,0.66,120.0,0.36,-5.84,0.06,0.12,0.15,0.0
1G9G7WwrXka3Z1r7aIDjI7,Outkast,"atl hip hop,dirty south rap,hip hop,rap,southern hip hop",1766458,76,0.73,0.97,79.53,0.96,-2.26,0.07,0.17,0.1,0.0
6W5uA6CNMf3hd2j4a2XWCx,Naps,"francoton,french hip hop,pop urbaine,rap marseille",1428431,76,0.9,0.94,142.95,0.8,-2.76,0.27,0.06,0.12,0.0
3PyJHH2wyfQK3WZrk9rpmP,Ashnikko,"alt z,electropop,escape room,pop",1375183,76,0.83,0.66,121.88,0.77,-6.14,0.13,0.37,0.24,0.0
1IueXOQyABrMOprrzwQJWN,Sigala,"dance pop,edm,pop,pop dance,tropical house",1333822,76,0.72,0.87,121.68,0.72,-3.01,0.06,0.12,0.05,0.0
54R6Y0I7jGUCveDTtI21nb,Boney M.,europop,1131255,76,0.78,0.72,112.54,0.92,-8.72,0.04,0.2,0.28,0.0
2p1fiYHYiXz9qi0JJyxBzN,Skepta,"birmingham grime,grime,instrumental grime,rap",966711,76,0.78,0.57,117.29,0.25,-7.22,0.11,0.19,0.23,0.03
6bmlMHgSheBauioMgKv2tn,Powfu,sad rap,958953,76,0.73,0.43,144.03,0.35,-8.76,0.14,0.7,0.73,0.0
5CiGnKThu5ctn9pBxv7DGa,benny blanco,"electropop,pop,pop rap",826084,76,0.63,0.56,111.39,0.45,-6.42,0.16,0.17,0.41,0.01
2LmcxBak1alK1bf7d1beTr,Juhn,"latin,reggaeton,reggaeton flow,trap latino",811159,76,0.71,0.61,159.99,0.37,-5.66,0.15,0.09,0.23,0.0
0H39MdGGX6dbnnQPt6NQkZ,SAINt JHN,"melodic rap,pop rap,rap,slap house,trap",762483,76,0.63,0.64,119.88,0.68,-6.27,0.13,0.24,0.09,0.0
4ETSs924pXMzjIeD6E9b4u,Surfaces,"bedroom soul,pop",755164,76,0.72,0.53,142.86,0.68,-6.48,0.07,0.07,0.37,0.0
5JMLG56F1X5mFmWNmS0iAp,Chelsea Cutler,"alt z,electropop,pop,tropical house",500973,76,0.62,0.66,105.0,0.41,-8.14,0.04,0.32,0.03,0.0
1Ts9of7VPZElwPQnqnDSfW,Lyanno,"latin,reggaeton,reggaeton flow,trap boricua,trap latino",454271,76,0.64,0.61,124.0,0.65,-5.36,0.1,0.21,0.17,0.0
45gHcnDnMC15sgx3VL7ROG,42 Dugg,"detroit trap,rap,southern hip hop,trap",432244,76,0.87,0.53,129.08,0.37,-5.66,0.34,0.1,0.26,0.0
4ofCBoyEiGSePFAG500xev,Regard,"dance pop,edm,pop,pop dance,pop edm,slap house,tropical house",158098,76,0.86,0.76,118.45,0.83,-4.82,0.06,0.15,0.11,0.0
37230BxxYs9ksS7OkZw3IU,Chencho Corleone,reggaeton flow,155922,76,0.74,0.74,160.64,0.77,-4.62,0.17,0.18,0.28,0.0
7i9j813KFoSBMldGqlh2Z1,Riton,"dance pop,edm,house,pop dance,tropical house,uk dance",88778,76,0.74,0.83,124.05,0.52,-4.71,0.04,0.09,0.01,0.0
2nm38smINjms1LtczR0Cei,Goodboys,uk dance,29506,76,0.64,0.64,124.01,0.58,-7.73,0.04,0.11,0.08,0.0
5Wg2b4Mp42gicxEeDNawf7,A7S,scandipop,26856,76,0.79,0.72,122.03,0.66,-5.65,0.22,0.13,0.22,0.0
3gd8FJtBJtkRxdfbTu19U2,Mumford & Sons,"modern folk rock,modern rock,pop rock,stomp and holler,uk americana",6153487,75,0.5,0.73,146.01,0.31,-7.94,0.04,0.1,0.03,0.08
5yG7ZAZafVaAlMTeBybKAL,Iggy Azalea,"australian hip hop,dance pop,hip pop,pop,pop rap,post-teen pop",5701178,75,0.9,0.69,107.97,0.53,-5.78,0.16,0.25,0.01,0.0
1mX1TWKpNxDSAH16LgDfiR,Jesse & Joy,"latin,latin arena pop,latin pop,mexican pop,pop",5227775,75,0.7,0.84,101.99,0.62,-3.55,0.09,0.12,0.01,0.0
1Y8cdNmUJH7yBTd9yOvr5i,Destiny's Child,"dance pop,girl group,hip pop,pop,r&b,urban contemporary",5130101,75,0.69,0.84,99.79,0.64,-1.18,0.19,0.06,0.05,0.0
3RtNN1VnooWEn3KQk03DUL,Noriel,"latin,latin hip hop,reggaeton,reggaeton flow,trap latino",4999436,75,0.75,0.62,105.67,0.37,-5.54,0.17,0.08,0.12,0.0
3Fl1V19tmjt57oBdxXKAjJ,Blueface,"cali rap,trap",4490569,75,0.84,0.54,110.35,0.58,-7.47,0.26,0.16,0.08,0.0
0u2FHSq3ln94y5Q57xazwf,Keith Urban,"australian country,australian pop,contemporary country,country,country road",4361816,75,0.7,0.54,82.96,0.59,-6.5,0.07,0.57,0.25,0.0
3NH8t45zOTqzlZgBvZRjvB,PNL,"french hip hop,pop urbaine",4339391,75,0.73,0.58,113.79,0.34,-7.86,0.1,0.11,0.38,0.0
3koiLjNrgRTNbOwViDipeA,Marvin Gaye,"classic soul,funk,indie r&b,motown,northern soul,quiet storm,soul",4256676,75,0.66,0.6,129.99,0.8,-10.87,0.03,0.18,0.43,0.0
4mN0qcMxWX8oToqfDPM5yV,José José,"bolero,cancion melodica,latin pop",4133226,75,0.38,0.61,109.31,0.52,-6.24,0.04,0.18,0.77,0.0
0rvjqX7ttXeg3mTy8Xscbt,Journey,"album rock,classic rock,hard rock,mellow gold,rock,soft rock",3847071,75,0.5,0.75,118.85,0.51,-9.07,0.04,0.45,0.13,0.0
3FUY2gzHeIiaesXtOAdB7A,Train,"dance pop,neo mellow,pop,pop rock",3812716,75,0.46,0.83,81.53,0.57,-2.19,0.07,0.34,0.0,0.0
7gP3bB2nilZXLfPHJhMdvc,Foster The People,"indietronica,modern alternative rock,modern rock,pop rock,rock",3270411,75,0.73,0.71,127.98,0.96,-5.85,0.03,0.1,0.14,0.12
5DUlefCLzVRzNWaNURTFpK,Cali Y El Dandee,"champeta,colombian pop,electro latino,latin,latin pop,reggaeton,reggaeton colombiano,trap latino",3231957,75,0.73,0.81,113.0,0.76,-3.41,0.05,0.32,0.06,0.0
73jBynjsVtofjRpdpRAJGk,Dimitri Vegas & Like Mike,"belgian dance,belgian edm,big room,dance pop,edm,electro house,pop dance,progressive electro house,tropical house",3108326,75,0.72,0.86,93.04,0.72,-2.7,0.06,0.29,0.16,0.0
7IlRNXHjoOCgEAWN5qYksg,Aya Nakamura,"basshall,francoton",3093092,75,0.8,0.66,95.51,0.58,-6.62,0.22,0.11,0.22,0.0
5SulO4l40qDuV9zUGLZx7n,Capo Plaza,"italian hip hop,trap italiana",3013007,75,0.72,0.6,134.38,0.29,-7.08,0.14,0.15,0.16,0.0
15iVAtD3s3FsQR4w1v6M0P,Chief Keef,"chicago bop,chicago drill,chicago rap,drill,hip hop,pop rap,rap,southern hip hop,trap,underground hip hop",2923672,75,0.73,0.57,75.49,0.32,-6.72,0.32,0.38,0.01,0.0
1hcdI2N1023RvSwLzTtdsp,Natalia Lafourcade,"latin,latin alternative,latin pop,mexican pop,rock en espanol,veracruz indie",2851734,75,0.79,0.52,94.0,0.78,-5.42,0.04,0.09,0.4,0.0
1pPmIToKXyGdsCF6LmqLmI,Rich The Kid,"atl hip hop,hip hop,melodic rap,plugg,pop rap,rap,southern hip hop,trap",2683671,75,0.84,0.6,119.36,0.46,-6.94,0.28,0.16,0.08,0.0
5BcAKTbp20cv7tC5VqPFoC,Macklemore & Ryan Lewis,"pop rap,seattle hip hop",2562079,75,0.64,0.92,146.08,0.85,-4.46,0.08,0.09,0.03,0.0
3NPpFNZtSTHheNBaWC82rB,X Ambassadors,"modern alternative rock,modern rock,pop,pop rap,pop rock,rock,stomp pop",2531520,75,0.52,0.76,123.83,0.39,-4.89,0.23,0.24,0.13,0.0
1pgDilWYDWLoOgGjf1iHNu,Zion,"latin,latin hip hop,reggaeton,reggaeton flow,trap latino",2506001,75,0.74,0.76,133.37,0.73,-3.36,0.13,0.25,0.19,0.0
2P5sC9cVZDToPxyomzF1UH,Joey Bada$$,"conscious hip hop,hip hop,rap,underground hip hop",2316763,75,0.64,0.69,137.85,0.54,-5.64,0.27,0.18,0.2,0.0
2kucQ9jQwuD8jWdtR9Ef38,Sam Hunt,"contemporary country,country pop",2133519,75,0.73,0.46,98.94,0.66,-7.22,0.03,0.14,0.45,0.0
0NIPkIjTV8mB795yEIiPYL,Wallows,"indie pop,modern rock,pop",2032211,75,0.68,0.68,120.02,0.64,-6.44,0.03,0.27,0.16,0.0
7yntSJ6uojO3z6GFUVwhAW,CORPSE,"dream smp,viral rap",1900850,75,0.61,0.94,84.98,0.39,-7.44,0.12,0.1,0.0,0.0
4LXBc13z5EWsc5N32bLxfH,Nekfeu,"french hip hop,pop urbaine,rap conscient",1882603,75,0.72,0.52,117.23,0.36,-8.47,0.28,0.19,0.45,0.0
25u4wHJWxCA9vO0CzxAbK7,Lukas Graham,"danish pop,pop,scandipop",1861267,75,0.72,0.54,119.7,0.44,-5.5,0.07,0.18,0.23,0.0
1WgXqy2Dd70QQOU7Ay074N,AURORA,"art pop,norwegian pop",1852569,75,0.32,0.4,145.1,0.27,-8.53,0.04,0.14,0.85,0.0
4rTv3Ejc7hKMtmoBOK1B4T,Ali Gatie,"canadian hip hop,pop",1783863,75,0.67,0.41,90.3,0.31,-9.06,0.07,0.12,0.5,0.0
3QSQFmccmX81fWCUSPTS7y,Dean Lewis,"australian pop,pop,pop rock",1741400,75,0.61,0.67,116.87,0.52,-5.84,0.03,0.19,0.56,0.0
1qQLhymHXFPtP5U8KNKsm6,Apache 207,german hip hop,1731356,75,0.8,0.63,134.86,0.46,-7.31,0.16,0.13,0.26,0.06
5pVRwX5ZQR7hfJ18w8ZYkl,Ufo361,"german cloud rap,german hip hop",1721392,75,0.75,0.62,127.57,0.36,-7.62,0.18,0.2,0.18,0.01
0xOeVMOz2fVg5BJY3N6akT,Jaden,"hip hop,pop,rap",1639576,75,0.66,0.62,128.26,0.45,-8.13,0.2,0.31,0.29,0.0
5EvFsr3kj42KNv97ZEnqij,Shaggy,"pop rap,reggae fusion",1604107,75,0.8,0.77,93.96,0.8,-4.5,0.1,0.39,0.04,0.0
1fux65HMCBvfJHqlBc4Nno,Casper Magico,"latin,latin hip hop,reggaeton,reggaeton flow,trap latino",1476779,75,0.9,0.68,96.51,0.44,-3.44,0.21,0.06,0.54,0.0
1fctva4kpRbg2k3v7kwRuS,Rvssian,"latin,latin hip hop,reggaeton,reggaeton flow,trap latino",1465370,75,0.72,0.72,141.21,0.44,-4.81,0.1,0.15,0.14,0.0
1MIVXf74SZHmTIp4V4paH4,Mabel,"dance pop,edm,pop,pop dance,post-teen pop,tropical house,uk pop",1428107,75,0.71,0.78,129.42,0.66,-3.41,0.11,0.16,0.34,0.0
2kXKa3aAFngGz2P4GjG5w2,SCH,"french hip hop,pop urbaine,rap francais,rap marseille",1349700,75,0.85,0.83,144.65,0.67,-3.94,0.25,0.08,0.11,0.0
3qnGvpP8Yth1AqSBMqON5x,Leon Bridges,modern blues,1299841,75,0.69,0.26,88.97,0.36,-7.92,0.04,0.1,0.45,0.0
5QdEbQJ3ylBnc3gsIASAT5,G Herbo,"chicago drill,chicago rap,drill,rap,southern hip hop,trap",1290267,75,0.88,0.81,119.01,0.8,-3.16,0.18,0.21,0.03,0.0
6h1s4i4XKIYv4ErDelLDN0,Samra,german hip hop,1067996,75,0.66,0.71,121.66,0.47,-5.18,0.35,0.14,0.29,0.0
1W7FNibLa0O0b572tB2w7t,Pink Sweat$,"bedroom soul,pop",1027539,75,0.81,0.42,91.92,0.67,-5.93,0.03,0.13,0.78,0.0
7gXb99Sf9nNmpNYeAgIQFG,Sub Urban,modern indie pop,1001843,75,0.53,0.59,78.62,0.63,-1.86,0.32,0.18,0.26,0.0
4xnihxcoXWK3UqryOSnbw5,Sasha Alex Sloan,"alt z,electropop,pop",958681,75,0.61,0.65,122.98,0.35,-6.97,0.06,0.1,0.14,0.0
55fhWPvDiMpLnE4ZzNXZyW,Noah Cyrus,"alt z,dance pop,pop,post-teen pop",909197,75,0.66,0.55,108.27,0.41,-5.83,0.05,0.2,0.45,0.0
2ZRQcIgzPCVaT9XKhXZIzh,Gryffin,"dance pop,edm,electro house,pop,pop dance,tropical house",742574,75,0.58,0.72,138.32,0.47,-4.3,0.05,0.14,0.12,0.0
0BqURncJM5B1BBu7UM51eq,Guaynaa,"latin,reggaeton,reggaeton flow,trap latino",666156,75,0.8,0.83,96.03,0.85,-2.96,0.18,0.36,0.14,0.0
3ApUX1o6oSz321MMECyIYd,Quinn XCII,"electropop,indie pop rap,pop,pop rap",663266,75,0.73,0.86,145.03,0.77,-2.2,0.09,0.32,0.08,0.0
14CHVeJGrR5xgUGQFV5BVM,Fivio Foreign,"brooklyn drill,new york drill,rap,trap",636473,75,0.55,0.67,99.67,0.52,-4.74,0.36,0.13,0.23,0.0
4AKwRarlmsUlLjIwt38NLw,Ofenbach,"dance pop,edm,electro house,new french touch,pop,pop dance,tropical house",442615,75,0.8,0.76,124.32,0.66,-5.92,0.1,0.08,0.08,0.0
2gsggkzM5R49q6jpPvazou,Jessie J,"dance pop,pop,pop rap,post-teen pop",9075283,74,0.63,0.68,140.68,0.68,-3.18,0.07,0.49,0.61,0.0
3cjEqqelV9zb4BYE3qDQ4O,EXO,"k-pop,k-pop boy group",8410420,74,0.72,0.81,130.63,0.65,-4.21,0.07,0.12,0.09,0.0
0eecdvMrqBftK0M1VKhaF4,CNCO,"boy band,latin,latin pop,reggaeton",8131628,74,0.72,0.82,92.2,0.58,-4.1,0.08,0.2,0.17,0.0
5p7f24Rk5HkUZsaS3BLG5F,Hailee Steinfeld,"dance pop,pop,post-teen pop",7063900,74,0.62,0.69,115.11,0.49,-6.19,0.09,0.12,0.14,0.0
7iZtZyCzp3LItcw1wtPI3D,Rae Sremmurd,"hip hop,melodic rap,mississippi hip hop,pop rap,rap,southern hip hop,trap",6558030,74,0.79,0.63,136.88,0.24,-5.96,0.08,0.18,0.08,0.0
2iojnBLj0qIMiKPvVhLnsH,Trey Songz,"dance pop,hip pop,pop,pop r&b,r&b,southern hip hop,trap,urban contemporary",6118317,74,0.82,0.5,73.0,0.52,-7.38,0.15,0.11,0.03,0.0
1UTPBmNbXNTittyMJrNkvw,Blake Shelton,"contemporary country,country,country road,oklahoma country",6029848,74,0.52,0.88,185.97,0.92,-4.29,0.06,0.12,0.01,0.0
7gAppWoH7pcYmphCVTXkzs,The Vamps,"boy band,dance pop,pop,post-teen pop",4727082,74,0.57,0.78,137.53,0.43,-4.7,0.04,0.19,0.0,0.0
2cnMpRsOVqtPMfq7YiFE6K,Van Halen,"album rock,classic rock,hard rock,metal,rock",4239429,74,0.48,0.88,121.26,0.56,-6.3,0.07,0.2,0.14,0.14
3CDoRporvSjdzTrm99a3gi,LUDMILLA,"funk carioca,funk pop,pagode baiano,pop nacional",4206802,74,0.86,0.79,139.02,0.76,-4.75,0.18,0.08,0.28,0.0
6ZLTlhejhndI4Rh53vYhrY,Ozzy Osbourne,"album rock,birmingham metal,hard rock,metal,rock",3799060,74,0.48,0.9,128.46,0.18,-1.61,0.11,0.26,0.05,0.0
74KM79TiuVKeVCqs8QtB0B,Sabrina Carpenter,"alt z,dance pop,electropop,pop,post-teen pop,viral pop",3784707,74,0.65,0.66,147.8,0.39,-4.53,0.1,0.13,0.07,0.0
4MVyzYMgTwdP7Z49wAZHx0,Lynyrd Skynyrd,"album rock,blues rock,classic rock,country rock,hard rock,mellow gold,rock,southern rock",3640947,74,0.6,0.6,97.8,0.89,-12.14,0.03,0.09,0.18,0.0
0NbfKEOTQCcwd6o7wSDOHI,The Game,"gangster rap,hip hop,pop rap,rap,southern hip hop,trap",3574438,74,0.65,0.57,120.58,0.42,-9.14,0.28,0.36,0.32,0.0
6tzRZ39aZlNqlUzQlkuhDV,Pabllo Vittar,"dance pop,funk carioca,funk pop,pop lgbtq+ brasileira,pop nacional",3421582,74,0.73,0.77,134.77,0.69,-5.27,0.1,0.19,0.22,0.0
3oDbviiivRWhXwIE8hxkVV,The Beach Boys,"baroque pop,brill building pop,classic rock,psychedelic rock,rock,sunshine pop",3322210,74,0.6,0.55,130.59,0.97,-9.34,0.03,0.05,0.11,0.0
0GOx72r5AAEKRGQFn3xqXK,GIMS,"francoton,french hip hop,french pop,rap conscient",3151142,74,0.64,0.44,105.15,0.72,-10.25,0.36,0.07,0.76,0.0
21WS9wngs9AqFckK7yYJPM,PnB Rock,"melodic rap,pop r&b,pop rap,r&b,rap,southern hip hop,trap,vapor trap",3104787,74,0.73,0.64,132.83,0.53,-5.98,0.19,0.13,0.13,0.0
0gadJ2b9A4SKsB1RFkBb66,Passenger,"folk-pop,neo mellow,pop,pop rock",2847178,74,0.51,0.54,75.09,0.24,-7.34,0.06,0.1,0.38,0.0
7t0rwkOPGlDPEhaOcVtOt9,The Cranberries,"irish rock,pop rock",2593541,74,0.42,0.54,121.09,0.3,-11.76,0.03,0.32,0.04,0.0
1o2NpYGqHiCq7FoiYdyd1x,Bea Miller,"alt z,dance pop,electropop,indie poptimism,modern rock,pop,post-teen pop,talent show",2457386,74,0.69,0.67,135.31,0.49,-6.05,0.06,0.23,0.1,0.0
58wXmynHaAWI5hwlPZP3qL,Booba,"francoton,french hip hop,old school rap francais,pop urbaine,rap conscient",2233242,74,0.81,0.69,132.96,0.46,-6.29,0.18,0.16,0.29,0.01
0ONHkAv9pCAFxb0zJwDNTy,Pusha T,"alternative hip hop,gangster rap,hip hop,pop rap,rap,southern hip hop,trap,underground hip hop,virginia hip hop",2135451,74,0.65,0.67,100.94,0.35,-4.9,0.19,0.37,0.08,0.0
0PFtn5NtBbbUNbU9EAmIWF,TOTO,"album rock,classic rock,mellow gold,rock,soft rock,yacht rock",2029800,74,0.67,0.37,92.72,0.73,-18.06,0.03,0.05,0.26,0.0
1Bl6wpkWCQ4KVgnASpvzzA,BROCKHAMPTON,"boy band,hip hop,rap",1863827,74,0.65,0.65,129.34,0.55,-6.36,0.16,0.22,0.31,0.0
1YfEcTuGvBQ8xSD1f53UnK,Busta Rhymes,"east coast hip hop,hardcore hip hop,hip hop,hip pop,pop rap,rap",1858894,74,0.6,0.89,77.9,0.68,-4.34,0.31,0.68,0.04,0.0
2wIVse2owClT7go1WT98tk,Missy Elliott,"dance pop,hip hop,hip pop,pop,pop rap,r&b,rap,urban contemporary,virginia hip hop",1764666,74,0.78,0.74,113.51,0.45,-6.29,0.12,0.16,0.05,0.0
1hzfo8twXdOegF3xireCYs,Milky Chance,german pop,1541178,74,0.74,0.66,114.03,0.8,-6.76,0.03,0.06,0.1,0.0
2cWZOOzeOm4WmBJRnD5R7I,Normani,"dance pop,pop,post-teen pop,r&b,urban contemporary",1439904,74,0.74,0.67,129.32,0.57,-5.38,0.08,0.19,0.15,0.0
6Dd3NScHWwnW6obMFbl1BH,Daya,"alt z,dance pop,edm,electropop,indie poptimism,pop,pop dance,post-teen pop,tropical house,uk pop",1293600,74,0.66,0.74,131.97,0.4,-4.96,0.08,0.28,0.13,0.0
7sfl4Xt5KmfyDs2T3SVSMK,Lil Jon,"atl hip hop,crunk,dance pop,dirty south rap,pop rap,southern hip hop",1189964,74,0.89,0.79,105.02,0.58,-4.7,0.11,0.04,0.02,0.0
59wfkuBoNyhDMQGCljbUbA,Diddy,"dance pop,east coast hip hop,hip hop,hip pop,pop rap,rap",1188362,74,0.59,0.65,88.94,0.35,-7.44,0.33,0.39,0.07,0.0
5eioJDe26lOqkAMbuhzZYs,Gzuz,"deep german hip hop,german hip hop,hamburg hip hop",1153646,74,0.72,0.76,111.88,0.42,-5.9,0.3,0.2,0.1,0.0
2oX42qP5ineK3hrhBECLmj,Andy Grammer,"dance pop,modern rock,neo mellow,pop,pop rap,pop rock,post-teen pop",985398,74,0.73,0.54,117.46,0.46,-6.12,0.03,0.13,0.32,0.0
6ltzsmQQbmdoHHbLZ4ZN25,Lord Huron,"indie folk,stomp and holler",928442,74,0.44,0.37,174.11,0.1,-9.51,0.04,0.64,0.97,0.28
4Xi6LSfFqv26XgP9NKN26U,AJ Tracey,"grime,uk hip hop,ukg revival",927551,74,0.77,0.57,77.05,0.52,-6.8,0.22,0.11,0.01,0.0
35l9BRT7MXmM8bv2WDQiyB,beabadoobee,"bedroom pop,bubblegrunge,indie pop",812068,74,0.73,0.43,144.03,0.35,-8.76,0.14,0.7,0.73,0.0
7keGfmQR4X5w0two1xKZ7d,Kungs,"new french touch,pop dance,tropical house",767562,74,0.73,0.77,117.93,0.66,-4.73,0.05,0.19,0.07,0.0
6U3ybJ9UHNKEdsH7ktGBZ7,JID,"hip hop,rap,underground hip hop",712160,74,0.73,0.69,139.52,0.54,-4.96,0.3,0.1,0.21,0.0
1bqxdqvUtPWZri43cKHac8,MAX,"dance pop,electropop,pop,post-teen pop,viral pop",701566,74,0.69,0.68,122.52,0.53,-6.01,0.07,0.21,0.15,0.0
4kYGAK2zu9EAomwj3hXkXy,JP Cooper,"neo mellow,pop,pop rock,tropical house,uk pop",681555,74,0.68,0.74,106.95,0.55,-5.49,0.04,0.18,0.21,0.0
5g63iWaMJ2UrkZMkCC8dMi,Lil Tracy,"dark trap,emo rap,melodic rap,underground hip hop,vapor trap",503102,74,0.37,0.8,170.03,0.18,-4.92,0.08,0.07,0.02,0.0
3klZnJvYGIbWritVwQD434,Duncan Laurence,dutch pop,329300,74,0.45,0.33,71.88,0.27,-12.6,0.04,0.14,0.82,0.0
3lY9Fxceu60W1rbon7PkuF,Omar Montes,"flamenco urbano,trap latino,urbano espanol",326226,74,0.67,0.75,178.0,0.7,-4.7,0.06,0.11,0.21,0.0
2NfSBtmWe7oPw1EmetJVso,Boza,reggaeton,321691,74,0.72,0.76,100.07,0.83,-5.01,0.06,0.1,0.36,0.0
7uMh23xWiuR7zsNkuNcm2G,MNEK,"tropical house,uk contemporary r&b,uk dance",254395,74,0.66,0.8,134.47,0.59,-4.44,0.06,0.16,0.09,0.0
3fZk3Gm5dN5v5yfYMQ04Bx,Dímelo Flow,"latin,reggaeton,reggaeton flow,trap latino",238726,74,0.78,0.65,132.45,0.54,-3.74,0.14,0.08,0.23,0.0
2o08sCWF5yyo2G4DCiT7T9,HVME,slap house,44304,74,0.77,0.66,124.95,0.44,-7.43,0.04,0.13,0.32,0.0
6sFIWsNpZYqfjUpaCgueju,Carly Rae Jepsen,"canadian pop,dance pop,electropop,indie poptimism,pop,post-teen pop",4750505,73,0.62,0.63,150.71,0.52,-6.15,0.04,0.1,0.02,0.01
1RBzGO6Nm3uyhUSxP7EDWO,Kevin Roldan,"latin,latin hip hop,reggaeton,reggaeton colombiano,reggaeton flow,trap latino",4154189,73,0.79,0.65,92.98,0.71,-6.84,0.11,0.12,0.36,0.0
6PXS4YHDkKvl1wkIl4V8DL,Fetty Wap,"new jersey rap,pop rap,rap,southern hip hop,trap",4150110,73,0.61,0.86,157.95,0.43,-4.58,0.13,0.25,0.05,0.0
00me4Ke1LsvMxt5kydlMyU,Cosculluela,"latin,latin hip hop,perreo,reggaeton,reggaeton flow,trap latino",4073016,73,0.77,0.71,143.84,0.77,-5.02,0.22,0.24,0.16,0.0
7mnBLXK823vNxN3UWB7Gfz,The Black Keys,"alternative rock,blues rock,garage rock,modern blues rock,modern rock,punk blues,rock,roots rock",3555736,73,0.61,0.68,122.01,0.7,-7.44,0.03,0.23,0.02,0.0
2ysnwxxNtSgbb9t1m2Ur4j,George Ezra,"folk-pop,modern rock,neo-singer-songwriter,pop,pop rock",3511296,73,0.63,0.65,123.19,0.7,-7.02,0.04,0.19,0.38,0.0
2VYQTNDsvvKN9wmU5W7xpj,Marilyn Manson,"alternative metal,industrial,industrial metal,industrial rock,nu metal,wrestling",3441925,73,0.48,0.94,168.18,0.31,-6.78,0.18,0.09,0.13,0.0
7H55rcKCfwqkyDFH9wpKM6,Christina Perri,"dance pop,neo mellow,pop,pop rock,post-teen pop,viral pop",3102769,73,0.42,0.41,139.03,0.16,-7.44,0.03,0.11,0.31,0.0
4IMAo2UQchVFyPH24PAjUs,Jowell & Randy,"latin,latin hip hop,perreo,reggaeton,reggaeton flow,trap latino",3012791,73,0.76,0.74,117.79,0.75,-3.87,0.18,0.15,0.09,0.0
7jefIIksOi1EazgRTfW2Pk,Electric Light Orchestra,"album rock,art rock,beatlesque,classic rock,glam rock,mellow gold,rock,soft rock,symphonic rock",2937791,73,0.39,0.34,177.76,0.48,-10.05,0.03,0.25,0.65,0.0
2jnIB6XdLvnJUeNTy5A0J2,Why Don't We,"boy band,dance pop,pop,post-teen pop,teen pop",2933702,73,0.69,0.57,115.37,0.42,-5.37,0.04,0.09,0.21,0.0
3XHO7cRUPCLOr6jwp8vsx5,alt-J,"indie rock,modern rock",2893708,73,0.5,0.74,143.4,0.59,-5.48,0.04,0.19,0.14,0.0
6KZDXtSj0SzGOV705nNeh3,Kid Ink,"dance pop,hip hop,pop rap,rap,southern hip hop,trap",2715675,73,0.65,0.86,114.87,0.7,-4.32,0.17,0.09,0.34,0.0
7nwUJBm0HE4ZxD3f5cy5ok,Aretha Franklin,"classic soul,jazz blues,memphis soul,soul,southern soul",2709975,73,0.65,0.48,110.52,0.71,-10.19,0.04,0.16,0.39,0.0
2Kx7MNY7cI1ENniW7vT30N,Norah Jones,"adult standards,contemporary vocal jazz,jazz pop,neo mellow,vocal jazz",2646183,73,0.48,0.07,95.16,0.27,-20.03,0.03,0.1,0.89,0.0
3SUT1jjM5hzZj9TLfLZGIP,Tego Calderon,"latin,latin hip hop,rap boricua,reggaeton,trap latino",2637192,73,0.86,0.73,93.04,0.65,-2.95,0.06,0.09,0.4,0.0
7KMqksf0UMdyA0UCf4R3ux,James Blunt,"neo mellow,pop,pop rock",2471524,73,0.67,0.65,97.98,0.5,-6.92,0.05,0.1,0.26,0.0
2x7PC78TmgqpEIjaGAZ0Oz,Trueno,"argentine hip hop,bases de freestyle,trap argentino,trap latino",2328900,73,0.68,0.73,93.89,0.63,-5.25,0.15,0.49,0.37,0.0
6S0dmVVn4udvppDhZIWxCr,Sean Kingston,"dance pop,miami hip hop,pop,post-teen pop,urban contemporary",2290096,73,0.72,0.61,121.22,0.83,-4.17,0.03,0.11,0.05,0.0
5rkVyNGXEgeUqKkB5ccK83,Ashanti,"dance pop,hip hop,hip pop,r&b,urban contemporary",2209876,73,0.82,0.6,125.99,0.76,-5.02,0.2,0.25,0.02,0.0
6nxWCVXbOlEVRexSbLsTer,Flume,"australian dance,australian electropop,australian indie,downtempo,edm",2208571,73,0.62,0.6,103.76,0.3,-5.45,0.04,0.12,0.19,0.0
0haZhu4fFKt0Ag94kZDiz2,Sofía Reyes,"dance pop,latin,latin pop,mexican pop,pop,reggaeton",2061381,73,0.77,0.83,100.02,0.69,-3.7,0.06,0.17,0.12,0.0
6mU8ucezzms5I2kNH6HNlu,Conor Maynard,"dance pop,pop,post-teen pop,uk pop,viral pop",1856214,73,0.66,0.82,122.47,0.41,-4.46,0.08,0.15,0.15,0.0
7F2utINZ6tSokSiZTQBE27,Guè Pequeno,italian hip hop,1706174,73,0.72,0.7,117.92,0.37,-6.2,0.16,0.25,0.2,0.0
3Gm5F95VdRxW3mqCn8RPBJ,Aminé,"hip hop,pop,portland hip hop,rap,underground hip hop",1646219,73,0.83,0.42,121.0,0.65,-8.0,0.22,0.21,0.13,0.0
1QRj3hoop9Mv5VvHQkwPEp,Olivia O'Brien,"alt z,dance pop,electropop,indie poptimism,pop,post-teen pop",1638358,73,0.49,0.28,92.6,0.18,-13.4,0.3,0.1,0.69,0.0
1ackd5XprZEkH3McKbQD51,Juan Magán,"dance pop,electro latino,latin,latin pop,reggaeton",1605145,73,0.76,0.74,109.64,0.52,-4.49,0.09,0.39,0.13,0.0
77tT1kLj6mCWtFNqiOmP9H,Daryl Hall & John Oates,"album rock,classic rock,mellow gold,rock,soft rock,yacht rock",1598938,73,0.71,0.67,147.88,0.87,-7.87,0.04,0.08,0.42,0.06
32vWCbZh0xZ4o9gkz4PsEU,Dolly Parton,"classic country pop,country,country dawn",1574043,73,0.63,0.52,156.94,0.69,-7.77,0.04,0.11,0.68,0.0
4Yttlv9ndGjCDCVLqM7ACq,Sido,german hip hop,1568750,73,0.66,0.69,160.11,0.49,-7.91,0.24,0.1,0.21,0.0
4VmEWwd8y9MCLwexFMdpwt,Method Man,"east coast hip hop,gangster rap,hardcore hip hop,hip hop,rap,southern hip hop",1488872,73,0.72,0.81,90.99,0.76,-4.94,0.31,0.37,0.13,0.0
4f9iBmdUOhQWeP7dcAn1pf,Rag'n'Bone Man,neo soul,1467338,73,0.6,0.75,113.45,0.55,-5.73,0.24,0.19,0.21,0.0
2XzXLjXRSeFtsic4ieyLJy,Wilbur Soot,"dream smp,indie pop",1380606,73,0.55,0.45,104.53,0.74,-13.04,0.12,0.11,0.38,0.0
4QVBYiagIaa6ZGSPMbybpy,Pedro Capó,"latin,latin pop,puerto rican pop",1377585,73,0.78,0.8,136.46,0.85,-3.4,0.05,0.1,0.3,0.0
0bdfiayQAKewqEvaU6rXCv,MØ,"art pop,dance pop,danish pop,electropop,indie poptimism,pop,tropical house",1349087,73,0.67,0.75,121.49,0.4,-4.3,0.08,0.28,0.13,0.0
4WN5naL3ofxrVBgFpguzKo,Rudimental,"dance pop,edm,house,pop,pop dance,tropical house,uk dance,uk funky",1296815,73,0.65,0.81,116.44,0.51,-5.48,0.06,0.26,0.09,0.0
5LeiVcEnsZcwc133TUhJNW,Belinda,"dance pop,latin,latin arena pop,latin pop,mexican pop,pop,post-teen pop",1215451,73,0.68,0.72,92.05,0.51,-5.5,0.08,0.7,0.02,0.0
1ThoqLcyIYvZn7iWbj8fsj,Bill Withers,"funk,motown,quiet storm,soul",1199872,73,0.61,0.43,83.74,0.55,-11.19,0.07,0.12,0.51,0.0
2KsP6tYLJlTBvSUxnwlVWa,Mike Posner,"dance pop,pop,pop rap",1185870,73,0.65,0.63,107.42,0.75,-6.19,0.18,0.08,0.09,0.0
3ZuBEj9ppJe8GSdKaMTfMN,Nimo,"german hip hop,swedish hip hop",1115782,73,0.72,0.72,120.31,0.61,-5.54,0.17,0.17,0.24,0.0
3dRfiJ2650SZu6GbydcHNb,John Williams,soundtrack,1049218,73,0.42,0.11,46.72,0.8,-22.51,0.04,0.18,0.99,0.03
4ZgQDCtRqZlhLswVS6MHN4,grandson,"modern alternative rock,modern rock,rock",921074,73,0.51,0.88,154.03,0.65,-5.66,0.16,0.08,0.0,0.0
3RqBeV12Tt7A8xH3zBDDUF,Kelsea Ballerini,"contemporary country,country,pop",895917,73,0.54,0.65,105.16,0.47,-5.3,0.04,0.07,0.07,0.0
6Y64EaNqpqcZYTgs4c76gF,jxdn,pop,841825,73,0.55,0.8,115.06,0.46,-3.94,0.04,0.63,0.12,0.0
0ZUvK7zGdXLd78mQr3t1Tw,Ricky Montgomery,"alt z,indie pop,la indie,pop",808144,73,0.43,0.65,190.03,0.51,-4.97,0.03,0.26,0.26,0.0
5yPzzu25VzEk8qrGTLIrE1,Young Nudy,"hip hop,rap,southern hip hop,trap,underground hip hop,vapor trap",734056,73,0.82,0.56,140.4,0.45,-6.19,0.24,0.15,0.06,0.0
2XcZshqzPKm3iZcmt73R8D,Pablo Chill-E,"reggaeton flow,trap chileno,trap latino,urbano espanol",676103,73,0.68,0.68,156.02,0.51,-4.5,0.05,0.1,0.09,0.0
4qIVPF0s71ZYW3qzhu5GkF,Kina,"sad lo-fi,sad rap",676004,73,0.5,0.18,114.38,0.1,-17.63,0.11,0.12,0.81,0.01
34v5MVKeQnIo0CWYMbbrPf,John Newman,,656214,73,0.74,0.74,123.02,0.53,-4.97,0.08,0.09,0.07,0.0
7uaIm6Pw7xplS8Dy06V6pT,Trevor Daniel,"alternative r&b,melodic rap,pop,pop rap",646233,73,0.7,0.48,103.52,0.26,-6.91,0.04,0.13,0.11,0.0
6USv9qhCn6zfxlBQIYJ9qs,Dominic Fike,"alternative pop rock,pop",565676,73,0.82,0.52,151.89,0.88,-6.59,0.09,0.1,0.22,0.0
4AA474G2hRfrHyGrfyDseO,Mozzy,"cali rap,sacramento hip hop,trap",546439,73,0.63,0.55,126.69,0.31,-6.76,0.33,0.16,0.28,0.0
4utLUGcTvOJFr6aqIJtYWV,Skylar Grey,"piano rock,viral pop",485015,73,0.68,0.78,133.25,0.39,-4.71,0.19,0.41,0.16,0.0
73Np75Wv2tju61Eo9Zw4IR,Idina Menzel,"hollywood,show tunes",361114,73,0.4,0.44,127.31,0.34,-8.16,0.05,0.16,0.74,0.0
6k8mwkKJKKjBILo7ypBspl,Ana Mena,"latin pop,spanish pop",357549,73,0.76,0.78,121.97,0.9,-5.32,0.04,0.34,0.39,0.0
6UCQYrcJ6wab6gnQ89OJFh,Headie One,uk hip hop,344743,73,0.77,0.59,116.5,0.44,-5.67,0.31,0.17,0.2,0.0
66W9LaWS0DPdL7Sz8iYGYe,JP Saxe,"alt z,canadian contemporary r&b,electropop,pop,pop rock",294547,73,0.46,0.47,75.8,0.6,-10.09,0.13,0.11,0.87,0.0
2WBJQGf1bT1kxuoqziH5g4,Purple Disco Machine,"deep house,disco house,house,tropical house",292682,73,0.69,0.81,108.08,0.7,-5.08,0.1,0.11,0.1,0.0
03d2mJXSMtuPI0nIvLnhoS,Zoe Wees,german pop,233280,73,0.6,0.46,113.82,0.07,-4.95,0.03,0.15,0.64,0.0
4VIvfOurcf0vuLRxLkGnIG,Bradley Cooper,hollywood,188197,73,0.51,0.36,102.85,0.29,-6.91,0.03,0.16,0.58,0.0
1xr2G8Hlx4QWmT9HaUbmoO,Young Stoner Life,"rap,trap",63038,73,0.9,0.48,107.76,0.51,-10.32,0.24,0.09,0.0,0.0
1l8Fu6IkuTP0U5QetQJ5Xt,Fifth Harmony,"dance pop,girl group,pop,post-teen pop,talent show",13312243,72,0.67,0.62,128.65,0.45,-5.74,0.09,0.15,0.2,0.0
4x1nvY2FN8jxqAFA0DA02H,John Lennon,"album rock,art rock,beatlesque,classic rock,folk rock,mellow gold,rock,soft rock",4422166,72,0.33,0.61,146.54,0.4,-11.08,0.03,0.76,0.32,0.0
5ZfBThYiIIhL7jHMG8gDB2,Ferrugem,pagode,4249242,72,0.68,0.84,159.97,0.72,-3.4,0.11,0.87,0.5,0.0
7HkdQ0gt53LP4zmHsL0nap,Ella Mai,"dance pop,pop,pop r&b,pop rap,r&b,uk contemporary r&b,urban contemporary",3857642,72,0.64,0.66,88.01,0.34,-6.36,0.06,0.2,0.19,0.0
7CUFPNi1TU8RowpnFRSsZV,Niska,"francoton,french hip hop,pop urbaine,rap francais",3813238,72,0.69,0.78,130.86,0.37,-5.43,0.25,0.2,0.3,0.0
4STHEaNw4mPZ2tzheohgXB,Paul McCartney,"album rock,art rock,beatlesque,classic rock,mellow gold,rock,soft rock",3683528,72,0.77,0.51,94.74,0.77,-8.91,0.03,0.07,0.32,0.0
23wEWD21D4TPYiJugoXmYb,Thalia,"dance pop,latin,latin pop,mexican pop",3550638,72,0.79,0.86,98.03,0.73,-3.09,0.06,0.18,0.13,0.0
5bWUlnPx9OYKsLiUJrhCA1,Jon Z,"reggaeton,reggaeton flow,trap latino",3471299,72,0.88,0.67,101.01,0.13,-5.18,0.05,0.07,0.32,0.0
6Ha4aES39QiVjR0L2lwuwq,Yo Gotti,"dirty south rap,gangster rap,hip hop,memphis hip hop,pop rap,rap,southern hip hop,tennessee hip hop,trap",3456731,72,0.81,0.57,134.75,0.56,-6.99,0.25,0.28,0.06,0.0
2AfmfGFbe0A0WsTYm0SDTx,(G)I-DLE,"k-pop,k-pop girl group",2900498,72,0.63,0.8,154.01,0.43,-4.43,0.05,0.23,0.01,0.0
2UMj7NCbuqy1yUZmiSYGjJ,MC Kevin o Chris,"funk 150 bpm,funk carioca",2790184,72,0.8,0.65,140.15,0.7,-6.26,0.29,0.18,0.63,0.0
1zuJe6b1roixEKMOtyrEak,Tina Turner,"disco,mellow gold,new wave pop,soft rock",2635081,72,0.75,0.66,105.02,0.62,-5.91,0.15,0.06,0.28,0.0
19eLuQmk9aCobbVDHc6eek,Louis Armstrong,"adult standards,dixieland,harlem renaissance,jazz trumpet,new orleans jazz,swing,vocal jazz",2367292,72,0.56,0.42,149.24,0.71,-11.18,0.1,0.24,0.66,0.0
5e4Dhzv426EvQe3aDb64jL,Shania Twain,"canadian country,canadian pop,country,country dawn,dance pop",2336316,72,0.63,0.48,63.48,0.64,-7.59,0.03,0.13,0.47,0.0
2yEwvVSSSUkcLeSTNyHKh8,TOOL,"alternative metal,alternative rock,art rock,nu metal,progressive metal,progressive rock,rock",2267859,72,0.3,0.46,109.21,0.19,-12.48,0.04,0.11,0.14,0.79
3RGLhK1IP9jnYFH4BRFJBS,The Clash,"classic rock,permanent wave,punk,rock",2198909,72,0.74,0.84,113.38,0.82,-6.46,0.12,0.38,0.08,0.0
1q7T9rFQ2a2ukA1PU51fo3,Koba LaD,"french hip hop,pop urbaine,rap francais",2191618,72,0.74,0.81,105.06,0.6,-3.93,0.08,0.17,0.22,0.0
6GI52t8N5F02MxU0g5U69P,Santana,"blues rock,classic rock,mexican classic rock",2168137,72,0.79,0.73,101.05,0.36,-4.96,0.13,0.14,0.03,0.0
37hAfseJWi0G3Scife12Il,City Girls,"dance pop,pop,pop rap,r&b,scam rap,trap queen",1693368,72,0.81,0.76,101.96,0.55,-4.69,0.05,0.13,0.01,0.0
2jzc5TC5TVFLXQlBNiIUzE,a-ha,"europop,new romantic,new wave,new wave pop,permanent wave,soft rock,synthpop",1606837,72,0.57,0.9,84.41,0.88,-7.64,0.05,0.09,0.02,0.0
3utZ2yeQk0Z3BCOBWP7Vlu,Cro,german hip hop,1557271,72,0.74,0.64,96.85,0.58,-5.56,0.06,0.2,0.23,0.0
19i93sA0D7yS9dYoVNBqAA,tha Supreme,"italian hip hop,italian pop,trap italiana",1460351,72,0.68,0.71,141.28,0.57,-6.05,0.16,0.24,0.12,0.0
68kEuyFKyqrdQQLLsmiatm,Vince Staples,"conscious hip hop,escape room,hip hop,rap,underground hip hop",1429638,72,0.69,0.84,140.06,0.68,-4.69,0.24,0.28,0.37,0.0
5AZuEF0feCXMkUCwQiQlW7,Marracash,"italian hip hop,italian pop,italian underground hip hop,rap napoletano",1422276,72,0.71,0.72,127.82,0.49,-5.79,0.19,0.25,0.17,0.0
2cy1zPcrFcXAJTP0APWewL,Gente De Zona,"cubaton,latin,latin hip hop,latin pop",1378331,72,0.66,0.91,102.02,0.76,-2.99,0.07,0.24,0.1,0.0
4RVnAU35WRWra6OZ3CbbMA,Kylie Minogue,"australian dance,australian pop,dance pop,electropop,eurodance,europop,new wave pop,pop",1362516,72,0.68,0.38,86.95,0.42,-7.12,0.04,0.17,0.75,0.0
7jdFEYD2LTYjfwxOdlVjmc,KALEO,"icelandic indie,icelandic rock,modern alternative rock,modern rock",1329804,72,0.49,0.5,163.26,0.34,-8.02,0.12,0.1,0.58,0.0
50JJSqHUf2RQ9xsHs0KMHg,Jon Bellion,pop rap,1236977,72,0.68,0.56,96.12,0.49,-5.98,0.06,0.15,0.03,0.0
53KwLdlmrlCelAZMaLVZqU,James Blake,"alternative r&b,indie soul,uk alternative pop",1202127,72,0.57,0.45,139.23,0.21,-9.83,0.23,0.13,0.39,0.01
7nDsS0l5ZAzMedVRKPP8F1,Ella Henderson,"dance pop,pop,pop dance,post-teen pop,talent show,tropical house,uk pop",1197540,72,0.68,0.59,114.92,0.48,-5.04,0.03,0.14,0.02,0.0
0L1f9i3L3fkMNENljDOsjG,Rocco Hunt,"italian hip hop,italian pop,pop virale italiano,rap napoletano",1186754,72,0.76,0.78,121.97,0.9,-5.32,0.04,0.34,0.39,0.0
4ehtJnVumNf6xzSCDk8aLB,Martin Jensen,"dance pop,danish electronic,edm,electro house,pop,pop dance,pop edm,tropical house",1152066,72,0.67,0.76,113.99,0.43,-4.0,0.06,0.15,0.11,0.0
28ExwzUQsvgJooOI0X1mr3,Jay Rock,"conscious hip hop,gangster rap,hip hop,pop rap,rap,southern hip hop,trap,underground hip hop",1114702,72,0.68,0.62,104.56,0.36,-6.18,0.21,0.18,0.04,0.0
5MspMQqdVbdwP6ax3GXqum,Annie Lennox,"mellow gold,new wave pop,pop rock,soft rock",1093640,72,0.69,0.71,125.14,0.88,-7.5,0.03,0.12,0.22,0.0
3AlRiyjMywTVNzTcHbf9QT,Lil Kleine,"dutch hip hop,dutch pop,dutch rap pop",1044003,72,0.86,0.73,112.45,0.54,-5.39,0.1,0.12,0.33,0.0
1KP6TWI40m7p3QBTU6u2xo,BØRNS,"modern alternative rock,modern rock,pop",1039793,72,0.61,0.8,120.04,0.52,-7.63,0.05,0.26,0.01,0.0
3KedxarmBCyFBevnqQHy3P,Jessie Reyez,"canadian contemporary r&b,canadian pop,dance pop,pop,r&b",1000959,72,0.72,0.71,125.07,0.66,-6.35,0.24,0.24,0.12,0.0
5Yo5iU2nf4H41waPl4ZnS1,LEA,german pop,979179,72,0.48,0.75,179.06,0.42,-5.06,0.43,0.1,0.53,0.0
3AVfmawzu83sp94QW7CEGm,Astrid S,"alt z,dance pop,electropop,norwegian pop,pop,post-teen pop,tropical house,uk pop",963528,72,0.75,0.67,109.53,0.55,-5.75,0.11,0.16,0.2,0.0
0B3N0ZINFWvizfa8bKiz4v,James TW,"neo mellow,pop,pop rock,uk pop,viral pop",954101,72,0.54,0.24,119.77,0.42,-9.68,0.05,0.15,0.9,0.0
1aWJsBQa67l72j1VT3D6Ow,Micro TDH,"latin,reggaeton,trap latino,trap venezolano,venezuelan hip hop",933560,72,0.88,0.78,102.02,0.71,-4.25,0.12,0.09,0.04,0.0
5nki7yRhxgM509M5ADlN1p,Oliver Heldens,"dance pop,edm,electro house,future house,house,pop dance,progressive electro house,progressive house,tropical house",926983,72,0.74,0.83,124.05,0.52,-4.71,0.04,0.09,0.01,0.0
0vRvGUQVUjytro0xpb26bs,Arizona Zervas,"pop rap,rhode island rap",631991,72,0.72,0.59,108.41,0.54,-5.78,0.12,0.28,0.08,0.0
1OAjDaKgg00KCUYqDe68un,Gigi D'Agostino,"eurodance,europop,italo dance",583490,72,0.69,0.77,125.9,0.16,-5.34,0.15,0.12,0.18,0.0
6RdcIWVKYYzNzjQRd3oyHS,Pinguini Tattici Nucleari,"bergamo indie,italian indie pop,italian pop,milan indie",553676,72,0.75,0.92,114.08,0.86,-2.91,0.05,0.31,0.3,0.0
6t1gpxYbY8OlLA7D2RiikQ,Loud Luxury,"dance pop,edm,electro house,pop,pop dance,tropical house",476545,72,0.76,0.72,121.48,0.4,-5.32,0.05,0.16,0.03,0.0
1ShZZUjkbXCjhwrb18BA8I,Bryce Vine,"pop,pop rap",423794,72,0.76,0.57,151.99,0.26,-6.89,0.06,0.1,0.46,0.0
70gP6Ry4Uo0Yx6uzPIdaiJ,Bas,"hip hop,queens hip hop,rap,sudanese pop,underground hip hop",399601,72,0.72,0.61,149.83,0.54,-5.86,0.33,0.08,0.27,0.0
6m6e7D2TnV0aYMllFFwMxu,Guilherme & Benuto,sertanejo pop,266995,72,0.55,0.71,117.58,0.53,-5.44,0.13,0.76,0.61,0.0
7aBzpmFXB4WWpPl2F7RjBe,Wyclef Jean,rap kreyol,252950,72,0.78,0.82,100.02,0.76,-5.89,0.07,0.4,0.28,0.0
5iNrZmtVMtYev5M9yoWpEq,Seeb,"dance pop,edm,electro house,norwegian pop,pop,pop dance,pop edm,tropical house",240446,72,0.61,0.82,109.41,0.52,-3.79,0.11,0.22,0.14,0.0
4sVieJlKgpZ2k9ESNS5IdN,Jamule,german hip hop,219401,72,0.84,0.57,120.02,0.69,-7.37,0.06,0.13,0.21,0.03
1ooV8YZC1KbpEcrmI8WH0F,Yebba,"alternative r&b,indie soul,pop soul",204738,72,0.61,0.39,108.74,0.19,-8.24,0.05,0.2,0.55,0.0
7arQA31aZVS8yS6zUveWzb,CJ,nyc rap,190746,72,0.72,0.65,140.2,0.66,-7.6,0.12,0.13,0.2,0.0
6veh5zbFpm31XsPdjBgPER,BIA,"escape room,r&b,rap latina,trap queen",186720,72,0.63,0.72,180.02,0.61,-3.87,0.29,0.1,0.37,0.0
6L1XC7NrmgWRlwAeLJvVtA,Sam Fischer,"alt z,australian pop,dance pop,pop",132097,72,0.6,0.38,73.88,0.52,-6.21,0.04,0.08,0.73,0.0
5fSVkkuijRIpxuvSqysYiP,Snøw,"sad lo-fi,sad rap",112858,72,0.5,0.24,118.92,0.09,-16.54,0.19,0.14,0.72,0.0
1GKIlPFdcewHtpDVCQ8zmJ,Brray,"perreo,reggaeton,reggaeton flow,trap latino",109730,72,0.82,0.72,176.01,0.79,-4.65,0.21,0.09,0.3,0.0
5pUo3fmmHT8bhCyHE52hA6,Liam Payne,"dance pop,pop,post-teen pop",8352563,71,0.67,0.68,115.81,0.47,-5.32,0.07,0.16,0.19,0.0
3wyVrVrFCkukjdVIdirGVY,Lil Pump,"emo rap,miami hip hop,rap,trap",7798395,71,0.86,0.57,131.65,0.48,-6.62,0.15,0.2,0.08,0.0
57WHJIHrjOE3iAxpihhMnp,Louis Tomlinson,"pop,post-teen pop",5433624,71,0.64,0.68,127.08,0.5,-5.03,0.13,0.24,0.16,0.0
6sCbFbEjbYepqswM1vWjjs,Zendaya,"dance pop,pop,post-teen pop,social media pop",3013164,71,0.54,0.72,117.99,0.27,-7.73,0.09,0.18,0.02,0.01
6AUl0ykLLpvTktob97x9hO,Tee Grizzley,"detroit hip hop,detroit trap,hip hop,rap,southern hip hop,trap",2555977,71,0.87,0.63,109.99,0.28,-6.06,0.22,0.21,0.12,0.0
0EeQBlQJFiAfJeVN2vT9s0,Nipsey Hussle,"conscious hip hop,gangster rap,hip hop,pop rap,rap,southern hip hop,trap",2405728,71,0.61,0.72,103.72,0.31,-5.34,0.34,0.23,0.13,0.0
3rIZMv9rysU7JkLzEaC5Jp,Snow Patrol,"irish rock,modern rock,neo mellow,permanent wave,pop rock,rock",2365919,71,0.56,0.59,104.02,0.14,-4.57,0.03,0.13,0.21,0.0
2sil8z5kiy4r76CRTXxBCA,The Goo Goo Dolls,"alternative rock,neo mellow,permanent wave,pop rock,post-grunge,rock",2023481,71,0.32,0.72,155.93,0.5,-8.07,0.04,0.09,0.0,0.0
6xlRSRMLgZbsSNd0BMobwy,DENNIS,"brazilian edm,funk carioca,funk das antigas",1961485,71,0.87,0.84,140.04,0.6,-4.43,0.17,0.13,0.71,0.0
4lDiJcOJ2GLCK6p9q5BgfK,Kontra K,"christlicher rap,german hip hop",1850210,71,0.75,0.78,99.77,0.51,-6.03,0.21,0.12,0.17,0.01
40LHVA5BTQp9RxHOQ9JPYj,Lauren Daigle,"ccm,christian alternative rock,christian music,worship",1841136,71,0.49,0.64,147.92,0.1,-6.38,0.03,0.09,0.67,0.0
60df5JBRRPcnSpsIMxxwQm,Otis Redding,"classic soul,memphis soul,soul,soul blues,southern soul",1821566,71,0.71,0.29,101.52,0.86,-14.13,0.03,0.13,0.35,0.0
4upwdFMlZBmQ68jP9jPzjK,Gemitaiz,italian hip hop,1783218,71,0.83,0.71,133.72,0.45,-6.71,0.12,0.16,0.1,0.0
2UZMlIwnkgAEDBsw1Rejkn,Tom Petty,"album rock,classic rock,country rock,folk rock,heartland rock,mellow gold,pop rock,rock,singer-songwriter,soft rock",1743556,71,0.61,0.6,125.22,0.71,-10.56,0.03,0.18,0.15,0.04
5vBSrE1xujD2FXYRarbAXc,Years & Years,"dance pop,edm,electropop,gauze pop,pop,pop dance,tropical house",1723061,71,0.71,0.66,103.61,0.42,-5.7,0.09,0.15,0.07,0.0
6L34dW6SKMSDaGIfYDU19j,Maes,"francoton,french hip hop,pop urbaine,rap francais",1682654,71,0.76,0.72,121.77,0.51,-6.07,0.13,0.16,0.44,0.0
6kq4GHwUcUojGIu0ziSNXf,Amenazzy,"dominican pop,latin,latin hip hop,rap dominicano,reggaeton,reggaeton flow,trap latino",1628906,71,0.7,0.71,167.97,0.58,-4.84,0.05,0.13,0.33,0.0
2urF8dgLVfDjunO0pcHUEe,Alvaro Soler,latin pop,1442721,71,0.69,0.84,100.05,0.75,-4.17,0.1,0.39,0.03,0.0
6gto7HVNhu4ARE3P3g8Y5Y,Kollegah,german hip hop,1371729,71,0.42,0.74,92.17,0.37,-4.96,0.39,0.11,0.1,0.0
7lzordPuZEXxwt9aoVZYmG,Billy Idol,"album rock,classic rock,dance rock,hard rock,mellow gold,new romantic,new wave,new wave pop,rock,soft rock,synthpop",1275470,71,0.64,0.92,134.02,0.67,-4.37,0.04,0.09,0.04,0.01
2Im8m4STDBosjfmb5hmP80,Loredana,"frauenrap,german hip hop,kosovan pop,romanian pop",1073630,71,0.78,0.62,140.06,0.6,-6.0,0.19,0.1,0.19,0.0
0QJIPDAEDILuo8AIq3pMuU,M.I.A.,"dance pop,escape room,indietronica,new rave",1065840,71,0.64,0.77,163.61,0.52,-5.79,0.25,0.46,0.02,0.0
3drqpTL4sQOckmAfF9i1wg,Summer Cem,german hip hop,1021232,71,0.81,0.61,128.6,0.49,-6.72,0.2,0.17,0.12,0.0
5cIc3SBFuBLVxJz58W2tU9,Oh Wonder,"electropop,indie poptimism,pop,pop rock",1005998,71,0.73,0.71,82.0,0.73,-4.38,0.05,0.14,0.65,0.0
4qBgvVog0wzW75IQ48mU7v,KYLE,"pop rap,rap,social media pop",987859,71,0.75,0.58,130.88,0.7,-6.11,0.23,0.22,0.25,0.0
2y1VzMKAa5nmfXKtJL9jnj,Murda,"basshall,turkish trap",904737,71,0.74,0.68,180.06,0.69,-4.34,0.1,0.18,0.11,0.12
2TL8gYTNgD6nXkyuUdDrMg,Jasmine Thompson,"neo mellow,pop,viral pop",797869,71,0.72,0.67,102.45,0.54,-5.24,0.05,0.19,0.33,0.0
6U1dBXJhC8gXFjamvFTmHg,Zac Efron,"dance pop,hollywood,post-teen pop,show tunes",724572,71,0.58,0.75,145.65,0.33,-7.6,0.15,0.12,0.03,0.02
6P5NO5hzJbuOqSdyPB7SJM,Ashe,"alt z,electropop,indie pop,pop",714651,71,0.57,0.41,119.81,0.26,-8.62,0.04,0.1,0.59,0.0
3VHAySZQPlfGlNLslzXYpN,Nathy Peluso,"r&b en espanol,rap latina",659545,71,0.65,0.66,94.06,0.74,-3.71,0.4,0.07,0.25,0.0
1ybINI1qPiFbwDXamRtwxD,Smino,"alternative r&b,hip hop,rap,underground hip hop",561242,71,0.79,0.52,95.04,0.63,-6.23,0.15,0.08,0.06,0.0
2yQf6b8hxahZaT5dHlWaB1,Raekwon,"alternative hip hop,east coast hip hop,gangster rap,hardcore hip hop,hip hop,rap,southern hip hop",450291,71,0.72,0.81,90.99,0.76,-4.94,0.31,0.37,0.13,0.0
7A8S43ryYdbWpJKeHRZRcq,JACKBOYS,"rap,trap",450082,71,0.66,0.52,129.55,0.32,-9.14,0.19,0.19,0.24,0.16
4qWnlmXWuGv2TtuxtIWlJX,BANNERS,"indie poptimism,modern rock,pop,pop rock",434258,71,0.52,0.9,74.99,0.65,-5.5,0.04,0.25,0.01,0.0
3abT87tqQ4Q5PA5nw6CYyH,Ángela Aguilar,"mariachi,nuevo regional mexicano,ranchera,regional mexican",388032,71,0.84,0.67,124.89,0.88,-3.96,0.03,0.24,0.32,0.0
3tQx1LPXbsYjE9VwN1Peaa,Marc E. Bassy,"alternative r&b,pop,pop rap,r&b,rap",369643,71,0.66,0.59,107.65,0.58,-8.67,0.33,0.13,0.06,0.0
3Rx4PJ7SP6unkOk5elPUK7,Money Man,"memphis hip hop,rap,southern hip hop,trap",362399,71,0.87,0.64,126.03,0.46,-7.75,0.07,0.09,0.15,0.06
6P6GTRTigHBp8ZesNtpCKH,Almighty,"reggaeton,reggaeton flow,trap latino",333487,71,0.75,0.62,114.98,0.37,-5.88,0.2,0.1,0.11,0.0
1cZQSpDsxgKIX2yW5OR9Ot,Lennon Stella,"alt z,canadian pop,dance pop,electropop,pop,post-teen pop",306467,71,0.63,0.7,110.04,0.51,-6.25,0.03,0.12,0.23,0.0
0bBz5bRBkExaej2HxtVfCw,347aidan,"sad lo-fi,sad rap",238137,71,0.98,0.41,119.99,0.76,-11.05,0.1,0.17,0.67,0.0
3v6Ji4uoWtKRkhuDUaxi9n,Dynoro,"edm,electro house,pop dance,tropical house",230740,71,0.69,0.77,125.9,0.16,-5.34,0.15,0.12,0.18,0.0
11YLRSsZA3YVuQQtHXKTlz,Rafa Pabön,"dominican pop,reggaeton,reggaeton flow,trap latino",147353,71,0.74,0.65,158.51,0.7,-5.9,0.26,0.12,0.48,0.0
4lDBihdpMlOalxy1jkUbPl,Grey,pop edm,63746,71,0.68,0.68,102.91,0.55,-4.17,0.09,0.11,0.3,0.0
1kiq2kUV0cbLUhJsr7cpW0,Alida,norwegian pop,17124,71,0.57,0.67,120.02,0.46,-5.89,0.07,0.08,0.17,0.0
1mXAhKnZEdF6rotyyd4GBi,MC Kevinho,"funk carioca,funk ostentacao,funk pop",7685293,70,0.82,0.76,124.8,0.66,-4.78,0.11,0.16,0.35,0.0
4Rxn7Im3LGfyRkY2FlHhWi,Nick Jonas,"dance pop,pop,post-teen pop,viral pop",7613345,70,0.58,0.63,107.26,0.47,-5.34,0.14,0.09,0.08,0.0
5RmQ8k4l3HZ8JoPb4mNsML,Agust D,k-rap,6062301,70,0.62,0.68,115.5,0.31,-7.0,0.09,0.13,0.07,0.0
2ziB7fzrXBoh1HUPS6sVFn,Audioslave,"alternative metal,alternative rock,nu metal,permanent wave,post-grunge,rock,supergroup",3444863,70,0.5,0.76,92.57,0.44,-4.74,0.05,0.11,0.0,0.0
26AHtbjWKiwYzsoGoUZq53,Pentatonix,a cappella,3104219,70,0.34,0.37,117.33,0.24,-8.07,0.03,0.18,0.27,0.0
5YCc6xS5Gpj3EkaYGdjyNK,WOS,"argentine indie,trap argentino",2168431,70,0.63,0.77,129.84,0.92,-4.48,0.28,0.76,0.16,0.0
5V0MlUE1Bft0mbLlND7FJz,Ella Fitzgerald,"adult standards,jazz blues,swing,vocal jazz",2049021,70,0.54,0.39,115.79,0.74,-10.02,0.05,0.22,0.75,0.0
0YWxKQj2Go9CGHCp77UOyy,Fabolous,"dance pop,gangster rap,hip hop,hip pop,pop rap,r&b,rap,trap,urban contemporary",2004166,70,0.67,0.67,86.1,0.2,-6.63,0.15,0.51,0.06,0.0
4tX2TplrkIP4v05BNC903e,Tom Petty and the Heartbreakers,"album rock,classic rock,country rock,folk rock,hard rock,heartland rock,mellow gold,rock,roots rock,soft rock",1975136,70,0.59,0.7,126.59,0.77,-7.23,0.04,0.22,0.2,0.0
3EA9hVIzKfFiQI0Kikz2wo,Andrea Bocelli,"classical tenor,italian tenor,operatic pop",1916758,70,0.54,0.42,95.16,0.21,-4.39,0.02,0.08,0.59,0.0
43DRDu6nLSeIedZ7T1A616,Xand Avião,"forro,forro de favela,funk carioca,sertanejo pop",1899860,70,0.6,0.91,168.01,0.83,-2.42,0.06,0.69,0.5,0.0
4tw2Lmn9tTPUv7Gy7mVPI4,Kenny Rogers,"adult standards,classic country pop,country,mellow gold,nashville sound,soft rock",1773991,70,0.64,0.51,145.41,0.8,-10.69,0.05,0.13,0.51,0.0
3pgCLfNbw5ozIfoNsvDU7i,Fedez,"italian adult pop,italian pop",1677897,70,0.54,0.64,134.39,0.54,-6.27,0.07,0.19,0.23,0.0
3OsRAKCvk37zwYcnzRf5XF,Moby,"downtempo,electronica",1532974,70,0.45,0.77,125.97,0.42,-6.45,0.15,0.13,0.26,0.0
0huGjMyP507tBCARyzSkrv,Cordae,"dmv rap,hip hop,rap,trap,underground hip hop,vapor trap",1529596,70,0.61,0.71,167.04,0.48,-4.9,0.38,0.14,0.16,0.0
1GAymyGBvB4gQy5Z5LZ1Wj,Lalo Ebratt,"colombian hip hop,dominican pop,latin,latin pop,reggaeton,reggaeton colombiano,reggaeton flow,trap latino",1427151,70,0.75,0.8,99.99,0.74,-4.6,0.05,0.25,0.1,0.0
0NKDgy9j66h3DLnN8qu1bB,Eurythmics,"dance rock,europop,mellow gold,new romantic,new wave,new wave pop,rock,soft rock,sophisti-pop,synthpop",1375341,70,0.69,0.71,125.14,0.88,-7.5,0.03,0.12,0.22,0.0
3CjlHNtplJyTf9npxaPl5w,CHVRCHES,"electropop,indie pop,indie poptimism,metropopolis,neo-synthpop,pop rock,shimmer pop",1265994,70,0.64,0.71,131.01,0.19,-4.04,0.04,0.19,0.03,0.02
7cjh6y0V9SsyCrWSXTzwOs,RBD,"latin,latin pop,pop",1211300,70,0.59,0.76,124.0,0.66,-5.41,0.05,0.18,0.16,0.0
5B6H1Dq77AV1LZWrbNsuH5,Jarabe De Palo,"latin,latin alternative,latin pop,latin rock,rock en espanol,spanish pop,spanish rock",1165817,70,0.87,0.48,103.06,0.66,-9.07,0.04,0.08,0.52,0.0
5p7mWeX4RlvqBCxylfiXdE,KC Rebell,"german drill,german hip hop",1110686,70,0.75,0.66,122.75,0.58,-6.54,0.22,0.19,0.18,0.0
3YwqjMyrRfuixi2pbgTGCE,Heuss L'enfoiré,"francoton,french hip hop,pop urbaine,rap francais",1084981,70,0.92,0.67,117.52,0.82,-4.83,0.12,0.13,0.12,0.0
6ModsWtBph2rE6zCTVxvZt,Maite Perroni,"latin pop,mexican pop",984422,70,0.61,0.77,121.1,0.66,-5.21,0.05,0.17,0.16,0.0
13bDjug9N0pyv3ZUINjkDV,Bausa,"german hip hop,german pop",969653,70,0.78,0.64,125.19,0.48,-6.48,0.1,0.13,0.21,0.0
2ExGrw6XpbtUAJHTLtUXUD,Stefflon Don,"dancehall,pop,pop rap,uk dancehall,uk hip hop",888552,70,0.86,0.75,122.0,0.78,-4.04,0.16,0.2,0.15,0.01
3pjq2pDV9RR6VY55wBjVnp,Dardan,"albanian hip hop,german hip hop",869304,70,0.65,0.73,128.09,0.61,-6.16,0.15,0.2,0.12,0.0
5j21TGkrNEAJe3gG9VlS34,Shindy,german hip hop,805949,70,0.76,0.59,133.91,0.38,-7.29,0.19,0.17,0.03,0.0
2OaHYHb2XcFPvqL3VsyPzU,Rico Nasty,"dance pop,dmv rap,escape room,pop,trap queen",798704,70,0.78,0.52,145.13,0.24,-6.23,0.39,0.13,0.03,0.0
2JwyRtuXf2l6sTnSnGVIa1,Farid Bang,german hip hop,765842,70,0.63,0.64,113.38,0.39,-5.53,0.26,0.12,0.08,0.0
18ISxWwWjV6rPLoVCXf1dz,RIN,"german cloud rap,german hip hop",690603,70,0.8,0.69,129.08,0.44,-5.83,0.15,0.19,0.13,0.0
4YXycRbyyAE0wozTk7QMEq,Matoma,"dance pop,edm,electro house,electropop,pop,pop dance,pop edm,tropical house",660682,70,0.54,0.81,145.02,0.45,-5.1,0.04,0.32,0.0,0.0
0id62QV2SZZfvBn9xpmuCl,Aloe Blacc,"pop soul,r&b",658801,70,0.8,0.64,100.0,0.38,-6.18,0.07,0.12,0.27,0.0
0Cp8WN4V8Tu4QJQwCN5Md4,BENEE,"alt z,nz pop,pop",647315,70,0.77,0.59,106.24,0.5,-6.36,0.04,0.11,0.35,0.04
6kaefrHSdAvxhhCVDFTCEL,Dulce María,"latin arena pop,post-teen pop",582826,70,0.59,0.76,124.0,0.66,-5.41,0.05,0.18,0.16,0.0
3EOEK57CV77D4ovYVcmiyt,Dennis Lloyd,israeli pop,574090,70,0.51,0.67,89.29,0.41,-6.59,0.3,0.26,0.09,0.0
5F1aoppMtU3OMiltO8ymJ2,Hugh Jackman,"hollywood,show tunes",559918,70,0.47,0.56,111.18,0.21,-10.73,0.11,0.23,0.16,0.01
0TeVa4xdLB8vdzjsvKH6Ri,Anahí,"latin,latin pop,post-teen pop",543937,70,0.59,0.76,124.0,0.66,-5.41,0.05,0.18,0.16,0.0
0WK3H9OErSn5zKOkOV5egm,DDG,"rap,trap",541170,70,0.93,0.34,129.97,0.74,-10.2,0.1,0.16,0.06,0.0
5qa31A9HySw3T7MKWI9bGg,FLETCHER,"alt z,dance pop,electropop,indie poptimism,pop,post-teen pop,social media pop",506923,70,0.68,0.57,92.86,0.54,-6.7,0.08,0.13,0.46,0.0
3x3jSlhyv5CiCZDZlaTq0M,Pi’erre Bourne,"hip hop,melodic rap,rap,trap,underground hip hop,vapor trap",505239,70,0.69,0.6,78.49,0.31,-5.0,0.07,0.2,0.14,0.0
3Wb38LDP3N4tkobValgE9D,Juanka,"reggaeton,reggaeton flow,trap latino",485575,70,0.76,0.78,174.05,0.75,-3.97,0.21,0.25,0.26,0.0
6m1LYS5NQonxjOcQFPQOb5,Frenna,"dutch hip hop,dutch pop,dutch rap pop",473998,70,0.77,0.66,104.88,0.18,-6.72,0.09,0.11,0.13,0.0
7wg1qvie3KqDNQbAkTdbX0,Louis The Child,"edm,electropop,pop,pop dance,tropical house",423024,70,0.78,0.54,113.98,0.39,-2.92,0.07,0.23,0.28,0.0
0daugAjUgbJSqdlyYNwIbT,Vicetone,"edm,electro house,pop dance,pop edm,progressive electro house,tropical house",383949,70,0.65,0.94,126.09,0.32,-2.63,0.1,0.44,0.01,0.92
1eMmoIprPDWeFdB1FxU6ZV,Au/Ra,"alt z,deep pop edm,electropop,indie poptimism,pop",369295,70,0.42,0.64,170.01,0.11,-5.06,0.05,0.12,0.16,0.0
1pkDzgHvVqC17qYGKfLPpb,Mozzik,"albanian hip hop,german hip hop,kosovan pop",279915,70,0.74,0.64,158.49,0.67,-4.9,0.22,0.08,0.1,0.0
3wVXTWabe3viT0jF7DfjOL,Vedo,"pop r&b,r&b",276790,70,0.76,0.43,122.07,0.39,-8.94,0.19,0.12,0.14,0.0
34LetYSjEuG2fBb4Z8PwPg,Pashanim,"german alternative rap,german drill,german hip hop",224741,70,0.88,0.58,132.0,0.39,-7.42,0.08,0.1,0.07,0.09
5jAMCwdNHWr7JThxtMuEyy,NOTD,"alt z,dance pop,edm,electro house,electropop,pop,pop dance,pop edm,tropical house",202928,70,0.7,0.74,116.33,0.57,-6.24,0.12,0.15,0.12,0.0
1lmU3giNF3CSbkVSQmLpHQ,Surf Mesa,tropical house,137799,70,0.67,0.77,112.05,0.33,-7.57,0.09,0.39,0.07,0.0
5veVxxPm1vzgi6pO2iVA8L,Bruno Martini,"brazilian edm,edm,pop dance,pop nacional",137572,70,0.76,0.64,123.0,0.52,-5.85,0.04,0.08,0.29,0.0
0aMqt2uGLuHj4eI8oXgVzN,Christian Chávez,mexican pop,122036,70,0.59,0.76,124.0,0.66,-5.41,0.05,0.18,0.16,0.0
56mfhUDKa1vec6rSLZV5Eg,Jawsh 685,nz pop,102451,70,0.78,0.6,131.64,0.7,-6.51,0.09,0.27,0.16,0.0
5O8cudluftNZ6PCwRzvYxo,Christopher von Uckermann,mexican pop,95346,70,0.59,0.76,124.0,0.66,-5.41,0.05,0.18,0.16,0.0
5fyDppLDl1juIu1BcUT5zh,Digital Farm Animals,uk dance,63216,70,0.67,0.63,90.32,0.66,-4.58,0.09,0.37,0.27,0.0
7gcCQIlkkfbul5Mt0jBQkg,Dave Stewart,"new wave pop,rock keyboard",20416,70,0.69,0.71,125.14,0.88,-7.5,0.03,0.12,0.22,0.0
5mYakBbBzPMQTfkVMIgiDM,Georgia Ku,uk pop,12469,70,0.7,0.87,125.03,0.76,-5.9,0.07,0.1,0.12,0.0
2auC28zjQyVTsiZKNgPRGs,RM,k-rap,6930020,69,0.7,0.61,108.61,0.42,-7.58,0.14,0.19,0.14,0.0
0MInKJqZscEeNc5K3K0mkE,Simone & Simaria,"funk carioca,pop nacional,sertanejo,sertanejo pop,sertanejo universitario",4998560,69,0.75,0.68,174.16,0.77,-7.08,0.13,0.09,0.25,0.0
6T5tfhQCknKG4UnH90qGnz,DNCE,"dance pop,pop,post-teen pop",3901144,69,0.78,0.75,119.54,0.88,-5.62,0.05,0.05,0.1,0.0
1jSjfSgDjedJdi5MoyRu78,Lary Over,"latin,latin hip hop,reggaeton,reggaeton flow,trap latino",3771117,69,0.68,0.76,172.01,0.89,-5.18,0.05,0.09,0.43,0.0
3iOvXCl6edW5Um0fXEBRXy,The xx,"downtempo,dream pop,indietronica",3756074,69,0.56,0.5,121.44,0.28,-9.7,0.04,0.14,0.47,0.15
2ayNSoKPCRAfjp6hQ76hRu,Nacho,"latin,latin pop,pop peruano,pop venezolano,reggaeton,trap latino",3659752,69,0.78,0.88,94.75,0.68,-3.91,0.09,0.13,0.14,0.0
5xUf6j4upBrXZPg6AI4MRK,Soundgarden,"alternative metal,alternative rock,classic rock,grunge,hard rock,modern rock,nu metal,rock",3213120,69,0.46,0.82,99.74,0.5,-5.58,0.03,0.16,0.0,0.07
0RqtSIYZmd4fiBKVFqyIqD,Thirty Seconds To Mars,"modern rock,post-grunge,rock",3075861,69,0.44,0.73,123.07,0.43,-6.8,0.04,0.15,0.01,0.0
5lKZWd6HiSCLfnDGrq9RAm,Leona Lewis,"british soul,dance pop,europop,neo mellow,pop,post-teen pop,talent show,urban contemporary",2954946,69,0.62,0.78,118.99,0.61,-2.95,0.03,0.4,0.27,0.0
3gGUMEwIX6XodWsYEvKSal,YBN Nahmir,"alabama rap,rap,trap,vapor trap,viral rap",2642336,69,0.8,0.64,121.95,0.61,-7.56,0.24,0.21,0.02,0.0
2XnBwblw31dfGnspMIwgWz,Axwell /\ Ingrosso,"dance pop,edm,electro house,pop,pop dance,tropical house",2327217,69,0.64,0.81,121.32,0.61,-4.88,0.08,0.19,0.13,0.0
1eEfMU2AhEo7XnKgL7c304,Carpenters,"adult standards,mellow gold,soft rock",2022161,69,0.38,0.22,90.33,0.3,-15.9,0.05,0.12,0.89,0.0
3QVolfxko2UyCOtexhVTli,Angèle,"belgian pop,variete francaise",2022156,69,0.87,0.69,115.0,0.4,-7.05,0.18,0.11,0.06,0.0
5BvJzeQpmsdsFp4HGUYUEx,Vampire Weekend,"baroque pop,indie rock,modern rock",1751678,69,0.65,0.76,98.01,0.6,-6.09,0.05,0.09,0.48,0.0
5lpH0xAS4fVfLkACg9DAuM,Wham!,"disco,europop,mellow gold,new romantic,new wave,new wave pop,soft rock,synthpop",1684527,69,0.74,0.48,107.68,0.95,-12.47,0.03,0.36,0.19,0.0
7v4imS0moSyGdXyLgVTIV7,Nat King Cole,"adult standards,soul,vocal jazz",1671106,69,0.46,0.38,117.17,0.59,-11.84,0.21,0.31,0.8,0.0
6Ff53KvcvAj5U7Z1vojB5o,*NSYNC,"boy band,dance pop,pop,post-teen pop",1605498,69,0.64,0.94,105.0,0.76,-3.97,0.05,0.88,0.1,0.0
3iri9nBFs9e4wN7PLIetAw,gnash,"alt z,electropop,pop",1601013,69,0.49,0.28,92.6,0.18,-13.4,0.3,0.1,0.69,0.0
5iot8OPcosJN9nCl7I5SdK,Irama,"italian adult pop,italian pop",1585153,69,0.66,0.8,114.98,0.55,-5.89,0.12,0.2,0.2,0.0
0uGk2czvcpWQA383Im6ajf,Maggie Lindemann,"alt z,pop,post-teen pop,social media pop",1553042,69,0.7,0.87,121.03,0.73,-4.66,0.03,0.1,0.15,0.13
28y6CyJNkGNjJQKrlx4AmN,HRVY,"dance pop,pop,pop dance,post-teen pop,social media pop,tropical house",1411143,69,0.75,0.55,138.97,0.88,-5.57,0.13,0.03,0.11,0.0
4gOc8TsQed9eqnqJct2c5v,K/DA,k-pop girl group,1325130,69,0.63,0.8,154.01,0.43,-4.43,0.05,0.23,0.01,0.0
0NWbwDZY1VkRqFafuQm6wk,Mike WiLL Made-It,"atl hip hop,hip hop,pop rap,rap,southern hip hop,trap,underground hip hop",1297774,69,0.81,0.76,128.0,0.46,-4.3,0.19,0.22,0.17,0.0
3Bd1cgCjtCI32PYvDC3ynO,London Grammar,"metropopolis,nottingham indie",1282484,69,0.5,0.47,146.83,0.27,-5.81,0.04,0.11,0.48,0.0
0SD4eZCN4Kr0wQk56hCdh2,Bonnie Tyler,"europop,new wave pop,soft rock",1269741,69,0.44,0.71,131.25,0.15,-6.17,0.07,0.31,0.21,0.0
4kI8Ie27vjvonwaB2ePh8T,Portugal. The Man,"indie rock,modern alternative rock,modern rock,rock",1263608,69,0.8,0.8,79.03,0.75,-5.12,0.05,0.07,0.04,0.0
25IG9fa7cbdmCIy3OnuH57,The Chicks,"country,country dawn",1176775,69,0.43,0.18,207.48,0.42,-12.57,0.06,0.12,0.91,0.0
2iE18Oxc8YSumAU232n4rW,The Jackson 5,"motown,soul",1170991,69,0.63,0.57,124.73,0.85,-12.18,0.04,0.38,0.29,0.0
49e4v89VmlDcFCMyDv9wQ9,Dean Martin,"adult standards,easy listening,lounge,vocal jazz",1168129,69,0.42,0.22,124.42,0.68,-15.21,0.04,0.15,0.9,0.0
6ueGR6SWhUJfvEhqkvMsVs,Janelle Monáe,"afrofuturism,alternative r&b,atl hip hop,dance pop,electropop,escape room,neo soul,pop,r&b",1139915,69,0.86,0.41,115.04,0.7,-7.4,0.18,0.33,0.13,0.0
4Ui2kfOqGujY81UcPrb5KE,HAIM,"art pop,dance pop,indie pop,metropopolis,pop rock",1116217,69,0.62,0.77,101.36,0.47,-4.86,0.04,0.27,0.24,0.0
7rXMvXRnWHaSwnVvPeUUfw,Gloria Groove,"funk carioca,pop,pop lgbtq+ brasileira",1115857,69,0.7,0.72,126.74,0.75,-6.57,0.15,0.12,0.01,0.0
5wbf52LA6kcaboHSN6NEF1,PEDRO SAMPAIO,funk carioca,1089363,69,0.78,0.86,162.0,0.94,-1.94,0.1,0.14,0.32,0.0
6gK1Uct5FEdaUWRWpU4Cl2,Petit Biscuit,"new french touch,tropical house",887057,69,0.78,0.47,90.84,0.24,-9.47,0.05,0.11,0.73,0.81
7z2avKuuiMAT4XZJFv8Rvh,Tom Walker,"indie anthem-folk,modern rock,pop,uk pop",862700,69,0.58,0.66,80.52,0.41,-5.68,0.21,0.12,0.24,0.0
7crPfGd2k81ekOoSqQKWWz,Stevie Nicks,"album rock,heartland rock,mellow gold",847507,69,0.51,0.43,122.92,0.13,-8.39,0.03,0.09,0.83,0.0
41qil2VaGbD194gaEcmmyx,Will Smith,"hip hop,pop rap",788799,69,0.7,0.84,137.0,0.74,-2.75,0.23,0.32,0.14,0.0
0jdNdfi4vAuVi7a6cPDFBM,Lazza,"italian hip hop,trap italiana",686816,69,0.77,0.77,114.77,0.65,-5.92,0.32,0.31,0.23,0.0
6FD0unjzGQhX3b6eMccMJe,Ghostface Killah,"alternative hip hop,east coast hip hop,gangster rap,hardcore hip hop,hip hop,rap,southern hip hop",642781,69,0.71,0.72,125.51,0.6,-5.03,0.28,0.23,0.16,0.0
1WMwuNKzEFtU6pPkdtryYS,Kendo Kaponi,"latin,latin hip hop,reggaeton,reggaeton flow,trap latino",641080,69,0.8,0.7,126.65,0.57,-5.34,0.22,0.22,0.29,0.0
27LlKWxS3KXW7RRAxN5S8s,Geolier,"italian hip hop,rap napoletano,trap italiana",634634,69,0.7,0.7,139.93,0.72,-6.12,0.06,0.41,0.05,0.0
4HzKw8XcD0piJmDrrPRCYk,Majid Jordan,"alternative r&b,canadian contemporary r&b,pop,r&b,trap soul",631491,69,0.68,0.44,81.5,0.5,-8.85,0.06,0.08,0.29,0.0
62DmErcU7dqZbJaDqwsqzR,Popcaan,"dancehall,modern reggae,reggae fusion",627333,69,0.38,0.62,80.05,0.21,-5.88,0.11,0.43,0.03,0.0
5MbNzCW3qokGyoo9giHA3V,EARTHGANG,"atl hip hop,hip hop,psychedelic hip hop,rap,underground hip hop",618534,69,0.69,0.65,125.43,0.45,-5.26,0.3,0.16,0.12,0.0
1LOB7jTeEV14pHai6EXSzF,Cash Cash,"dance pop,edm,electro house,electropop,electropowerpop,pop,pop dance,pop edm,tropical house",617948,69,0.56,0.84,125.06,0.38,-3.4,0.25,0.09,0.17,0.0
3Xt3RrJMFv5SZkCfUE8C1J,Kim Petras,"alt z,art pop,dance pop,electropop,escape room,indie poptimism,pop,post-teen pop,transpop",603295,69,0.53,0.63,171.04,0.27,-7.0,0.13,0.13,0.37,0.0
5gs4Sm2WQUkcGeikMcVHbh,Hamza,"belgian hip hop,french hip hop,pop urbaine,rap belge,rap francais",554515,69,0.74,0.66,138.0,0.4,-6.83,0.2,0.11,0.06,0.0
4TAoP0f9OuWZUesao43xUW,Mr Eazi,"afro dancehall,afropop,ghanaian hip hop,nigerian pop,swedish dancehall",491373,69,0.74,0.79,123.04,0.69,-5.14,0.12,0.23,0.06,0.0
1v3tdpIdBSW14rHUfiEVOv,Lauren Alaina,"contemporary country,country,country dawn,country pop,country road,modern country rock",482106,69,0.61,0.8,125.98,0.69,-4.6,0.03,0.17,0.01,0.0
52qzWdNUp6ebjcNsvgZSiC,Evaluna Montaner,"latin viral pop,pop venezolano",406476,69,0.72,0.59,165.9,0.71,-3.95,0.12,0.08,0.15,0.0
76Pl0epAMXVXJspaSuz8im,Freeze corleone,drill francais,392117,69,0.64,0.55,137.09,0.04,-10.68,0.05,0.11,0.38,0.0
0oeiA5U9u1U45Gos5cywUU,Soso Maness,"francoton,french hip hop,pop urbaine,rap francais,rap marseille",320024,69,0.9,0.94,142.95,0.8,-2.76,0.27,0.06,0.12,0.0
1El4YQA8oCXX7ynFSxRTFq,Massimo Pericolo,"italian hip hop,trap metal italiana",309507,69,0.79,0.7,129.97,0.69,-5.22,0.11,0.13,0.17,0.0
63nv0hWWDob56Rk8GlNpN8,The Greatest Showman Ensemble,movie tunes,294169,69,0.48,0.7,143.92,0.2,-8.61,0.11,0.23,0.0,0.02
4QrBoWLm2WNlPdbFhmlaUZ,KEVVO,"latin,perreo,reggaeton,reggaeton flow,trap latino",264252,69,0.77,0.77,167.97,0.93,-3.5,0.07,0.34,0.18,0.0
1yqxFtPHKcGcv6SXZNdyT9,MK,"dance pop,deep groove house,edm,house,pop dance,tropical house",229733,69,0.8,0.87,124.98,0.59,-5.77,0.1,0.12,0.1,0.0
6sFHvCyqklnJpXC9Nh1aag,Alexander 23,"alt z,pop",223368,69,0.63,0.31,76.99,0.19,-11.74,0.04,0.12,0.88,0.08
0FOWNUFHPnMy0vOw1siGqi,Belly,"canadian hip hop,canadian trap,pop rap,rap,southern hip hop,trap,trap soul",214137,69,0.6,0.44,107.98,0.24,-8.32,0.19,0.16,0.05,0.0
60rpJ9SgigSd16DOAG7GSa,Billy Ray Cyrus,"country,country rock",195253,69,0.88,0.56,136.02,0.66,-5.67,0.16,0.09,0.06,0.0
4RSyJzf7ef6Iu2rnLdabNq,Willy William,francoton,176365,69,0.63,0.76,103.94,0.4,-5.0,0.08,0.19,0.04,0.0
0b62itBWBdLgiecXjXCqKC,Maxwell,german hip hop,170532,69,0.73,0.77,106.49,0.41,-5.94,0.28,0.18,0.16,0.11
5bv5RplEOwdCvhq0EILh9E,Lucenzo,"francoton,reggaeton",110570,69,0.4,0.92,88.92,0.88,-4.89,0.28,0.05,0.08,0.0
5JYo7gm2dkyLLlWHjxS7Dy,Sandro Cavazza,"swedish pop,tropical house",78939,69,0.67,0.68,120.31,0.36,-6.57,0.06,0.17,0.22,0.09
7ACEUD7UsmmXrnj4OLt8f9,twocolors,"edm,pop dance,pop edm,tropical house",39062,69,0.68,0.77,123.06,0.2,-6.9,0.06,0.13,0.02,0.0
2auikkNYqigWStoHWK1Grq,John Martin,pop edm,34755,69,0.44,0.62,128.32,0.38,-5.28,0.03,0.09,0.08,0.0
77DAFfvm3O9zT5dIoG0eIO,Kyla,uk funky,9483,69,0.79,0.62,103.97,0.37,-5.61,0.05,0.33,0.01,0.0
0veZkZPeWoJQ9gt6VAXlkN,Alfonso Herrera,,3672,69,0.59,0.76,124.0,0.66,-5.41,0.05,0.18,0.16,0.0
47uyFQHOD02S0lj9ptRpoB,Felipe Araújo,"funk carioca,sertanejo,sertanejo pop,sertanejo universitario",4096883,68,0.68,0.84,159.97,0.72,-3.4,0.11,0.87,0.5,0.0
7pFeBzX627ff0VnN6bxPR4,Desiigner,"pop rap,rap,trap,viral trap",3250458,68,0.61,0.8,146.29,0.41,-3.82,0.25,0.31,0.05,0.0
3whuHq0yGx60atvA2RCVRW,Olly Murs,"dance pop,europop,neo mellow,pop,pop dance,pop rock,post-teen pop,talent show,tropical house,uk pop",3043977,68,0.67,0.81,113.9,0.83,-4.68,0.06,0.06,0.07,0.0
3hN3iJMbbBmqBSAMx5veDa,Ultimo,"italian adult pop,italian pop",2478778,68,0.56,0.54,141.35,0.32,-5.95,0.05,0.11,0.4,0.0
1Fg19vpUJpAAPFjnKaVYVW,Reynmen,"turkish hip hop,turkish trap pop",2360179,68,0.66,0.63,134.77,0.37,-6.38,0.05,0.15,0.31,0.0
05oH07COxkXKIMt6mIPRee,Brandy,"dance pop,hip hop,hip pop,neo soul,pop,r&b,urban contemporary",2356523,68,0.55,0.44,76.99,0.52,-6.41,0.09,0.11,0.41,0.0
6O74knDqdv3XaWtkII7Xjp,Boyz II Men,"boy band,new jack swing,r&b,urban contemporary",2249041,68,0.44,0.27,136.12,0.42,-7.84,0.04,0.16,0.9,0.0
5ChF3i92IPZHduM7jN3dpg,Nicky Romero,"big room,dance pop,dutch edm,edm,electro house,pop dance,pop edm,progressive electro house,progressive house,tropical house",2104098,68,0.6,0.83,121.48,0.51,-4.22,0.06,0.19,0.17,0.0
6O2zJ0tId7g07yzHtX0yap,Mobb Deep,"east coast hip hop,gangster rap,hardcore hip hop,hip hop,queens hip hop,rap",1413027,68,0.76,0.79,93.86,0.5,-6.47,0.23,0.08,0.01,0.01
5bgfj5zUoWpyeVatGDjn6H,K CAMP,"atl hip hop,hip hop,melodic rap,pop r&b,pop rap,r&b,rap,southern hip hop,trap",1369684,68,0.92,0.56,148.96,0.67,-8.6,0.22,0.07,0.01,0.0
2eogQKWWoohI3BSnoG7E2U,Donna Summer,"dance pop,disco,hi-nrg,motown,new wave pop",1363159,68,0.68,0.77,119.96,0.43,-5.75,0.15,0.11,0.02,0.0
7MzHPIXAqIOCnvK0sVY72W,Helene Fischer,"partyschlager,schlager",1276044,68,0.31,0.42,132.85,0.49,-8.96,0.03,0.27,0.82,0.0
2j2rh3oQh4QEUnNTDKYSJD,187 Strassenbande,"german hip hop,hamburg hip hop",1242388,68,0.65,0.77,104.66,0.32,-5.37,0.35,0.19,0.09,0.0
1AgAVqo74e2q4FVvg0xpT7,Tedua,"indie liguria,italian hip hop,trap italiana",1240925,68,0.51,0.64,154.21,0.37,-6.89,0.22,0.33,0.05,0.0
1bj5GrcLom5gZFF5t949Xl,Martin Solveig,"dance pop,disco house,edm,electro house,filter house,house,pop dance,tropical house,vocal house",1186604,68,0.69,0.78,121.66,0.65,-4.51,0.07,0.13,0.21,0.0
39KEQQAG9JhIt71g9NEVhh,Azet,"albanian hip hop,german hip hop",1143881,68,0.7,0.75,102.64,0.49,-4.86,0.25,0.12,0.21,0.0
1W3FSF1BLpY3hlVIgvenLz,The-Dream,"dance pop,hip hop,hip pop,pop r&b,r&b,southern hip hop,trap,urban contemporary",1001661,68,0.61,0.66,88.17,0.33,-6.37,0.2,0.31,0.33,0.0
5SyGEPymt1G2uto47tVWvZ,MadeinTYO,"atl hip hop,hip hop,melodic rap,pop rap,rap,southern hip hop,trap,underground hip hop,vapor trap",986307,68,0.85,0.59,146.99,0.33,-6.46,0.3,0.08,0.03,0.0
0Jsk5iYMr5aNjHury7blm1,Boef,dutch hip hop,983599,68,0.85,0.78,109.56,0.76,-5.93,0.24,0.1,0.23,0.0
5X4LWwbUFNzPkEas04uU82,DVBBS,"canadian electronic,dance pop,edm,electro house,pop,pop dance,pop edm,slap house,tropical house",932689,68,0.71,0.73,108.99,0.5,-6.43,0.15,0.24,0.09,0.0
6i392l38cR3uBPF0DbNs7S,Quality Control,"hip hop,melodic rap,pop rap,rap,southern hip hop,trap",881965,68,0.94,0.48,115.32,0.38,-6.65,0.28,0.14,0.07,0.0
6X8WdFjrNhXATMDSs26aCc,Curren$y,"alternative hip hop,dirty south rap,gangster rap,hip hop,new orleans rap,pop rap,rap,southern hip hop,underground hip hop",834134,68,0.69,0.5,81.17,0.24,-9.81,0.24,0.61,0.08,0.0
6i3DxIlAqnDkwELLw4aVrx,Lele Pons,"latin pop,viral pop",833655,68,0.83,0.69,134.53,0.82,-3.67,0.09,0.3,0.22,0.0
7zYj9S9SdIunYCfSm7vzAR,SOMI,k-pop,759051,68,0.76,0.69,121.9,0.79,-5.07,0.07,0.11,0.02,0.0
66TrUkUZ3RM29dqeDQRgyA,Ella Eyre,"dance pop,pop,post-teen pop,tropical house,uk pop",718138,68,0.7,0.87,119.35,0.59,-3.01,0.08,0.24,0.03,0.0
2JyWXPbkqI5ZJa3gwqVa0c,Craig David,"british soul,dance pop,pop rap,r&b,urban contemporary",710237,68,0.56,0.75,140.81,0.26,-5.1,0.09,0.08,0.15,0.0
07SFzTMeYf5P8Rd32a9Zzw,AK AUSSERKONTROLLE,german hip hop,707138,68,0.79,0.6,133.87,0.51,-6.15,0.42,0.16,0.08,0.0
2lolQgalUvZDfp5vvVtTYV,Tony Bennett,"adult standards,easy listening,lounge,vocal jazz",677164,68,0.51,0.23,94.63,0.36,-14.25,0.04,0.09,0.89,0.0
6dn6x1XOng3LOAnfTjUn77,AJ Mitchell,"alt z,dance pop,electropop,pop,post-teen pop,social media pop",642273,68,0.68,0.59,114.92,0.48,-5.04,0.03,0.14,0.02,0.0
0JBdTCGs111JKKYfLqOEBa,Shirin David,"frauenrap,german hip hop,german pop",595184,68,0.8,0.56,128.98,0.56,-8.07,0.27,0.17,0.28,0.01
6ynopZPMBXcIGBI9M02Un5,Haftbefehl,german hip hop,531151,68,0.82,0.71,129.0,0.45,-7.92,0.24,0.21,0.13,0.0
4sg4no0TXdsrM1s4SVUwNF,Juju,"frauenrap,german hip hop,german pop",490678,68,0.76,0.6,112.09,0.48,-6.8,0.09,0.12,0.23,0.0
1vaQ6v3pOFxAIrFoPrAcom,Ari Lennox,"alternative r&b,dmv rap,indie r&b,indie soul,neo soul,pop,r&b,urban contemporary",464429,68,0.75,0.86,101.93,0.57,-3.29,0.27,0.12,0.14,0.0
6Rx1JKzBrSzoKQtmbVmBnM,Hayley Williams,"art pop,indie pop",456403,68,0.78,0.6,109.97,0.36,-7.42,0.04,0.12,0.21,0.0
3jk39CGeaaSO3FPKNx1RUx,Syd,"alternative r&b,chill r&b,escape room,indie r&b,indie soul,lgbtq+ hip hop,r&b",420830,68,0.66,0.76,146.12,0.57,-7.4,0.1,0.22,0.06,0.0
4iCwCMnqsNZ6atvRiADgtn,RZA,"alternative hip hop,east coast hip hop,hardcore hip hop,hip hop",392345,68,0.72,0.81,90.99,0.76,-4.94,0.31,0.37,0.13,0.0
1MXZ0hsGic96dWRDKwAwdr,Tyla Yaweh,"cali rap,melodic rap,pop rap,rap,trap",377596,68,0.48,0.61,101.67,0.6,-6.08,0.12,0.09,0.21,0.0
1iNqsUDUraNWrj00bqssQG,Dreamville,"hip hop,rap,underground hip hop",370982,68,0.69,0.63,134.37,0.39,-5.87,0.33,0.2,0.25,0.0
5AbLpsnTQVNB3OEadYiVrK,Yxng Bane,"afroswing,uk dancehall,uk hip hop",361900,68,0.67,0.83,113.02,0.45,-3.93,0.09,0.45,0.04,0.0
2NJWI8byqTSqDaJRnqJY2z,KALIM,"german hip hop,german trap,hamburg hip hop",229465,68,0.8,0.65,125.04,0.58,-6.6,0.13,0.15,0.16,0.0
5T0MSzX9RC5NA6gAI6irSn,Estelle,"neo soul,r&b",227247,68,0.42,0.46,112.98,0.15,-8.45,0.06,0.12,0.38,0.02
2HkAI0YrEcgoR8QdaURqhO,Dimitri Vegas,belgian edm,160479,68,0.72,0.86,93.04,0.72,-2.7,0.06,0.29,0.16,0.0
4OBbOrkD4geIjOLrICN3wO,Inspectah Deck,"east coast hip hop,hardcore hip hop,hip hop",154307,68,0.72,0.81,90.99,0.76,-4.94,0.31,0.37,0.13,0.0
4LcUpNlXFEleaLlelmkv2R,Kris Kross Amsterdam,"dutch house,dutch pop",151132,68,0.62,0.73,106.2,0.36,-5.69,0.12,0.18,0.08,0.0
7HV2RI2qNug4EcQqLbCAKS,Keala Settle,"broadway,hollywood,show tunes",140486,68,0.47,0.77,155.89,0.24,-8.02,0.14,0.11,0.0,0.02
5UjifI1TYefXWn9GdqDOHl,Social House,,134111,68,0.58,0.64,143.07,0.75,-4.54,0.25,0.13,0.39,0.0
10XY9PZCJKzUFzZOdtlQLU,LX,"german hip hop,hamburg hip hop",130273,68,0.72,0.72,104.52,0.31,-6.48,0.29,0.12,0.13,0.05
6trIghKwHRUyxwvm66HLHH,Fousheé,indie r&b,126745,68,0.79,0.54,129.34,0.66,-6.91,0.34,0.13,0.73,0.0
4Wjf8diP59VmPG7fi4y724,Cedric Gervais,"edm,electro house,house",93662,68,0.67,0.83,123.99,0.77,-5.77,0.31,0.63,0.01,0.0
4ArPQ1Opcksbbf3CPwEjWE,Emilee,social media pop,79615,68,0.67,0.77,112.05,0.33,-7.57,0.09,0.39,0.07,0.0
5PlfkPxwCpRRWQJBxCa0By,HUGEL,"dance pop,deep house,edm,electro house,house,pop dance,tropical house",66312,68,0.77,0.58,113.02,0.61,-9.0,0.07,0.21,0.23,0.0
6Rmg5JiRphFMlhkwGNl9Fu,Tom Gregory,"tropical house,uk pop",62383,68,0.76,0.85,127.95,0.71,-3.84,0.05,0.11,0.21,0.0
19HFRWmRCl27kTk6LeqAO8,MORTEN,"danish electronic,scandipop",62049,68,0.59,0.92,126.04,0.35,-4.7,0.09,0.18,0.09,0.07
7nqlScm2smydSRl13eaP8E,Nea,"scandipop,swedish pop",39374,68,0.68,0.7,120.03,0.64,-5.59,0.04,0.17,0.41,0.0
3SYnDj7btg9gFY7ps8m5d5,RANI,uk pop,11744,68,0.59,0.64,107.36,0.65,-3.87,0.12,0.1,0.08,0.0
2iI5KWXLjw1tqLQsdjuo0e,Chael Produciendo,,6441,68,0.85,0.91,112.99,0.8,-2.47,0.23,0.13,0.05,0.02
4A0TivfinfALCAMJqqjZIk,Funk Wav,,5506,68,0.78,0.73,105.83,0.7,-4.26,0.1,0.14,0.32,0.0
7me0S5Z40qVWj3gzyK8aC3,Mc Livinho,"funk carioca,funk ostentacao,funk paulista",6320700,67,0.59,0.41,83.3,0.55,-6.83,0.26,0.16,0.02,0.0
21dooacK2WGBB5amYvKyfM,Smokepurpp,"dark trap,melodic rap,miami hip hop,rap,southern hip hop,trap,underground hip hop,vapor trap,viral rap",2336239,67,0.71,0.59,120.02,0.67,-6.47,0.35,0.13,0.32,0.0
5NS0854TqZQVoRmJKSWtFZ,Chino & Nacho,"electro latino,latin,latin hip hop,latin pop,trap latino,tropical",2081322,67,0.68,0.95,104.03,0.52,-1.82,0.12,0.11,0.02,0.0
5dXlc7MnpaTeUIsHLVe3n4,Coez,"italian indie pop,italian pop,rap napoletano,rome indie",1734130,67,0.68,0.66,124.65,0.37,-6.43,0.24,0.18,0.22,0.0
293zczrfYafIItmnmM3coR,Chuck Berry,"blues rock,classic rock,rock,rock-and-roll,rockabilly,soul",1465824,67,0.6,0.76,160.16,0.96,-9.83,0.09,0.19,0.78,0.0
4FpJcNgOvIpSBeJgRg3OfN,Orelsan,"french hip hop,old school rap francais,rap conscient",1457767,67,0.82,0.65,144.0,0.74,-6.16,0.23,0.1,0.11,0.0
2cCUtGK9sDU2EoElnk0GNB,The National,"indie rock,modern rock,stomp and holler",1342394,67,0.53,0.54,107.87,0.3,-11.27,0.06,0.14,0.83,0.0
6lB8vOoI4DRrrVxXwuV19c,Mike Perry,"dance pop,edm,electro house,pop,pop dance,pop edm,swedish tropical house,tropical house",1241518,67,0.66,0.58,107.01,0.36,-6.08,0.03,0.14,0.04,0.0
7LvoDJUNGnOrPdGRzVtOJ9,Young M.A,"lgbtq+ hip hop,nyc rap,pop rap,rap,trap",1212337,67,0.74,0.8,128.01,0.48,-4.47,0.25,0.27,0.27,0.0
3c96G4d2lUOxhomM2mby5S,Bushido,"deep german hip hop,german hip hop",1095366,67,0.59,0.74,121.98,0.52,-6.0,0.41,0.06,0.05,0.0
5GcWBUX00IPuWVGMIRK1sS,Residente,venezuelan hip hop,897263,67,0.63,0.62,135.28,0.58,-6.06,0.19,0.13,0.25,0.0
4NZvixzsSefsNiIqXn0NDe,Maggie Rogers,"indie pop,pop",779382,67,0.71,0.67,112.99,0.82,-6.14,0.03,0.11,0.16,0.0
6d47Z08T4snK50HgTEHo5Z,Sage The Gemini,"dance pop,hyphy,pop rap,rap,southern hip hop,trap",769363,67,0.78,0.57,107.06,0.86,-5.87,0.19,0.2,0.27,0.0
4VuARVJiWGsH2msKTdsKdQ,Veysel,"albanian hip hop,german drill,german hip hop",745446,67,0.82,0.83,139.97,0.31,-3.56,0.23,0.31,0.04,0.0
5Q81rlcTFh3k6DQJXPdsot,Mura Masa,"channel islands indie,vapor soul",584268,67,0.66,0.77,88.84,0.73,-5.12,0.14,0.27,0.13,0.0
0ebNdVaOfp6N0oZ1guIxM8,SUGA,k-pop,582883,67,0.66,0.74,141.28,0.42,-5.16,0.08,0.1,0.22,0.0
5MouCg6ta7zAxsfMEbc1uh,OMI,dance pop,582342,67,0.78,0.68,118.02,0.6,-6.24,0.03,0.16,0.17,0.0
2K5nCggbhSZ00YCYP5qkZS,Shiva,"italian hip hop,trap italiana",573647,67,0.72,0.76,151.26,0.49,-5.44,0.21,0.17,0.08,0.0
3yiEJ9SByXZMXTwaKdVFN4,Luche,"italian hip hop,rap napoletano",521354,67,0.83,0.62,142.56,0.52,-5.55,0.19,0.15,0.22,0.0
5y9wg9qkGBl0n9v9RzaPKu,Capo,german hip hop,426479,67,0.74,0.62,148.04,0.39,-6.3,0.2,0.1,0.1,0.0
5FxD8fkQZ6KcsSYupDVoSO,Omar Apollo,"alternative r&b,bedroom pop,bedroom soul,chill r&b,indie r&b,pop,r&b",418902,67,0.72,0.37,150.08,0.36,-9.12,0.19,0.1,0.47,0.06
6sHCvZe1PHrOAuYlwTLNH4,Gus Dapperton,"bedroom pop,indie pop,indie poptimism",414488,67,0.86,0.63,128.98,0.82,-4.69,0.05,0.12,0.3,0.0
3r1XkJ7vCs8kHBSzGvPLdP,slowthai,"hip hop,rap,uk alternative hip hop,uk hip hop,underground hip hop",394640,67,0.64,0.81,158.07,0.71,-6.73,0.24,0.64,0.09,0.0
5nkYRuiIHg2xXHFC8bfosJ,ItaloBrothers,"dance pop,eurodance,europop,hands up,italo dance,pop dance",380345,67,0.76,0.75,102.0,0.49,-4.03,0.07,0.08,0.06,0.0
2FwJwEswyIUAljqgjNSHgP,Snakehips,"dance pop,edm,electropop,indie poptimism,pop,pop dance,tropical house",335858,67,0.65,0.68,150.2,0.44,-4.16,0.12,0.28,0.27,0.0
6IZ4ctovY9dl7bgHClAvKJ,LSD,,309442,67,0.6,0.64,120.13,0.46,-5.63,0.06,0.14,0.13,0.0
6USMTwO0MNDnKte5a5h0xx,Y2K,pop rap,272002,67,0.84,0.39,129.97,0.5,-7.9,0.08,0.14,0.18,0.0
7eCmccnRwPmRnWPw61x6jM,SHY Martin,"alt z,electropop,pop,swedish electropop,tropical house",242446,67,0.63,0.57,90.04,0.19,-6.48,0.03,0.1,0.02,0.0
77qukKzmdI5BeMBR7WGUrN,Aaron Smith,chicago house,240647,67,0.72,0.74,119.9,0.36,-6.53,0.03,0.29,0.1,0.0
21aa4pj9BvbFB2iT8kRpnq,Michael Schulte,"german pop,pop",238199,67,0.45,0.28,74.79,0.42,-9.95,0.03,0.1,0.78,0.0
2kqUKsTuEj1lPbm6BSn1AU,Rich Music LTD,"latin,reggaeton,trap latino",208296,67,0.72,0.79,175.04,0.7,-3.32,0.22,0.3,0.15,0.0
0x7qiZJaal6j8qS7yCydFk,Savage Ga$p,"aesthetic rap,emo rap,meme rap,viral rap",173514,67,0.61,0.94,84.98,0.39,-7.44,0.12,0.1,0.0,0.0
0NnUMWDCDi1snuMja6IdxH,Harry Nach,"trap chileno,trap latino",143970,67,0.8,0.58,99.99,0.23,-4.78,0.09,0.17,0.34,0.0
3QJUFtGBGL05vo0kCJZsmT,salem ilese,"alt z,modern indie pop,social media pop",142953,67,0.74,0.62,113.97,0.72,-7.31,0.05,0.69,0.42,0.0
75jNCko3SnEMI5gwGqrbb8,Tammi Terrell,motown,130231,67,0.66,0.6,129.99,0.8,-10.87,0.03,0.18,0.43,0.0
7MPGCB854Qo4alYMOPkBka,Ritt Momney,"bedroom pop,indie pop",102835,67,0.4,0.49,91.07,0.16,-10.78,0.05,0.11,0.06,0.0
1aQwKFn00nswXRDUDipm0K,Gaullin,"edm,lithuanian edm,lithuanian electronic,pop dance,tropical house",102241,67,0.81,0.76,124.96,0.29,-5.69,0.08,0.34,0.05,0.01
6eYFryfcEu3QSq59D62wZQ,Brendon Urie,,97203,67,0.61,0.72,164.59,0.63,-5.6,0.11,0.12,0.1,0.0
0KuF7reCTOZwV7YJnHQqgr,The Neptunes,,56550,67,0.68,0.52,120.07,0.72,-6.37,0.05,0.1,0.2,0.0
1oMiDFyAgmIzw9ZBQYHOJI,El Guincho,musica canaria,44152,67,0.88,0.69,97.96,0.75,-4.03,0.12,0.05,0.39,0.0
17TFSnqADESRM8BPSaM5aB,Krono,deep tropical house,20762,67,0.72,0.74,119.9,0.36,-6.53,0.03,0.29,0.1,0.0
4TvhRzxIL1le2PWCeUqxQw,The Blessed Madonna,,17836,67,0.81,0.66,116.03,0.56,-7.34,0.14,0.21,0.04,0.0
5uEeqYFuIChoWKy34jp8xE,Brando,dance pop,14370,67,0.75,0.76,121.96,0.58,-4.4,0.04,0.05,0.05,0.0
6dqohi36avY0M9urnyhITr,Luvli,,3095,67,0.72,0.74,119.9,0.36,-6.53,0.03,0.29,0.1,0.0
0b1sIQumIAsNbqAoIClSpy,j-hope,"k-pop,k-rap",7473021,66,0.79,0.89,106.54,0.51,-5.3,0.09,0.23,0.01,0.0
2ODbg2404zUzTi02qIPEjB,Tay-K,"cali rap,dfw rap,rap,trap,underground hip hop,vapor trap",2577989,66,0.79,0.56,80.01,0.48,-7.66,0.34,0.22,0.02,0.0
2iK8weavvfS2xJCmzNzNE5,J-AX,"italian adult pop,italian pop",1868954,66,0.69,0.74,121.84,0.64,-7.12,0.11,0.05,0.03,0.0
1tqhsYv8yBBdwANFNzHtcr,Lil Dicky,"comedy rap,pop rap,rap",1845683,66,0.74,0.62,126.35,0.8,-5.67,0.11,0.1,0.41,0.0
7GaxyUddsPok8BuhxN6OUW,James Brown,"funk,motown,soul",1804292,66,0.85,0.53,115.13,0.93,-9.69,0.22,0.05,0.29,0.01
0qTZZWLzuD59Un5r1speHm,Chris Jedi,"latin,reggaeton,reggaeton flow,trap latino",1675053,66,0.75,0.74,140.02,0.61,-4.57,0.07,0.2,0.28,0.0
0YrtvWJMgSdVrk3SfNjTbx,Death Cab for Cutie,"alternative rock,indie pop,indie rock,modern rock,pop rock,washington indie",1314792,66,0.61,0.66,159.82,0.7,-6.33,0.4,0.1,0.14,0.0
6beUvFUlKliUYJdLOXNj9C,King Princess,"alt z,dance pop,electropop,indie pop,indie poptimism,nyc pop,pop",1263137,66,0.6,0.54,71.91,0.27,-7.04,0.11,0.16,0.65,0.0
34Y0ldeyUv7jBvukWOGASO,Bobby Shmurda,"nyc rap,rap,trap",1217991,66,0.73,0.63,149.99,0.83,-4.3,0.4,0.16,0.13,0.0
6BeO1KuAWBqFriL1mLHtNc,Leslie Grace,"bachata,hollywood,latin",1196992,66,0.75,0.69,133.48,0.7,-4.45,0.19,0.1,0.06,0.0
2RDOrhPqAM4jzTRCEb19qX,Sheck Wes,"rap,trap,underground hip hop,vapor trap",1171738,66,0.79,0.65,129.67,0.34,-4.65,0.12,0.31,0.12,0.0
00tVTdpEhQQw1bqdu8RCx2,Blue Öyster Cult,"album rock,art rock,classic rock,hard rock,metal,rock,soft rock",1133889,66,0.33,0.93,141.47,0.38,-8.55,0.07,0.3,0.0,0.0
7u710e44HW3K7A5eTnRqHC,Fabri Fibra,"italian hip hop,rap napoletano",1096592,66,0.76,0.72,127.25,0.65,-5.54,0.24,0.15,0.12,0.0
7rOlQwf8OuFLFQp4aydjBt,Paloma Mami,"latin pop,reggaeton chileno,trap chileno",954251,66,0.68,0.77,145.75,0.45,-4.87,0.21,0.12,0.12,0.08
4RnBFZRiMLRyZy0AzzTg2C,Run The Jewels,"escape room,hip hop,political hip hop",930014,66,0.68,0.5,132.42,0.39,-7.31,0.49,0.16,0.02,0.0
2otUckChxWf2cp6UP2cD6e,Zuna,"albanian hip hop,german hip hop",911787,66,0.76,0.69,125.01,0.5,-5.6,0.26,0.12,0.21,0.0
2NUz5P42WqkxilbI8ocN76,Vybz Kartel,"dancehall,reggae fusion",865765,66,0.83,0.57,100.17,0.54,-6.81,0.33,0.1,0.02,0.02
2hPgGN4uhvXAxiXQBIXOmE,KIDS SEE GHOSTS,"hip hop,rap",846586,66,0.65,0.62,120.6,0.38,-6.09,0.12,0.21,0.25,0.01
2a0uxJgbvvIRI4GX8pYfcr,J Hus,"afroswing,grime,uk hip hop",824912,66,0.62,0.63,98.21,0.77,-5.84,0.34,0.13,0.25,0.0
4u5smJBskI6Adzv08PuiUP,Kiiara,"alt z,dance pop,electropop,indie poptimism,pop",792809,66,0.64,0.65,120.71,0.4,-6.13,0.1,0.09,0.22,0.0
25tMQOrIU4LlUo6Sv8v5SE,Gavin James,"irish pop,neo mellow,pop,pop rock,viral pop",596652,66,0.69,0.88,123.99,0.49,-4.16,0.06,0.15,0.04,0.0
3QTDHixorJelOLxoxcjqGx,SiR,"alternative r&b,hip hop,indie soul,la pop,r&b,rap",587484,66,0.8,0.51,120.07,0.47,-10.83,0.13,0.31,0.21,0.0
4F4pp8NUW08JuXwnoxglpN,Bad Gyal,"rap catala,rap latina,trap catala,trap latino,urbano espanol",573139,66,0.67,0.75,178.0,0.7,-4.7,0.06,0.11,0.21,0.0
4N8BwYTEC6XqykGvXXlmfv,George Benson,"adult standards,disco,jazz funk,jazz guitar,motown,quiet storm,smooth jazz,soul,soul jazz,yacht rock",549028,66,0.63,0.81,160.17,0.78,-5.89,0.13,0.12,0.14,0.02
0lHB0Qc4pmD5RkTLlHeESo,MC L da Vinte,"funk bh,funk carioca,funk ostentacao",489298,66,0.83,0.6,86.53,0.48,-1.62,0.15,0.08,0.38,0.0
3jFjgKOGfVLWfXX8q5wrsg,R.K.M & Ken-Y,"latin,latin hip hop,reggaeton,trap latino",455225,66,0.84,0.83,92.0,0.53,-2.49,0.05,0.28,0.06,0.0
3IrUyDPQlQFcB5lMWhPml2,SSIO,"afghan rap,german hip hop,hamburg hip hop",449173,66,0.8,0.81,130.1,0.37,-4.57,0.29,0.22,0.04,0.0
3gk0OYeLFWYupGFRHqLSR7,Showtek,"classic hardstyle,edm,electro house,euphoric hardstyle,pop dance,progressive electro house",445359,66,0.57,0.94,125.03,0.51,-2.68,0.03,0.12,0.1,0.5
0iFq8SzyZaaQ2Fn6CLDxqW,Clueso,"german pop,german singer-songwriter",403927,66,0.69,0.76,84.03,0.56,-5.23,0.11,0.11,0.57,0.0
6I3MElirhT5t6Kf7p0hGk9,Duckwrth,"alternative r&b,escape room,indie r&b,indie soul,underground hip hop",302655,66,0.64,0.68,154.88,0.58,-5.39,0.26,0.16,0.08,0.0
12Zk1DFhCbHY6v3xep2ZjI,070 Shake,"alternative r&b,new jersey rap",293113,66,0.49,0.8,96.7,0.45,-5.08,0.41,0.18,0.07,0.0
6M6XXCcO5gI68XpIlrUL3Z,Young T & Bugsey,"afroswing,nottingham hip hop,uk hip hop",271174,66,0.96,0.45,108.04,0.34,-8.7,0.32,0.18,0.18,0.01
523y9KSneKh6APd1hKxLuF,Master KG,south african house,259165,66,0.88,0.48,124.01,0.83,-7.01,0.05,0.06,0.02,0.0
0JOxt5QOwq0czoJxvSc5hS,GASHI,"pop rap,trap soul",201398,66,0.45,0.6,134.6,0.5,-4.4,0.14,0.2,0.35,0.0
7qPLO2XOUaRrRxkvLZ3AEK,Zeeba,"brazilian edm,nova mpb",177419,66,0.76,0.64,123.0,0.52,-5.85,0.04,0.08,0.29,0.0
0DdDnziut7wOo6cAYWVZC5,KREAM,"dance pop,deep groove house,edm,electro house,house,pop dance,pop edm,tropical house",171725,66,0.68,0.94,103.96,0.57,-3.52,0.05,0.15,0.15,0.0
7f02bxFbZIOVdSbYRNYvLT,Jerry Di,"cubaton,dominican pop,pop venezolano,reggaeton,reggaeton flow,trap latino",159743,66,0.85,0.52,97.05,0.63,-4.43,0.21,0.15,0.82,0.0
3KwmxIhSe9UTSEF37kwngR,SHAED,"electropop,pop",143116,66,0.65,0.44,126.78,0.52,-6.65,0.03,0.1,0.52,0.0
6Gk5hoM7eW8NSCYhICMDHw,Zak Abel,uk contemporary r&b,134291,66,0.72,0.64,112.89,0.39,-6.59,0.08,0.09,0.13,0.0
1buzCmyYZE4kcdLRudsb8V,Mikky Ekko,nashville indie,124075,66,0.62,0.31,111.89,0.12,-10.16,0.03,0.12,0.94,0.0
3XcCT5MPlQPWFTJyzXbfuX,Maejor,detroit hip hop,85556,66,0.82,0.7,117.48,0.57,-4.88,0.1,0.34,0.02,0.0
3qBKjEOanahMxlRojwCzhI,Zacari,gqom,68944,66,0.66,0.6,122.21,0.52,-9.36,0.12,0.12,0.35,0.01
3uZFBSsMiooimnprFL9jD1,Snow,"canadian old school hip hop,reggae fusion",47022,66,0.74,0.86,94.01,0.63,-2.83,0.05,0.05,0.14,0.0
5luyt0SUvGkDMY4ILP6Qhl,Descemer Bueno,"cubaton,latin",38305,66,0.69,0.82,91.01,0.66,-3.3,0.05,0.24,0.06,0.0
0UcXjTpzt0DmIwPSNwlJfF,jetsonmade,dream smp,18583,66,0.93,0.58,129.99,0.62,-4.48,0.37,0.12,0.12,0.0
5pXe6yFchq1oyYK3rq2A8i,KIDDO,scandipop,12188,66,0.5,0.76,183.93,0.64,-4.25,0.04,0.15,0.29,0.0
00CMSJdbf36zOzKB3z8JrR,Victor Cardenas,,9590,66,0.74,0.97,128.03,0.56,-3.51,0.08,0.3,0.01,0.46
2h6hAChW74hB9HvrNoK1RY,Quarterhead,,3771,66,0.8,0.83,124.96,0.6,-5.36,0.19,0.12,0.02,0.0
0shHIQr8VamXbzM66kwGQo,TATOOL,,1117,66,0.68,0.73,93.89,0.63,-5.25,0.15,0.49,0.37,0.0
5szJHKg5xeUlQ9pTqzdpic,Taiu,,1036,66,0.68,0.73,93.89,0.63,-5.25,0.15,0.49,0.37,0.0
3egWSWp7Y4FyCKIyvXbw7L,Ghali,"italian hip hop,italian pop,milan indie,rap tunisien",2748743,65,0.73,0.75,132.0,0.52,-6.19,0.07,0.21,0.34,0.0
3ATyg4fGC9F8trfb0GRWmX,Joey Montana,"latin,latin hip hop,latin pop,panamanian pop,pop peruano,pop reggaeton,reggaeton,trap latino",2316805,65,0.69,0.86,92.04,0.7,-4.45,0.06,0.12,0.19,0.0
0WOxhx4hikIsyF3CRPLC8W,Famous Dex,"chicago rap,drill,rap,southern hip hop,trap,underground hip hop,vapor trap,viral rap",2270609,65,0.83,0.57,155.99,0.56,-8.11,0.28,0.34,0.07,0.0
7bmYpVgQub656uNTu6qGNQ,Hwa Sa,"k-pop,korean mask singer",2154670,65,0.66,0.81,137.96,0.58,-3.15,0.06,0.2,0.13,0.0
5wyWp867LWGjFmYZXVSFnZ,MERO,german hip hop,1906382,65,0.76,0.72,113.13,0.68,-6.65,0.2,0.11,0.29,0.0
1xU878Z1QtBldR7ru9owdU,Phoenix,"alternative dance,indie rock,modern rock,new rave,pop rock,rock independant francais",1712141,65,0.53,0.92,98.03,0.68,-6.69,0.05,0.16,0.03,0.01
22jNvLBrXGKr4CcV2tw8Ag,Jonas Esticado,"forro,sertanejo,sertanejo pop,sertanejo universitario",1363304,65,0.63,0.95,160.06,0.8,-1.28,0.03,0.12,0.32,0.0
3MkkSf3u5KU52Mb2iMrqeX,MadMan,italian hip hop,1097605,65,0.85,0.72,131.63,0.53,-6.61,0.13,0.17,0.12,0.0
0GByy3DcfbQwDvXGCWmzv9,Pretenders,"album rock,art rock,classic rock,folk,folk rock,heartland rock,lilith,mellow gold,new romantic,new wave,new wave pop,permanent wave,pop rock,rock,soft rock",1066886,65,0.22,0.71,66.21,0.45,-9.05,0.04,0.1,0.0,0.03
2HUwZ0kumzCSlhFcjFZfpp,Flipp Dinero,"melodic rap,pop rap,rap,trap,vapor trap",947746,65,0.79,0.74,150.02,0.74,-2.81,0.09,0.18,0.11,0.0
6nB0iY1cjSY1KyhYyuIIKH,FKA twigs,"afrofuturism,alternative r&b,art pop,dance pop,escape room,experimental r&b,pop,trip hop",900238,65,0.81,0.51,123.5,0.31,-7.46,0.25,0.44,0.25,0.0
5n9bMYfz9qss2VOW89EVs2,Bomba Estéreo,"cumbia,latin alternative,latin rock,pop electronico,tropical alternativo",895136,65,0.76,0.59,100.0,0.28,-4.29,0.04,0.09,0.13,0.01
06nvjg4wBANK6DCHjqtPNd,Mahmood,italian pop,891872,65,0.75,0.62,103.55,0.41,-8.02,0.12,0.21,0.03,0.0
6289Bbkkk3gaCbh1K7Rv8F,Izi,"indie liguria,italian hip hop,trap italiana",863192,65,0.76,0.67,139.98,0.22,-7.0,0.08,0.14,0.04,0.0
27mFvqQj8KpjmdKIqcw1mG,Ayo & Teo,"social media pop,trap",807029,65,0.8,0.89,144.95,0.79,-2.51,0.04,0.27,0.08,0.0
6I3M904Y9IwgDjrQ9pANiB,Kenny G,"smooth jazz,smooth saxophone",796990,65,0.61,0.46,148.28,0.18,-3.93,0.04,0.13,0.61,0.0
44IvvHRk2XF243QLA2VOa8,Stunna 4 Vegas,"trap,viral rap",656605,65,0.93,0.77,127.39,0.63,-3.84,0.26,0.07,0.04,0.0
3GBBxBdoolb0B5YizZq9bF,Eno,"german drill,german hip hop",647476,65,0.78,0.75,112.89,0.71,-5.71,0.16,0.24,0.2,0.0
2QUvtLq6oQaX0LNsYY2fas,Cauty,"latin,perreo,reggaeton,reggaeton flow,trap latino",640826,65,0.73,0.65,187.99,0.68,-6.4,0.38,0.1,0.38,0.0
1V3VTM7VspiQjcmRhC010n,Quintino,"dutch edm,dutch house,edm,electro house,pop dance,progressive electro house,progressive house,slap house",574446,65,0.65,0.6,77.54,0.3,-6.94,0.04,0.15,0.16,0.0
27w1NoOLMX7tJMYqcetPyG,VIC MENSA,"chicago rap,conscious hip hop,hip hop,pop rap,rap,trap,underground hip hop",566400,65,0.51,0.69,93.38,0.13,-7.1,0.37,0.1,0.22,0.0
4TrraAsitQKl821DQY42cZ,Sigrid,"dance pop,norwegian pop,pop",562386,65,0.65,0.75,132.51,0.21,-5.47,0.08,0.16,0.11,0.0
4mAsWDGLUIEdo6imU77WG6,Boomdabash,"italian adult pop,italian pop,italian reggae",557804,65,0.93,0.62,122.03,0.58,-5.73,0.14,0.39,0.29,0.0
0zPILh9oEH0fDagpkHTQQ8,Killstation,"dark trap,emo rap,sad rap,underground hip hop",434500,65,0.45,0.54,81.92,0.24,-11.34,0.4,0.1,0.47,0.0
63XBtGSEZINSyXylZxEUbv,Victoria Monét,"alternative r&b,chill r&b,dance pop,indie r&b,pop,pop r&b,post-teen pop,r&b,urban contemporary",423507,65,0.89,0.51,143.96,0.7,-8.28,0.38,0.11,0.7,0.0
3hteYQFiMFbJY7wS0xDymP,Gesaffelstein,"dark clubbing,destroy techno",405207,65,0.49,0.71,132.83,0.24,-7.79,0.08,0.13,0.17,0.0
3S0tlB4fE7ChxI2pWz8Xip,Giggs,"grime,london rap,uk alternative hip hop,uk hip hop",393358,65,0.89,0.6,108.52,0.33,-6.83,0.14,0.33,0.04,0.01
6ns6XAOsw4B0nDUIovAOUO,GZA,"alternative hip hop,east coast hip hop,gangster rap,hardcore hip hop,hip hop,rap",378048,65,0.72,0.81,90.99,0.76,-4.94,0.31,0.37,0.13,0.0
7hOGhpa8RMSuDOWntGIAJt,A R I Z O N A,"electropop,indie poptimism,pop,pop dance,pop edm,pop rock,tropical house",370767,65,0.63,0.6,101.96,0.3,-7.81,0.03,0.09,0.23,0.08
5TbLOwv8BNnik3f03NZJlt,TOKYO’S REVENGE,"meme rap,sad rap,vapor trap,viral rap",331432,65,0.91,0.54,124.92,0.66,-7.78,0.36,0.25,0.04,0.0
6HqgxkTt9KGyt27zYrwVan,Super Yei,"latin,reggaeton,reggaeton flow,trap latino",299015,65,0.86,0.67,164.06,0.95,-5.95,0.28,0.06,0.11,0.0
64rxQRJsLgZwHHyWKB8fiF,Eiffel 65,"bubblegum dance,eurodance,europop,italian adult pop,italo dance",261242,65,0.82,0.78,130.01,0.65,-6.15,0.06,0.09,0.02,0.0
7xtnpHS34mLlxGZDVUBHSU,La Húngara,"pop flamenco,rumba,spanish pop,spanish pop rock",253857,65,0.81,0.75,168.02,0.49,-4.61,0.15,0.1,0.31,0.0
0f2YkMXwFNJNSX7MymevKE,Kaash Paige,"pop r&b,r&b",215058,65,0.58,0.31,70.02,0.1,-8.4,0.03,0.12,0.52,0.0
0imE3buPhAowREqCrr4CYe,Peach Tree Rascals,"alternative r&b,chill r&b,indie r&b,pop",181832,65,0.68,0.52,112.01,0.42,-5.88,0.03,0.36,0.62,0.0
5tHiL8SKSaZGMBUPIiSmX4,KitschKrieg,"german hip hop,german pop,hamburg hip hop",169942,65,0.82,0.65,96.81,0.73,-7.05,0.23,0.13,0.12,0.02
4vxaQs6vK54nK89J1VtLex,PUBLIC,indie rockism,169635,65,0.61,0.8,103.01,0.64,-4.45,0.03,0.15,0.01,0.0
1XLWox9w1Yvbodui0SRhUQ,StaySolidRocky,melodic rap,153070,65,0.74,0.4,130.01,0.61,-10.06,0.13,0.14,0.64,0.0
7jEEE187pVG6InOxn03oA5,Benjamin Ingrosso,swedish pop,130580,65,0.73,0.69,109.08,0.76,-5.43,0.07,0.11,0.1,0.0
3yzRiNMZdTsSUgplcyYZ4i,Blanco Brown,country rap,124486,65,0.85,0.68,97.98,0.81,-8.64,0.11,0.27,0.07,0.0
3CbYyyd8wH3RT6t0jwpdzC,Murda Beatz,"canadian hip hop,canadian trap",121462,65,0.92,0.49,135.01,0.54,-7.5,0.33,0.12,0.07,0.0
0CjWKoS55T7DOt0HJuwF1H,Bipolar Sunshine,gauze pop,77703,65,0.61,0.7,104.98,0.21,-5.33,0.04,0.05,0.02,0.0
5yy76ufVriyvidNSvXlRU1,Clever,alabama rap,61388,65,0.7,0.58,150.03,0.76,-5.08,0.07,0.3,0.31,0.0
0CEK8AzyeD5ZUdUloB6yQV,CADE,pop edm,45368,65,0.7,0.87,121.03,0.73,-4.66,0.03,0.1,0.15,0.13
6hkKbkZGvAXuvle2FhCnxy,Shablo,italian hip hop,41973,65,0.7,0.7,139.93,0.72,-6.12,0.06,0.41,0.05,0.0
76dRoxKtDwYkgCQePok9cU,Miksu / Macloud,german hip hop,32873,65,0.77,0.56,137.04,0.59,-7.27,0.07,0.15,0.34,0.0
2U3FuHYvL3vhkbDAXm24Ep,Dan Caplen,"neo soul,uk contemporary r&b",25106,65,0.65,0.81,92.21,0.55,-4.06,0.05,0.16,0.19,0.0
5IbUz6BcOu6IVY512oxavP,Niño de Elche,spanish pop,23550,65,0.81,0.75,168.02,0.49,-4.61,0.15,0.1,0.31,0.0
5wTdspmxzb8V4ZjvDodpBo,A Touch Of Class,"bubblegum dance,europop",19196,65,0.73,0.86,124.95,0.52,-5.03,0.03,0.1,0.48,0.06
4olE3I5QU0dvSR7LIpqTXc,WATT,modern alternative rock,19047,65,0.66,0.72,103.04,0.71,-4.2,0.06,0.08,0.04,0.0
0Kwf0zcciIFGLCKiqNcO6Q,SRNO,"dutch hip hop,dutch rap pop",15410,65,0.76,0.56,187.81,0.52,-6.94,0.36,0.1,0.14,0.0
2uFC1dAj5b0YU7vulKNZ0p,Banx & Ranx,basshall,15112,65,0.67,0.83,113.02,0.45,-3.93,0.09,0.45,0.04,0.0
2fsk4VlJdNF6G8cCMDrrzB,Norma Jean Martine,nyc pop,9437,65,0.8,0.83,124.96,0.6,-5.36,0.19,0.12,0.02,0.0
3EXdLajEO02ziZ90P90bSW,Lil Xan,"emo rap,underground hip hop,vapor trap",2184546,64,0.64,0.61,103.52,0.32,-7.3,0.15,0.32,0.22,0.0
7yO4IdJjCEPz7YgZMe25iS,A$AP Mob,"hip hop,rap,southern hip hop,trap,vapor trap",1784241,64,0.86,0.42,145.89,0.29,-6.16,0.27,0.33,0.1,0.0
0XHiH53dHrvbwfjYM7en7I,Chris Cornell,"alternative metal,alternative rock,rock",1639313,64,0.43,0.62,145.66,0.33,-7.77,0.03,0.12,0.28,0.0
6G9bygHlCyPgNGxK2l3YdE,Vanessa Hudgens,"dance pop,pop,post-teen pop,viral pop",1586698,64,0.6,0.55,132.86,0.26,-4.86,0.04,0.11,0.12,0.0
2auiVi8sUZo17dLy1HwrTU,Solange,"afrofuturism,alternative r&b,dance pop,escape room,hip pop,indie soul,neo soul,pop,r&b,urban contemporary",1565622,64,0.82,0.56,132.99,0.37,-6.21,0.03,0.13,0.21,0.0
3LjhVl7GzYsza1biQjTpaN,Hayley Kiyoko,"alt z,dance pop,electropop,indie pop,indie poptimism,pop,post-teen pop",1489457,64,0.63,0.79,103.97,0.41,-4.13,0.06,0.16,0.05,0.0
0qSX3s5pJnAlSsgsCne8Cz,Brett Eldredge,"contemporary country,country,country road,modern country rock",1315074,64,0.52,0.54,109.96,0.58,-7.61,0.06,0.16,0.57,0.0
4TEJudQY2pXxVHPE3gD2EU,BlocBoy JB,"memphis hip hop,rap,southern hip hop,tennessee hip hop,trap,vapor trap",1314980,64,0.89,0.59,144.0,0.53,-6.78,0.31,0.25,0.03,0.0
1INuLZXjjVbcJRyWvD1iSq,Jack & Jack,"dance pop,pop,post-teen pop,social media pop,teen pop",1295743,64,0.69,0.78,106.07,0.67,-4.65,0.03,0.2,0.32,0.0
250b0Wlc5Vk0CoUsaCY84M,JENNIE,k-pop,1293260,64,0.75,0.64,95.04,0.39,-5.16,0.09,0.1,0.09,0.0
2bxxlINUlcMQQb39K7IopR,Abraham Mateo,"latin,latin arena pop,latin pop,latin viral pop,reggaeton,spanish pop",1283150,64,0.72,0.86,99.52,0.66,-3.64,0.06,0.24,0.13,0.0
22P1OY4TRFRwhP0q29loQ8,Lali,"argentine telepop,latin viral pop,pop argentino",1071825,64,0.74,0.65,171.98,0.78,-4.43,0.24,0.15,0.02,0.0
7wjeXCtRND2ZdKfMJFu6JC,Louane,"francoton,french pop",972270,64,0.57,0.53,170.14,0.12,-8.52,0.07,0.13,0.06,0.0
4fwuXg6XQHfdlOdmw36OHa,Paloma Faith,"british soul,dance pop,electropop,europop,neo soul",959837,64,0.72,0.83,120.03,0.86,-3.91,0.04,0.08,0.08,0.0
0HkcYmcjrBR3SCw9Ld5VZk,Calboy,"chicago rap,melodic rap,rap,southern hip hop,trap,vapor trap",773270,64,0.74,0.49,149.04,0.58,-7.66,0.27,0.24,0.23,0.0
6UE7nl9mha6s8z0wFQFIZ2,Robyn,"art pop,dance pop,electropop,europop,pop,scandipop,swedish electropop,swedish pop",739218,64,0.7,0.68,119.93,0.08,-7.6,0.04,0.17,0.05,0.0
6DVipHzYsPlIoA0DW8Gmns,"Royce Da 5'9""","alternative hip hop,detroit hip hop,gangster rap,hardcore hip hop,hip hop,pop rap,rap,southern hip hop",624145,64,0.67,0.77,140.59,0.24,-4.0,0.23,0.33,0.08,0.0
5exS0bytCYdixgv02DaCm3,William Singe,"chill r&b,pop,pop r&b,r&b,urban contemporary",598758,64,0.74,0.79,104.06,0.53,-4.28,0.05,0.05,0.1,0.0
6jQZzWW3JlEtcRDSzFVKSP,Nitro,italian hip hop,594446,64,0.85,0.82,140.06,0.53,-7.28,0.23,0.24,0.13,0.0
6vPXtLmNd3mW0dd1Rb9eQ9,Don Patricio,"rap canario,trap latino,urbano espanol",520745,64,0.86,0.52,105.94,0.71,-10.48,0.13,0.05,0.44,0.0
3ZotbHeyVQKxQCPDJuQ4SU,Q-Tip,"alternative hip hop,east coast hip hop,hardcore hip hop,hip hop,neo soul,queens hip hop",486766,64,0.46,0.97,183.59,0.36,-2.11,0.38,0.11,0.14,0.0
5tlNJfV9UIpgnbWmvUEFu7,Gentleman,"cologne hip hop,german hip hop,german reggae,reggae fusion",431860,64,0.77,0.51,134.94,0.57,-6.22,0.16,0.14,0.23,0.0
3Ces1OJeGOVGcUB0wPaPXJ,Mala Rodríguez,"latin alternative,latin hip hop,rap latina,spanish hip hop",428613,64,0.71,0.83,104.88,0.33,-4.1,0.06,0.27,0.02,0.0
6xS5PpBWaVYraexEkEjjXv,Maxo Kream,"hip hop,houston rap,melodic rap,rap,southern hip hop,trap,underground hip hop,vapor trap",369361,64,0.51,0.7,174.26,0.3,-6.1,0.51,0.27,0.39,0.0
04ei5kNgmDuNAydFhhIHnD,Landon Cube,"emo rap,sad rap,underground hip hop,vapor trap",317941,64,0.71,0.72,124.02,0.42,-5.98,0.1,0.22,0.26,0.0
2cADQgiLMjNhbsfeN52Bf3,Swizz Beatz,"battle rap,hip pop,pop rap,rap,southern hip hop,trap",303868,64,0.76,0.69,102.4,0.43,-5.39,0.24,0.43,0.07,0.0
2Zi3RrdQqk63Xj0914STkS,Naomi Scott,vapor pop,301544,64,0.47,0.49,124.84,0.23,-7.62,0.03,0.12,0.47,0.0
7AzjETXRUKNRSJHMW9GIqd,Nina Nesbitt,"alt z,dance pop,electropop,indie poptimism,neo-singer-songwriter,pop,pop rock,post-teen pop,uk pop,viral pop",298179,64,0.32,0.2,178.89,0.34,-10.19,0.03,0.12,0.8,0.0
0tRFWXqKBBQcu5oFVOgVzX,Jaira Burns,"alt z,electropop,indie poptimism,pop",287604,64,0.61,0.78,156.03,0.29,-4.47,0.06,0.22,0.01,0.0
5JbQpbeFaKfuZVFzKwaawP,MC Rogerinho,"batidao romantico,funk carioca,sertanejo pop",268493,64,0.83,0.52,129.96,0.89,-4.43,0.05,0.66,0.02,0.0
5sK8BsvyDl4TFA6KaBf8or,Charly Black,dancehall,264174,64,0.72,0.89,101.03,0.7,-4.02,0.09,0.36,0.07,0.0
5RaQ9nmVGoTye2SI76x3yw,Kofs,"francoton,french hip hop,pop urbaine,rap francais,rap marseille",260600,64,0.9,0.94,142.95,0.8,-2.76,0.27,0.06,0.12,0.0
5qZLYtTL3ldN6Uw7OXHESR,Sa4,"deep german hip hop,german hip hop,german underground rap",219780,64,0.76,0.74,87.54,0.51,-5.53,0.45,0.12,0.16,0.0
6PDLwWvgYNMfBRLqC1h5cJ,Buddy,"alternative r&b,cali rap,underground hip hop",184556,64,0.72,0.74,134.38,0.45,-4.76,0.27,0.12,0.29,0.0
2PaZWGu5T5nHjY2xxAkFsT,THE SCOTTS,,180579,64,0.72,0.54,129.98,0.28,-7.65,0.05,0.16,0.23,0.0
00TKPo9MxwZ0j4ooveIxWZ,Loote,"alt z,dance pop,electropop,indie poptimism,nyc pop,pop,pop dance,pop edm,post-teen pop,tropical house",176160,64,0.65,0.8,127.99,0.41,-3.55,0.04,0.19,0.06,0.0
4cfKtwkefMW3aiXtxfw8w6,Nomcebo Zikode,"afro soul,south african pop",139757,64,0.88,0.48,124.01,0.83,-7.01,0.05,0.06,0.02,0.0
7hssUdpvtY5oiARaUDgFZ3,Ina Wroldsen,"norwegian pop,tropical house",134195,64,0.72,0.8,124.0,0.66,-4.69,0.04,0.15,0.14,0.0
67MNhiAICFY6Pwc2YxCO0K,Elley Duhé,"alt z,electropop,indie poptimism,pop",131192,64,0.53,0.79,93.63,0.39,-3.75,0.06,0.09,0.36,0.0
48R2gYdPKtfnfKAzhSVPUx,Migrantes,cumbia pop,126081,64,0.72,0.61,85.08,0.86,-6.9,0.06,0.16,0.19,0.0
2WxjxdeF7GGdcCK276qViY,Natalie Taylor,,123452,64,0.39,0.45,144.89,0.08,-8.57,0.03,0.11,0.8,0.18
6jsjhAEteAlY0vCiLvMLBA,ROZES,"electropop,indie poptimism,pop edm",91993,64,0.68,0.71,97.95,0.42,-5.01,0.05,0.16,0.12,0.0
4NEThNYJ3WyNcJWcmpjq88,Ir Sais,"basshall,dutch hip hop,dutch rap pop,ritmo kombina",65850,64,0.77,0.64,169.99,0.54,-5.22,0.1,0.08,0.22,0.0
5vQfv3s2Z2SRdPZKr82ABw,Dzeko,"canadian electronic,electro house,pop edm",53663,64,0.75,0.83,128.0,0.69,-2.87,0.04,0.06,0.37,0.0
6eVWXmKBW7Iltub01D9R1c,Valerie Broussard,"alt z,modern alternative pop",44359,64,0.65,0.57,116.93,0.25,-7.45,0.05,0.15,0.17,0.0
51XrH5fQP2oIQynuKxSWcW,Sky Rompiendo,"reggaeton flow,trap latino",23911,64,0.83,0.74,95.0,0.82,-4.3,0.05,0.09,0.04,0.47
4FrXHrpbDLNyO3pbVv8RmF,Sophie and the Giants,sheffield indie,20499,64,0.69,0.81,108.08,0.7,-5.08,0.1,0.11,0.1,0.0
7KHA7OOevgTDFhlym0oEyP,Adriana Proenza,spanish indie pop,17572,64,0.49,0.13,109.85,0.12,-18.73,0.04,0.09,0.9,0.02
67wCYxOq4A1ohAs7jWYaOJ,Rik Rok,reggae fusion,5465,64,0.85,0.61,94.76,0.65,-4.6,0.07,0.31,0.06,0.0
53EHeXzGs4HheTCTnwfPEr,SFR,,1187,64,0.82,0.65,96.81,0.73,-7.05,0.23,0.13,0.12,0.02
76Xa625geVw0Q7BdyxNjA2,Mc Zaac,"funk carioca,funk pop",1567929,63,0.88,0.68,119.97,0.69,-5.03,0.12,0.27,0.11,0.0
2tcoLkA9Hexz70Kuc1NTUl,Gradur,"francoton,french hip hop,pop urbaine,rap francais",1427164,63,0.93,0.78,125.0,0.93,-3.38,0.06,0.17,0.21,0.0
3EW0kQ1skZiK1NHg3Spt9J,Takeoff,"atl hip hop,rap,southern hip hop,trap",1248331,63,0.84,0.68,133.18,0.4,-5.99,0.19,0.16,0.23,0.0
2DzRMyWgjuMbYvt5BLbpCo,Anthony Hamilton,"neo soul,new jack swing,quiet storm,r&b,soul,urban contemporary",1231148,63,0.48,0.69,80.95,0.64,-5.6,0.08,0.77,0.01,0.0
2pjb5ffSoVTr5lRYQXlnPu,Alessandra Amoroso,"italian adult pop,italian pop,italian pop rock",1214159,63,0.93,0.62,122.03,0.58,-5.73,0.14,0.39,0.29,0.0
5M0lbkGluOPXLeFjApw8r8,Shelley FKA DRAM,"alternative r&b,pop rap,rap,underground hip hop,virginia hip hop",810059,63,0.8,0.66,120.48,0.57,-6.13,0.19,0.05,0.19,0.0
6wMr4zKPrrR0UVz08WtUWc,Black Coffee,"afro house,deep house,south african house,south african pop dance",722522,63,0.78,0.72,123.01,0.85,-9.13,0.05,0.1,0.09,0.39
0jNDKefhfSbLR9sFvcPLHo,San Holo,"edm,electronic trap,electropop,future bass,pop dance,pop edm,vapor twitch",641434,63,0.57,0.76,150.09,0.43,-4.14,0.06,0.09,0.09,0.0
7aA592KWirLsnfb5ulGWvU,Danny Brown,"alternative hip hop,detroit hip hop,escape room,hip hop,rap,underground hip hop",636056,63,0.68,0.83,138.0,0.61,-3.96,0.05,0.13,0.01,0.0
61qMnYXa1GxSBoV3IiYKjZ,Yung Pinch,"emo rap,melodic rap,oc rap,pop rap,rap,sad rap,trap,underground hip hop,vapor trap",466819,63,0.77,0.6,74.9,0.44,-6.38,0.11,0.14,0.19,0.0
3s8alQfNnY0roAHaJh7Xxt,Dom Kennedy,"cali rap,hip hop,rap,southern hip hop,trap,underground hip hop,west coast trap",448469,63,0.6,0.44,107.98,0.24,-8.32,0.19,0.16,0.05,0.0
6QzzeKV0VcnT2vJMYDPuL4,Trettmann,"german cloud rap,german hip hop,hamburg hip hop",425974,63,0.82,0.76,89.0,0.88,-6.59,0.19,0.16,0.14,0.0
4lPl9gqgox3JDiaJ1yklKh,Tierra Whack,"alternative r&b,escape room,indie soul",365719,63,0.78,0.63,124.6,0.75,-6.08,0.35,0.6,0.16,0.0
6Mm2g25BTeJ6BICPFWGkPg,Bosh,"francoton,french hip hop,pop urbaine,rap francais",309597,63,0.94,0.68,123.11,0.63,-6.6,0.21,0.32,0.17,0.0
1XTGADISSMRf8B4TcVGYUC,Ky-Mani Marley,"modern reggae,reggae,reggae fusion,roots reggae",309063,63,0.87,0.59,108.5,0.55,-5.44,0.16,0.17,0.05,0.02
7K78lVZ8XzkjfRSI7570FF,José Feliciano,"bolero,latin pop,puerto rican pop",247655,63,0.48,0.86,148.75,0.96,-7.06,0.04,0.35,0.53,0.0
5bzWtCkjIAMgN93gLt56SO,Tropkillaz,"afrofuturismo brasileiro,bass trap,electronic trap,funk carioca,pop nacional",196581,63,0.86,0.66,129.95,0.71,-5.0,0.11,0.31,0.12,0.0
2IoSLl3tqYMq9DzR0d6NJN,Elams,"francoton,french hip hop,pop urbaine,rap francais,rap marseille",185228,63,0.9,0.94,142.95,0.8,-2.76,0.27,0.06,0.12,0.0
3Mn6d673ieRza7uw6zY2Zv,Hava,"frauenrap,german hip hop",173384,63,0.61,0.72,174.05,0.39,-5.61,0.17,0.12,0.29,0.0
0jeYkqwckGJoHQhhXwgzk3,Cruz Cafuné,"rap canario,trap latino,urbano espanol",172336,63,0.86,0.52,105.94,0.71,-10.48,0.13,0.05,0.44,0.0
1mSJCvDX0W7Dn7S9C6vmvI,Anna of the North,"electropop,indie pop,indie poptimism,vapor pop,vapor soul",171960,63,0.56,0.58,79.94,0.24,-9.54,0.15,0.32,0.79,0.0
65AzRSW0jKSs0WtttEXrOw,ELIF,"frauenrap,german hip hop,german pop,german singer-songwriter",140264,63,0.71,0.75,80.03,0.49,-5.21,0.28,0.18,0.31,0.0
4ON1ruy5ijE7ZPQthbrkgI,Burak Yeter,electro house,131865,63,0.84,0.64,99.0,0.68,-6.05,0.07,0.05,0.02,0.07
3TaUSUXn41GixL7zbvrIDt,A-Trak,"canadian electronic,edm,electro house,electronic trap,turntablism",117815,63,0.82,0.64,86.01,0.78,-4.28,0.16,0.21,0.43,0.0
0bdJZl7TDeiymDYzMJnVh2,Preme,"canadian hip hop,canadian trap,toronto rap,trap,trap soul",111221,63,0.75,0.83,128.0,0.69,-2.87,0.04,0.06,0.37,0.0
374sWpAJsbZckf98df2jJJ,Fuse ODG,"afro dancehall,azonto,dance pop",110272,63,0.75,0.88,107.98,0.75,-3.78,0.07,0.23,0.04,0.0
0NcPKaSNIHAM2RfioH9vMT,Guapdad 4000,"cali rap,oakland hip hop,scam rap,trap soul,underground hip hop,vapor trap",92835,63,0.72,0.74,134.38,0.45,-4.76,0.27,0.12,0.29,0.0
7EEiVZvj6RCEtVX2F2pyxu,Slim Jxmmi,trap,92076,63,0.8,0.66,135.54,0.24,-5.56,0.09,0.2,0.06,0.0
726MxZBpkxnnoKl6aN7mmj,Cookin' On 3 Burners,"bboy,funk,instrumental funk,modern funk",81353,63,0.79,0.73,121.97,0.49,-4.77,0.04,0.32,0.08,0.0
0zoMmzmyi8N8LwzhyXPvtk,Mara Sattei,"italian hip hop,italian pop,r&b italiano",74986,63,0.58,0.51,64.82,0.48,-6.41,0.04,0.08,0.04,0.0
7M83IzPXGA4ClZJ5reW2Ro,Douglas & Vinicius,sertanejo pop,68580,63,0.59,0.76,76.09,0.57,-3.32,0.07,0.93,0.35,0.0
6V3F8MZrOKdT9fU686ybE9,Mark Morrison,"british soul,new jack swing",59608,63,0.71,0.88,106.03,0.54,-4.28,0.06,0.23,0.07,0.0
71jSVPQ6yskfyvWeiwvT5s,S1mba,afroswing,49496,63,0.72,0.62,85.97,0.76,-5.77,0.14,0.21,0.27,0.0
7AcV1lk8Zrgo1691PDWEle,Freshlyground,"afro soul,afropop,south african pop,south african pop dance",44382,63,0.77,0.87,126.99,0.74,-6.38,0.14,0.08,0.01,0.0
6q3p11nP1p80Ey6LrOOSed,Hit-Boy,cali rap,39397,63,0.68,0.76,131.69,0.48,-4.91,0.3,0.16,0.05,0.0
2jpQ0ywffgVHhZFQNWaWYW,Tony Igy,russian dance,37601,63,0.65,0.94,126.09,0.32,-2.63,0.1,0.44,0.01,0.92
5X1JzPIIonP3u9lA580pPT,Francesco Yates,canadian pop,36800,63,0.64,0.82,123.06,0.64,-5.1,0.06,0.16,0.02,0.0
1QDrz3DMMaz3TB1cm0PGDu,Justin Jesso,,33148,63,0.68,0.5,99.14,0.42,-5.76,0.08,0.09,0.15,0.0
5ITI6SEoUZMIXXkzCfr4oE,Aluna,"edm,house,pop dance",28424,63,0.78,0.5,109.99,0.59,-8.86,0.09,0.09,0.3,0.0
1okJ4NC308qbtY9LyHn6DO,BloodPop®,electropop,23469,63,0.65,0.78,106.7,0.57,-4.86,0.09,0.18,0.08,0.0
3xs0LEzcPXtgNfMNcHzLIP,Rockwell,,22384,63,0.77,0.71,124.09,0.8,-4.13,0.03,0.13,0.04,0.0
1xsYReh7zhty26wD4tprKh,Chris Nolan,italian hip hop,12129,63,0.48,0.48,181.94,0.14,-8.99,0.28,0.1,0.12,0.0
2zzpznMuhKlKlqh1ma7Sms,Dakota,,8817,63,0.46,0.59,113.9,0.58,-6.98,0.08,0.31,0.45,0.0
1XynjLPAyPi8SZAx8LHN0Z,Nuka,,2280,63,0.74,0.85,98.01,0.86,-3.05,0.06,0.23,0.1,0.0
14D0I0RYqvIorkPL2EWoQh,MC WM,funk carioca,3296548,62,0.81,0.84,94.98,0.76,-2.3,0.05,0.11,0.01,0.0
3OxZ4asD88P1lJJmLcXz4K,Márcia Fellipe,"forro,sertanejo pop",1508867,62,0.82,0.72,149.92,0.9,-3.61,0.06,0.18,0.12,0.0
1zEo6Fk1iaaOYFlFPBHCFn,Humberto & Ronaldo,"forro,sertanejo,sertanejo pop,sertanejo universitario",1286090,62,0.74,0.79,157.99,0.76,-2.56,0.04,0.24,0.59,0.0
3DKkhRCGOG4e8IUPYFPfWs,Dixie,social media pop,1002023,62,0.67,0.71,84.48,0.65,-3.57,0.09,0.19,0.12,0.0
5LUxu287CsPM7jy3yS3l86,Şanışer,turkish hip hop,959594,62,0.64,0.68,129.8,0.3,-7.96,0.15,0.09,0.41,0.0
6extd4B6hl8VTmnlhpl2bY,Huncho Jack,"hip hop,melodic rap,pop rap,rap,southern hip hop,trap",911238,62,0.77,0.7,134.29,0.28,-3.69,0.09,0.19,0.04,0.0
2SdOKxC1sSxEyv8JYERaNe,RuPaul,"dance pop,diva house,pop,strut",589174,62,0.8,0.85,121.06,0.7,-5.7,0.18,0.38,0.01,0.0
6KWcxMWVNVIYbdOQyJtsSy,The Platters,"adult standards,brill building pop,doo-wop,easy listening,lounge,rock-and-roll,rockabilly,vocal jazz",541033,62,0.34,0.34,103.5,0.4,-9.28,0.03,0.11,0.87,0.0
2WoVwexZuODvclzULjPQtm,Sampha,"alternative r&b,indie soul",526628,62,0.61,0.23,111.89,0.19,-12.36,0.03,0.11,0.56,0.04
1CO6e7WRJvSFenmQO8n64C,Zhavia Ward,"dance pop,pop,post-teen pop",407119,62,0.46,0.63,141.21,0.3,-3.99,0.08,0.25,0.09,0.0
5vBrKGOjN10BMwB0cJADj4,bülow,"alt z,electropop,indie poptimism,indietronica,pop,post-teen pop,social media pop",381617,62,0.6,0.67,99.99,0.57,-9.83,0.04,0.12,0.1,0.0
4sj6D0zlMOl25nprDJBiU9,Andy Williams,"adult standards,brill building pop,easy listening,lounge,mellow gold,vocal jazz",380565,62,0.41,0.62,155.6,0.79,-8.8,0.05,0.1,0.74,0.0
4DG2pTwQBor7a6wtoEABau,Ozbi,turkish hip hop,341891,62,0.64,0.68,129.8,0.3,-7.96,0.15,0.09,0.41,0.0
602DnpaSXJB4b9DZrvxbDc,Peggy Lee,"adult standards,easy listening,lounge,soul,swing,torch song,vocal jazz",330603,62,0.25,0.17,106.48,0.18,-16.88,0.03,0.14,0.83,0.0
4mHAu7NX2UNsnGXjviBD9e,Brooks,"edm,electro house,future house,pop dance,pop edm,progressive electro house,progressive house",291393,62,0.64,0.85,127.98,0.28,-3.63,0.04,0.28,0.04,0.01
2hWs22BmQkK4czFtDLnar2,Rob $tone,san diego rap,219860,62,0.89,0.43,108.03,0.23,-10.03,0.14,0.09,0.03,0.0
5zfEatKLDdRkgbw6sdLBAQ,Octavian,"afroswing,london rap,uk alternative hip hop,uk hip hop",216704,62,0.87,0.56,127.95,0.31,-6.96,0.11,0.09,0.18,0.0
6c0mTNAxJxlp9HpKTUZwA8,ALMA,"dance pop,pop",208419,62,0.81,0.71,113.23,0.46,-4.77,0.09,0.11,0.2,0.0
6RHKEd9dpzQ4c09x8Zdaxu,Clara Mae,"alt z,electropop,indie poptimism,pop,social media pop,swedish pop",202092,62,0.68,0.94,103.96,0.57,-3.52,0.05,0.15,0.15,0.0
4ryoUS0W8qXokfMxrlJt6O,Skip Marley,modern reggae,181987,62,0.53,0.83,167.41,0.49,-5.81,0.12,0.17,0.06,0.0
2ySHS7UojGu20XfUPaBlyu,Devin Dawson,"contemporary country,country pop,modern country rock",169168,62,0.43,0.2,80.98,0.16,-13.21,0.05,0.09,0.8,0.0
52lBOxCxbJg0ttXEW9CQpW,Louis Prima,"adult standards,jump blues,lounge,soul,swing,vocal jazz",147741,62,0.76,0.54,171.94,0.73,-6.76,0.39,0.61,0.28,0.0
1LKo6ZA3RNvKtLa6zDu32S,Kranium,"basshall,dancehall",145542,62,0.68,0.81,104.89,0.35,-2.69,0.12,0.06,0.01,0.0
19u3RGWKsjmbg9eI6zAiNp,13 Organisé,"french hip hop,pop urbaine",139162,62,0.9,0.94,142.95,0.8,-2.76,0.27,0.06,0.12,0.0
75WcpJKWXBV3o3cfluWapK,Lute,"north carolina hip hop,underground hip hop",132442,62,0.69,0.64,138.67,0.16,-6.44,0.37,0.41,0.51,0.0
7ecRwFks8F2vYad383BkKf,Rennan da Penha,"funk 150 bpm,funk carioca",131261,62,0.65,0.36,89.8,0.84,-7.15,0.4,0.1,0.03,0.0
60uPSVM3svOL8kZ3Wkb3Zw,Monet192,"german hip hop,german pop,german trap",127881,62,0.67,0.65,134.62,0.55,-6.95,0.1,0.11,0.06,0.0
4pwXiI7Z5ZStkgKowZyoKi,Like Mike,belgian edm,127275,62,0.76,0.91,96.07,0.95,-2.1,0.1,0.42,0.12,0.0
6LXRvV2OAtXF7685fzh3mj,Rowdy Rebel,nyc rap,97944,62,0.52,0.77,159.49,0.57,-4.04,0.4,0.38,0.18,0.0
0LyOADBjj28cbvJWTXUEGA,Loren Allred,"deep talent show,hollywood,movie tunes",87983,62,0.28,0.39,86.78,0.23,-8.9,0.03,0.1,0.42,0.0
0G070wUUUBptmqGEKAAUVx,U-God,hardcore hip hop,87096,62,0.72,0.81,90.99,0.76,-4.94,0.31,0.37,0.13,0.0
2X97ZAqRKRMYFIDqtvGgGc,Silk City,"edm,pop dance,tropical house",74383,62,0.59,0.67,118.16,0.5,-6.44,0.05,0.34,0.01,0.0
2TWBei99x2tV70bdYbWdAf,Dayvi,"circuit,guaracha,perreo",45031,62,0.74,0.97,128.03,0.56,-3.51,0.08,0.3,0.01,0.46
46MWeeHNVMYRIIofQBEX98,BEAM,trap soul,38369,62,0.89,0.89,130.04,0.67,-4.6,0.14,0.16,0.05,0.0
5wV3FoaNbDB6X9INuQvs1K,Bilal Wahib,"dutch hip hop,dutch pop,dutch rap pop",37658,62,0.84,0.48,111.94,0.72,-12.81,0.1,0.17,0.12,0.0
3pbi8H08p95NUZ7m6ybxUV,Static Major,,4895,62,0.65,0.43,141.85,0.33,-13.07,0.19,0.14,0.04,0.0
7yjRUA0Iz3VI4Kqa5oPJZK,Jd Pantoja,"latin viral pop,reggaeton mexicano",2753827,61,0.8,0.6,150.06,0.68,-6.86,0.08,0.07,0.24,0.0
0jTDeBJQr3unrK29LklnAv,Lexa,"funk carioca,funk pop,pop nacional",2129051,61,0.86,0.79,150.06,0.78,-2.48,0.11,0.04,0.42,0.0
5BHFSMEjfLVx1JwRWjAOsE,SuperM,k-pop,1727368,61,0.74,0.84,123.02,0.54,-3.42,0.08,0.86,0.01,0.0
35GL8Cu2GKTcHzKGi75xl5,Jennifer Hudson,"dance pop,hip pop,hollywood,neo soul,pop,r&b,urban contemporary",1374289,61,0.65,0.94,78.5,0.85,-3.3,0.12,0.06,0.03,0.0
28ztjHIXceRRntmTUfnmUX,Khaled,"classic arab pop,rai",1313796,61,0.74,0.57,99.93,0.4,-5.34,0.19,0.15,0.02,0.0
7meyrw7Or5DwteYxDJrkCM,YK Osiris,"melodic rap,pop r&b,trap",1210538,61,0.68,0.66,161.87,0.84,-4.43,0.34,0.05,0.04,0.0
3jGlU8UMMo44I2xeLQ6FD3,Dalmata,"latin,latin hip hop,reggaeton,reggaeton flow,trap latino",1075283,61,0.75,0.74,180.08,0.83,-3.31,0.15,0.15,0.05,0.0
6OpOg5HVCc8xVf7OVrd5Fk,Jerry Smith,"brega funk,funk carioca",921339,61,0.78,0.76,153.95,0.83,-3.08,0.05,0.21,0.35,0.0
1Z8ODXyhEBi3WynYw0Rya6,De La Soul,"alternative hip hop,east coast hip hop,gangster rap,golden age hip hop,hardcore hip hop,hip hop,jazz rap,rap",683464,61,0.78,0.98,140.24,0.49,-5.08,0.28,0.6,0.05,0.0
6xF3XdxG7VHRmQmTJxRqX8,Manu Gavassi,"funk carioca,nova mpb,pop,pop nacional,post-teen pop",666459,61,0.7,0.72,126.74,0.75,-6.57,0.15,0.12,0.01,0.0
6WkUZyqghQei2G809wMKuZ,Yung Bans,"plugg,rap,trap,underground hip hop,vapor trap",607334,61,0.46,0.52,77.06,0.68,-10.51,0.46,0.12,0.1,0.0
04vj3iPUiVh5melWr0w3xT,Christine and the Queens,"art pop,electro-pop francais,electropop,metropopolis,shimmer pop",589106,61,0.91,0.44,114.01,0.64,-7.57,0.07,0.07,0.04,0.0
6tkyhGe9hGI3Lcfo4gVh6Z,ChocQuibTown,"colombian hip hop,colombian pop,colombian rock,latin,latin alternative,latin pop,reggaeton colombiano,salsa choke,tropical",551913,61,0.72,0.79,176.01,0.86,-5.41,0.17,0.24,0.04,0.0
6xerOqBLmelL3xZNZkVbGl,João Gustavo e Murilo,"forro,sertanejo pop,sertanejo universitario",361704,61,0.71,0.66,124.99,0.67,-5.04,0.04,0.33,0.36,0.0
3aGFCoR8xGN6DKwvdzeSja,ILOVEMAKONNEN,"atl hip hop,lgbtq+ hip hop,trap,underground hip hop",342732,61,0.74,0.84,129.94,0.93,-3.57,0.04,0.17,0.15,0.0
0ceH34CATvfgphxnLRWFkm,9lokknine,florida rap,318277,61,0.93,0.55,95.0,0.7,-7.79,0.33,0.09,0.04,0.0
6IflU2YrY5Cyw7YoBICosV,Fally Ipupa,"afropop,azontobeats,pop urbaine,rumba congolaise",301814,61,0.56,0.58,129.99,0.31,-9.32,0.2,0.37,0.02,0.0
7CCjtD0hCK005Bvg2WG1a7,Carnage,"edm,electro house,electronic trap,pop rap,trap",299158,61,0.78,0.73,144.08,0.38,-3.72,0.08,0.36,0.18,0.0
2sjnyyL9NXijL3Fr2eLikf,Aspova,"turkish hip hop,turkish trap pop",281189,61,0.64,0.68,129.8,0.3,-7.96,0.15,0.09,0.41,0.0
6ywXRaHY7m2DJ0dd7CsLAB,Ramz,"afroswing,london rap,uk hip hop",277448,61,0.53,0.46,137.03,0.76,-8.06,0.23,0.07,0.18,0.0
4XqfpACObRB5AsBcUYjL8X,MC Eiht,"g funk,gangster rap,west coast rap",267155,61,0.49,0.73,91.05,0.22,-6.82,0.27,0.44,0.05,0.0
2pQAUIesBqfT87PaM1ijtk,Trap Capos,"reggaeton,reggaeton flow,trap latino",260185,61,0.77,0.55,130.1,0.1,-6.37,0.05,0.11,0.1,0.0
5Sjj30aHCmKcM9SdVX7PBK,GRiNGO,"german hip hop,german underground rap,latin hip hop,reggaeton",244528,61,0.88,0.74,104.95,0.21,-6.17,0.18,0.11,0.02,0.02
3ZJxEmjYZd5VOqZ8o3aXiL,ABRA,"alternative r&b,art pop,electropop,escape room",225354,61,0.61,0.56,191.91,0.39,-6.05,0.09,0.14,0.06,0.0
1FmxE030Xe2H8Bn9bdv6Pd,Vanessa Paradis,"chanson,french indie pop,french pop,french rock,nouvelle chanson francaise",225325,61,0.66,0.42,131.94,0.21,-9.95,0.16,0.14,0.32,0.0
7avo0PmlW8O1YLEt9DnWQT,Studio Killers,,185226,61,0.67,0.8,133.93,0.56,-5.7,0.03,0.28,0.0,0.01
6Paz0vXJJ9bCPf0fEm3qzg,Dagny,"electropop,norwegian indie,norwegian pop,tropical house",123185,61,0.62,0.74,99.97,0.49,-2.94,0.06,0.26,0.14,0.0
0Y30TbA4p8SAfCzy2AFBa8,Yaviah,"latin,latin hip hop,reggaeton",105105,61,0.74,0.77,93.96,0.66,-4.24,0.05,0.11,0.31,0.0
0FL2d6iFFNAV3yBUbXjZ1U,Wafia,australian pop,95459,61,0.78,0.54,113.98,0.39,-2.92,0.07,0.23,0.28,0.0
4TqlcgMFDryY96KWcvrhTv,Seraphine,,84731,61,0.66,0.79,142.02,0.2,-4.59,0.03,0.32,0.0,0.0
1igl9M102nuD96lo3ZoW5d,Thutmose,underground hip hop,81546,61,0.64,0.68,154.88,0.58,-5.39,0.26,0.16,0.08,0.0
6fs2or0cKLEM2xohWq8SoX,Lexie Liu,chinese electropop,78964,61,0.66,0.79,142.02,0.2,-4.59,0.03,0.32,0.0,0.0
2snm3HmsnDUDxbIChdl2Oj,Justin Hurwitz,"hollywood,movie tunes",65510,61,0.43,0.19,97.38,0.18,-16.25,0.06,0.14,0.98,0.9
7qd6KGoABHifvXKeFNe2Yb,Wolftyla,"chill r&b,trap queen",55560,61,0.68,0.86,149.98,0.72,-4.37,0.04,0.25,0.02,0.0
3wtMPMvPtiFylbnNXF6CAj,Afro Bros,"basshall,dutch hip hop,dutch house,dutch rap pop",46452,61,0.76,0.91,96.07,0.95,-2.1,0.1,0.42,0.12,0.0
2KXYAKQTxHuUHDtVgeGn6w,Slait,,39484,61,0.51,0.9,142.83,0.53,-4.49,0.48,0.08,0.08,0.0
3bmFPbLMiLxtR9tFrTcKcP,Matthew Wilder,new wave pop,31025,61,0.92,0.59,110.08,0.83,-11.05,0.06,0.09,0.2,0.0
4LAz9VRX8Nat9kvIzgkg2v,Rivers Cuomo,alternative rock,30248,61,0.65,0.62,93.02,0.79,-4.95,0.03,0.08,0.28,0.0
4we5S2VLjgY9KzIzApL1KI,Ryan Tedder,,25465,61,0.54,0.87,189.78,0.29,-5.82,0.15,0.11,0.13,0.0
3MyB0MyKec3Jq0AH2llk7v,Evan Rachel Wood,hollywood,21282,61,0.32,0.43,123.42,0.17,-7.07,0.03,0.06,0.72,0.0
0rlKkLkpsCnJbZethGBfAk,Captain Cuts,pop edm,12535,61,0.7,0.87,125.03,0.76,-5.9,0.07,0.1,0.12,0.0
33JQK4UoS2aMPYBfdB5Ftt,Ryan Riback,melbourne bounce,12531,61,0.69,0.82,104.96,0.76,-4.53,0.04,0.09,0.14,0.0
7Io0XduXk7aOHFHA7sLru2,Bonn,swedish pop,11989,61,0.44,0.55,129.13,0.37,-6.24,0.06,0.1,0.2,0.0
6HhsbprrJmKeaH8SgSlGge,Kin$oul,,11372,61,0.67,0.51,113.91,0.26,-9.79,0.31,0.19,0.45,0.0
6064pL9Hu3Wx2bwJMeOx6o,Tomine Harket,"norwegian pop,norwegian pop rap",9597,61,0.42,0.64,170.01,0.11,-5.06,0.05,0.12,0.16,0.0
2LAqcqAQ8KPTsl1HBgBrqM,Michelle Williams,hollywood,8643,61,0.31,0.32,108.16,0.15,-11.0,0.05,0.09,0.27,0.0
6zrOXBaNn0DqJeXxgC2eyH,Houari,pop urbaine,6687,61,0.9,0.94,142.95,0.8,-2.76,0.27,0.06,0.12,0.0
71WExccCBN2mw0klSzfYzz,Gia Koka,,6624,61,0.71,0.73,108.99,0.5,-6.43,0.15,0.24,0.09,0.0
1OB278sOZVSFx5vXqYha83,J. Rey Soul,,5065,61,0.89,0.64,105.01,0.43,-6.93,0.05,0.08,0.19,0.0
1rs3y69kDwkIdGJcOYngQt,J. Davi$,,3454,61,0.89,0.43,108.03,0.23,-10.03,0.14,0.09,0.03,0.0
5QzDzXfXC5lepOBeQXBiVO,Marciano Cantero,rock en espanol,2570,61,0.63,0.68,79.31,0.96,-7.12,0.21,0.08,0.12,0.0
5ewJHfiGNQJjmKHzLjcojz,Spooks,,2346,61,0.89,0.43,108.03,0.23,-10.03,0.14,0.09,0.03,0.0
7n3wAgh1j3RRbxYzfZTQDF,Alico,,2196,61,0.72,0.61,85.08,0.86,-6.9,0.06,0.16,0.19,0.0
6YqhcZlSE8ugUcmoHLw9gz,Vula,,1460,61,0.74,0.83,124.05,0.52,-4.71,0.04,0.09,0.01,0.0
71FfEgML4GAokNHmW1GKPF,Sammy,,730,61,0.86,0.67,164.06,0.95,-5.95,0.28,0.06,0.11,0.0
3Nipsl6GVwwGyeAk0J29C6,MC G15,"funk carioca,funk ostentacao,funk paulista",3536941,60,0.93,0.6,129.93,0.86,-1.41,0.06,0.05,0.46,0.0
1B0Rp4SWGnFgGCPU5Pju6E,Nego do Borel,"funk carioca,funk das antigas,funk ostentacao,funk pop",2508278,60,0.72,0.74,198.08,0.75,-6.07,0.25,0.2,0.33,0.0
2OnKRchqP7tT0FzTvWIFI7,Wolfine,"colombian pop,latin,latin pop,reggaeton,trap latino",1332351,60,0.91,0.48,94.0,0.86,-6.65,0.07,0.12,0.22,0.0
4CuMwzDzEdlUJMEna38VQ0,Dark Polo Gang,"italian hip hop,italian indie pop,trap italiana",1253880,60,0.85,0.62,123.0,0.5,-5.73,0.22,0.11,0.13,0.0
3J0BpFVUc9LeOIVeN5uNhU,Lauren Jauregui,"pop,post-teen pop,r&b",1092246,60,0.6,0.63,107.19,0.34,-6.93,0.12,0.35,0.04,0.0
5fikk4h5qbEebqK2Fc6e48,En Vogue,"dance pop,girl group,hip hop,hip pop,neo soul,new jack swing,r&b,urban contemporary",984790,60,0.75,0.86,101.93,0.57,-3.29,0.27,0.12,0.14,0.0
1lB3I3SI30v2ZOpR4XQqzJ,Gambi,"francoton,french hip hop,pop urbaine,rap francais",964165,60,0.87,0.61,120.03,0.56,-6.24,0.24,0.12,0.04,0.0
0g9vAlRPK9Gt3FKCekk4TW,Ab-Soul,"alternative hip hop,conscious hip hop,escape room,hip hop,rap,southern hip hop,underground hip hop",844595,60,0.5,0.61,180.46,0.2,-8.81,0.45,0.16,0.2,0.0
5wPoxI5si3eJsYYwyXV4Wi,N.E.R.D,"hip hop,virginia hip hop",693054,60,0.83,0.75,120.68,0.42,-6.27,0.15,0.09,0.04,0.0
5KEG7G8LDYlHgFDqZyEEs2,Chris Rea,"album rock,blues rock,classic rock,mellow gold,soft rock,sophisti-pop",666381,60,0.5,0.62,180.2,0.88,-9.96,0.04,0.2,0.34,0.0
6Jrxnp0JgqmeUX1veU591p,Santigold,"alternative dance,electropop,escape room,new rave",615032,60,0.59,0.73,166.03,0.39,-5.79,0.04,0.73,0.02,0.0
1xHQO9GJIW9OXHxGBISYc5,Marian Hill,electropop,446493,60,0.59,0.36,170.0,0.05,-14.7,0.27,0.12,0.68,0.0
0HU0U9kdXEHZVxUNbuQe8S,Donny Hathaway,"chicago soul,classic soul,funk,motown,neo soul,quiet storm,soul,southern soul",435997,60,0.63,0.64,93.05,0.68,-9.2,0.04,0.25,0.29,0.0
6XFQvBHGEr3mRfOHcqPXv8,XATAR,"german hip hop,german underground rap,hamburg hip hop,kurdish hip hop",418354,60,0.55,0.74,97.54,0.5,-5.23,0.3,0.26,0.32,0.0
7Do8se3ZoaVqUt3woqqSrD,MACHETE,"italian hip hop,trap italiana",414105,60,0.73,0.75,127.73,0.54,-6.18,0.29,0.33,0.14,0.0
6Xg22wJOAcnvPUfk5WvODH,JEON SOYEON,k-pop,369600,60,0.64,0.68,154.88,0.58,-5.39,0.26,0.16,0.08,0.0
0ffKEtMDnROKWyJtXUnLbJ,Dani Faiv,italian hip hop,323249,60,0.75,0.66,166.81,0.63,-6.24,0.35,0.08,0.23,0.0
5vSQUyT33qxr1xAX2Tkf3A,Clams Casino,"experimental hip hop,psychedelic hip hop,underground hip hop,wave,witch house",195391,60,0.9,0.32,129.91,0.84,-8.8,0.33,0.09,0.68,0.08
6GEykX11lQqp92UVOQQCC7,DJ Premier,"alternative hip hop,east coast hip hop,hardcore hip hop,hip hop,jazz boom bap,turntablism",188157,60,0.85,0.76,134.32,0.47,-5.36,0.28,0.09,0.26,0.0
7CyeXFnOrfC1N6z4naIpgo,The Ronettes,"brill building pop,classic girl group,motown,rock-and-roll,soul",183159,60,0.46,0.83,117.75,0.71,-7.3,0.05,0.36,0.32,0.0
2yPprAQlrIQWu60g09B9MZ,Swarmz,uk hip hop,156049,60,0.57,0.52,100.45,0.7,-8.05,0.24,0.13,0.0,0.0
5ZYOlPpI9FZu2uIPkTB0UA,CÉLINE,"frauenrap,german hip hop,german pop",153988,60,0.79,0.49,98.54,0.27,-9.88,0.11,0.11,0.39,0.0
02A3cEvlLLCbIMVDrK2GHV,Starley,"aussietronica,tropical house",146171,60,0.69,0.82,104.96,0.76,-4.53,0.04,0.09,0.14,0.0
0O1cTzccAEKaEFShgzAK9V,Bass Santana,"dark trap,miami hip hop,underground hip hop,vapor trap",132868,60,0.84,0.5,129.94,0.45,-8.98,0.27,0.2,0.54,0.0
1xFn1xod58AGaSZjrxdiXA,El Chacal,cubaton,127064,60,0.76,0.83,92.03,0.81,-3.2,0.07,0.19,0.17,0.0
0VitAFMCI2apQxKzDjg1PU,BLOODY VINYL,"italian hip hop,trap italiana",120382,60,0.51,0.9,142.83,0.53,-4.49,0.48,0.08,0.08,0.0
5sRQkVexJlax2iISuqL8cV,Kalazh44,"german drill,german hip hop,german underground rap",116611,60,0.59,0.89,126.88,0.57,-3.16,0.27,0.09,0.1,0.0
6SsTlCsuCYleNza6xGwynu,Agnes,"dance pop,electropop,europop,swedish electropop,swedish idol pop,swedish pop",101212,60,0.4,0.75,108.17,0.62,-4.84,0.04,0.36,0.14,0.0
3O5HD95HTEPgoPFOjAb7yV,DripReport,viral rap,93938,60,0.9,0.33,100.01,0.27,-9.73,0.09,0.11,0.26,0.01
3XC57xz74X3xUi1hv4mge1,Winona Oak,"alt z,electropop,pop,swedish pop",92204,60,0.77,0.7,104.94,0.51,-5.98,0.1,0.08,0.49,0.0
5f6nz3iqzrfiUfKOIKvLvd,Nemir,"french hip hop,pop urbaine,rap calme,rap francais",88320,60,0.71,0.38,93.62,0.24,-11.06,0.44,0.13,0.72,0.0
2JbE7jUIGtpXSzytnyMg6U,Curtis Waters,,70090,60,0.88,0.68,99.95,0.94,-6.43,0.06,0.15,0.33,0.0
0b2GL7Y02vu50qieoQmw1w,IAmChino,"cubaton,reggaeton",65048,60,0.76,0.83,92.03,0.81,-3.2,0.07,0.19,0.17,0.0
21AUdblPrTRzkvJn8FGrlk,Nitti Gritti,"bass house,brostep,dubstep,edm,electro house,electronic trap",62875,60,0.85,0.5,160.02,0.82,-6.71,0.07,0.09,0.01,0.0
5Nf5yishRW9Ye174sJISkg,London On Da Track,atl hip hop,58776,60,0.78,0.64,120.37,0.55,-5.43,0.16,0.16,0.23,0.0
1oKdM70mJD8VvDOTKeS8t1,Emily Warren,nyc pop,53387,60,0.63,0.62,99.45,0.34,-7.24,0.03,0.41,0.02,0.04
4WoSAKuoaPxrbwp3Y1PvKb,Bozza,"german hip hop,german pop,german underground rap",46756,60,0.54,0.76,147.24,0.38,-4.83,0.17,0.17,0.33,0.0
6lEhBhAv6HOopjXssi09cq,TisaKorean,"houston rap,viral rap",46328,60,0.91,0.6,144.04,0.7,-5.88,0.24,0.11,0.06,0.0
3iN9k8uvm4WrgdlOigOH8D,Hook N Sling,australian dance,26328,60,0.56,0.91,124.15,0.67,-2.08,0.08,0.14,0.1,0.0
6xHUXzrfhFgnIv86EBR3Ml,kai,,24188,60,0.49,0.56,119.25,0.26,-5.44,0.06,0.16,0.44,0.0
3ADyFy1orEwODaiHmRRMQp,Puri,basshall,20507,60,0.9,0.53,100.04,0.46,-5.44,0.18,0.1,0.0,0.01
7Dz9goFmVZZqvJxZoKg7pF,Danelle Sandoval,nyc pop,9359,60,0.84,0.64,99.0,0.68,-6.05,0.07,0.05,0.02,0.07
1jIVEaq8GmqMYb8nFNAZgb,Seezyn,cincinnati rap,7824,60,0.72,0.64,150.0,0.15,-5.02,0.08,0.16,0.06,0.0
3aAX2y0amckZ7WcWoz2f2o,Jhorrmountain,dutch hip hop,4982,60,0.9,0.53,100.04,0.46,-5.44,0.18,0.1,0.0,0.01
4VZY0nxYMSNotbS7WjNVQy,Nyla,,4281,60,0.71,0.84,106.44,0.55,-3.24,0.09,0.14,0.02,0.0
7FXX45sHqoQoCwqtG0ZV8H,Solda,,1923,60,0.9,0.94,142.95,0.8,-2.76,0.27,0.06,0.12,0.0
0cCNT5RyWndpS7Zx7ISEDw,Kelly Ruíz,guaracha,1856,60,0.74,0.97,128.03,0.56,-3.51,0.08,0.3,0.01,0.46
4bODqflR0Wo3i3fCwwCIPq,Lenny Santos,,832,60,0.75,0.72,117.01,0.55,-5.2,0.03,0.24,0.25,0.0
2ZXnTEyYopSLCDiz5Z0XIf,MC Kekel,"funk carioca,funk consciente,funk ostentacao,funk paulista",3362124,59,0.64,0.72,120.24,0.46,-7.97,0.09,0.11,0.14,0.0
1QivQCLVipV61DiQiyV14A,Kim Loaiza,"latin viral pop,reggaeton mexicano",2266327,59,0.8,0.6,150.06,0.68,-6.86,0.08,0.07,0.24,0.0
2W6kbe0nm96COrHzNmfLLd,MC Fioti,"funk carioca,funk paulista",1437752,59,0.9,0.67,131.99,0.71,-3.87,0.14,0.21,0.35,0.0
4FZ3j1oH43e7cukCALsCwf,Jack White,"alternative rock,blues rock,garage rock,garage rock revival,indie rock,modern blues rock,modern rock,punk blues,rock",1157071,59,0.61,0.69,136.54,0.64,-6.48,0.21,0.18,0.01,0.0
3u579Gdap91lMptBSdXTpf,Kash Doll,"detroit hip hop,escape room,hip pop,pop r&b,r&b,trap queen",968531,59,0.62,0.4,90.01,0.57,-8.33,0.44,0.12,0.01,0.0
5GqnSMX8p2hxqsM6LqDty3,MC JottaPê,"funk carioca,funk paulista",583331,59,0.7,0.67,131.45,0.72,-3.31,0.4,0.09,0.26,0.0
2TImI3DW7o5MdRXJs4D37h,SOB X RBE,"cali rap,trap,underground hip hop,vapor trap",482162,59,0.86,0.65,97.02,0.47,-5.32,0.14,0.19,0.18,0.0
0HS00NN7MAfF59aJnfcxSO,Stephanie Poetri,indonesian pop,479936,59,0.65,0.38,90.1,0.41,-7.85,0.04,0.39,0.91,0.0
6ZjFtWeHP9XN7FeKSUe80S,Bing Crosby,"adult standards,easy listening,lounge,swing",364542,59,0.44,0.23,119.42,0.44,-12.86,0.04,0.22,0.79,0.03
5uYe4bcAXlMP7d4mrOYkML,Niack,funk carioca,357189,59,0.88,0.68,129.82,0.97,-0.79,0.15,0.13,0.53,0.0
5v8jlSmAQfrkTjAlpUfWtu,Perry Como,"adult standards,brill building pop,easy listening,lounge,vocal jazz",348955,59,0.48,0.19,97.59,0.51,-15.48,0.05,0.19,0.9,0.0
2LZDXcxJWgsJfKXZv9a5eG,Cashmere Cat,"downtempo,pop,shiver pop",312821,59,0.49,0.55,127.43,0.39,-6.99,0.13,0.13,0.23,0.0
4N874uPqBka1QiCvnCVOtr,Phoebe Ryan,"alt z,electropop,indie electropop,indie poptimism,pop",311399,59,0.66,0.59,90.0,0.3,-8.82,0.03,0.12,0.1,0.0
5MS6HieNmKxzkAM8amE8sr,Rebecca,"funk 150 bpm,funk carioca,pop lgbtq+ brasileira",297017,59,0.83,0.73,150.13,0.6,-3.03,0.08,0.02,0.38,0.0
4cPHsZM98sKzmV26wlwD2W,Brenda Lee,"adult standards,brill building pop,easy listening,lounge,rockabilly,vocal jazz",230454,59,0.64,0.56,104.1,0.86,-8.83,0.04,0.36,0.59,0.0
0399oiMcmbOzzsYQDNYqxn,Problem,"cali rap,gangster rap,hyphy,pop rap,rap,southern hip hop,trap,west coast trap",227333,59,0.69,0.5,81.17,0.24,-9.81,0.24,0.61,0.08,0.0
5JSXWmQO8csVUy6hSRu8TA,Maty Noyes,"alt z,electropop,indie electropop,indie poptimism,pop",217628,59,0.65,0.74,103.03,0.38,-7.95,0.04,0.17,0.04,0.0
4as3khXWaPjfkFdCA0JWMo,Jesse,modern alternative pop,216429,59,0.76,0.6,155.04,0.52,-7.91,0.09,0.11,0.04,0.0
325L7kby6bkG5qSXXAFEWM,Joker Bra,german hip hop,190573,59,0.77,0.92,128.02,0.56,-4.23,0.11,0.12,0.17,0.0
4LTPxLxjiT5pzYd5WZAR3v,Analaga,"sertanejo pop,sertanejo universitario",170591,59,0.71,0.66,124.99,0.67,-5.04,0.04,0.33,0.36,0.0
2QSPrJfYeRXaltEEiriXN9,Tove Styrke,"electropop,europop,swedish electropop,swedish pop,swedish synthpop",142568,59,0.68,0.61,91.97,0.44,-7.19,0.08,0.08,0.17,0.0
7zY0DMisq1oYXvNNgGwHBY,Juanfran,"dominican pop,pop reggaeton,urbano espanol",119304,59,0.83,0.63,88.06,0.49,-3.97,0.18,0.08,0.18,0.0
0JYmighF3zbuA81Di54CZN,S-X,instrumental grime,117679,59,0.59,0.8,139.47,0.59,-4.96,0.29,0.25,0.35,0.0
0ME1RawvWt3qOJnYnxVqeh,Masta Killa,"east coast hip hop,hardcore hip hop",96304,59,0.72,0.81,90.99,0.76,-4.94,0.31,0.37,0.13,0.0
76yeOnINtQSXyoEHbkYmtY,Drew Love,,11265,59,0.58,0.7,91.2,0.26,-6.1,0.21,0.15,0.16,0.0
1B5n6jsxvFldc6Nq8Wx8VJ,OIK,,11200,59,0.83,0.55,154.06,0.88,-7.03,0.06,0.18,0.25,0.0
2qSEpijpT3YSXgxcXac1ly,Chris Willis,,9574,59,0.67,0.83,123.99,0.77,-5.77,0.31,0.63,0.01,0.0
2cQr2KbzdRtIFlfbHGnNsL,Ziv Zaifman,show tunes,9295,59,0.26,0.31,54.75,0.1,-11.69,0.06,0.09,0.24,0.0
6kZWqUZqptyxb8Ki5DyBAg,DTG,afroswing,9236,59,0.61,0.62,62.95,0.8,-6.66,0.21,0.28,0.5,0.0
77iZVjeYoYSl5P0K9mIiUE,Haze,latin pop,6101,59,0.79,0.63,94.04,0.89,-5.55,0.04,0.16,0.44,0.0
7C7NNCiIFavKH6oDarjp0v,JS o Mão de Ouro,brega funk,5996,59,0.77,0.77,141.39,0.95,-5.09,0.09,0.21,0.18,0.0
44rJuOJLavqhY6qGgpQW4U,Harm Franklin,alberta hip hop,4211,59,0.88,0.68,99.95,0.94,-6.43,0.06,0.15,0.33,0.0
3Fdm9TFJQCLmC3AWMuGExi,Ugly God,"meme rap,trap,underground hip hop,vapor trap",1961246,58,0.82,0.5,136.5,0.48,-9.45,0.37,0.15,0.43,0.0
41klVmDluQZmGGqoidNfbe,Blac Youngsta,"houston rap,memphis hip hop,rap,southern hip hop,trap",1350888,58,0.86,0.65,147.03,0.65,-4.92,0.24,0.12,0.01,0.0
4fpTMHe34LC5t3h5ztK8qu,The Carters,"pop,r&b,urban contemporary",1214466,58,0.76,0.64,150.01,0.53,-7.11,0.26,0.2,0.1,0.0
1XKjtpH5P81gpOXDB91IEB,Miami Yacine,"albanian hip hop,german hip hop",721141,58,0.72,0.56,135.1,0.35,-6.88,0.25,0.25,0.49,0.0
6jwzGu5VdkR5tsRROYuxso,DrefGold,"italian hip hop,trap italiana",503537,58,0.8,0.64,152.02,0.56,-6.23,0.12,0.13,0.25,0.0
6bwp9ObI8FWvMPCIWVBmhl,Red Velvet - IRENE & SEULGI,k-pop,437576,58,0.63,0.75,115.66,0.35,-2.57,0.05,0.54,0.21,0.0
00Z3UDoAQwzvGu13HoAM7J,Skizzy Mars,"indie pop rap,pop rap,rap,underground hip hop",289061,58,0.78,0.67,104.95,0.72,-5.83,0.08,0.12,0.15,0.0
2nvKpWcP8etYTq4JrRiUiy,Cliff Richard,"adult standards,brill building pop,bubblegum pop,classic uk pop,europop,mellow gold,new wave pop,rock-and-roll,soft rock",268555,58,0.5,0.43,135.01,0.36,-14.39,0.03,0.14,0.69,0.0
2uvY5pgdD9t1CZ5zMNw1rl,Lucy Rose,"ambient folk,british singer-songwriter,indie anthem-folk,indie folk",260336,58,0.62,0.78,141.19,0.57,-6.84,0.17,0.26,0.24,0.0
2f9ZiYA2ic1r1voObUimdd,Grace Jones,"art rock,dance pop,disco,electronica,new romantic,new wave,new wave pop,synthpop",245089,58,0.57,0.74,138.04,0.51,-4.82,0.04,0.35,0.11,0.0
0TkqXdyWLsssJH7okthMPQ,Jay Electronica,"alternative hip hop,conscious hip hop,hardcore hip hop,hip hop,psychedelic hip hop,rap,southern hip hop,underground hip hop",228429,58,0.62,0.63,142.04,0.28,-5.28,0.03,0.23,0.22,0.0
7xEFii6utZmQ61kX59HmLH,FRENSHIP,"electropop,indie poptimism,la pop,pop dance,pop edm,tropical house,vapor soul",163543,58,0.68,0.71,92.99,0.36,-6.24,0.03,0.69,0.04,0.16
36jaGQtMj5UWD0eO1fCVdD,Joel Adams,"australian pop,pop soul",156962,58,0.51,0.77,84.26,0.24,-4.87,0.06,0.29,0.01,0.0
0dS5xeDefwoUNasLUHnCjR,Cappadonna,"boom bap,east coast hip hop,hardcore hip hop",109067,58,0.72,0.81,90.99,0.76,-4.94,0.31,0.37,0.13,0.0
5QuBVnBPEzwYvFrgBbwpmU,Empress Of,"alternative r&b,art pop,electropop,escape room,etherpop,shiver pop",98965,58,0.7,0.64,90.03,0.34,-6.9,0.15,0.12,0.11,0.0
4jpsw9CQS439N0B7SecMgf,Ant Saunders,"chill r&b,pop",83362,58,0.87,0.44,129.04,0.7,-8.94,0.07,0.07,0.18,0.0
07V3atNq2TyPNDYmzp6Dyy,Reese LAFLARE,"underground hip hop,vapor trap",70371,58,0.67,0.54,105.4,0.54,-7.88,0.23,0.1,0.45,0.0
7vPGzgDg3qGUY5bWtrO3K4,Conkarah,jawaiian,67512,58,0.82,0.85,95.11,0.9,-5.31,0.18,0.12,0.02,0.0
68Uwx1d3EbjDJhYsLjqvIq,Emma Stone,hollywood,30379,58,0.5,0.27,120.47,0.33,-11.96,0.09,0.22,0.6,0.0
2fVW2ix4ANKiofDZIsy1XR,Vargas & Lagola,swedish pop,29524,58,0.49,0.7,110.21,0.54,-5.63,0.05,0.31,0.11,0.0
1gs79u8PKkWAW1yfymbkTt,Young Miles,trap italiana,23889,58,0.51,0.9,142.83,0.53,-4.49,0.48,0.08,0.08,0.0
5ooSG9S0glqP5ZrqqaHBvT,James Fauntleroy,,17456,58,0.62,0.49,126.05,0.33,-11.25,0.46,0.11,0.78,0.0
7ciBW1p3KBsYIkFk4UmwS8,The Rudeboyz,trap brasileiro,13766,58,0.89,0.7,103.0,0.82,-3.5,0.14,0.06,0.29,0.0
1o9x7ez0NvhDb7gBqrYnUj,B-Case,pop edm,2963,58,0.68,0.72,92.05,0.51,-5.5,0.08,0.7,0.02,0.0
2NlKrNMdpYxGjt3Pvw87rC,Europa,uk dance,2962,58,0.57,0.76,121.92,0.54,-4.11,0.11,0.14,0.32,0.0
2Mb6xKUfphTNZ7PiDudasm,Marcos Zeeba,,2534,58,0.79,0.43,122.0,0.46,-7.76,0.04,0.09,0.54,0.0
6wcKDqJRY3TzbcdRKo6EiE,Jone Quest,,757,58,0.86,0.67,164.06,0.95,-5.95,0.28,0.06,0.11,0.0
4mb1xtQVGSK5dh8AbtwBiR,MC Lan,"funk carioca,funk ostentacao",2191622,57,0.89,0.89,130.04,0.67,-4.6,0.14,0.16,0.05,0.0
3S6gaE89XewFAvZqsMuJDJ,Norm Ender,"turkish hip hop,turkish trap",1575605,57,0.89,0.63,123.03,0.43,-5.77,0.16,0.12,0.25,0.0
5KPJMJR9PCfMWSfco8i4W4,Alex Aiono,post-teen pop,584462,57,0.76,0.72,121.99,0.81,-5.32,0.04,0.33,0.0,0.0
02uYdhMhCgdB49hZlYRm9o,Eagles Of Death Metal,"alternative rock,blues rock,garage rock,garage rock revival,modern blues rock,modern rock,palm desert scene,rock",459707,57,0.48,0.93,179.91,0.6,-3.46,0.14,0.15,0.04,0.13
2wzMOQwNT6ZvVB4amvhFAH,The Pogues,"celtic,celtic punk,celtic rock,folk punk,irish folk,punk",389610,57,0.27,0.55,78.11,0.43,-7.48,0.05,0.26,0.58,0.0
6fOyYqdh6p0ZWLs9zUDoyt,MC Gury,"funk carioca,funk ostentacao,funk paulista",342730,57,0.83,0.6,86.53,0.48,-1.62,0.15,0.08,0.38,0.0
6v4PBIzRAGaLp43LVureQc,MC Du Black,funk carioca,331869,57,0.72,0.84,150.11,0.85,-3.24,0.08,0.11,0.42,0.0
5hPHLE5ssifxHX5bhK8iXR,FP do Trem Bala,funk carioca,305995,57,0.87,0.97,149.99,0.52,-5.58,0.28,0.12,0.92,0.0
2HdP7fpDiLWAvElYGg75gd,Hanybal,"deep german hip hop,german hip hop,german underground rap",297033,57,0.82,0.65,109.88,0.35,-7.03,0.19,0.12,0.17,0.0
21LGsW7bziR4Ledx7WZ1Wf,Johnny Mathis,"adult standards,brill building pop,easy listening,lounge,mellow gold,vocal jazz",295699,57,0.6,0.66,103.18,0.89,-8.95,0.03,0.12,0.7,0.0
1mG23iQeR29Ojhq89D5gbh,DJ Jazzy Jeff & The Fresh Prince,"gangster rap,golden age hip hop,hip hop,old school hip hop,philly rap,rap",289686,57,0.72,0.49,170.63,0.62,-17.08,0.13,0.11,0.03,0.0
6fXEqmGQEt6ONuqVmwrN46,Bag Raiders,"alternative dance,australian dance,filter house,indietronica,new rave,nu disco",204215,57,0.64,0.72,124.94,0.42,-6.2,0.04,0.09,0.09,0.02
5DK8eK7fjvRsziXzyr3sFA,Moon Taxi,"indie poptimism,modern alternative rock,modern rock,pop rock,stomp and holler",166009,57,0.65,0.76,107.03,0.48,-5.15,0.04,0.12,0.09,0.0
1XLjkBxFokuDTlHt0mQkRe,Thomas Gold,"big room,edm,electro house,funky tech house,german techno,pop dance,pop edm,progressive electro house,progressive house",155302,57,0.63,0.88,105.0,0.44,-5.23,0.04,0.1,0.05,0.0
6DJEUXZm0e2rAohdoZ5Voo,Black Thought,"alternative hip hop,boom bap,east coast hip hop,hip hop,southern hip hop",153510,57,0.65,0.93,149.3,0.48,-3.13,0.26,0.11,0.13,0.0
0OROVBEZCocg0FcgJpyBse,Alex Sensation,"reggaeton,trap latino",137157,57,0.77,0.84,91.01,0.82,-3.39,0.05,0.06,0.13,0.0
6XpXnnKHIhCOUbOLOJGe6o,REASON,"hip hop,rap,underground hip hop",134109,57,0.65,0.62,130.87,0.28,-6.04,0.31,0.21,0.16,0.0
6G1yTgvoYsuVb2Ja8cVVJ2,anders,"canadian contemporary r&b,canadian hip hop,pop r&b,r&b,toronto rap,trap soul",117761,57,0.77,0.68,121.01,0.22,-6.25,0.05,0.26,0.02,0.0
0fs8oBR1rx7JIXZi75h7Uu,Bahari,"alt z,indie electropop,indie poptimism,la pop",112681,57,0.65,0.76,102.01,0.7,-5.22,0.09,0.12,0.37,0.0
5H6xmHXjsq98NLbEjuE29f,NEIKED,"scandipop,tropical house",98772,57,0.74,0.53,106.99,0.75,-7.43,0.08,0.21,0.07,0.0
5gw5ANPCVcxU0maLiGRzzP,Billy Raffoul,indie anthem-folk,95554,57,0.83,0.47,124.95,0.55,-7.52,0.04,0.08,0.04,0.01
3GtCKJA4SkOxN65MWjm82R,Hot Shade,"deep tropical house,pop dance,pop edm,tropical house",93179,57,0.68,0.59,123.98,0.53,-5.67,0.03,0.18,0.05,0.0
57ALvbCBaCkNlgTOSiUPdT,Aaron Neville,"motown,soul",91205,57,0.61,0.36,183.06,0.47,-10.06,0.04,0.06,0.51,0.0
6fFfnKGVI6X3lkCr8Qw1g1,KXNG Crooked,cali rap,81023,57,0.64,0.54,98.74,0.04,-5.94,0.07,0.27,0.05,0.0
2gTcdmBwgyh3EORKIXCzlw,El Profesor,house,71021,57,0.84,0.41,126.02,0.66,-11.83,0.09,0.1,0.2,0.0
0NyzfcGDZZ6GM25EBG9BYK,Ray Parker Jr.,"disco,funk,post-disco,quiet storm",52178,57,0.78,0.72,115.4,0.73,-9.7,0.03,0.3,0.01,0.03
6kXm2YCtdUOpRYNKeKhfue,Ryan Gosling,hollywood,37490,57,0.53,0.1,102.11,0.3,-17.31,0.05,0.09,0.93,0.02
5yN0nwLpUCaZ2gr67bndCN,Amanda Shires,"alternative country,folk,new americana,roots rock",35756,57,0.52,0.66,142.0,0.36,-6.02,0.03,0.1,0.31,0.0
028lPW2NdWHdSPCkRkcyhd,Ant Clemons,"alternative r&b,indie r&b,pop r&b",32996,57,0.7,0.35,99.65,0.37,-9.61,0.08,0.15,0.44,0.0
4rojTfP5nRkmYpdSbWQgV4,Death Stranding: Timefall,video game music,25115,57,0.57,0.58,97.28,0.38,-7.04,0.25,0.11,0.13,0.0
4gvkdged3Xw3ImXFm3jiay,Juliander,swedish pop,10035,57,0.66,0.68,97.98,0.66,-4.41,0.06,0.36,0.3,0.0
79KQgTCu4wV38ECYKn62DZ,White Gold,,2658,57,0.68,0.82,140.03,0.24,-4.2,0.15,0.6,0.06,0.0
188VINPQh5dyNfLUkevKqf,Olivia Holt,"alt z,dance pop,pop,post-teen pop,social media pop",981663,56,0.76,0.63,100.98,0.5,-6.75,0.06,0.11,0.1,0.0
59mjRp0i1B8oWSSMmGWJlJ,Ansel Elgort,,735608,56,0.86,0.76,124.07,0.19,-5.78,0.14,0.1,0.03,0.0
2YFBOR9KIxC6WqHclkj9Yq,Keke Palmer,"dance pop,pop r&b,post-teen pop,r&b",498920,56,0.64,0.68,154.88,0.58,-5.39,0.26,0.16,0.08,0.0
4cmA2QDPdzh8W2ytpyUGes,Young Scooter,"atl trap,dirty south rap,drill,gangster rap,houston rap,rap,southern hip hop,trap",451213,56,0.81,0.46,125.05,0.49,-7.5,0.1,0.17,0.27,0.0
4TdvNk4wmn5DgBFiLDeCj0,Deniz Tekin,turkish alt pop,445801,56,0.64,0.68,129.8,0.3,-7.96,0.15,0.09,0.41,0.0
3shPgAzHMyRwWOkXeoWKeB,MC Bruninho,"batidao romantico,brega funk,brega romantico,funk carioca,pop teen brasileiro",436497,56,0.67,0.64,115.08,0.72,-4.86,0.08,0.5,0.28,0.0
47RPLpnGhBRTjQrRBOev9s,Xavier Naidoo,german pop,423347,56,0.74,0.52,134.89,0.36,-10.81,0.19,0.09,0.23,0.0
4A7HeXSd4HtQuf6IR5XZ1b,Fero47,german hip hop,411046,56,0.71,0.8,135.02,0.69,-5.78,0.1,0.16,0.17,0.0
2ndyVAdV9UqF1XjyTJt484,Fred Hammond,gospel,391682,56,0.51,0.39,78.04,0.6,-8.72,0.53,0.28,0.56,0.0
6ioOEWNNGK40H8xrGj6XPW,XYLØ,"alt z,electropop,indie electropop,indie poptimism,la pop,pop,vapor soul",270558,56,0.63,0.72,105.04,0.56,-5.75,0.04,0.26,0.02,0.0
2N4EYkIlG1kv25g6Wv8LGI,Killer Mike,"alternative hip hop,atl hip hop,conscious hip hop,dirty south rap,escape room,political hip hop,southern hip hop",238753,56,0.55,0.89,106.86,0.26,-5.3,0.13,0.12,0.15,0.0
5piE2MZ1wGpBjpDud8kTOS,Defkhan,"turkish hip hop,turkish trap pop",204641,56,0.64,0.68,129.8,0.3,-7.96,0.15,0.09,0.41,0.0
39E15l8zeCDYpSZwFNX4G2,Eleni Foureira,"eurovision,greek pop,laiko",162447,56,0.59,0.76,101.04,0.59,-4.58,0.12,0.61,0.06,0.0
2HPiMwJktBXqakN0hnON2R,Lous and The Yakuza,belgian pop,145018,56,0.72,0.6,139.95,0.78,-8.58,0.05,0.12,0.64,0.01
3wjsrpfO6odEphTZWx45RQ,Hearts & Colors,"post-teen pop,viral pop",117432,56,0.6,0.66,96.05,0.42,-6.86,0.04,0.08,0.02,0.0
4N7IToHBlPXqlrXiv1Nij6,rei brown,"lo-fi beats,sad lo-fi",93709,56,0.68,0.68,173.1,0.64,-9.44,0.05,0.1,0.38,0.74
2Cra8I2P4OnMkVguqZRVwi,Felipe Original,"brega funk,funk carioca",63810,56,0.75,0.78,172.09,0.94,-4.55,0.09,0.16,0.16,0.0
0pt7PX4Hftlg8mV1ySU84Q,CVBZ,"electropop,pop dance,pop edm",59615,56,0.52,0.83,180.01,0.3,-3.72,0.06,0.13,0.05,0.0
1cH0i2n6YLrWFDDemqztay,Henning May,,56709,56,0.72,0.67,89.03,0.48,-5.01,0.06,0.07,0.17,0.0
3JXpwnHbLvXxY99EuXqFPX,Poo Bear,pop r&b,36023,56,0.64,0.77,134.05,0.19,-4.32,0.04,0.27,0.11,0.0
7zPS3i8YJBNeDcqXUHfCMr,AVA,"italian hip hop,trap italiana",35879,56,0.48,0.48,181.94,0.14,-8.99,0.28,0.1,0.12,0.0
3pVfscwg2QxhdHtk966inb,The Cratez,,20716,56,0.71,0.74,113.64,0.39,-6.18,0.21,0.11,0.25,0.0
30C5wgn4celhRP3Tytv7R6,Mez,north carolina hip hop,11364,56,0.64,0.65,120.75,0.66,-6.31,0.43,0.06,0.52,0.0
164hs3x1Tsp3FgJWNHee1r,The Citizens of Halloween,halloween,10584,56,0.62,0.48,125.71,0.65,-14.13,0.04,0.15,0.77,0.0
3tkq9ZnBaejLPLRpg8kGET,DJ 2F,"brega funk,funk consciente",6389,56,0.72,0.84,150.11,0.85,-3.24,0.08,0.11,0.42,0.0
6t9tbRO9Lv6Oq6xtVwfdrn,Theresa Rex,scandipop,5532,56,0.46,0.8,102.46,0.55,-3.58,0.05,0.12,0.29,0.0
78wZzI7u1cOjXKuYzqZI6l,Sonus030,,3054,56,0.81,0.62,114.66,0.29,-8.36,0.13,0.19,0.11,0.0
4nkGTHzKGUsL7WjpaKLEDm,Sky,,1426,56,0.69,0.68,180.06,0.6,-4.28,0.32,0.12,0.53,0.0
6bGwi8TG7T8Vcp415XooE5,Jojo Maronttinni,funk carioca,468651,55,0.94,0.8,135.0,0.9,-4.55,0.06,0.07,0.39,0.0
2J257euzcjnDLipsyJH3F2,Clipse,"alternative hip hop,dirty south rap,gangster rap,hardcore hip hop,hip hop,rap,southern hip hop,trap,virginia hip hop",289585,55,0.61,0.46,148.28,0.18,-3.93,0.04,0.13,0.61,0.0
7ouCgJkxRBIJljUiQVJK65,Sokrat St,"turkish hip hop,turkish trap pop",276478,55,0.64,0.68,129.8,0.3,-7.96,0.15,0.09,0.41,0.0
06Qf6vq8AVIpE9XIw8LAsY,Lil Duke,"atl trap,trap,vapor trap",243810,55,0.79,0.62,124.09,0.82,-7.32,0.17,0.32,0.18,0.0
08ao8gzTHBtNf5Laf9jjwR,King Khalil,"deep german hip hop,german hip hop,german underground rap",243119,55,0.69,0.62,95.87,0.28,-5.24,0.22,0.12,0.05,0.0
3xByNj8XW17oW0wsJhgzYL,Slaves,"english indie rock,kent indie,modern alternative rock,modern rock",175596,55,0.64,0.81,158.07,0.71,-6.73,0.24,0.64,0.09,0.0
2NCGI6dLTxLdI9XHdv7QfM,The Andrews Sisters,"adult standards,lounge,swing,torch song,vocal harmony group,vocal jazz",156401,55,0.53,0.27,183.06,0.66,-11.59,0.07,0.22,0.79,0.0
5oFkj1qSlyBUmV5d6Edgtq,Cozz,underground hip hop,149420,55,0.68,0.7,135.04,0.24,-5.32,0.29,0.25,0.05,0.0
0CkbPVBpOwwz9NPPglFKyq,RAY BLK,"alternative r&b,electra,uk contemporary r&b",134715,55,0.45,0.65,86.02,0.7,-6.77,0.3,0.35,0.18,0.0
4poL7YCSkG7kMnWjAdDU91,Era Istrefi,"albanian hip hop,kosovan pop",118319,55,0.58,0.94,143.97,0.8,-0.93,0.18,0.55,0.01,0.0
4Z4afeDmHFxPmJorIwupbZ,Netta,"eurovision,israeli pop",105617,55,0.79,0.71,130.14,0.8,-5.35,0.07,0.24,0.07,0.0
0V7uVrIYr4FwFvUN9S4kYr,Nick Waterhouse,"chicago indie,funk",83129,55,0.84,0.79,124.99,0.87,-5.05,0.06,0.07,0.03,0.0
6sqZoZxe9BQwk7Zxh6STfF,Kadhja Bonet,"indie jazz,indie soul,psychedelic soul",69976,55,0.69,0.52,164.05,0.41,-9.72,0.16,0.49,0.2,0.0
2fC8dVxeS2bsfIDvFj1M4V,Christian Daniel,"latin arena pop,puerto rican pop",67535,55,0.69,0.87,94.0,0.73,-2.98,0.06,0.09,0.23,0.0
41I5xI04kixwmonDBl0Sda,King Combs,"cali rap,pop r&b",67459,55,0.79,0.79,126.99,0.55,-6.89,0.19,0.1,0.22,0.0
7I95CM75shzCjHuTzrepjM,Nova Twins,"black punk,uk diy punk",52556,55,0.45,0.94,164.03,0.6,-3.35,0.16,0.61,0.0,0.0
51ltJZ6rB893AdzgCxSOV3,Greg Willen,"italian hip hop,trap italiana",36601,55,0.51,0.9,142.83,0.53,-4.49,0.48,0.08,0.08,0.0
0xTWPVQfXgaj6Je1inSRKw,Menor Nico,,33113,55,0.93,0.71,138.02,0.96,-4.21,0.06,0.06,0.44,0.0
3tXUeiWOSod3mSQ2lOautf,Wes,,9064,55,0.58,0.8,124.0,0.66,-6.66,0.16,0.11,0.04,0.0
0vaKiuLwFJLVU664A8GTjE,Jace,,5905,55,0.64,0.65,120.75,0.66,-6.31,0.43,0.06,0.52,0.0
7waNCUQ1Ne7OoNHgqpgMZ7,Luis Figueroa,,5050,55,0.68,0.76,172.01,0.89,-5.18,0.05,0.09,0.43,0.0
1OHw2r7Diz2rc9JktaFV6N,Erika Sirola,finnish pop,3466,55,0.57,0.73,125.05,0.27,-4.78,0.06,0.09,0.02,0.0
2J6pigOrBmKQgqJUY5UM7r,Matt Ox,"melodic rap,plugg,underground hip hop,vapor trap",260247,54,0.77,0.51,140.07,0.51,-6.95,0.06,0.14,0.06,0.0
57SA5Qv24Vydwd6bJnV8fI,Kid Trunks,"asian american hip hop,dark trap,underground hip hop,vapor trap",249575,54,0.84,0.56,130.03,0.48,-6.12,0.28,0.1,0.29,0.0
6I65kFgfXDWx56jwnip3TU,Hayki,"turkish hip hop,turkish trap,turkish trap pop",236277,54,0.64,0.68,129.8,0.3,-7.96,0.15,0.09,0.41,0.0
787bCXOIvGeBw0Bc4kEjhD,Luke Christopher,"indie pop rap,pop rap",160117,54,0.4,0.85,82.23,0.6,-3.57,0.2,0.07,0.09,0.0
0wi4yTYlGtEnbGo4ltZTib,Shakin' Stevens,"new wave pop,rock-and-roll,rockabilly,soft rock",101785,54,0.53,0.9,202.9,0.96,-3.32,0.04,0.13,0.13,0.0
4ytkhMSAnrDP8XzRNlw9FS,Vince Guaraldi Trio,"adult standards,christmas instrumental,jazz trio",98540,54,0.49,0.17,99.39,0.22,-17.82,0.04,0.11,0.94,0.0
4bMNzAopkqYTwkBLwMKsF1,Childish Major,"alternative r&b,canadian hip hop,indie r&b,trap soul,underground hip hop",88732,54,0.68,0.7,135.04,0.24,-5.32,0.29,0.25,0.05,0.0
0cTSCsVx04SSht9V6cpKN0,Mavis Staples,"folk,funk,roots rock,soul,southern soul,spirituals",77933,54,0.45,0.84,89.96,0.58,-4.28,0.21,0.5,0.11,0.0
6qrqAYlS6lUj2BVXax7SZW,Mc Jacaré,"funk 150 bpm,funk carioca,trap funk",72197,54,0.65,0.72,130.76,0.53,-7.58,0.11,0.07,0.24,0.0
5FkcU4BVzPptuB6AjobZIL,Taxi B,trap italiana,62269,54,0.51,0.9,142.83,0.53,-4.49,0.48,0.08,0.08,0.0
0lzV2CiahHRiGd6qpADtPS,James Hersey,tropical house,50713,54,0.88,0.6,120.02,0.63,-7.64,0.05,0.11,0.1,0.0
03bmDyr8klGV17DKQnPZVA,Joshi Mizu,"deep german hip hop,german hip hop,german trap",48267,54,0.72,0.7,133.93,0.44,-6.89,0.25,0.15,0.22,0.0
5KYEMMz9O9iLIESifKAEOp,WhoHeem,viral rap,26028,54,0.84,0.68,120.0,0.52,-9.23,0.16,0.24,0.01,0.0
29QbBR0oTzA7A0kiOzrbbr,Jamie Scott,uk pop,18497,54,0.53,0.52,149.12,0.13,-7.98,0.06,0.2,0.44,0.0
07qgzS86XBNsyrY6MAVDAc,Sodré,funk carioca,9669,54,0.8,0.57,160.01,0.83,-6.77,0.28,0.23,0.3,0.0
5T8zbK3dic52T9bFu0aY8z,Sophia Somajo,swedish electropop,8817,54,0.5,0.64,89.98,0.25,-6.14,0.04,0.63,0.13,0.0
4QfOh8rJ0OddhhXHD5QyWs,The Boy Next Door,basshall,7473,54,0.73,0.76,109.99,0.52,-5.56,0.06,0.23,0.15,0.0
0FVsUxcFSlxwIM7Qs31s6J,Billy Eichner,disney,2872,54,0.34,0.33,103.2,0.35,-10.16,0.04,0.08,0.66,0.0
7xX39IyguhWsTIg4eU2reH,Seth Rogen,disney,2814,54,0.34,0.33,103.2,0.35,-10.16,0.04,0.08,0.66,0.0
2fZcYu4ltOFdwsnDmLQ9jl,DJ Fle,,2601,54,0.82,0.85,95.11,0.9,-5.31,0.18,0.12,0.02,0.0
4ZhFCxPekpmV12n2xMeF2z,Ink,,2542,54,0.68,0.46,123.02,0.54,-7.48,0.1,0.3,0.54,0.0
29cNzWXrkNaGVL74hZK0jU,Gringo,,574,54,0.82,0.76,89.0,0.88,-6.59,0.19,0.16,0.14,0.0
2Rimf9z3oYDBeszSXFACRR,Daniel Everidge,show tunes,450,54,0.7,0.77,118.03,0.24,-9.41,0.13,0.21,0.01,0.0
6LjdKBMnP1Da8Oe6WhrN56,Aldair Playboy,"batidao romantico,brega funk,brega romantico,forro de favela,funk carioca",504108,53,0.77,0.55,153.96,0.9,-11.5,0.06,0.05,0.28,0.0
10n5lhNDoSMUHWLlnST1yw,Slade,"album rock,art rock,blues rock,glam rock,hard rock",269772,53,0.4,0.75,130.23,0.43,-5.45,0.04,0.17,0.14,0.0
1Fr6agZ6iSM5Ynn2k4C8sc,VÉRITÉ,"alt z,brooklyn indie,electropop,indie electropop,indie pop,indie poptimism,metropopolis,nyc pop,pop,vapor pop,vapor soul",260114,53,0.67,0.59,117.0,0.46,-6.47,0.06,0.21,0.2,0.0
6SGvRyZuaSuWmP6IWUKpGf,Kenny Man,panamanian pop,247182,53,0.8,0.68,104.96,0.91,-5.64,0.17,0.32,0.41,0.0
4x3CdMQ3YjnPn4Evhyni5y,Kierra Sheard,"gospel,gospel r&b",235948,53,0.75,0.86,101.93,0.57,-3.29,0.27,0.12,0.14,0.0
7iLc4hrjOjQPfg1E3cCHg1,Tim Berg,"edm,pop dance,progressive electro house",197576,53,0.52,0.84,126.03,0.52,-2.55,0.04,0.04,0.09,0.0
2QWrpLRDeBD1NwWAsytBRi,Diodato,"italian adult pop,italian indie pop",119759,53,0.42,0.63,143.36,0.14,-6.06,0.04,0.08,0.22,0.0
2s4tjL6W3qrblOe0raIzwJ,Yoko Ono,"experimental,experimental pop",93652,53,0.33,0.61,146.54,0.4,-11.08,0.03,0.76,0.32,0.0
2gyv1akuIB9fQvXoGSPaJr,Big Freedia,"bounce,escape room,lgbtq+ hip hop,new orleans rap,trap queen",80892,53,0.68,0.87,114.99,0.27,-4.69,0.13,0.07,0.0,0.0
6Kz7MXIUFMtp5Ts91lagtR,Mikolas Josef,"czech pop,eurovision",66428,53,0.84,0.7,106.0,0.66,-6.52,0.11,0.38,0.01,0.0
4K9aclpXgCPNFGEqRlFPal,Peter Manos,,65868,53,0.5,0.18,111.96,0.07,-15.36,0.04,0.11,0.74,0.0
2gtmbs0Uas9TBSMqkA4zjE,Data Luv,"german hip hop,german trap",59487,53,0.72,0.79,105.04,0.26,-6.64,0.07,0.65,0.03,0.0
23sYU61n9f1CzYi8NJhAXS,Towkio,chicago rap,53707,53,0.5,0.4,95.06,0.56,-9.35,0.32,0.09,0.72,0.0
5lXfVoQxVgC5fpjkVqvNYn,Isaiah Firebrace,"australian pop,australian talent show",50112,53,0.42,0.74,95.49,0.59,-4.63,0.04,0.1,0.22,0.0
0chh7dlaUzEreDTulHiOlm,KEiiNO,"eurovision,norwegian pop",40750,53,0.61,0.75,121.95,0.36,-6.47,0.06,0.11,0.14,0.0
2tMOCIpxj6jwM9e6pmwGiP,KEY!,"underground hip hop,vapor trap",35767,53,0.68,0.56,160.07,0.3,-6.13,0.39,0.3,0.25,0.0
49O0SPoCoTiK2Nn2tOaHyU,Knox Fortune,chicago indie,21962,53,0.7,0.78,111.92,0.39,-5.73,0.2,0.15,0.04,0.0
3OMZaRPVE5OI1IkDbZFBFU,Numidia,"dutch rap pop,rif",20349,53,0.79,0.86,95.22,0.96,-5.31,0.12,0.08,0.21,0.0
6DpWtzfwV8fcwP6fXckDVu,Starrah,,19977,53,0.37,0.64,83.34,0.17,-7.98,0.1,0.29,0.27,0.0
37Qsf5KCKljH7mL134xp4k,Saudi,south african hip hop,19860,53,0.77,0.47,131.02,0.4,-8.41,0.26,0.27,0.02,0.0
42MRYPhQfcEXqb18dl5ERX,"Bobby ""Boris"" Pickett","halloween,novelty",14654,53,0.54,0.5,68.48,0.71,-14.19,0.46,0.42,0.38,0.0
2pG0eQLB8CbmmWWmjJi4yd,Osquel,reggaeton flow,11186,53,0.86,0.67,164.06,0.95,-5.95,0.28,0.06,0.11,0.0
2ipbBHbU59PKSeDXAgMpkd,Marvin Divine,russelater,9608,53,0.81,0.9,114.96,0.2,-4.26,0.08,0.06,0.06,0.0
4DROs1Ye9DiLY3X8L7xvl8,Andrez Babii,rap romantico,3364,53,0.77,0.56,90.02,0.54,-7.42,0.05,0.07,0.12,0.0
5gWzmnHTLNXz5CjOc0wAuK,Romy Dya,dutch pop,3190,53,0.53,0.52,149.12,0.13,-7.98,0.06,0.2,0.44,0.0
1nGRqM8VNcQOcFsOnhpInD,ATR Son Son,,626,53,0.9,0.25,117.99,0.23,-17.54,0.11,0.1,0.29,0.0
3WQ1s2QFvL6crxBvrVhwzj,Gabriel Diniz,"forro,sertanejo pop",1436378,52,0.77,0.93,160.11,0.92,-2.53,0.05,0.09,0.22,0.0
0e68cnJyUTJu1nEuxxMSLm,Tati Zaqui,funk carioca,993491,52,0.83,0.55,154.06,0.88,-7.03,0.06,0.18,0.25,0.0
2Q4r4Epfaaho06ONTHx7OS,MC's Jhowzinho & Kadinho,"brega funk,funk carioca",940868,52,0.81,0.65,130.1,0.71,-0.02,0.04,0.09,0.19,0.0
1UCxzrM5WJh9ure5vCcsim,Charlie Charles,"italian hip hop,italian pop",467278,52,0.73,0.72,132.5,0.39,-5.75,0.12,0.21,0.08,0.0
6AT27ojKlBuZToFIGwQZDc,Sammy & Falsetto,"perreo,reggaeton,reggaeton flow,trap latino",262538,52,0.86,0.67,164.06,0.95,-5.95,0.28,0.06,0.11,0.0
0hItVPjwJLVZrFqOyIsxPf,Judy Garland,"adult standards,hollywood,lounge,torch song,vocal jazz",186231,52,0.27,0.16,64.16,0.11,-16.09,0.04,0.11,0.96,0.0
4jtv7mIerRdHNQOkFtKyDW,Ados,"turkish hip hop,turkish trap pop",177363,52,0.64,0.68,129.8,0.3,-7.96,0.15,0.09,0.41,0.0
1q13yHC6Syg5Y8iPLrRnCq,Joell Ortiz,"alternative hip hop,battle rap,boom bap,hardcore hip hop,southern hip hop",132940,52,0.64,0.54,98.74,0.04,-5.94,0.07,0.27,0.05,0.0
5TM9R6dNoJSMq23yZQD6Ee,Don Q,nyc rap,106949,52,0.9,0.67,139.98,0.4,-6.54,0.2,0.14,0.0,0.0
7xX15v6ahAkcT14kHfB9wB,True Damage,k-rap,96549,52,0.64,0.68,154.88,0.58,-5.39,0.26,0.16,0.08,0.0
1CUeN4GnHAGUk9nAXPorF4,Kodie Shane,"atl hip hop,trap queen",90321,52,0.66,0.67,139.87,0.45,-7.44,0.26,0.12,0.41,0.0
2c9O21YLFy4tFI9zCVhbFg,Sunday Service Choir,,88734,52,0.59,0.79,77.0,0.69,-6.23,0.08,0.91,0.47,0.0
0vZAzVAFQL1gKLBPfnXMaS,Jack The Smoker,"italian hip hop,italian underground hip hop",84503,52,0.58,0.66,108.25,0.33,-7.72,0.45,0.12,0.14,0.0
7MFJyevu6jq0shwDuVLymu,Justin Mylo,"edm,electro house,pop dance,pop edm",69795,52,0.59,0.72,127.88,0.41,-5.75,0.04,0.07,0.02,0.0
1b4DN8Vj0dnj5cceMFsRYN,Dante Klein,pop edm,29902,52,0.68,0.77,102.95,0.33,-3.14,0.07,0.11,0.1,0.0
38EmEgXkgK51MT2tPY0EoC,Bobby Helms,,20906,52,0.74,0.33,120.99,0.75,-12.04,0.04,0.07,0.92,0.0
606eWexxNhc6Mj0RuCxMA9,Mila,brega funk,19470,52,0.81,0.76,79.98,0.96,-6.16,0.09,0.31,0.24,0.0
3bYcjbVAN3rAuU3TMzw2mB,Marcus Mumford,british singer-songwriter,18870,52,0.66,0.76,119.97,0.22,-7.0,0.05,0.09,0.05,0.0
6tt0iYnpHERj05WATWRiom,Bantu,zimdancehall,18575,52,0.77,0.88,112.03,0.67,-5.16,0.14,0.35,0.02,0.0
2BBgFkNBBMln3m2G2Bm2bt,NSTASIA,alternative r&b,16510,52,0.76,0.5,135.0,0.27,-9.55,0.19,0.15,0.09,0.0
7iXYHQPYLQSz3b3hbPJpk3,Towy,reggaeton flow,15606,52,0.86,0.67,164.06,0.95,-5.95,0.28,0.06,0.11,0.0
6gGJH7joTDx9M3xREiAq9U,Petter Ferraz,,14825,52,0.93,0.71,138.02,0.96,-4.21,0.06,0.06,0.44,0.0
3XV0lFzNs8BCTwhJTcMiBr,Blue Ivy,kids hip hop,12957,52,0.6,0.6,119.7,0.6,-7.08,0.23,0.28,0.05,0.0
1qSJaftSab2kTTsj7fLxvM,DJ SpinKing,,10432,52,0.78,0.77,91.98,0.52,-5.46,0.26,0.1,0.0,0.0
4H1PNuHElBLVok0lnYMrRb,Dyo,alte,4993,52,0.8,0.57,107.99,0.81,-7.39,0.07,0.08,0.06,0.0
1PnnRNGfichOAfPOn5mVyx,Sorana,romanian pop,3974,52,0.74,0.56,92.0,0.32,-4.69,0.08,0.08,0.03,0.0
1Dn88PoQjnQgLTOaokePFz,Bright Sparks,,3034,52,0.63,0.76,123.97,0.58,-4.02,0.04,0.22,0.01,0.0
142TY556WknD1ZRV8XilJQ,Joe Janiak,,2901,52,0.69,0.65,86.18,0.45,-5.77,0.07,0.09,0.48,0.0
4LFgxG38Y0l4Fo1gdQelay,The Dap-Kings Horns,,1508,52,0.74,0.76,114.99,0.34,-3.59,0.04,0.67,0.04,0.04
1U0sIzpRtDkvu1hXXzxh60,Kelela,"afrofuturism,alternative r&b,art pop,electropop,escape room,experimental r&b,indie soul",258540,51,0.68,0.83,138.0,0.61,-3.96,0.05,0.13,0.01,0.0
6P5Tw2kwv3BAa3iONsQe9x,Sehabe,"turkish hip hop,turkish trap pop",231285,51,0.64,0.68,129.8,0.3,-7.96,0.15,0.09,0.41,0.0
3bnpcWBcvlfq4hPFJjNPbz,SAFE,"canadian hip hop,trap soul",132607,51,0.7,0.55,89.0,0.22,-8.83,0.08,0.12,0.26,0.01
1AwO9pWEBSBoWdEZu28XDC,Eartha Kitt,"adult standards,lounge,torch song,vocal jazz",129669,51,0.7,0.14,84.48,0.49,-12.35,0.06,0.18,0.9,0.0
65CKKZilbcSKkAPC9a5Mvh,Oumou Sangaré,"afropop,malian blues,mande pop,wassoulou,world",84640,51,0.61,0.71,105.74,0.71,-6.18,0.37,0.34,0.12,0.0
1jKpNUjiz4KXgaAZD5FI9S,Zack De La Rocha,"industrial hip hop,political hip hop",65174,51,0.68,0.5,132.42,0.39,-7.31,0.49,0.16,0.02,0.0
6g5SF1Yz63eoPUnJgRHfrz,Hell Raton,"italian hip hop,rap sardegna",60571,51,0.77,0.96,125.05,0.52,-5.16,0.16,0.26,0.04,0.0
22JdJVovP3pV9XkGTih01c,Game of Thrones,,37539,51,0.51,0.64,179.91,0.17,-7.48,0.06,0.22,0.0,0.0
7ksQJtsXSRSrI5306UwIgH,Kim Jong Wan,"korean ost,korean pop",27075,51,0.56,0.74,148.03,0.27,-6.34,0.06,0.06,0.02,0.0
6RedK3o51NbUJuJxXlT4kj,88-Keys,alternative hip hop,19167,51,0.52,0.77,154.19,0.53,-4.53,0.24,0.5,0.24,0.0
2YFFxNOPVf2vU3A4xA71l1,Ghetto,grime,14422,51,0.86,0.7,129.98,0.59,-4.73,0.07,0.16,0.1,0.0
15NtJjjHRFybdNSMyM9smT,Nevada,eurodance,14298,51,0.71,0.88,106.03,0.54,-4.28,0.06,0.23,0.07,0.0
7KUri7klyLaIFXLcuuOMCd,Stargate,norwegian pop,13455,51,0.37,0.92,182.78,0.42,-1.68,0.3,0.23,0.1,0.0
3ECsaSd1fom8coUUkkFzqt,Jeon,ritmo kombina,6549,51,0.62,0.83,212.12,0.54,-3.38,0.39,0.17,0.05,0.0
5M2y5A6d5QZjw9JeKClagC,Andrelli,swedish pop,4706,51,0.6,0.66,96.05,0.42,-6.86,0.04,0.08,0.02,0.0
4frDtYgwXXKkbyQzjOmJG5,The Crypt-Kickers,,915,51,0.54,0.5,68.48,0.71,-14.19,0.46,0.42,0.38,0.0
1E1W3to8HhGSkkIEUMwEjd,Dewain Whitmore,,517,51,0.59,0.72,127.88,0.41,-5.75,0.04,0.07,0.02,0.0
15Dh5PvHQj909E0RgAe0aN,Nivea,"atl hip hop,hip pop,pop r&b,r&b,urban contemporary",547352,50,0.65,0.72,116.77,0.4,-3.92,0.3,0.11,0.23,0.0
7mnAzEmgquhrVtGob81SmO,Big Shaq,london rap,321914,50,0.9,0.88,134.97,0.63,-4.18,0.27,0.11,0.11,0.0
5bepW5vcdRzheNc0F8lHJ5,Esperanza Spalding,"electric bass,indie jazz,indie soul,jazz,jazz fusion,jazz pop,neo soul,vocal jazz",301488,50,0.32,0.51,144.55,0.43,-8.87,0.03,0.39,0.64,0.0
36SRwzRkX5zW3ABjJrevqX,Dadá Boladão,"brega funk,funk carioca",211818,50,0.83,0.55,154.06,0.88,-7.03,0.06,0.18,0.25,0.0
6tRmpYzDIjWoRHzbJO7Cpx,Fuat,"turkish hip hop,turkish trap pop",128375,50,0.64,0.68,129.8,0.3,-7.96,0.15,0.09,0.41,0.0
6CqjoQyGZlnhnq5gAUz92c,Taylor Bennett,"chicago rap,drill,lgbtq+ hip hop,pop rap",112244,50,0.54,0.75,90.54,0.18,-7.4,0.29,0.11,0.23,0.0
0xA8Rmfl9di0sVaPl9AyR9,DJ Yuri Martins,,100533,50,0.88,0.55,129.92,0.56,-5.46,0.15,0.29,0.02,0.0
6UlNIFEuWlBqb4TvlVCekq,Kirsty MacColl,new wave pop,82745,50,0.27,0.55,78.11,0.43,-7.48,0.05,0.26,0.58,0.0
14rP13jdQNgQvuPA2AkBgm,Glades,"alt z,electropop,indie electropop,indie poptimism,metropopolis,vapor soul",81194,50,0.75,0.68,106.99,0.67,-6.46,0.03,0.07,0.06,0.0
5yES5e4EJpUB0tfmWi3eao,MC Rita,funk carioca,69357,50,0.64,0.72,120.24,0.46,-7.97,0.09,0.11,0.14,0.0
0yApzRdrUqTGqX9MULdnmV,Thiaguinho MT,"brega funk,funk carioca",28511,50,0.81,0.76,79.98,0.96,-6.16,0.09,0.31,0.24,0.0
6r2niOTnexy9xss5g8GWXH,Yasiin Bey,,16543,50,0.84,0.68,94.98,0.34,-7.01,0.05,0.13,0.11,0.0
3yJLZoq3Ra2VmSW5teVgih,Walshy Fire,instrumental funk,8612,50,0.84,0.95,138.0,0.63,-3.66,0.12,0.12,0.34,0.0
1TAoToVD5ZWFGxZE0Alzly,Nitro,,4690,50,0.73,0.69,133.99,0.55,-6.91,0.32,0.64,0.06,0.0
3mLdH6xxrscTf2poCN9Kzy,Rio Santana,,4645,50,0.77,0.56,90.02,0.54,-7.42,0.05,0.07,0.12,0.0
1igVsxmGxt1VTKPulM0EuA,Jungleboi,,2377,50,0.36,0.64,152.08,0.44,-8.03,0.08,0.09,0.15,0.0
2JsDK87cAxuUlz4L4izU7A,Evlay,,1358,50,0.67,0.79,95.8,0.91,-4.6,0.23,0.85,0.16,0.0
7LzTBVNarOeaDXFdzOugAI,Sly Pyper,,406,50,0.78,0.87,119.96,0.66,-4.61,0.28,0.44,0.02,0.0
6g8AmloI8egfrr3dm3SnUL,TWENTY88,"alternative r&b,pop r&b,r&b",392458,49,0.63,0.49,88.7,0.72,-6.65,0.25,0.28,0.71,0.0
292jMVlKq180yzi8WRaVU6,7ari,"arabic hip hop,moroccan pop,rap maroc",227201,49,0.82,0.63,110.0,0.5,-5.8,0.07,0.09,0.04,0.03
6ZpOQK1OKdCybuOgMkdbUh,Beba,italian hip hop,202847,49,0.58,0.66,108.25,0.33,-7.72,0.45,0.12,0.14,0.0
4PVn1b2WnnXdq80C7uaZLZ,Nause,"edm,pop dance,progressive electro house,swedish pop",195741,49,0.81,0.8,105.06,0.69,-6.0,0.08,0.07,0.05,0.0
0JnDkp29FlLpGwsnub400t,Kamufle,"turkish hip hop,turkish trap pop",132845,49,0.64,0.68,129.8,0.3,-7.96,0.15,0.09,0.41,0.0
3QKeYTHlgDrec7FDej6XiN,Aga B,turkish hip hop,112480,49,0.64,0.68,129.8,0.3,-7.96,0.15,0.09,0.41,0.0
6xvpfMjWTougrRRtK7iikz,Mason Ramsey,"contemporary country,country",104014,49,0.71,0.66,147.93,0.62,-4.3,0.13,0.09,0.38,0.0
3zrUX1hQrUB9aXcOiyQLmN,Stanaj,,60000,49,0.75,0.63,104.05,0.34,-7.97,0.23,0.22,0.22,0.0
0MHgLfmQdutffmvWe5XBTN,Burl Ives,"adult standards,american folk revival",59588,49,0.68,0.32,146.56,0.85,-12.91,0.03,0.14,0.62,0.0
16Nc36xAtNyQ7BMBcDsaLv,Likybo,cali rap,39806,49,0.69,0.7,94.98,0.37,-9.48,0.24,0.12,0.31,0.0
79QO0Xmn1dZhvaLicS2Yrs,The Night Game,"hopebeat,indie poptimism,modern alternative rock",34015,49,0.5,0.67,121.87,0.3,-4.5,0.03,0.21,0.4,0.0
6T70tWxqyIpdVbsFvPzqM3,La La Land Cast,,11205,49,0.58,0.75,125.8,0.79,-6.69,0.06,0.65,0.02,0.0
09OSlbN2DUUOG9cbRWdWuT,Mansa,,8250,49,0.71,0.56,88.03,0.26,-10.33,0.12,0.21,0.05,0.0
6Y20PijIkUoCtuvtkz37dO,Austyn Johnson,show tunes,4240,49,0.25,0.14,74.37,0.1,-17.07,0.04,0.27,0.73,0.0
2UyyBkpzN5w3hzZBZGvRZb,Sosa Geek,brooklyn drill,3825,49,0.54,0.77,106.87,0.73,-3.39,0.34,0.16,0.42,0.0
1kwi1Q7X4jPTkHTgayxKhS,Alonestar,,3119,49,0.79,0.86,122.01,0.63,-4.94,0.04,0.23,0.04,0.0
34SBu2kvAUh84umN8Pi0iI,Hight,uk dance,2135,49,0.76,0.72,121.99,0.81,-5.32,0.04,0.33,0.0,0.0
2V0DROfM2ieFSOcA3SHJLD,Judah,,997,49,0.77,0.56,90.02,0.54,-7.42,0.05,0.07,0.12,0.0
0nFUCMGlkx1lMZnHL6ArVJ,Cameron Seely,movie tunes,568,49,0.25,0.14,74.37,0.1,-17.07,0.04,0.27,0.73,0.0
7f35VZGDpomj11PXdNn5D9,Max B,trap,164497,48,0.52,0.79,121.19,0.52,-5.38,0.22,0.4,0.02,0.0
0XNvr6bnNywV946ZKaJtr0,Joakim Lundell,swedish pop,128283,48,0.7,0.83,94.99,0.47,-4.87,0.35,0.11,0.49,0.0
7blkMNJv8n9ceP9zlA4W2U,Shawn Hook,canadian pop,60093,48,0.6,0.55,132.86,0.26,-4.86,0.04,0.11,0.12,0.0
6kYViCeiqcUZXgPVdCIKBi,Flyboy Tarantino,,54753,48,0.84,0.56,130.03,0.48,-6.12,0.28,0.1,0.29,0.0
4Mt1ci7cKg2DpDS5kJ5mHS,Animus,"deep german hip hop,german hip hop",52353,48,0.44,0.89,84.04,0.69,-5.54,0.32,0.04,0.04,0.0
5YP7LI1ddSh4JFYe03h7ue,Mert Şenel,turkish trap pop,52333,48,0.64,0.68,129.8,0.3,-7.96,0.15,0.09,0.41,0.0
3gbaHBYDy62irTs0ZsHNmi,Wiktoria,"europop,eurovision,swedish pop",43655,48,0.7,0.78,120.0,0.76,-5.89,0.06,0.33,0.11,0.0
3EWxytcxaM0tksU6v3je2Q,kiLL edward,,36436,48,0.72,0.6,93.72,0.42,-7.94,0.4,0.24,0.14,0.0
0v2oB2xMS64U3lcU5DFuCY,Peven Everett,"broken beat,deep house,indie jazz,neo soul,soulful house",19529,48,0.64,0.86,105.11,0.5,-4.91,0.09,0.14,0.04,0.0
0q4NrXqJnc367PieejuROJ,Vice,chicano rap,19427,48,0.76,0.62,103.48,0.59,-6.8,0.06,0.16,0.08,0.0
1OY65G9NJJHsSt1lGLZU6q,NiiHWA,,8437,48,0.68,0.64,119.93,0.35,-7.11,0.05,0.12,0.09,0.0
5oOyEfGd8NxAKA41zGQhoj,Snova,,5272,48,0.68,0.72,92.05,0.51,-5.5,0.08,0.7,0.02,0.0
18AOdS1Qw4XXnQSiPJQr1B,Mack Maine,,4163,48,0.86,0.57,90.99,0.88,-5.11,0.24,0.19,0.02,0.0
5Gejwv3xz2DpLcxVpMD6hL,Thurl Ravenscroft,movie tunes,3428,48,0.48,0.48,89.2,0.44,-10.9,0.28,0.13,0.95,0.0
0tvACMjTDrW7HCo4F2wiIb,DJ RD,,2880,48,0.69,0.72,140.84,0.83,-5.08,0.29,0.12,0.19,0.0
4okiIReqptfBJ5UULmWycZ,Barloe Team,,1892,48,0.84,0.7,94.21,0.5,-4.18,0.23,0.14,0.56,0.0
0HS96tPggl2nwiz3gNWWI5,Mitchell Ayres & His Orchestra,,444,48,0.72,0.28,112.87,0.72,-12.25,0.06,0.12,0.76,0.0
7KNe21hAKV93GU7joDCs7e,Tahribad-ı İsyan,turkish hip hop,159570,47,0.64,0.68,129.8,0.3,-7.96,0.15,0.09,0.41,0.0
3OpnoUqoRIHWbsFs4Nw0NQ,Nat King Cole Trio,"adult standards,lounge,swing,vocal jazz",119905,47,0.75,0.09,130.57,0.5,-16.76,0.07,0.09,0.97,0.0
5JbALDn35ZrLwVAle4xVqZ,Luca Hänni,german pop,81661,47,0.67,0.76,97.06,0.47,-5.89,0.05,0.08,0.05,0.0
5Tz4zMiRWqiQVAymWZz99a,Zebra Katz,"escape room,lgbtq+ hip hop,shimmer pop,vogue",54740,47,0.45,0.65,86.02,0.7,-6.77,0.3,0.35,0.18,0.0
5JUYSPkis2Mk6HUbmMqk1m,Sean Ono Lennon,beatlesque,53758,47,0.28,0.64,92.04,0.2,-4.89,0.05,0.37,0.06,0.0
78DWNk8gFHU30TGITAgbM7,CMC$,vapor twitch,38378,47,0.71,0.73,108.99,0.5,-6.43,0.15,0.24,0.09,0.0
5FxshnB3eJ2YDn8xN8zDKq,Hannah Kerr,"anthem worship,ccm,christian pop",31904,47,0.68,0.41,124.89,0.47,-7.97,0.03,0.14,0.8,0.0
1vIuPjtFhqIPE2n9W2ePgO,Noonie Bao,swedish indie pop,12688,47,0.53,0.52,134.24,0.22,-8.32,0.06,0.08,0.23,0.0
6mctsJBrfcWvWH7S8h716D,Moelogo,"afro dancehall,nigerian pop",6943,47,0.7,0.77,100.02,0.23,-5.71,0.04,0.11,0.12,0.0
3kgQWNZNpp8d8JQZhuKbPP,Topo La Maskara,dominican pop,5825,47,0.84,0.95,138.0,0.63,-3.66,0.12,0.12,0.34,0.0
5obQFNrkFoWB51hm1JTHMw,Jamie Principle,"chicago house,classic house,hip house",4756,47,0.68,0.63,104.13,0.72,-10.34,0.09,0.21,0.02,0.0
2tYwhzzfvvDr29BbBFcHhB,Arthur Hanlon,,4213,47,0.53,0.49,107.91,0.26,-5.27,0.05,0.12,0.95,0.0
1A8aoDrchH5aefQYBCfpLv,Gabriela,,1911,47,0.78,0.76,158.09,0.68,-8.22,0.09,0.09,0.22,0.0
1WjexdTcXHgvlVIPCE8D1Q,Denaun,,228,47,0.46,0.97,183.59,0.36,-2.11,0.38,0.11,0.14,0.0
3a5ydeAaojKa3CHWe5PVWK,MC MM,"funk carioca,funk consciente,funk ostentacao,funk paulista",845320,46,0.67,0.76,150.22,0.93,-6.85,0.19,0.15,0.11,0.0
05fo024EFotg9songSENOZ,CocoRosie,"art pop,folktronica,freak folk,new weird america",316825,46,0.54,0.75,90.54,0.18,-7.4,0.29,0.11,0.23,0.0
5338fdSzGNOFD4cxAxDTeq,Aaron Carter,"dance pop,post-teen pop",241218,46,0.74,0.73,111.94,0.44,-6.82,0.04,0.08,0.13,0.0
14obHIpcXd2SsTyR9VBsLL,Server Uraz,"turkish hip hop,turkish trap,turkish trap pop",183315,46,0.64,0.68,129.8,0.3,-7.96,0.15,0.09,0.41,0.0
2JLqTvFXmC87BksiCsBezV,Matt Terry,talent show,123061,46,0.87,0.65,95.0,0.71,-4.38,0.08,0.34,0.22,0.0
14scxEoUN7Dcx1m4EQ7oHe,Ashley O,,58577,46,0.74,0.81,125.01,0.39,-6.35,0.09,0.05,0.08,0.0
3Bj81IbILbuj2uEwWXMdXI,Sosamann,"atl trap,houston rap,vapor trap",45375,46,0.78,0.44,118.09,0.22,-6.57,0.04,0.12,0.03,0.0
5ixB75BQR3ADoWQkcHQJTs,Gene Autry,"adult standards,cowboy western,oklahoma country,traditional country,yodeling",43344,46,0.83,0.37,96.63,0.98,-11.99,0.04,0.28,0.8,0.0
431Pb5EV8KsCBGTw96ZTQ4,Dj Kass,chilean hardcore,31591,46,0.91,0.79,120.93,0.54,-2.89,0.26,0.17,0.05,0.0
3elR9fj2COXgTJlJm7NtP7,YG,,22154,46,0.91,0.72,104.11,0.69,-4.83,0.28,0.11,0.04,0.0
6ac253D3NynjiNAjkkR2TJ,DJ Henrique da VK,funk 150 bpm,2345,46,0.86,0.56,99.86,0.54,-5.7,0.34,0.11,0.6,0.0
1r3tpVQ08jFAA2P4xzV5o4,Gaby Music,pop reggaeton,1161,46,0.78,0.73,91.99,0.85,-4.32,0.04,0.25,0.44,0.0
0JXiS2FrAg3wQYJHcmZdrc,B. Swanson Quartet,,375,46,0.6,0.32,143.1,0.84,-11.49,0.06,0.34,0.88,0.0
21yiGQIpkiP8edfxDipQaW,Jessica Rothe,,242,46,0.62,0.54,127.91,0.27,-9.15,0.19,0.22,0.09,0.0
13kKxNPnxPeeWQaAaZwvCP,Callie Hernandez,,193,46,0.62,0.54,127.91,0.27,-9.15,0.19,0.22,0.09,0.0
4FFGJ9ERSX06Sl8hD7GRVv,Sonoya Mizuno,,162,46,0.62,0.54,127.91,0.27,-9.15,0.19,0.22,0.09,0.0
2jx7HzLpdKkSZkvxqXZwTR,LEA,,72,46,0.48,0.75,179.06,0.42,-5.06,0.43,0.1,0.53,0.0
4RfOLIFy2xEmlWzXEVmLJn,Sjava,"afro soul,south african alternative,south african pop",342089,45,0.63,0.55,126.69,0.31,-6.76,0.33,0.16,0.28,0.0
09EYYUcfEDOvj3D5f45L99,MC Ingryd,funk 150 bpm,99787,45,0.86,0.56,99.86,0.54,-5.7,0.34,0.11,0.6,0.0
0GfYO21pue5u0sVEYk9HZO,Salvador Sobral,portuguese pop,99678,45,0.22,0.1,172.69,0.16,-17.77,0.04,0.26,0.85,0.0
08zaslX1yBxta9zqc2yoWJ,Yeis Sensura,"turkish hip hop,turkish trap pop",74518,45,0.64,0.68,129.8,0.3,-7.96,0.15,0.09,0.41,0.0
1svaANJTE5KrG16fTGDqOs,The Puppini Sisters,"easy listening,swing",56716,45,0.7,0.59,122.94,0.85,-5.91,0.06,0.2,0.63,0.0
7trxpXo6hVUnoB22sbCkEd,K$upreme,vapor trap,56330,45,0.94,0.42,130.0,0.12,-7.15,0.33,0.11,0.05,0.0
3m785bWzNnoLuIJP88DUN1,SAMY,"german hip hop,german underground rap",52638,45,0.55,0.74,97.54,0.5,-5.23,0.3,0.26,0.32,0.0
05o1zW8b6PV6rEquXr74sB,State of Sound,"deep tropical house,swedish tropical house,tropical house",42605,45,0.71,0.67,113.96,0.55,-6.98,0.03,0.08,0.11,0.0
391oLRVmoTkumiN79HkTWu,Darlene Love,brill building pop,39811,45,0.32,0.76,126.63,0.36,-7.15,0.05,0.08,0.4,0.0
7oNtf1MwhHcyXRsYXE1WsG,Aazar,"electro house,electronic trap",31724,45,0.58,0.79,150.06,0.27,-4.32,0.13,0.37,0.36,0.02
3k3gbUT7bF0jYmFmAKBQtU,Dan Reynolds,,24485,45,0.47,0.79,160.01,0.61,-5.24,0.19,0.19,0.01,0.0
35S20clEkkSNUo23ViaslZ,Band Aid,musical advocacy,20077,45,0.6,0.64,115.41,0.35,-6.94,0.04,0.1,0.16,0.0
1qskAseW7apRxJBpYAO9Yk,Felix Snow,,16882,45,0.87,0.5,82.53,0.67,-7.5,0.05,0.09,0.55,0.0
3hPPNy5OBzCU1icQO7Nrok,99 Percent,,16326,45,0.79,0.85,105.08,0.69,-4.25,0.05,0.18,0.07,0.0
2WOMBqEsllg2ICn7D2L8ta,Jehnny Beth,,15606,45,0.51,0.98,150.06,0.39,-2.39,0.15,0.19,0.23,0.0
6ctgu4FFlnNhMgrKiIzCxp,Jillian Edwards,"acoustic pop,indiecoustica",15527,45,0.63,0.88,105.0,0.44,-5.23,0.04,0.1,0.05,0.0
5G1ozOoTwFiVTKjYMj1HAJ,Big Lenbo,,9436,45,0.84,0.89,115.01,0.6,-4.16,0.14,0.11,0.12,0.0
3LtYMPncqtiugGwOuuLq3h,"Baddiel, Skinner & Lightning Seeds",,7477,45,0.55,0.7,126.31,0.65,-8.79,0.03,0.35,0.08,0.0
63f9vjw52BL5c3f5TSlg72,Beta Berk Bayındır,turkish hip hop,92000,44,0.64,0.68,129.8,0.3,-7.96,0.15,0.09,0.41,0.0
7nKeLE1toRtW4M279iS26h,Zay Hilfigerrr,,62470,44,0.81,0.89,160.52,0.78,-3.89,0.28,0.39,0.0,0.0
0Mh0QuhaJ6WIW0qrJwzMmt,BRADO,,60704,44,0.8,0.81,110.1,0.68,-5.58,0.25,0.1,0.33,0.0
0ECSmon1BUiFnB33X24eLI,Baby Goth,,49708,44,0.56,0.78,150.16,0.46,-5.38,0.45,0.12,0.11,0.0
0FTrIsp2Mg7Bkf8eXQrISa,PHresher,nyc rap,37952,44,0.89,0.75,132.06,0.38,-6.42,0.27,0.27,0.04,0.0
1CQLPgGkfHrxNMqrXt5oWS,Robin Bengtsson,"europop,eurovision,swedish idol pop,swedish pop",27654,44,0.73,0.67,109.01,0.46,-5.05,0.04,0.16,0.03,0.0
5AsWcQXw4RJFRWBbwa0ti0,Zayion McCall,,10011,44,0.81,0.89,160.52,0.78,-3.89,0.28,0.39,0.0,0.0
2ei3ToTz5SL3pVp17X0Vkd,John Lindahl,,8911,44,0.84,0.93,119.05,0.96,-3.6,0.07,0.38,0.58,0.0
1yFie7615gesdLbvVVpYU5,Zoe Nash,la pop,1864,44,0.66,0.8,125.88,0.31,-5.19,0.36,0.84,0.17,0.0
6e64nPdtxyICfh90RJukpg,Chicago Children's Choir,"american choir,children's choir",1738,44,0.53,0.54,131.92,0.4,-8.62,0.46,0.08,0.31,0.0
735L650pvygCZZlPMyHqsN,John Scott Trotter & His Orchestra,light music,261,44,0.32,0.16,130.5,0.25,-16.48,0.04,0.34,0.67,0.35
6tdM5Njlln7nWkonCppW0u,MC Loma e As Gêmeas Lacração,"brega funk,funk carioca",762515,43,0.85,0.9,164.97,0.96,-4.67,0.16,0.03,0.45,0.0
4UffC3o3JiLSg7pa5DpQbp,Mike Yung,pop soul,46819,43,0.53,0.64,105.0,0.2,-7.42,0.04,0.11,0.05,0.0
7rpf45DdbpweG51Acze45i,Kay Starr,"adult standards,big band,brill building pop,deep adult standards,easy listening,lounge,swing,torch song,vocal jazz",35520,43,0.71,0.31,70.62,0.78,-8.62,0.1,0.19,0.52,0.0
7pLntWGInZPQxc4kXxzzjB,Liz Gillies,,24883,43,0.75,0.78,95.99,0.78,-5.75,0.14,0.28,0.05,0.0
11LbPHLi2sCqOVjknt0jmW,John Lundvik,,22804,43,0.4,0.75,104.25,0.42,-4.16,0.07,0.07,0.2,0.0
6Z4puj0KYgtcxJrVXKmvBX,Sharaya J,"escape room,jersey club,new jersey rap",15257,43,0.68,0.54,123.75,0.46,-7.01,0.34,0.21,0.07,0.0
3LzHaN3Y3gT35BudaFqVyy,Kamferdrops,,14774,43,0.64,0.89,109.97,0.59,-4.59,0.15,0.21,0.46,0.0
3kv1Edgn5HlEWCuEKr1Y9x,Yugen Blakrok,"south african hip hop,spiritual hip hop",12462,43,0.71,0.78,127.93,0.85,-6.82,0.34,0.42,0.15,0.0
4bvWFV51SAEocM22uiDOza,Pretty Sister,la pop,12062,43,0.81,0.8,105.06,0.69,-6.0,0.08,0.07,0.05,0.0
7xoGvuN5XfZ3T4dZoJvMCr,Mirac,turkish hip hop,10558,43,0.64,0.68,129.8,0.3,-7.96,0.15,0.09,0.41,0.0
5TphiK6LsT4X5NOZxq3NJB,Trio Vegabajeño,"musica jibara,puerto rican folk",9342,43,0.76,0.52,118.67,0.96,-7.37,0.04,0.35,0.78,0.0
2kMDiFDvjMOoLfcZbLgA6s,MC M10,rave funk,5090,43,0.7,0.67,131.45,0.72,-3.31,0.4,0.09,0.26,0.0
4L1YBxxAxQx0HG8lgPcFcJ,Damian Lemar Hudson,,4137,43,0.61,0.87,140.03,0.34,-5.3,0.09,0.35,0.11,0.0
5am174Lmun3hIziU9H2p7H,Chris King,,558,43,0.82,0.51,110.01,0.55,-7.29,0.03,0.08,0.55,0.0
365Q4cNnnlsQErzPsUzyXY,HUMAN(X),,527,43,0.76,0.85,105.04,0.59,-4.29,0.05,0.39,0.02,0.0
7IziQIyiq8TGse0Mc1laYi,K4mo,,422,43,0.82,0.87,94.01,0.83,-3.86,0.22,0.09,0.15,0.0
69UfPJgUmFFAVT740qGVZi,Ken Darby Singers,,244,43,0.32,0.16,130.5,0.25,-16.48,0.04,0.34,0.67,0.35
3jfVtv9mWfW0c5b3Fx440e,Babes Wodumo,gqom,112769,42,0.78,0.76,125.06,0.64,-7.18,0.13,0.12,0.14,0.03
3cqIsBnzV3BabbPWKz8Txf,Mud,glam rock,64936,42,0.55,0.32,98.93,0.5,-13.51,0.03,0.12,0.81,0.0
7licaqhcEBQUzz9FownRaJ,Miquela,"ai,la pop",41283,42,0.53,0.4,99.71,0.57,-8.24,0.39,0.06,0.64,0.0
2l2o6ibYa7h1w4HwaS1uZV,Jay 305,west coast trap,16047,42,0.78,0.52,162.49,0.45,-7.42,0.41,0.32,0.14,0.0
1JfH8gevkDviqs50A5NO0L,Chuck D,"conscious hip hop,east coast hip hop,old school hip hop",14592,42,0.84,0.89,115.01,0.6,-4.16,0.14,0.11,0.12,0.0
1Ml4OuStDoympbREURAM15,The Fontane Sisters,"deep adult standards,vocal harmony group",10562,42,0.72,0.28,112.87,0.72,-12.25,0.06,0.12,0.76,0.0
2IZXxSIGhFtkHJyMh6UTln,Aiyana-Lee,,3920,42,0.72,0.58,183.93,0.49,-4.64,0.08,0.12,0.08,0.0
6bwVWdQfr6ttzrGLboVkjg,Paul Rosenberg,,3658,42,0.64,0.34,161.68,0.56,-13.33,0.97,0.34,0.99,0.0
6TTVdg5UOUHsyiYPHgxLaq,The WRLDFMS Tony Williams,psychedelic hip hop,3409,42,0.65,0.86,143.95,0.64,-4.45,0.27,0.26,0.15,0.0
6lBN3Tzt61u8i9AJoAhKzF,Mykola Dmytrovych Leontovych,"post-romantic era,ukrainian classical",2423,42,0.42,0.11,46.72,0.8,-22.51,0.04,0.18,0.99,0.03
66jpZDjMcxF3SfDfwK7GXe,Reginae Carter,,767,42,0.62,0.57,149.85,0.12,-5.66,0.14,0.25,0.03,0.0
09XH5qagU5qcWhYXcQYsjX,Jackpot Scotty Wotty,,236,42,0.72,0.81,90.99,0.76,-4.94,0.31,0.37,0.13,0.0
0AJUYWKztkg5dnrHDIBv47,MiC LOWRY,,45933,41,0.27,0.79,95.9,0.38,-6.64,0.07,0.06,0.02,0.0
6lUWb46h9Y8H8cqpW3i0pc,Rymez,,1617,41,0.83,0.68,100.07,0.56,-5.54,0.24,0.05,0.03,0.0
05kWC05qQmocVoC5Udgl6D,Supa Bwe,pop rap,28194,40,0.85,0.81,85.01,0.27,-3.62,0.29,0.15,0.03,0.0
3qMyym6ov558YgVuOOscEm,Blanche,eurovision,21493,40,0.61,0.45,129.95,0.14,-8.78,0.03,0.21,0.23,0.0
3c55dzx6W0ZFs0frtEgIsm,Sunstroke Project,"eurovision,moldovan pop",20338,40,0.83,0.81,110.1,0.64,-5.95,0.11,0.07,0.23,0.01
39uOfkRb9XnAEW9zs3JCbb,Big Rube,atl hip hop,1152,40,0.74,0.52,149.98,0.42,-7.74,0.16,0.11,0.38,0.0
6GX3y0u61X0EHZZogsQFbL,Mc Doguinha,,12397,39,0.87,0.62,140.04,0.89,-5.84,0.23,0.05,0.21,0.0
7dbKeVkihtOifdiu7f3rUg,Lou Monte,novelty,7118,39,0.81,0.47,113.24,0.96,-11.38,0.05,0.18,0.68,0.0
62FaS5AarFCrus8LxSVKKW,teddy<3,"la pop,transpop",6858,39,0.67,0.48,113.5,0.34,-5.34,0.03,0.09,0.2,0.0
31JFnMfmvwzZGdEnXaKGek,Herve Pagez,musique guadeloupe,4826,39,0.82,0.82,109.99,0.51,-4.46,0.05,0.1,0.06,0.01
7JngWflkjFnNJSz07XLV2w,Emani 22,,4684,39,0.51,0.71,147.85,0.32,-4.91,0.07,0.44,0.0,0.0
0DO5d7KMv6Gn1mIbDhlyUf,Nechie,,4395,39,0.88,0.63,150.01,0.38,-8.93,0.27,0.1,0.03,0.01
1iBGuNBYRKnNdKxm0kKNM0,Young Sinatra,,2732,39,0.83,0.64,95.96,0.43,-6.41,0.09,0.09,0.26,0.0
6sge2FzdYxWSjWc5sBjmoy,Arrhult,scandipop,1902,39,0.7,0.83,94.99,0.47,-4.87,0.35,0.11,0.49,0.0
1jP5486DmekkkTzam51qk7,"MC Kevinho, MC Kekel",,1129,39,0.81,0.75,165.06,0.8,-3.73,0.11,0.24,0.25,0.0
5D9NYfOaGxFKCalJIeia1N,Atlantic Holiday,,562,39,0.44,0.8,178.14,0.7,-5.06,0.11,0.09,0.02,0.0
1WdM0BAEXN9RpUdPOzEZdx,Twice As Nice,,384,39,0.64,0.54,95.06,0.41,-6.31,0.04,0.32,0.08,0.0
2kuTXO1yl1horIqmc9JQnI,Quan'ta,,344,39,0.82,0.51,110.01,0.55,-7.29,0.03,0.08,0.55,0.0
6FB9Zw1TSMrw3LIzIvlNGG,Nathaniel Alford,,48,39,0.64,0.54,95.06,0.41,-6.31,0.04,0.32,0.08,0.0
1lEXbUjKjHQ7uc9jFfEViJ,TGT,pop r&b,111158,38,0.69,0.5,81.17,0.24,-9.81,0.24,0.61,0.08,0.0
7823Dim2TzjiQQ9wRQxyi9,Wizzard,"classic uk pop,glam rock",31211,38,0.38,0.91,139.96,0.53,-6.43,0.05,0.44,0.0,0.0
3nohf4qILMr5aUSOsolwxB,Jona Lewie,new wave pop,7092,38,0.69,0.5,97.58,0.75,-4.71,0.03,0.06,0.43,0.0
1MHslxKWxauC559dXYEX1C,DJ Durel,,5496,38,0.92,0.63,92.01,0.4,-6.98,0.28,0.38,0.02,0.0
2DzbXUAn0DiYqcgu2wDfaf,Coely,belgian hip hop,21994,37,0.67,0.81,113.9,0.83,-4.68,0.06,0.06,0.07,0.0
48Z0MG7G6UQeWYibHpXgQe,Nano,,13039,37,0.43,0.88,160.15,0.39,-3.1,0.05,0.16,0.03,0.0
3cWGilyM7pw2Q1bGbTXuBr,TrifeDrew,,3963,37,0.72,0.63,90.98,0.59,-7.19,0.07,0.1,0.08,0.0
3OBsADexDJ29wg3OGVoAji,Zoink Gang,,915,37,0.51,0.7,174.26,0.3,-6.1,0.51,0.27,0.39,0.0
0n9VWli2NkR8OqJS4dXTqw,MC Pupio,,161,37,0.87,0.62,140.04,0.89,-5.84,0.23,0.05,0.21,0.0
5zLbjnuArhVlVklkT5GoQD,Nel-Denarro,,91,37,0.66,0.76,156.08,0.42,-3.45,0.05,0.15,0.17,0.0
0ffoIkovMbaG01Y6U2jyAS,Andrew Andraos,,13124,36,0.18,0.26,69.3,0.2,-8.18,0.04,0.13,0.92,0.0
4GCwfakdZdo3KkBNtzU5vn,MIMI,,1308,36,0.67,0.5,105.99,0.68,-7.46,0.08,0.34,0.07,0.0
09BrKhoBYOu5vHVkBZ5U5X,The Flint Chozen Choir,,154,36,0.37,0.64,83.34,0.17,-7.98,0.1,0.29,0.27,0.0
71sg3tAkpnG5jjfNWFX8zo,Reddz,,323,35,0.73,0.42,129.79,0.06,-11.9,0.25,0.38,0.57,0.0
2apYMRrg5FxN4go0pfsCvf,Melanie Thornton,,7331,34,0.58,0.68,149.96,0.52,-5.48,0.03,0.26,0.11,0.0
52G7KZspBD4cCmuRDYRAtx,Henri Rene & His Orchestra,,220,34,0.7,0.14,84.48,0.49,-12.35,0.06,0.18,0.9,0.0
3VrWSWV74xyECVDt2zBy4T,The Commanders,,860,33,0.56,0.42,149.24,0.71,-11.18,0.1,0.24,0.66,0.0
1v3r802Az10JtIzSPawWzw,Neil deGrasse Tyson,,6245,32,0.53,0.8,104.03,0.34,-7.02,0.15,0.09,0.15,0.0
5MK52mNnvZEOzK42XetZlp,No I.D,,1105,32,0.84,0.89,115.01,0.6,-4.16,0.14,0.11,0.12,0.0
6VuyrmclG2XOdkqz0AeGcs,Rick Live,,9738,29,0.79,0.86,122.01,0.63,-4.94,0.04,0.23,0.04,0.0
20twLKFb2Nhd8duUH0k2DJ,Jake Gosling,,880,29,0.66,0.62,180.18,0.65,-5.36,0.16,0.1,0.01,0.0
0yWuhITiYSrjzBrgT4NKsb,Forever Band,,180,29,0.85,0.81,85.01,0.27,-3.62,0.29,0.15,0.03,0.0
6KfzyefHYuqfWaI5taICaN,Band Aid 30,musical advocacy,3406,28,0.63,0.54,112.0,0.26,-7.62,0.03,0.12,0.35,0.0
5XnIjshjqYVE2eDVgSt9Ro,Mel & Kim,,296,28,0.58,0.59,144.15,0.66,-10.8,0.11,0.21,0.65,0.0
3Ll0OyHvpoQmGP9TMQAhKV,The RattPack,,708,27,0.6,0.75,159.41,0.57,-7.12,0.27,0.4,0.17,0.0
61ITlib6wNBWOiQxsk1l2J,Thalia,,11057,24,0.66,0.57,126.0,0.8,-6.52,0.04,0.2,0.6,0.0
4ohRzp7ZzPQi3PzCiBrDAm,Porky Slim,,5873,24,0.59,0.31,109.9,0.04,-12.74,0.04,0.15,0.11,0.09
3tEWysDnxoUDsBi1rUruzj,Esprit Ange Andraos,,4,19,0.18,0.26,69.3,0.2,-8.18,0.04,0.13,0.92,0.0
6TOKWuw816UU34AE4MCZqr,Beltito,,760,18,0.86,0.67,164.06,0.95,-5.95,0.28,0.06,0.11,0.0
34nVLWMJTjaMh2aSMOQHei,King Pharaoh,,4296,16,0.69,0.5,81.17,0.24,-9.81,0.24,0.61,0.08,0.0
2cFCoDyEaPrw8QVnrDlPKU,Stan Kenton,,443,3,0.53,0.21,93.24,0.19,-12.72,0.02,0.13,0.46,0.0
