County,Year,Total,Felony Total,Drug Felony,Violent Felony,DWI Felony,Other Felony,Misdemeanor Total,Drug Misd,DWI Misd,Property Misd,Other Misd
Albany,2018,7115,2547,524,527,137,1359,4568,843,807,1536,1382
Allegany,2018,827,256,46,66,32,112,571,49,121,123,278
Bronx,2018,47420,15736,3121,6009,141,6465,31684,6177,954,7786,16767
Broome,2018,5076,1424,271,313,71,769,3652,782,422,1271,1177
Cattaraugus,2018,1688,559,174,88,58,239,1129,149,267,333,380
Cayuga,2018,1304,361,40,81,25,215,943,82,166,320,375
Chautauqua,2018,3433,1021,159,202,71,589,2412,481,409,663,859
Chemung,2018,2027,548,121,133,47,247,1479,297,231,496,455
Chenango,2018,885,271,64,52,25,130,614,78,120,188,228
Clinton,2018,1877,649,132,123,57,337,1228,147,321,356,404
Columbia,2018,1381,365,83,60,37,185,1016,288,201,236,291
Cortland,2018,1239,355,60,59,19,217,884,184,155,281,264
Delaware,2018,893,259,60,39,22,138,634,100,112,156,266
Dutchess,2018,4475,1335,229,245,126,735,3140,619,865,686,970
Erie,2018,21005,7022,1239,1934,329,3520,13983,3101,1735,4386,4761
Essex,2018,702,197,24,32,28,113,505,97,165,88,155
Franklin,2018,1169,415,109,59,23,224,754,93,167,182,312
Fulton,2018,1210,379,74,66,32,207,831,124,167,219,321
Genesee,2018,1240,380,28,72,56,224,860,90,241,242,287
Greene,2018,1418,426,121,50,64,191,992,240,303,190,259
Hamilton,2018,55,20,3,4,1,12,35,5,5,9,16
Herkimer,2018,1044,250,19,54,34,143,794,107,198,215,274
Jefferson,2018,2201,616,140,114,55,307,1585,126,343,561,555
Kings,2018,56602,24354,3324,7801,212,13017,32248,6835,1282,9759,14372
Lewis,2018,350,107,21,23,7,56,243,11,71,61,100
Livingston,2018,1139,359,68,50,46,195,780,173,209,147,251
Madison,2018,1302,382,76,68,32,206,920,124,162,320,314
Monroe,2018,14165,4580,617,1116,403,2444,9585,792,1645,3719,3429
Montgomery,2018,1134,337,51,57,26,203,797,111,126,233,327
Nassau,2018,17417,4874,1001,1136,298,2439,12543,5358,1822,2354,3009
New York,2018,51889,17826,2354,4341,102,11029,34063,6045,1222,14412,12384
Niagara,2018,4590,1479,190,347,85,857,3111,442,551,961,1157
Oneida,2018,5136,1247,186,252,80,729,3889,554,332,1595,1408
Onondaga,2018,10709,3559,544,891,182,1942,7150,1367,1105,2494,2184
Ontario,2018,1930,623,137,86,65,335,1307,181,287,433,406
Orange,2018,8969,2545,709,479,215,1142,6424,1510,1209,1886,1819
Orleans,2018,821,263,41,47,19,156,558,41,102,182,233
Oswego,2018,2888,743,80,123,65,475,2145,289,325,877,654
Otsego,2018,1082,307,72,58,26,151,775,96,157,238,284
Putnam,2018,1309,316,97,63,35,121,993,255,382,106,250
Queens,2018,40893,16209,1918,5302,245,8744,24684,3096,1475,7785,12328
Rensselaer,2018,3239,1148,180,248,76,644,2091,279,368,733,711
Richmond,2018,8752,3237,528,866,69,1774,5515,1213,618,1495,2189
Rockland,2018,3432,1013,111,257,75,570,2419,384,548,670,817
Saratoga,2018,4036,1071,179,173,127,592,2965,500,747,783,935
Schenectady,2018,3936,1327,234,258,53,782,2609,268,247,959,1135
Schoharie,2018,399,102,5,18,15,64,297,27,62,90,118
Schuyler,2018,315,100,21,15,22,42,215,29,75,49,62
Seneca,2018,685,227,40,29,40,118,458,44,87,138,189
Steuben,2018,2073,762,221,130,66,345,1311,233,289,334,455
St. Lawrence,2018,2186,664,146,134,39,345,1522,263,263,453,543
Suffolk,2018,20386,5012,912,929,408,2763,15374,4480,2513,3966,4415
Sullivan,2018,1970,608,93,120,37,358,1362,391,254,370,347
Tioga,2018,704,214,47,34,25,108,490,110,96,95,189
Tompkins,2018,1258,322,48,81,30,163,936,131,157,376,272
Ulster,2018,4071,1128,223,157,128,620,2943,657,648,700,938
Unknown-NonNYS,2018,86,64,9,22,0,33,22,4,1,9,8
Warren,2018,1793,466,81,67,41,277,1327,223,292,420,392
Washington,2018,1277,397,50,56,46,245,880,199,206,160,315
Wayne,2018,1524,410,44,49,62,255,1114,117,191,410,396
Westchester,2018,13212,4017,731,957,212,2117,9195,2135,1536,2022,3502
Wyoming,2018,815,291,51,56,41,143,524,69,211,78,166
Yates,2018,317,106,16,12,18,60,211,27,55,38,91
Albany,2017,8006,2851,647,573,174,1457,5155,922,983,1739,1511
Allegany,2017,798,215,42,42,29,102,583,59,154,141,229
Bronx,2017,54319,17279,3838,6365,136,6940,37040,8652,981,10828,16579
Broome,2017,5586,1473,263,346,66,798,4113,980,373,1447,1313
Cattaraugus,2017,1689,509,115,69,60,265,1180,131,316,318,415
Cayuga,2017,1273,407,53,58,37,259,866,57,168,289,352
Chautauqua,2017,3593,1062,260,214,73,515,2531,452,482,720,877
Chemung,2017,2014,523,103,107,53,260,1491,254,215,589,433
Chenango,2017,783,241,65,44,14,118,542,59,83,190,210
Clinton,2017,1939,653,103,105,66,379,1286,140,318,409,419
Columbia,2017,1247,320,76,53,28,163,927,225,191,202,309
Cortland,2017,1385,399,88,54,34,223,986,170,135,386,295
Delaware,2017,929,268,70,37,31,130,661,102,107,164,288
Dutchess,2017,5252,1536,269,265,132,870,3716,696,1005,945,1070
Erie,2017,20965,6533,1034,1811,317,3371,14432,3065,1929,4609,4829
Essex,2017,689,199,37,33,23,106,490,65,123,133,169
Franklin,2017,1245,408,97,65,31,215,837,102,157,236,342
Fulton,2017,1110,396,49,54,29,264,714,79,142,213,280
Genesee,2017,1230,418,62,91,38,227,812,108,210,245,249
Greene,2017,1394,373,94,53,43,183,1021,209,326,211,275
Hamilton,2017,51,20,1,7,5,7,31,7,10,2,12
Herkimer,2017,1116,289,23,64,35,167,827,78,153,255,341
Jefferson,2017,2378,676,128,97,71,380,1702,155,320,608,619
Kings,2017,65952,25104,3803,7839,290,13172,40848,10673,1457,13778,14940
Lewis,2017,351,131,53,16,12,50,220,22,57,57,84
Livingston,2017,1295,354,51,43,56,204,941,172,205,228,336
Madison,2017,1144,289,36,54,17,182,855,100,127,291,337
Monroe,2017,15130,4872,636,1190,413,2633,10258,910,1738,4030,3580
Montgomery,2017,1193,358,64,56,28,210,835,117,120,270,328
Nassau,2017,17719,5475,1097,1257,278,2843,12244,4702,1881,2483,3178
New York,2017,64121,17911,3198,4349,100,10264,46210,10753,1346,21023,13088
Niagara,2017,5146,1543,240,371,79,853,3603,479,610,1149,1365
Oneida,2017,5629,1459,328,314,57,760,4170,647,502,1488,1533
Onondaga,2017,10865,3572,513,923,189,1947,7293,1501,1073,2665,2054
Ontario,2017,1927,591,99,91,79,322,1336,158,295,463,420
Orange,2017,9566,2497,595,533,210,1159,7069,1722,1188,2054,2105
Orleans,2017,972,314,54,48,27,185,658,58,149,189,262
Oswego,2017,2597,757,84,181,52,440,1840,189,356,646,649
Otsego,2017,1071,308,45,73,26,164,763,92,180,240,251
Putnam,2017,1446,340,111,47,66,116,1106,307,413,118,268
Queens,2017,45157,16329,1861,5266,274,8928,28828,5578,1716,8547,12987
Rensselaer,2017,3431,1148,203,238,66,641,2283,353,406,695,829
Richmond,2017,9515,3401,641,868,80,1812,6114,1518,638,1656,2302
Rockland,2017,3634,1032,126,277,82,547,2602,395,608,711,888
Saratoga,2017,4276,1141,133,211,138,659,3135,467,894,839,935
Schenectady,2017,3902,1347,290,245,50,762,2555,227,258,988,1082
Schoharie,2017,461,113,11,27,15,60,348,30,55,96,167
Schuyler,2017,278,89,24,12,14,39,189,23,62,51,53
Seneca,2017,779,240,32,39,28,141,539,53,112,199,175
Steuben,2017,1933,665,149,127,58,331,1268,192,258,350,468
St. Lawrence,2017,2226,712,146,113,39,414,1514,278,275,445,516
Suffolk,2017,21252,5194,908,946,512,2828,16058,4544,2776,4103,4635
Sullivan,2017,1990,543,78,110,64,291,1447,338,325,342,442
Tioga,2017,763,226,34,38,25,129,537,110,112,113,202
Tompkins,2017,1347,312,45,71,29,167,1035,99,178,449,309
Ulster,2017,4453,1142,232,144,121,645,3311,683,724,806,1098
Unknown-NonNYS,2017,96,76,9,20,1,46,20,3,1,7,9
Warren,2017,1848,514,86,101,32,295,1334,191,261,474,408
Washington,2017,1253,373,45,54,48,226,880,155,199,180,346
Wayne,2017,1628,497,44,105,68,280,1131,118,224,304,485
Westchester,2017,13363,3981,615,1066,228,2072,9382,1776,1548,2428,3630
Wyoming,2017,808,269,43,54,38,134,539,71,180,88,200
Yates,2017,302,89,20,9,9,51,213,32,60,36,85
Albany,2016,8131,2979,635,571,161,1612,5152,735,1075,1821,1521
Allegany,2016,951,301,45,53,36,167,650,51,190,139,270
Bronx,2016,60258,18371,4543,6691,132,7005,41887,9678,1071,13630,17508
Broome,2016,5500,1701,243,425,84,949,3799,784,344,1371,1300
Cattaraugus,2016,1593,455,111,77,64,203,1138,78,296,395,369
Cayuga,2016,1374,431,51,104,38,238,943,77,173,316,377
Chautauqua,2016,3482,976,203,171,83,519,2506,337,514,752,903
Chemung,2016,2115,473,88,103,51,231,1642,235,233,724,450
Chenango,2016,847,244,41,55,12,136,603,55,97,240,211
Clinton,2016,1963,523,108,79,47,289,1440,178,386,450,426
Columbia,2016,1090,282,33,62,37,150,808,158,155,212,283
Cortland,2016,1349,421,98,78,38,207,928,123,131,352,322
Delaware,2016,979,340,94,52,20,174,639,86,144,132,277
Dutchess,2016,5099,1527,239,260,182,846,3572,570,958,1015,1029
Erie,2016,22612,6857,1016,2055,309,3477,15755,3169,1965,5294,5327
Essex,2016,720,209,40,31,22,116,511,62,148,97,204
Franklin,2016,1217,367,102,49,31,185,850,83,167,258,342
Fulton,2016,1106,359,54,71,31,203,747,58,155,241,293
Genesee,2016,1316,437,58,67,33,279,879,100,189,297,293
Greene,2016,1264,331,64,51,38,178,933,165,276,183,309
Hamilton,2016,66,13,1,4,0,8,53,8,24,6,15
Herkimer,2016,1104,239,15,34,37,153,865,59,156,339,311
Jefferson,2016,2518,640,130,113,54,343,1878,147,374,634,723
Kings,2016,70951,26480,3604,8454,305,14117,44471,10065,1531,16776,16099
Lewis,2016,410,138,37,13,23,65,272,28,80,66,98
Livingston,2016,1352,399,73,45,54,227,953,190,217,216,330
Madison,2016,1222,323,44,52,27,200,899,104,146,299,350
Monroe,2016,14909,4627,568,1196,424,2439,10282,879,1879,4098,3426
Montgomery,2016,1229,327,61,57,32,177,902,100,153,315,334
Nassau,2016,17875,5593,1132,1223,289,2949,12282,3955,2012,2957,3358
New York,2016,72859,20211,3980,4636,112,11483,52648,12331,1419,24185,14713
Niagara,2016,5308,1543,201,432,95,815,3765,500,606,1290,1369
Oneida,2016,5478,1303,311,290,57,645,4175,538,560,1580,1497
Onondaga,2016,11049,3711,581,941,206,1983,7338,1251,1134,2801,2152
Ontario,2016,1949,596,67,99,77,353,1353,107,312,502,432
Orange,2016,9185,2417,523,517,178,1199,6768,1559,1096,2054,2059
Orleans,2016,854,259,52,33,23,151,595,46,118,203,228
Oswego,2016,2779,787,122,167,57,441,1992,215,367,757,653
Otsego,2016,1143,339,67,52,37,183,804,103,184,241,276
Putnam,2016,1397,314,82,45,41,146,1083,232,446,140,265
Queens,2016,50599,18358,1930,5305,327,10796,32241,5616,1839,10364,14422
Rensselaer,2016,3449,1092,167,235,58,632,2357,331,449,704,873
Richmond,2016,10665,3747,733,970,71,1973,6918,1836,644,1936,2502
Rockland,2016,3594,1075,113,269,79,614,2519,350,597,727,845
Saratoga,2016,3784,992,177,179,127,509,2792,395,825,745,827
Schenectady,2016,4237,1381,296,327,54,704,2856,252,262,1118,1224
Schoharie,2016,577,151,8,42,21,80,426,30,93,115,188
Schuyler,2016,333,116,36,12,13,55,217,19,64,73,61
Seneca,2016,823,280,58,37,41,144,543,58,123,169,193
Steuben,2016,2025,667,126,115,83,343,1358,141,301,379,537
St. Lawrence,2016,2351,645,88,148,56,353,1706,228,301,605,572
Suffolk,2016,20721,5033,792,1025,488,2728,15688,3952,3100,4314,4322
Sullivan,2016,1835,521,74,124,61,262,1314,256,254,369,435
Tioga,2016,718,203,21,51,27,104,515,65,120,114,216
Tompkins,2016,1554,389,68,89,41,191,1165,145,263,410,347
Ulster,2016,4283,1111,212,209,113,577,3172,577,716,759,1120
Unknown-NonNYS,2016,108,80,17,28,2,33,28,3,3,14,8
Warren,2016,1824,471,85,79,40,267,1353,140,246,574,393
Washington,2016,1216,283,54,61,22,146,933,132,204,170,427
Wayne,2016,1548,416,43,65,50,258,1132,97,239,359,437
Westchester,2016,13766,4342,782,1115,224,2221,9424,1686,1732,2553,3453
Wyoming,2016,665,261,60,55,19,127,404,44,90,86,184
Yates,2016,342,105,38,13,11,43,237,20,56,52,109
Albany,2015,7886,2725,520,578,161,1466,5161,721,1174,1732,1534
Allegany,2015,819,221,34,42,38,107,598,44,137,165,252
Bronx,2015,64096,17402,4416,6406,156,6424,46694,11609,921,15892,18272
Broome,2015,5238,1597,217,415,90,875,3641,577,338,1570,1156
Cattaraugus,2015,1606,458,105,92,47,214,1148,80,278,354,436
Cayuga,2015,1401,449,68,64,28,289,952,88,194,337,333
Chautauqua,2015,3452,945,183,205,90,467,2507,252,504,819,932
Chemung,2015,2023,510,96,88,55,271,1513,211,216,585,501
Chenango,2015,817,254,52,39,18,145,563,60,105,191,207
Clinton,2015,2012,527,113,86,53,275,1485,131,352,560,442
Columbia,2015,1155,282,45,49,38,150,873,144,153,258,318
Cortland,2015,1387,384,62,71,32,219,1003,123,149,350,381
Delaware,2015,926,229,33,41,28,127,697,64,145,203,285
Dutchess,2015,4910,1472,184,323,160,805,3438,461,915,1032,1030
Erie,2015,23199,6837,886,2093,364,3494,16362,3479,1980,5207,5696
Essex,2015,635,193,36,27,19,111,442,46,133,86,177
Franklin,2015,1165,336,57,52,40,187,829,50,194,253,332
Fulton,2015,1268,395,43,69,41,242,873,61,186,297,329
Genesee,2015,1476,421,49,81,42,249,1055,118,213,352,372
Greene,2015,1296,352,76,47,44,185,944,146,316,210,272
Hamilton,2015,67,15,2,3,2,8,52,3,19,11,19
Herkimer,2015,1234,317,39,50,43,185,917,77,192,307,341
Jefferson,2015,2597,630,112,102,45,371,1967,119,345,843,660
Kings,2015,73058,25505,3980,8249,236,13040,47553,11015,1557,18130,16851
Lewis,2015,334,107,24,24,14,45,227,19,51,61,96
Livingston,2015,1337,415,61,69,52,233,922,162,229,217,314
Madison,2015,1219,332,46,57,37,192,887,80,172,289,346
Monroe,2015,15372,4619,541,1220,431,2427,10753,803,1900,4451,3599
Montgomery,2015,1192,331,56,64,28,183,861,73,125,345,318
Nassau,2015,16648,5183,817,1301,291,2774,11465,2927,2102,3187,3249
New York,2015,71697,18455,3997,4264,103,10091,53242,11515,1529,25928,14270
Niagara,2015,5061,1497,223,409,107,758,3564,359,613,1205,1387
Oneida,2015,5444,1262,269,260,85,648,4182,466,510,1765,1441
Onondaga,2015,10950,3668,576,962,172,1958,7282,1171,958,2936,2217
Ontario,2015,1973,607,76,111,81,339,1366,111,364,447,444
Orange,2015,8993,2449,516,519,235,1179,6544,1350,1117,2098,1979
Orleans,2015,756,259,40,44,20,155,497,45,102,155,195
Oswego,2015,2873,846,158,196,55,437,2027,199,372,757,699
Otsego,2015,1201,331,55,56,37,183,870,90,206,297,277
Putnam,2015,1169,276,68,47,42,119,893,185,342,122,244
Queens,2015,54132,18921,2251,5668,268,10734,35211,6145,1957,12005,15104
Rensselaer,2015,3454,1117,148,238,68,663,2337,260,454,746,877
Richmond,2015,9798,3388,714,1041,76,1557,6410,1567,546,1820,2477
Rockland,2015,3950,1221,154,293,99,675,2729,390,712,748,879
Saratoga,2015,3879,956,128,151,119,558,2923,316,715,939,953
Schenectady,2015,4317,1407,297,313,50,747,2910,286,273,1134,1217
Schoharie,2015,541,123,8,14,15,86,418,18,126,142,132
Schuyler,2015,329,98,21,11,16,50,231,18,55,74,84
Seneca,2015,746,235,29,32,40,134,511,40,124,169,178
Steuben,2015,2233,674,123,106,75,370,1559,182,312,501,564
St. Lawrence,2015,2310,671,163,115,43,350,1639,197,328,494,620
Suffolk,2015,22488,5324,787,1075,565,2897,17164,4448,3203,4665,4848
Sullivan,2015,1919,523,82,109,43,289,1396,267,292,394,443
Tioga,2015,695,192,37,29,25,101,503,71,105,102,225
Tompkins,2015,1669,390,60,72,46,212,1279,114,262,519,384
Ulster,2015,4436,1082,194,189,133,566,3354,509,776,945,1124
Unknown-NonNYS,2015,106,79,12,21,0,46,27,3,6,8,10
Warren,2015,1726,483,70,72,55,286,1243,125,258,413,447
Washington,2015,1246,342,55,53,40,194,904,128,212,177,387
Wayne,2015,1602,504,69,95,68,272,1098,84,232,332,450
Westchester,2015,13931,4243,757,1120,220,2146,9688,1841,1473,2684,3690
Wyoming,2015,683,224,42,37,27,118,459,50,114,85,210
Yates,2015,369,102,19,9,19,55,267,23,62,75,107
Albany,2014,8198,2775,579,579,140,1477,5423,879,954,1885,1705
Allegany,2014,915,296,47,68,20,161,619,50,158,172,239
Bronx,2014,72383,18620,5209,6698,185,6528,53763,15407,1321,17087,19948
Broome,2014,5570,1592,215,407,88,882,3978,542,459,1819,1158
Cattaraugus,2014,1879,571,107,125,67,272,1308,136,223,424,525
Cayuga,2014,1588,484,83,68,26,307,1104,129,217,375,383
Chautauqua,2014,3474,954,204,175,78,497,2520,239,529,776,976
Chemung,2014,2347,550,106,93,68,283,1797,237,306,660,594
Chenango,2014,987,266,50,51,19,146,721,86,100,265,270
Clinton,2014,2083,609,139,98,44,328,1474,144,271,646,413
Columbia,2014,1301,293,43,53,44,153,1008,166,217,252,373
Cortland,2014,1543,448,100,93,34,221,1095,112,179,407,397
Delaware,2014,1047,283,53,48,27,155,764,65,131,271,297
Dutchess,2014,5170,1510,208,295,173,834,3660,564,942,1048,1106
Erie,2014,25822,7446,993,2208,431,3814,18376,3791,2302,5971,6312
Essex,2014,698,245,62,42,24,117,453,46,110,93,204
Franklin,2014,1310,395,117,56,31,191,915,83,200,270,362
Fulton,2014,1286,355,27,87,43,198,931,66,189,340,336
Genesee,2014,1273,371,32,63,45,231,902,74,201,319,308
Greene,2014,1331,412,89,73,37,213,919,148,228,247,296
Hamilton,2014,66,11,0,1,2,8,55,6,24,12,13
Herkimer,2014,1173,292,30,78,34,150,881,69,190,299,323
Jefferson,2014,2604,641,117,109,51,364,1963,112,426,832,593
Kings,2014,82348,26859,4462,8569,237,13591,55489,15793,2145,18956,18595
Lewis,2014,379,129,30,26,11,62,250,18,66,54,112
Livingston,2014,1284,394,67,42,58,227,890,124,183,244,339
Madison,2014,1208,314,46,63,38,167,894,69,182,328,315
Monroe,2014,15846,4457,481,1225,407,2344,11389,852,1941,4917,3679
Montgomery,2014,1238,322,61,63,23,175,916,78,125,390,323
Nassau,2014,16359,5364,756,1300,285,3023,10995,2201,2091,3441,3262
New York,2014,79021,18593,4422,3900,121,10150,60428,14252,2000,28897,15279
Niagara,2014,5198,1528,209,450,101,768,3670,355,583,1180,1552
Oneida,2014,5427,1270,212,295,76,687,4157,418,600,1761,1378
Onondaga,2014,11259,3682,548,1002,129,2003,7577,1029,1093,3161,2294
Ontario,2014,1986,587,60,98,84,345,1399,98,368,510,423
Orange,2014,8966,2367,536,510,212,1109,6599,1300,1214,2210,1875
Orleans,2014,692,235,64,57,17,97,457,25,81,159,192
Oswego,2014,2778,816,123,149,61,483,1962,185,371,707,699
Otsego,2014,1270,366,80,63,34,189,904,86,226,304,288
Putnam,2014,1271,334,86,52,47,149,937,187,347,155,248
Queens,2014,60461,19032,2232,5671,330,10799,41429,8856,2557,13107,16909
Rensselaer,2014,3274,1044,145,250,73,576,2230,268,427,657,878
Richmond,2014,11835,3735,775,1074,56,1830,8100,2562,524,2193,2821
Rockland,2014,3970,1195,196,312,88,599,2775,452,613,781,929
Saratoga,2014,3964,964,152,164,119,529,3000,336,760,912,992
Schenectady,2014,4132,1319,284,288,45,702,2813,213,229,1066,1305
Schoharie,2014,446,97,14,17,10,56,349,43,72,106,128
Schuyler,2014,355,92,9,9,14,60,263,12,54,91,106
Seneca,2014,858,246,45,43,31,127,612,51,136,197,228
Steuben,2014,1884,527,83,94,66,284,1357,153,289,446,469
St. Lawrence,2014,2244,601,103,117,56,325,1643,171,339,535,598
Suffolk,2014,23236,5561,765,1195,511,3090,17675,4572,3110,5099,4894
Sullivan,2014,2179,606,81,122,41,362,1573,316,270,475,512
Tioga,2014,691,195,41,41,23,90,496,62,116,115,203
Tompkins,2014,1755,416,45,89,44,238,1339,80,313,599,347
Ulster,2014,4712,1384,341,255,132,656,3328,564,742,938,1084
Unknown-NonNYS,2014,112,74,15,20,0,39,38,4,4,12,18
Warren,2014,1714,447,92,73,46,236,1267,105,268,450,444
Washington,2014,1270,342,56,62,25,199,928,99,191,205,433
Wayne,2014,1660,473,34,93,69,277,1187,71,286,387,443
Westchester,2014,15194,4730,1110,1132,252,2236,10464,2157,1681,2755,3871
Wyoming,2014,738,244,32,41,28,143,494,49,128,107,210
Yates,2014,391,96,11,12,17,56,295,21,88,60,126
Albany,2013,8851,2671,526,576,138,1431,6180,1245,911,2007,2017
Allegany,2013,954,243,42,59,24,118,711,60,144,207,300
Bronx,2013,73580,18636,5927,6149,155,6405,54944,15575,1390,17714,20265
Broome,2013,5762,1671,189,427,96,959,4091,518,476,1736,1361
Cattaraugus,2013,2018,465,83,96,56,230,1553,131,263,570,589
Cayuga,2013,1664,537,107,118,32,280,1127,103,172,356,496
Chautauqua,2013,3534,876,178,199,86,413,2658,225,546,790,1097
Chemung,2013,2633,571,113,127,66,265,2062,220,349,835,658
Chenango,2013,1046,254,33,47,35,139,792,89,142,284,277
Clinton,2013,2092,651,161,125,44,321,1441,135,315,538,453
Columbia,2013,1332,329,65,84,34,146,1003,172,185,282,364
Cortland,2013,1413,371,70,52,29,220,1042,75,251,323,393
Delaware,2013,1053,275,65,56,27,127,778,78,151,235,314
Dutchess,2013,5397,1515,194,355,157,809,3882,487,918,1195,1282
Erie,2013,27879,7723,1079,2213,447,3984,20156,4017,2400,6428,7311
Essex,2013,723,217,28,45,24,120,506,41,129,119,217
Franklin,2013,1329,399,77,74,40,208,930,41,210,286,393
Fulton,2013,1271,371,46,66,36,223,900,54,188,343,315
Genesee,2013,1446,414,28,105,60,221,1032,79,207,387,359
Greene,2013,1279,401,87,75,56,183,878,113,221,235,309
Hamilton,2013,75,21,0,4,1,16,54,5,23,9,17
Herkimer,2013,1285,349,25,81,50,193,936,45,218,293,380
Jefferson,2013,2759,737,148,122,52,415,2022,96,419,806,701
Kings,2013,86522,27547,4920,9218,256,13153,58975,17229,2214,19732,19800
Lewis,2013,401,111,17,11,11,72,290,25,57,68,140
Livingston,2013,1199,325,57,46,55,167,874,125,205,229,315
Madison,2013,1142,273,25,51,37,160,869,54,189,277,349
Monroe,2013,17257,4738,585,1350,415,2388,12519,1164,1963,5058,4334
Montgomery,2013,1282,403,106,78,27,192,879,67,160,295,357
Nassau,2013,17256,5781,793,1463,267,3258,11475,2350,1916,3480,3729
New York,2013,81598,19217,5183,4014,117,9903,62381,14680,2166,29655,15880
Niagara,2013,5686,1744,270,468,112,894,3942,394,643,1247,1658
Oneida,2013,5414,1266,204,281,78,703,4148,414,620,1532,1582
Onondaga,2013,11756,3795,633,1054,166,1942,7961,969,1273,3321,2398
Ontario,2013,2250,663,88,109,106,360,1587,103,389,565,530
Orange,2013,8687,2244,480,498,192,1074,6443,1215,1040,2257,1931
Orleans,2013,848,279,41,63,27,148,569,44,129,160,236
Oswego,2013,3028,935,150,160,57,568,2093,176,350,792,775
Otsego,2013,1339,403,72,85,36,210,936,70,218,304,344
Putnam,2013,1500,331,103,47,53,128,1169,200,430,190,349
Queens,2013,60672,19576,2631,6019,340,10586,41096,8996,2632,12385,17083
Rensselaer,2013,3470,1130,167,290,67,606,2340,228,401,678,1033
Richmond,2013,11141,3560,758,1059,54,1689,7581,2357,572,1953,2699
Rockland,2013,4020,1222,223,311,89,599,2798,349,609,857,983
Saratoga,2013,3971,1018,148,181,127,562,2953,290,759,779,1125
Schenectady,2013,4570,1319,233,326,44,716,3251,198,306,1183,1564
Schoharie,2013,692,173,21,33,18,101,519,77,135,146,161
Schuyler,2013,386,116,16,20,18,62,270,8,70,87,105
Seneca,2013,797,254,55,46,27,126,543,31,134,153,225
Steuben,2013,2005,662,143,111,63,345,1343,114,313,423,493
St. Lawrence,2013,2450,713,119,140,54,400,1737,115,319,597,706
Suffolk,2013,23925,5667,723,1248,543,3153,18258,4403,3585,4999,5271
Sullivan,2013,2194,671,86,155,47,383,1523,255,230,491,547
Tioga,2013,806,220,27,44,28,121,586,59,115,141,271
Tompkins,2013,1667,389,32,95,42,220,1278,77,261,548,392
Ulster,2013,4743,1268,274,226,133,635,3475,482,794,924,1275
Unknown-NonNYS,2013,126,96,12,30,1,53,30,3,4,7,16
Warren,2013,1877,444,63,76,56,249,1433,137,282,497,517
Washington,2013,1235,342,50,89,21,182,893,84,182,202,425
Wayne,2013,1751,514,36,112,72,294,1237,71,246,403,517
Westchester,2013,16629,4922,1250,1249,232,2191,11707,2924,1675,3061,4047
Wyoming,2013,826,242,42,32,38,130,584,64,135,120,265
Yates,2013,442,113,13,12,15,73,329,24,73,69,163
Albany,2012,8999,2812,531,589,157,1535,6187,1035,933,2029,2190
Allegany,2012,1164,364,87,64,31,182,800,51,200,203,346
Bronx,2012,77368,18717,6559,6212,86,5860,58651,19375,1042,18533,19701
Broome,2012,5535,1680,200,407,104,969,3855,381,464,1568,1442
Cattaraugus,2012,1997,542,65,144,67,266,1455,64,279,482,630
Cayuga,2012,1780,561,89,106,31,335,1219,92,171,426,530
Chautauqua,2012,3625,958,190,228,101,439,2667,206,559,742,1160
Chemung,2012,2758,596,87,146,73,290,2162,189,351,827,795
Chenango,2012,1177,268,22,43,27,176,909,87,151,344,327
Clinton,2012,2129,664,147,110,65,342,1465,126,354,508,477
Columbia,2012,1261,360,34,95,42,189,901,116,175,235,375
Cortland,2012,1526,403,40,84,29,250,1123,50,253,406,414
Delaware,2012,1051,265,49,49,38,129,786,61,188,223,314
Dutchess,2012,5760,1609,226,364,151,868,4151,504,985,1213,1449
Erie,2012,27554,8154,1185,2302,507,4160,19400,3637,2367,6420,6976
Essex,2012,719,229,21,60,21,127,490,28,108,148,206
Franklin,2012,1473,436,90,82,34,230,1037,49,240,256,492
Fulton,2012,1251,363,24,69,51,219,888,41,202,263,382
Genesee,2012,1443,392,30,87,52,223,1051,85,203,359,404
Greene,2012,1319,392,65,83,51,193,927,141,238,241,307
Hamilton,2012,102,32,4,5,9,14,70,3,28,11,28
Herkimer,2012,1360,344,25,79,42,198,1016,67,219,310,420
Jefferson,2012,2974,751,110,148,70,423,2223,102,479,780,862
Kings,2012,91313,27230,5165,9496,172,12397,64083,22284,1856,19994,19949
Lewis,2012,402,104,7,17,15,65,298,11,79,72,136
Livingston,2012,1235,338,35,51,69,183,897,93,201,236,367
Madison,2012,1362,275,34,59,38,144,1087,90,226,326,445
Monroe,2012,18404,4948,591,1352,425,2580,13456,1318,2032,5381,4725
Montgomery,2012,1212,356,67,55,40,194,856,66,144,269,377
Nassau,2012,17905,5904,879,1573,272,3180,12001,2137,2098,3884,3882
New York,2012,84987,19577,4858,4449,111,10159,65410,17104,1858,30148,16300
Niagara,2012,5548,1606,192,435,127,852,3942,362,669,1144,1767
Oneida,2012,6020,1394,241,279,105,769,4626,637,634,1671,1684
Onondaga,2012,12071,4120,613,1100,231,2176,7951,1021,1412,3063,2455
Ontario,2012,2225,640,65,126,72,377,1585,69,340,571,605
Orange,2012,8715,2247,395,582,161,1109,6468,1009,1028,2478,1953
Orleans,2012,904,281,53,47,30,151,623,28,130,205,260
Oswego,2012,3214,1010,102,215,48,645,2204,171,350,804,879
Otsego,2012,1624,428,81,79,40,228,1196,99,283,372,442
Putnam,2012,1524,379,109,45,56,169,1145,256,398,159,332
Queens,2012,56659,17901,2341,5807,245,9508,38758,9449,2493,11304,15512
Rensselaer,2012,3736,1271,184,294,91,702,2465,223,463,718,1061
Richmond,2012,11394,3394,650,1050,25,1669,8000,2702,454,1859,2985
Rockland,2012,4112,1319,201,315,116,687,2793,280,604,871,1038
Saratoga,2012,3748,983,127,167,108,581,2765,257,723,756,1029
Schenectady,2012,4657,1413,156,370,59,828,3244,181,296,1177,1590
Schoharie,2012,612,180,20,44,15,101,432,42,113,115,162
Schuyler,2012,402,78,9,20,12,37,324,11,81,86,146
Seneca,2012,864,282,35,59,30,158,582,41,135,179,227
Steuben,2012,1960,663,107,134,71,351,1297,77,271,398,551
St. Lawrence,2012,2715,733,118,137,59,419,1982,121,422,597,842
Suffolk,2012,26226,6005,727,1313,615,3350,20221,5314,3944,5105,5858
Sullivan,2012,2359,697,76,201,66,354,1662,332,259,565,506
Tioga,2012,715,176,22,29,30,95,539,50,97,133,259
Tompkins,2012,1775,389,25,80,49,235,1386,87,376,544,379
Ulster,2012,4892,1252,289,220,129,614,3640,508,777,940,1415
Unknown-NonNYS,2012,110,82,17,29,0,36,28,1,4,13,10
Warren,2012,2038,519,84,96,69,270,1519,92,338,554,535
Washington,2012,1316,371,48,65,33,225,945,54,217,219,455
Wayne,2012,1698,499,62,93,63,281,1199,67,198,396,538
Westchester,2012,17001,5103,1278,1402,234,2189,11898,2676,1734,3336,4152
Wyoming,2012,838,279,49,42,40,148,559,39,147,123,250
Yates,2012,448,125,14,14,20,77,323,14,92,67,150
Albany,2011,8744,2712,460,596,152,1504,6032,822,1004,2141,2065
Allegany,2011,1158,314,57,59,32,166,844,35,184,240,385
Bronx,2011,84060,20000,7104,6406,74,6416,64060,22755,1024,18693,21588
Broome,2011,5671,1572,190,409,100,873,4099,362,510,1643,1584
Cattaraugus,2011,2082,565,87,126,94,258,1517,68,351,481,617
Cayuga,2011,1597,480,74,95,31,280,1117,65,185,406,461
Chautauqua,2011,3771,911,130,196,106,479,2860,188,601,767,1304
Chemung,2011,2329,530,63,104,72,291,1799,134,312,688,665
Chenango,2011,1131,330,22,71,35,202,801,63,176,244,318
Clinton,2011,2153,623,79,143,64,337,1530,120,383,504,523
Columbia,2011,1413,415,52,98,59,206,998,103,230,229,436
Cortland,2011,1554,413,49,102,42,220,1141,74,275,351,441
Delaware,2011,969,240,28,72,26,114,729,67,174,174,314
Dutchess,2011,5708,1544,206,331,180,827,4164,484,1084,1162,1434
Erie,2011,27259,8421,1313,2474,522,4112,18838,3327,2486,6258,6767
Essex,2011,764,228,40,45,25,118,536,36,153,165,182
Franklin,2011,1372,384,68,49,38,229,988,64,234,242,448
Fulton,2011,1148,313,30,45,50,188,835,60,179,271,325
Genesee,2011,1473,427,61,73,55,238,1046,81,263,332,370
Greene,2011,1470,411,54,79,53,225,1059,113,354,239,353
Hamilton,2011,80,15,2,1,5,7,65,4,32,12,17
Herkimer,2011,1325,300,31,68,43,158,1025,68,237,313,407
Jefferson,2011,3132,717,116,152,55,394,2415,102,543,865,905
Kings,2011,95624,27360,5841,9284,143,12092,68264,27783,1595,18839,20047
Lewis,2011,393,121,12,26,18,65,272,11,70,85,106
Livingston,2011,1069,233,26,37,57,113,836,68,248,164,356
Madison,2011,1202,242,33,43,19,147,960,66,239,271,384
Monroe,2011,19264,5181,694,1415,477,2595,14083,1085,2359,5416,5223
Montgomery,2011,1304,383,74,70,51,188,921,89,199,240,393
Nassau,2011,17521,5655,704,1576,306,3069,11866,1584,2171,4327,3784
New York,2011,86225,20098,4980,4823,94,10201,66127,18770,1711,29795,15851
Niagara,2011,5780,1698,222,472,120,884,4082,399,707,1164,1812
Oneida,2011,5536,1235,244,309,60,622,4301,444,711,1531,1615
Onondaga,2011,11872,3971,497,1209,218,2047,7901,917,1441,2953,2590
Ontario,2011,2173,623,73,115,86,349,1550,75,289,589,597
Orange,2011,9103,2331,367,587,200,1177,6772,944,1116,2520,2192
Orleans,2011,857,248,47,64,22,115,609,43,107,214,245
Oswego,2011,3177,890,94,205,91,500,2287,187,472,728,900
Otsego,2011,1547,427,76,83,44,224,1120,91,291,335,403
Putnam,2011,1564,375,100,67,43,165,1189,190,452,178,369
Queens,2011,58331,17336,2406,5791,218,8921,40995,11376,2484,11493,15642
Rensselaer,2011,3494,1099,168,257,79,595,2395,214,426,786,969
Richmond,2011,12073,3536,783,1064,20,1669,8537,3323,497,1773,2944
Rockland,2011,4411,1420,275,370,111,664,2991,254,630,916,1191
Saratoga,2011,3566,898,101,164,111,522,2668,198,597,779,1094
Schenectady,2011,4382,1298,160,332,71,735,3084,171,440,1037,1436
Schoharie,2011,583,137,18,27,17,75,446,36,131,103,176
Schuyler,2011,387,118,28,18,18,54,269,12,72,58,127
Seneca,2011,823,243,27,45,28,143,580,36,108,180,256
Steuben,2011,1827,558,77,127,91,263,1269,77,313,359,520
St. Lawrence,2011,2848,782,151,144,72,415,2066,141,423,589,913
Suffolk,2011,26018,6248,923,1293,603,3429,19770,4723,3920,5203,5924
Sullivan,2011,2463,697,95,160,68,374,1766,306,337,540,583
Tioga,2011,815,207,25,41,39,102,608,56,131,144,277
Tompkins,2011,1604,368,32,79,46,211,1236,87,256,467,426
Ulster,2011,5070,1256,152,263,155,686,3814,433,970,998,1413
Unknown-NonNYS,2011,131,98,16,26,1,55,33,3,6,10,14
Warren,2011,2066,525,72,106,51,296,1541,132,301,486,622
Washington,2011,1234,319,32,57,43,187,915,57,212,176,470
Wayne,2011,1849,553,50,131,93,279,1296,97,273,366,560
Westchester,2011,17311,5380,1219,1486,278,2397,11931,2382,1695,3516,4338
Wyoming,2011,781,263,36,49,33,145,518,41,128,95,254
Yates,2011,462,132,27,22,17,66,330,12,74,72,172
Albany,2010,9236,2866,512,614,176,1564,6370,800,1149,2209,2212
Allegany,2010,1234,332,56,78,44,154,902,48,229,230,395
Bronx,2010,87702,21139,7669,6758,73,6639,66563,23976,1217,20579,20791
Broome,2010,5399,1439,218,342,131,748,3960,330,586,1500,1544
Cattaraugus,2010,1950,482,45,124,84,229,1468,70,306,479,613
Cayuga,2010,1585,431,78,69,37,247,1154,81,194,409,470
Chautauqua,2010,3795,924,170,224,104,426,2871,187,626,750,1308
Chemung,2010,2211,558,85,112,87,274,1653,119,334,568,632
Chenango,2010,1105,285,25,47,34,179,820,54,182,234,350
Clinton,2010,2053,556,119,101,63,273,1497,88,369,501,539
Columbia,2010,1541,364,28,98,63,175,1177,105,344,240,488
Cortland,2010,1269,349,34,93,39,183,920,54,222,268,376
Delaware,2010,1045,238,24,51,36,127,807,61,185,208,353
Dutchess,2010,5999,1765,200,433,243,889,4234,432,1263,1196,1343
Erie,2010,27307,8487,1424,2543,576,3944,18820,3489,2514,5873,6944
Essex,2010,892,233,37,39,26,131,659,36,207,150,266
Franklin,2010,1325,384,78,71,43,192,941,52,221,217,451
Fulton,2010,1280,387,42,85,44,216,893,36,220,267,370
Genesee,2010,1429,326,33,57,56,180,1103,82,308,315,398
Greene,2010,1476,421,57,94,67,203,1055,102,374,219,360
Hamilton,2010,95,19,3,2,4,10,76,7,37,10,22
Herkimer,2010,1307,277,27,55,45,150,1030,51,271,299,409
Jefferson,2010,3051,755,112,162,95,386,2296,113,526,748,909
Kings,2010,95477,26874,5931,8734,159,12050,68603,27772,1920,18662,20249
Lewis,2010,410,128,12,18,14,84,282,6,106,60,110
Livingston,2010,1203,285,48,32,64,141,918,92,247,220,359
Madison,2010,1226,265,20,44,43,158,961,70,279,261,351
Monroe,2010,19175,5206,786,1509,448,2463,13969,1151,2193,5500,5125
Montgomery,2010,1180,353,51,71,45,186,827,43,209,223,352
Nassau,2010,18979,6206,982,1514,327,3383,12773,1703,2631,4373,4066
New York,2010,87175,21981,5707,4760,137,11377,65194,17785,2016,29128,16265
Niagara,2010,6223,1855,214,556,166,919,4368,474,835,1212,1847
Oneida,2010,5734,1328,221,332,64,711,4406,450,794,1556,1606
Onondaga,2010,11321,3852,518,1105,228,2001,7469,905,1429,2750,2385
Ontario,2010,2325,616,109,115,71,321,1709,107,376,569,657
Orange,2010,9904,2451,441,577,263,1170,7453,1151,1358,2631,2313
Orleans,2010,929,335,81,72,42,140,594,40,152,170,232
Oswego,2010,2893,766,53,182,90,441,2127,104,467,685,871
Otsego,2010,1679,464,74,83,67,240,1215,89,358,321,447
Putnam,2010,1651,375,93,69,56,157,1276,185,442,213,436
Queens,2010,59257,17664,2513,5577,242,9332,41593,11184,2665,11349,16395
Rensselaer,2010,3751,1143,153,265,101,624,2608,182,575,755,1096
Richmond,2010,11952,3606,892,945,14,1755,8346,2963,407,1916,3060
Rockland,2010,4736,1402,262,282,130,728,3334,288,820,1014,1212
Saratoga,2010,3960,945,119,173,148,505,3015,250,737,928,1100
Schenectady,2010,4517,1397,212,383,80,722,3120,182,362,1043,1533
Schoharie,2010,650,147,26,26,24,71,503,46,162,117,178
Schuyler,2010,377,102,10,10,17,65,275,10,68,59,138
Seneca,2010,750,196,14,36,31,115,554,28,106,132,288
Steuben,2010,1911,535,67,124,78,266,1376,93,307,421,555
St. Lawrence,2010,2548,720,110,165,74,371,1828,96,408,557,767
Suffolk,2010,25514,6293,904,1384,582,3423,19221,4391,3473,5356,6001
Sullivan,2010,2522,726,66,184,88,388,1796,242,433,473,648
Tioga,2010,896,250,29,59,26,136,646,46,159,129,312
Tompkins,2010,1613,348,26,87,47,188,1265,67,289,493,416
Ulster,2010,5466,1319,186,274,164,695,4147,436,1146,1146,1419
Unknown-NonNYS,2010,153,105,15,36,1,53,48,3,8,12,25
Warren,2010,2275,565,62,98,75,330,1710,122,356,536,696
Washington,2010,1366,389,50,93,38,208,977,48,229,195,505
Wayne,2010,1901,523,59,124,82,258,1378,97,271,342,668
Westchester,2010,17215,5298,1185,1403,294,2416,11917,2174,2031,3392,4320
Wyoming,2010,745,262,59,32,40,131,483,36,138,80,229
Yates,2010,441,119,8,24,18,69,322,15,73,80,154
Albany,2009,9487,2928,565,681,156,1526,6559,891,1279,2056,2333
Allegany,2009,1252,336,49,53,55,179,916,25,231,189,471
Bronx,2009,88010,22396,9018,6329,104,6945,65614,24411,1276,20099,19828
Broome,2009,5556,1541,229,360,135,817,4015,329,609,1604,1473
Cattaraugus,2009,1998,501,71,107,82,241,1497,76,359,404,658
Cayuga,2009,1555,453,82,121,25,225,1102,53,193,398,458
Chautauqua,2009,3881,919,171,202,130,416,2962,154,689,727,1392
Chemung,2009,2447,563,89,119,82,273,1884,113,413,663,695
Chenango,2009,1167,266,43,48,26,149,901,43,213,261,384
Clinton,2009,2002,548,97,123,51,277,1454,73,405,451,525
Columbia,2009,1488,401,31,96,62,212,1087,122,265,276,424
Cortland,2009,1359,396,41,97,32,226,963,29,264,262,408
Delaware,2009,1053,250,29,45,39,137,803,37,231,175,360
Dutchess,2009,5995,1582,178,377,191,836,4413,357,1258,1330,1468
Erie,2009,27845,8617,1496,2594,457,4070,19228,3492,2768,5699,7269
Essex,2009,827,218,30,39,31,118,609,27,177,129,276
Franklin,2009,1340,380,75,65,42,198,960,51,233,215,461
Fulton,2009,1372,348,43,65,34,206,1024,29,281,290,424
Genesee,2009,1619,441,51,86,70,234,1178,68,373,349,388
Greene,2009,1593,410,65,65,62,218,1183,107,363,278,435
Hamilton,2009,58,8,1,1,5,1,50,6,30,9,5
Herkimer,2009,1318,262,16,75,41,130,1056,45,271,302,438
Jefferson,2009,3158,743,109,143,62,429,2415,124,617,766,908
Kings,2009,95391,27819,6869,9003,188,11759,67572,27648,2138,17494,20292
Lewis,2009,443,119,14,23,15,67,324,16,108,52,148
Livingston,2009,1186,255,38,43,58,116,931,65,216,189,461
Madison,2009,1345,272,15,62,17,178,1073,60,297,310,406
Monroe,2009,18242,4873,718,1381,444,2330,13369,1198,2065,5215,4891
Montgomery,2009,1145,301,66,60,25,150,844,39,178,253,374
Nassau,2009,18869,6176,942,1672,268,3294,12693,1717,2796,4317,3863
New York,2009,87567,23930,6238,5152,162,12378,63637,17876,2043,27502,16216
Niagara,2009,6415,1827,251,552,166,858,4588,479,930,1100,2079
Oneida,2009,6179,1348,244,319,63,722,4831,382,942,1745,1762
Onondaga,2009,11923,3810,507,1199,185,1919,8113,869,1742,2904,2598
Ontario,2009,2321,635,150,117,80,288,1686,117,315,587,667
Orange,2009,10026,2460,463,627,196,1174,7566,1145,1289,2726,2406
Orleans,2009,877,302,59,66,28,149,575,33,123,170,249
Oswego,2009,2996,764,85,167,86,426,2232,94,618,684,836
Otsego,2009,1542,429,57,94,53,225,1113,83,372,300,358
Putnam,2009,1565,356,80,80,51,145,1209,134,494,187,394
Queens,2009,57239,17192,2678,5573,252,8689,40047,10468,2922,10506,16151
Rensselaer,2009,3602,1087,169,296,56,566,2515,217,492,665,1141
Richmond,2009,11577,3730,1077,976,13,1664,7847,2655,426,1790,2976
Rockland,2009,4819,1473,303,326,130,714,3346,297,780,1036,1233
Saratoga,2009,4108,943,104,201,127,511,3165,221,923,795,1226
Schenectady,2009,4260,1191,183,292,73,643,3069,166,347,1016,1540
Schoharie,2009,755,154,11,26,26,91,601,37,192,166,206
Schuyler,2009,361,113,22,25,25,41,248,11,74,48,115
Seneca,2009,811,201,18,34,28,121,610,26,153,121,310
Steuben,2009,1936,547,84,103,66,294,1389,70,312,404,603
St. Lawrence,2009,2628,769,114,171,73,411,1859,80,528,470,781
Suffolk,2009,25523,6785,965,1581,543,3696,18738,3513,3818,5364,6043
Sullivan,2009,2196,635,68,191,79,297,1561,189,362,341,669
Tioga,2009,876,233,15,53,44,121,643,31,163,148,301
Tompkins,2009,1657,379,35,95,44,205,1278,62,302,480,434
Ulster,2009,5136,1228,176,250,153,649,3908,372,1093,942,1501
Unknown-NonNYS,2009,115,62,7,20,0,35,53,3,6,15,29
Warren,2009,2327,565,89,87,71,318,1762,105,412,512,733
Washington,2009,1359,351,34,54,44,219,1008,41,239,184,544
Wayne,2009,2038,586,93,123,77,293,1452,89,322,369,672
Westchester,2009,17962,5337,1045,1563,241,2488,12625,2303,2302,3662,4358
Wyoming,2009,718,192,20,39,33,100,526,22,181,99,224
Yates,2009,421,105,13,11,25,56,316,14,88,68,146
Albany,2008,9629,2947,511,655,135,1646,6682,857,1266,2137,2422
Allegany,2008,1251,289,25,88,41,135,962,26,259,216,461
Bronx,2008,85086,22905,9385,6559,133,6828,62181,25107,1301,17778,17995
Broome,2008,5628,1554,278,381,97,798,4074,308,582,1644,1540
Cattaraugus,2008,2184,553,55,116,77,305,1631,68,360,444,759
Cayuga,2008,1509,484,69,125,35,255,1025,33,183,373,436
Chautauqua,2008,3949,1008,214,204,128,462,2941,156,723,712,1350
Chemung,2008,2401,610,74,141,95,300,1791,98,345,629,719
Chenango,2008,1055,209,14,37,22,136,846,38,203,232,373
Clinton,2008,2152,600,97,137,63,303,1552,65,432,423,632
Columbia,2008,1534,418,51,99,38,230,1116,122,240,286,468
Cortland,2008,1283,311,27,67,38,179,972,26,240,240,466
Delaware,2008,1132,299,43,55,39,162,833,37,238,210,348
Dutchess,2008,5957,1666,173,368,227,898,4291,335,1407,1188,1361
Erie,2008,27864,8671,1733,2531,504,3903,19193,3850,2781,5624,6938
Essex,2008,969,231,24,41,47,119,738,27,240,119,352
Franklin,2008,1375,397,84,56,39,218,978,59,251,247,421
Fulton,2008,1298,356,46,55,32,223,942,34,244,244,420
Genesee,2008,1455,397,25,90,66,216,1058,75,318,300,365
Greene,2008,1491,410,41,69,39,261,1081,121,340,238,382
Hamilton,2008,67,17,1,4,3,9,50,4,22,7,17
Herkimer,2008,1403,352,32,101,44,175,1051,34,295,278,444
Jefferson,2008,2893,663,96,137,66,364,2230,101,532,643,954
Kings,2008,91805,30193,8114,9659,201,12219,61612,24363,2188,15010,20051
Lewis,2008,426,147,22,26,19,80,279,15,79,50,135
Livingston,2008,1245,276,13,51,41,171,969,40,273,253,403
Madison,2008,1438,362,23,81,16,242,1076,47,327,321,381
Monroe,2008,17827,4979,888,1431,481,2179,12848,1242,2171,4655,4780
Montgomery,2008,1128,268,26,54,42,146,860,46,201,253,360
Nassau,2008,18177,6037,972,1595,340,3130,12140,1729,3078,3803,3530
New York,2008,86620,25107,7178,5268,148,12513,61513,16833,2148,26014,16518
Niagara,2008,6332,1816,230,513,166,907,4516,518,982,1114,1902
Oneida,2008,5926,1415,274,339,70,732,4511,365,954,1492,1700
Onondaga,2008,11808,3946,615,1137,207,1987,7862,910,1546,2828,2578
Ontario,2008,2333,672,107,111,88,366,1661,130,366,522,643
Orange,2008,9380,2541,499,602,226,1214,6839,994,1316,2203,2326
Orleans,2008,809,241,50,58,15,118,568,40,134,122,272
Oswego,2008,2942,802,99,163,83,457,2140,105,610,621,804
Otsego,2008,1419,447,64,81,54,248,972,49,299,283,341
Putnam,2008,1714,434,98,87,40,209,1280,108,553,181,438
Queens,2008,56755,17809,2988,5725,284,8812,38946,10519,2848,10357,15222
Rensselaer,2008,3463,1036,152,262,71,551,2427,137,460,577,1253
Richmond,2008,13003,3836,1095,1079,10,1652,9167,3486,449,2073,3159
Rockland,2008,4924,1635,310,383,126,816,3289,337,759,899,1294
Saratoga,2008,3789,913,122,184,135,472,2876,191,780,757,1148
Schenectady,2008,4072,1213,172,329,63,649,2859,149,404,948,1358
Schoharie,2008,717,155,9,22,21,103,562,19,215,116,212
Schuyler,2008,346,85,5,9,31,40,261,14,69,56,122
Seneca,2008,832,246,24,43,33,146,586,20,138,174,254
Steuben,2008,2129,608,56,111,86,355,1521,54,413,351,703
St. Lawrence,2008,2682,743,123,150,66,404,1939,91,502,447,899
Suffolk,2008,25159,6646,1022,1496,510,3618,18513,3790,3857,4795,6071
Sullivan,2008,2288,709,96,161,62,390,1579,206,330,380,663
Tioga,2008,842,227,13,52,33,129,615,18,146,144,307
Tompkins,2008,1729,415,36,111,61,207,1314,64,321,402,527
Ulster,2008,4890,1262,201,276,161,624,3628,407,1083,753,1385
Unknown-NonNYS,2008,106,65,5,28,3,29,41,1,8,8,24
Warren,2008,2369,605,103,108,77,317,1764,136,458,465,705
Washington,2008,1368,350,26,75,40,209,1018,38,241,224,515
Wayne,2008,2062,587,75,113,98,301,1475,97,309,370,699
Westchester,2008,18627,5631,1119,1491,230,2791,12996,2321,2489,3537,4649
Wyoming,2008,814,256,42,47,34,133,558,19,162,100,277
Yates,2008,377,121,14,18,21,68,256,17,44,43,152
Albany,2007,10550,3187,708,702,163,1614,7363,1176,1365,2003,2819
Allegany,2007,1213,286,49,57,54,126,927,27,233,181,486
Bronx,2007,86211,23845,9661,6669,173,7342,62366,24965,1240,17743,18418
Broome,2007,5596,1654,334,374,128,818,3942,309,606,1534,1493
Cattaraugus,2007,2208,494,38,112,83,261,1714,105,417,405,787
Cayuga,2007,1483,406,66,79,27,234,1077,51,162,378,486
Chautauqua,2007,3738,1037,202,208,137,490,2701,136,576,631,1358
Chemung,2007,2401,586,65,127,93,301,1815,155,372,567,721
Chenango,2007,1114,234,17,48,31,138,880,30,216,254,380
Clinton,2007,2125,610,79,131,74,326,1515,50,369,455,641
Columbia,2007,1505,364,41,95,46,182,1141,136,273,258,474
Cortland,2007,1297,317,57,43,32,185,980,24,254,272,430
Delaware,2007,1129,257,25,40,31,161,872,35,252,182,403
Dutchess,2007,5730,1499,166,306,208,819,4231,306,1448,1074,1403
Erie,2007,27071,8582,1930,2429,490,3733,18489,3564,2558,5482,6885
Essex,2007,1012,236,26,36,41,133,776,44,276,136,320
Franklin,2007,1290,357,85,49,33,190,933,45,240,212,436
Fulton,2007,1275,303,40,70,33,160,972,33,282,244,413
Genesee,2007,1349,371,39,63,70,199,978,58,304,260,356
Greene,2007,1401,404,53,64,47,240,997,89,317,210,381
Hamilton,2007,90,21,7,1,2,11,69,4,21,17,27
Herkimer,2007,1483,322,23,65,52,182,1161,52,360,251,498
Jefferson,2007,2726,637,84,130,63,360,2089,101,571,569,848
Kings,2007,92595,30810,9254,9259,233,12064,61785,26712,2140,12527,20406
Lewis,2007,446,153,30,41,12,70,293,16,89,45,143
Livingston,2007,1419,305,22,55,41,187,1114,47,308,283,476
Madison,2007,1334,305,34,60,16,195,1029,50,331,245,403
Monroe,2007,16575,4692,846,1303,431,2112,11883,994,2026,4454,4409
Montgomery,2007,1159,317,58,58,33,168,842,36,209,216,381
Nassau,2007,17622,5952,1007,1541,280,3124,11670,1716,2973,3429,3552
New York,2007,88154,26169,7589,5569,208,12803,61985,17502,2213,24842,17428
Niagara,2007,5977,1716,265,436,160,855,4261,409,900,1022,1930
Oneida,2007,5865,1410,288,295,61,766,4455,413,893,1421,1728
Onondaga,2007,11805,4032,669,1129,191,2043,7773,907,1522,2725,2619
Ontario,2007,2199,538,58,85,77,318,1661,94,320,533,714
Orange,2007,9746,2734,565,584,234,1351,7012,999,1541,1958,2514
Orleans,2007,846,267,77,56,30,104,579,44,120,129,286
Oswego,2007,2419,694,63,167,71,393,1725,72,453,500,700
Otsego,2007,1353,430,49,81,46,254,923,37,301,197,388
Putnam,2007,1444,340,76,70,26,168,1104,110,392,170,432
Queens,2007,56276,18457,3524,5640,327,8966,37819,10004,2933,9803,15079
Rensselaer,2007,3593,1092,194,269,65,564,2501,166,579,503,1253
Richmond,2007,10672,3568,1147,903,15,1503,7104,2176,543,1447,2938
Rockland,2007,4776,1568,355,361,130,722,3208,306,904,779,1219
Saratoga,2007,3915,923,90,181,129,523,2992,170,905,787,1130
Schenectady,2007,4044,1219,260,277,73,609,2825,181,473,856,1315
Schoharie,2007,609,146,11,21,32,82,463,19,139,105,200
Schuyler,2007,380,108,8,19,35,46,272,7,80,43,142
Seneca,2007,736,158,17,29,28,84,578,30,112,144,292
Steuben,2007,2279,664,99,125,103,337,1615,50,481,322,762
St. Lawrence,2007,2727,693,148,107,65,373,2034,74,483,485,992
Suffolk,2007,25254,7327,1433,1594,524,3776,17927,4088,4149,3167,6523
Sullivan,2007,2406,738,115,170,74,379,1668,222,305,383,758
Tioga,2007,857,226,14,56,34,122,631,34,156,146,295
Tompkins,2007,1624,390,40,72,58,220,1234,67,287,395,485
Ulster,2007,4788,1181,243,262,143,533,3607,441,1087,709,1370
Unknown-NonNYS,2007,104,68,11,19,1,37,36,1,3,16,16
Warren,2007,2360,561,50,92,87,332,1799,107,600,393,699
Washington,2007,1360,328,29,81,37,181,1032,28,217,198,589
Wayne,2007,1905,491,92,101,68,230,1414,90,307,328,689
Westchester,2007,18930,5642,1286,1464,214,2678,13288,2470,2474,3663,4681
Wyoming,2007,740,228,41,40,37,110,512,18,139,82,273
Yates,2007,416,102,8,13,12,69,314,12,72,72,158
Albany,2006,11538,3548,870,729,149,1800,7990,1326,1532,1931,3201
Allegany,2006,1170,285,47,61,44,133,885,29,261,183,412
Bronx,2006,74803,21058,8322,6093,159,6484,53745,20507,943,15217,17078
Broome,2006,5599,1684,397,406,137,744,3915,298,574,1428,1615
Cattaraugus,2006,2194,510,76,123,64,247,1684,86,371,387,840
Cayuga,2006,1518,459,62,120,30,247,1059,30,215,316,498
Chautauqua,2006,3730,1033,222,204,118,489,2697,156,639,591,1311
Chemung,2006,2395,630,88,140,80,322,1765,134,357,590,684
Chenango,2006,1188,283,13,57,37,176,905,39,239,249,378
Clinton,2006,2148,559,80,98,55,326,1589,58,433,431,667
Columbia,2006,1407,373,71,89,45,168,1034,168,196,234,436
Cortland,2006,1202,313,30,75,26,182,889,27,211,231,420
Delaware,2006,1075,239,22,61,26,130,836,19,251,177,389
Dutchess,2006,5651,1587,231,375,178,803,4064,353,1305,947,1459
Erie,2006,27516,8532,1577,2705,541,3709,18984,3651,2782,5339,7212
Essex,2006,1142,283,60,32,32,159,859,63,367,128,301
Franklin,2006,1309,376,53,61,47,215,933,37,237,193,466
Fulton,2006,1312,353,37,43,54,219,959,24,269,240,426
Genesee,2006,1459,391,38,78,85,190,1068,76,352,246,394
Greene,2006,1349,400,42,89,41,228,949,93,289,213,354
Hamilton,2006,93,19,8,2,1,8,74,11,19,19,25
Herkimer,2006,1428,334,48,82,41,163,1094,52,377,223,442
Jefferson,2006,2838,719,89,153,56,421,2119,84,545,567,923
Kings,2006,85223,29265,8641,9312,179,11133,55958,22328,2034,12165,19431
Lewis,2006,463,126,28,14,13,71,337,21,94,72,150
Livingston,2006,1398,277,25,56,62,134,1121,37,355,278,451
Madison,2006,1258,293,17,84,25,167,965,43,282,264,376
Monroe,2006,16961,4742,860,1400,438,2044,12219,1001,1970,4590,4658
Montgomery,2006,1196,321,47,60,29,185,875,48,193,221,413
Nassau,2006,18043,6187,951,1610,274,3352,11856,1649,2957,3500,3750
New York,2006,79995,25440,7348,5576,172,12344,54555,15546,1450,21498,16061
Niagara,2006,6162,1783,325,505,141,812,4379,421,946,976,2036
Oneida,2006,5669,1261,249,321,63,628,4408,486,924,1193,1805
Onondaga,2006,11726,4135,711,1162,167,2095,7591,784,1482,2653,2672
Ontario,2006,2300,650,110,136,76,328,1650,101,327,488,734
Orange,2006,9866,2833,684,621,220,1308,7033,1174,1564,1975,2320
Orleans,2006,939,296,57,70,34,135,643,43,154,145,301
Oswego,2006,2532,718,72,152,80,414,1814,55,501,464,794
Otsego,2006,1396,425,45,91,39,250,971,56,312,192,411
Putnam,2006,1476,339,55,99,20,165,1137,103,387,188,459
Queens,2006,52907,17988,3573,5613,318,8484,34919,8956,2847,8693,14423
Rensselaer,2006,3522,1072,193,242,73,564,2450,139,600,462,1249
Richmond,2006,10512,3412,1172,945,13,1282,7100,1840,655,1675,2930
Rockland,2006,4789,1487,364,308,113,702,3302,380,911,809,1202
Saratoga,2006,3959,916,126,185,106,499,3043,171,901,814,1157
Schenectady,2006,4380,1349,351,314,53,631,3031,270,481,870,1410
Schoharie,2006,579,123,22,13,19,69,456,12,142,103,199
Schuyler,2006,380,81,12,11,19,39,299,13,75,61,150
Seneca,2006,760,187,22,31,30,104,573,23,159,108,283
Steuben,2006,2154,623,95,135,85,308,1531,57,419,295,760
St. Lawrence,2006,2842,768,125,141,65,437,2074,88,451,536,999
Suffolk,2006,26360,7527,1424,1777,499,3827,18833,4319,4392,3197,6925
Sullivan,2006,2160,748,141,181,57,369,1412,203,321,312,576
Tioga,2006,813,222,30,38,34,120,591,23,113,139,316
Tompkins,2006,1577,343,45,97,43,158,1234,71,274,383,506
Ulster,2006,5019,1249,230,234,162,623,3770,481,1211,692,1386
Unknown-NonNYS,2006,108,71,9,21,4,37,37,10,3,5,19
Warren,2006,2324,615,48,121,80,366,1709,90,505,333,781
Washington,2006,1498,413,52,82,43,236,1085,57,285,192,551
Wayne,2006,2027,612,116,113,55,328,1415,126,288,344,657
Westchester,2006,18785,6072,1359,1772,265,2676,12713,2357,2296,3674,4386
Wyoming,2006,791,221,35,44,32,110,570,29,175,116,250
Yates,2006,424,109,3,24,20,62,315,14,64,71,166
Albany,2005,10361,3265,778,702,155,1630,7096,792,1421,1987,2896
Allegany,2005,1104,256,21,76,30,129,848,29,268,165,386
Bronx,2005,71772,20674,7587,6274,93,6720,51098,19554,1002,13144,17398
Broome,2005,5473,1630,343,418,135,734,3843,261,571,1363,1648
Cattaraugus,2005,2033,491,59,93,70,269,1542,76,379,381,706
Cayuga,2005,1745,438,78,99,28,233,1307,30,240,409,628
Chautauqua,2005,3972,971,237,204,128,402,3001,157,675,671,1498
Chemung,2005,2584,654,116,144,85,309,1930,161,391,592,786
Chenango,2005,1113,261,15,66,35,145,852,18,235,207,392
Clinton,2005,2058,569,73,128,74,294,1489,46,381,430,632
Columbia,2005,1374,322,41,77,38,166,1052,105,233,256,458
Cortland,2005,1421,366,31,89,35,211,1055,31,242,275,507
Delaware,2005,1024,269,23,60,36,150,755,21,238,180,316
Dutchess,2005,5728,1621,263,365,196,797,4107,290,1252,1027,1538
Erie,2005,25873,7902,1282,2535,440,3645,17971,2843,2781,5435,6912
Essex,2005,902,207,23,30,29,125,695,27,274,125,269
Franklin,2005,1246,363,44,82,31,206,883,25,211,211,436
Fulton,2005,1605,400,64,67,48,221,1205,35,327,257,586
Genesee,2005,1401,354,41,67,70,176,1047,59,318,267,403
Greene,2005,1321,379,28,57,50,244,942,58,309,175,400
Hamilton,2005,77,12,0,2,2,8,65,4,22,22,17
Herkimer,2005,1352,301,21,97,30,153,1051,53,292,236,470
Jefferson,2005,2650,601,94,130,43,334,2049,77,511,543,918
Kings,2005,81965,28605,7858,9290,163,11294,53360,20124,1719,12242,19275
Lewis,2005,444,131,9,34,21,67,313,20,103,58,132
Livingston,2005,1434,302,25,41,41,195,1132,54,358,269,451
Madison,2005,1216,278,28,43,31,176,938,52,275,256,355
Monroe,2005,17032,4539,775,1240,419,2105,12493,902,1977,4853,4761
Montgomery,2005,1234,337,49,68,29,191,897,44,179,272,402
Nassau,2005,17030,5787,992,1598,261,2936,11243,1403,3090,3407,3343
New York,2005,78819,25594,7750,5697,130,12017,53225,14991,1191,20728,16315
Niagara,2005,6043,1673,217,544,125,787,4370,321,915,1046,2088
Oneida,2005,5842,1250,246,326,63,653,4592,395,873,1443,1881
Onondaga,2005,11529,3898,623,1151,184,1940,7631,727,1525,2606,2773
Ontario,2005,2146,550,48,105,80,317,1596,73,336,508,679
Orange,2005,9709,2670,637,558,213,1262,7039,1120,1516,2005,222398
Orleans,2005,864,243,60,47,23,113,621,45,161,118,297
Oswego,2005,2740,712,42,196,77,397,2028,55,506,636,831
Otsego,2005,1240,317,39,65,49,164,923,37,300,234,352
Putnam,2005,1532,386,77,94,15,200,1146,82,379,206,479
Queens,2005,49486,17267,3181,5522,294,8270,32219,8040,2582,8222,13375
Rensselaer,2005,3397,1061,227,240,69,525,2336,129,556,9509,1142
Richmond,2005,9181,2921,853,923,15,1130,6260,1606,616,1485,2553
Rockland,2005,4713,1482,328,356,116,682,3231,269,839,918,1205
Saratoga,2005,3757,883,82,184,134,483,2874,121,944,677,1132
Schenectady,2005,4217,1158,242,257,64,595,3059,228,468,918,1445
Schoharie,2005,691,160,25,16,18,101,531,33,169,134,195
Schuyler,2005,403,90,10,21,10,49,313,3,80,90,140
Seneca,2005,833,182,20,25,38,99,651,23,154,141,333
Steuben,2005,2389,703,151,119,70,363,1686,74,442,393,777
St. Lawrence,2005,2751,649,89,136,57,367,2102,84,419,524,1075
Suffolk,2005,24613,7029,1360,1600,477,3592,17584,3514,4166,3500,6404
Sullivan,2005,2486,788,140,207,84,357,1698,179,308,511,700
Tioga,2005,791,222,13,51,38,120,569,29,131,94,315
Tompkins,2005,1615,348,44,79,28,197,1267,55,303,373,536
Ulster,2005,4922,1237,199,265,167,606,3685,367,1353,775,1190
Unknown-NonNYS,2005,77,64,6,23,1,34,13,6,0,2,5
Warren,2005,2149,509,48,108,80,273,1640,76,508,369,687
Washington,2005,1396,327,35,81,38,173,1069,47,315,194,513
Wayne,2005,1937,510,45,113,78,274,1427,102,265,349,711
Westchester,2005,18644,5917,1231,1711,225,2750,12727,2343,2321,3522,4541
Wyoming,2005,710,203,15,38,28,122,507,25,150,79,253
Yates,2005,432,88,7,13,18,50,344,3,88,75,178
Albany,2004,9560,3201,765,662,111,1663,6359,570,1181,1820,2788
Allegany,2004,1109,252,31,48,40,133,857,26,249,171,411
Bronx,2004,68952,20894,6993,6573,119,7209,48058,18515,1339,11303,16901
Broome,2004,5587,1650,355,363,117,815,3937,243,594,1321,1779
Cattaraugus,2004,1951,462,50,116,73,223,1489,67,334,357,731
Cayuga,2004,1904,527,121,99,30,277,1377,35,243,445,654
Chautauqua,2004,3863,951,215,202,129,405,2912,141,603,715,1453
Chemung,2004,2764,633,113,133,85,302,2131,139,387,676,929
Chenango,2004,1224,300,19,59,31,191,924,38,244,220,422
Clinton,2004,2024,519,77,105,67,270,1505,54,418,379,654
Columbia,2004,1394,287,31,49,40,167,1107,130,313,240,424
Cortland,2004,1403,309,23,77,29,180,1094,35,246,274,539
Delaware,2004,1003,232,26,46,25,135,771,18,214,180,359
Dutchess,2004,5724,1560,232,328,164,836,4164,318,1241,1069,1536
Erie,2004,25690,7836,1230,2481,420,3705,17854,2655,2738,5290,7171
Essex,2004,995,255,49,42,24,140,740,44,267,125,304
Franklin,2004,1417,412,96,60,30,226,1005,40,240,223,502
Fulton,2004,1696,303,22,57,46,178,1393,32,347,311,703
Genesee,2004,1409,377,39,79,57,202,1032,75,362,202,393
Greene,2004,1304,328,29,65,40,194,976,55,320,196,405
Hamilton,2004,97,25,10,4,3,8,72,8,29,11,24
Herkimer,2004,1299,308,39,82,39,148,991,32,268,211,480
Jefferson,2004,2708,652,91,161,53,347,2056,93,598,586,779
Kings,2004,74884,25818,5545,9263,144,10866,49066,17930,1318,12112,17706
Lewis,2004,473,109,12,15,15,67,364,17,108,76,163
Livingston,2004,1477,343,28,74,37,204,1134,55,354,267,458
Madison,2004,1342,319,19,69,28,203,1023,37,312,288,386
Monroe,2004,17310,4685,843,1222,400,2209,12625,931,2106,4834,4754
Montgomery,2004,1105,276,45,48,31,152,829,25,180,203,421
Nassau,2004,17185,5543,908,1542,269,2824,11642,1434,3418,3535,3255
New York,2004,83908,26669,9431,5867,134,11237,57239,17129,1047,22805,16258
Niagara,2004,5747,1656,197,492,121,846,4091,213,743,1071,2064
Oneida,2004,6032,1260,264,345,63,588,4772,447,918,1510,1897
Onondaga,2004,11464,3756,634,1080,157,1885,7708,717,1348,2821,2822
Ontario,2004,2022,479,45,84,91,259,1543,61,304,505,673
Orange,2004,9186,2454,578,550,170,1156,6732,837,1596,1992,2307
Orleans,2004,829,260,30,60,23,147,569,19,110,120,320
Oswego,2004,2608,763,46,169,90,458,1845,66,542,486,751
Otsego,2004,1349,317,43,71,31,172,1032,43,374,237,378
Putnam,2004,1363,308,54,44,22,188,1055,89,416,176,374
Queens,2004,46679,16692,2931,5438,252,8071,29987,7184,2098,8067,12638
Rensselaer,2004,3551,1089,226,257,65,541,2462,125,578,520,1239
Richmond,2004,8582,2588,606,927,13,1042,5994,1537,633,1385,2439
Rockland,2004,4672,1334,295,324,86,629,3338,287,757,1057,1237
Saratoga,2004,3747,856,98,169,109,480,2891,125,891,784,1091
Schenectady,2004,3894,1096,243,248,53,552,2798,163,400,904,1331
Schoharie,2004,670,121,8,32,15,66,549,16,173,129,231
Schuyler,2004,428,101,13,15,22,51,327,9,66,97,155
Seneca,2004,849,217,20,30,33,134,632,22,165,136,309
Steuben,2004,2083,589,65,119,84,321,1494,73,387,336,698
St. Lawrence,2004,2627,654,109,142,54,349,1973,55,483,440,995
Suffolk,2004,24687,6942,1192,1633,483,3634,17745,3833,3917,3449,6546
Sullivan,2004,2321,716,112,186,58,360,1605,171,363,413,658
Tioga,2004,864,214,14,48,37,115,650,30,175,141,304
Tompkins,2004,1494,292,25,59,43,165,1202,50,320,345,487
Ulster,2004,4591,1130,167,244,140,579,3461,313,1133,711,1304
Unknown-NonNYS,2004,63,51,9,14,2,26,12,0,0,1,11
Unknown NYC county,2004,1,0,0,0,0,0,1,0,0,1,0
Warren,2004,2228,490,43,99,54,294,1738,66,507,414,751
Washington,2004,1477,375,55,68,46,206,1102,37,326,182,557
Wayne,2004,2260,627,79,115,80,353,1633,82,372,377,802
Westchester,2004,17650,5592,1216,1664,187,2525,12058,2106,2128,3585,4239
Wyoming,2004,707,198,19,24,32,123,509,29,172,95,213
Yates,2004,450,119,11,22,17,69,331,5,71,61,194
Albany,2003,9925,3268,789,689,93,1697,6657,573,1248,1811,3025
Allegany,2003,1087,270,23,64,34,149,817,11,210,143,453
Bronx,2003,67270,20911,7283,6883,76,6669,46359,19206,621,12419,14113
Broome,2003,5708,1645,335,361,107,842,4063,211,512,1468,1872
Cattaraugus,2003,1822,388,20,127,58,183,1434,64,355,338,677
Cayuga,2003,1744,433,68,85,28,252,1311,36,267,406,602
Chautauqua,2003,3929,855,198,158,112,387,3074,137,661,726,1550
Chemung,2003,2486,573,59,141,64,309,1913,122,323,612,856
Chenango,2003,1220,291,21,60,23,187,929,32,240,260,397
Clinton,2003,2045,590,104,120,46,320,1455,52,391,412,600
Columbia,2003,1353,296,34,75,31,156,1057,98,276,239,444
Cortland,2003,1613,349,29,94,37,189,1264,36,298,311,619
Delaware,2003,1070,248,14,85,26,123,822,24,225,205,368
Dutchess,2003,5524,1495,236,359,146,754,4029,261,1195,1051,1522
Erie,2003,26290,7996,1229,2499,505,3763,18294,2593,2674,5715,7312
Essex,2003,960,213,29,32,26,126,747,27,292,133,295
Franklin,2003,1304,373,79,74,30,190,931,36,231,214,450
Fulton,2003,1557,299,20,67,37,175,1258,28,337,279,614
Genesee,2003,1240,324,28,78,47,171,916,51,300,206,359
Greene,2003,1366,367,26,80,38,223,999,65,322,181,431
Hamilton,2003,104,19,1,9,4,5,85,3,30,16,36
Herkimer,2003,1402,340,35,102,31,172,1062,30,285,229,518
Jefferson,2003,2543,603,119,124,47,313,1940,94,548,468,830
Kings,2003,76379,24547,4436,9734,93,10284,51832,23094,1023,11224,16491
Lewis,2003,434,87,3,21,15,48,347,8,107,91,141
Livingston,2003,1434,291,20,67,35,169,1143,52,303,315,473
Madison,2003,1457,301,29,58,19,195,1156,45,368,282,461
Monroe,2003,17339,4656,899,1242,398,2117,12683,931,2012,4967,4773
Montgomery,2003,1188,299,48,57,25,169,889,51,159,245,434
Nassau,2003,17016,5595,878,1594,249,2874,11421,1366,2833,3630,3592
New York,2003,79423,25664,9291,5935,101,10337,53759,16943,855,21020,14941
Niagara,2003,5462,1381,165,405,118,693,4081,209,779,1084,2009
Oneida,2003,6009,1179,179,326,54,620,4830,369,921,1500,2040
Onondaga,2003,11507,3909,493,1157,133,2126,7598,709,1332,2772,2785
Ontario,2003,2029,496,60,99,74,263,1533,57,294,467,715
Orange,2003,9394,2537,505,575,201,1256,6857,744,1499,2129,2485
Orleans,2003,772,257,53,56,26,122,515,32,129,112,242
Oswego,2003,2425,637,53,157,73,354,1788,44,467,453,824
Otsego,2003,1428,336,35,59,36,206,1092,52,357,275,408
Putnam,2003,1436,335,64,68,17,186,1101,78,373,216,434
Queens,2003,46865,15570,2158,5743,170,7499,31295,11380,1462,7582,10871
Rensselaer,2003,3357,971,185,266,50,470,2386,122,466,555,1243
Richmond,2003,9059,2677,548,920,5,1204,6382,2233,503,1330,2316
Rockland,2003,4498,1383,321,324,74,664,3115,249,662,1060,1144
Saratoga,2003,4252,881,107,190,120,464,3371,196,1014,775,1386
Schenectady,2003,3800,1080,260,213,63,544,2720,183,378,852,1307
Schoharie,2003,742,154,13,28,24,89,588,17,192,173,206
Schuyler,2003,426,92,4,19,19,50,334,10,98,61,165
Seneca,2003,920,239,24,42,31,142,681,19,170,146,346
Steuben,2003,2168,564,48,103,86,327,1604,57,370,423,754
St. Lawrence,2003,2535,633,74,148,49,362,1902,31,430,446,995
Suffolk,2003,26101,7397,1022,1590,520,4265,18704,3922,4259,3602,6921
Sullivan,2003,2230,687,125,169,41,352,1543,176,304,339,724
Tioga,2003,913,194,22,37,28,107,719,25,203,135,356
Tompkins,2003,1665,301,32,78,32,159,1364,53,294,414,603
Ulster,2003,4838,1298,193,271,113,721,3540,326,1104,738,1372
Unknown-NonNYS,2003,79,68,7,23,1,37,11,0,2,1,8
Warren,2003,2360,540,47,115,57,321,1820,66,537,445,772
Washington,2003,1439,283,30,53,29,171,1156,35,333,214,574
Wayne,2003,2259,612,63,126,95,328,1647,91,357,415,784
Westchester,2003,16675,5313,1045,1688,143,2437,11362,1809,2199,3230,4124
Wyoming,2003,764,202,24,40,20,118,562,13,159,141,249
Yates,2003,441,98,7,14,17,60,343,4,87,63,189
Albany,2002,9752,3345,695,785,128,1737,6407,552,1221,1820,2814
Allegany,2002,1170,271,18,61,33,159,899,13,199,194,493
Bronx,2002,66013,23165,8195,7254,73,7643,42848,18778,513,10445,13112
Broome,2002,6169,1810,412,417,140,841,4359,226,584,1436,2113
Cattaraugus,2002,1802,378,21,103,53,201,1424,63,355,316,690
Cayuga,2002,1658,458,60,104,23,271,1200,28,259,382,531
Chautauqua,2002,4100,814,150,185,124,355,3286,138,773,723,1652
Chemung,2002,2520,577,80,148,77,272,1943,124,312,581,926
Chenango,2002,1245,264,8,70,24,162,981,21,230,237,493
Clinton,2002,2019,533,76,103,71,283,1486,42,408,409,627
Columbia,2002,1233,268,49,64,36,119,965,102,168,223,472
Cortland,2002,1562,277,15,82,31,149,1285,33,334,292,626
Delaware,2002,1228,298,28,83,35,152,930,28,244,215,443
Dutchess,2002,5575,1542,235,313,152,842,4033,267,1069,1018,1679
Erie,2002,25944,8305,1505,2584,423,3793,17639,2433,2581,5295,7330
Essex,2002,915,232,20,40,26,146,683,19,269,121,274
Franklin,2002,1291,366,53,87,37,189,925,40,230,201,454
Fulton,2002,1549,302,39,42,30,191,1247,41,321,292,593
Genesee,2002,1306,351,26,70,52,203,955,32,284,199,440
Greene,2002,1324,367,40,74,39,214,957,48,302,195,412
Hamilton,2002,78,12,1,2,3,6,66,4,34,13,15
Herkimer,2002,1338,314,41,96,36,141,1024,34,292,210,488
Jefferson,2002,2656,640,91,126,68,355,2016,73,558,563,822
Kings,2002,83216,28469,6170,10653,135,11511,54747,26224,854,10917,16752
Lewis,2002,442,119,6,18,13,82,323,9,114,69,131
Livingston,2002,1315,251,18,66,30,137,1064,30,296,271,467
Madison,2002,1424,298,31,86,7,174,1126,47,293,319,467
Monroe,2002,18471,5154,1125,1284,428,2317,13317,1184,1978,5004,5151
Montgomery,2002,1204,288,33,46,36,173,916,34,213,225,444
Nassau,2002,16551,5470,951,1652,230,2637,11081,1194,2767,3563,3557
New York,2002,84588,28964,11543,6715,150,10556,55624,21304,674,18268,15378
Niagara,2002,5219,1524,218,437,69,800,3695,139,682,967,1907
Oneida,2002,6094,1224,198,366,24,636,4870,287,893,1487,2203
Onondaga,2002,12063,4152,603,1236,137,2176,7911,694,1238,3051,2928
Ontario,2002,2253,575,82,95,76,322,1678,104,293,507,774
Orange,2002,9277,2604,527,581,195,1301,6673,713,1439,2053,2468
Orleans,2002,772,225,27,49,34,115,547,8,137,116,286
Oswego,2002,2533,621,50,163,83,325,1912,43,471,517,881
Otsego,2002,1328,303,35,73,35,160,1025,42,294,289,400
Putnam,2002,1383,318,40,78,15,185,1065,142,280,180,463
Queens,2002,45983,16030,2462,5943,205,7420,29953,11633,1273,6181,10866
Rensselaer,2002,3486,985,167,258,55,505,2501,100,561,563,1277
Richmond,2002,9565,3034,797,1039,7,1191,6531,2492,464,1373,2202
Rockland,2002,4200,1288,214,351,72,651,2912,269,572,1017,1054
Saratoga,2002,4209,867,91,207,108,461,3342,137,895,814,1496
Schenectady,2002,3685,1091,263,229,57,542,2594,131,397,857,1209
Schoharie,2002,689,142,14,24,20,84,547,16,166,126,239
Schuyler,2002,447,88,9,20,17,42,359,5,98,42,214
Seneca,2002,923,196,13,34,35,114,727,14,163,161,389
Steuben,2002,2185,529,24,92,100,313,1656,37,447,357,815
St. Lawrence,2002,2789,668,129,126,67,346,2121,43,601,486,991
Suffolk,2002,25851,7262,982,1647,556,4077,18589,3364,4007,3589,7629
Sullivan,2002,2145,638,94,183,51,310,1507,140,310,390,667
Tioga,2002,945,227,9,46,43,129,718,30,195,142,351
Tompkins,2002,1844,313,45,63,27,178,1531,72,288,462,709
Ulster,2002,4785,1256,184,279,135,658,3529,302,900,809,1518
Unknown-NonNYS,2002,74,59,9,24,1,25,15,0,2,5,8
Warren,2002,2311,534,50,88,74,322,1777,69,537,412,759
Washington,2002,1377,326,25,73,39,189,1051,30,304,181,536
Wayne,2002,2311,561,38,91,100,332,1750,103,314,485,848
Westchester,2002,16108,5302,893,1604,188,2617,10806,1566,2151,3212,3877
Wyoming,2002,813,257,26,34,34,163,556,13,197,94,252
Yates,2002,415,115,15,31,16,53,300,12,62,76,150
Albany,2001,9849,3076,657,764,116,1539,6773,932,1161,1993,2687
Allegany,2001,1143,239,12,53,32,142,904,22,246,188,448
Bronx,2001,64700,24191,8377,7919,72,7823,40509,17232,516,9713,13048
Broome,2001,6033,1636,347,341,142,806,4397,238,583,1389,2187
Cattaraugus,2001,1800,358,26,90,51,191,1442,44,342,384,672
Cayuga,2001,1791,463,58,113,24,268,1328,31,227,430,640
Chautauqua,2001,3789,821,98,199,119,405,2968,97,761,683,1427
Chemung,2001,2486,543,56,138,69,280,1943,91,360,600,892
Chenango,2001,1070,237,10,52,34,141,833,12,185,239,397
Clinton,2001,1982,507,52,100,55,300,1475,60,345,393,677
Columbia,2001,1372,304,48,81,54,121,1068,130,208,279,451
Cortland,2001,1388,285,28,79,28,150,1103,35,267,274,527
Delaware,2001,1165,235,14,41,30,150,930,33,257,205,435
Dutchess,2001,5790,1487,218,318,153,798,4303,231,1156,1170,1746
Erie,2001,25800,8122,1386,2533,391,3812,17678,2428,2636,5172,7442
Essex,2001,700,187,8,43,22,114,513,12,190,109,202
Franklin,2001,1195,315,33,69,22,191,880,21,236,211,412
Fulton,2001,1453,285,7,48,49,181,1168,13,373,259,523
Genesee,2001,1390,375,26,85,60,204,1015,61,293,278,383
Greene,2001,1324,351,30,80,34,207,973,37,311,197,428
Hamilton,2001,72,16,5,2,2,7,56,5,34,10,7
Herkimer,2001,1394,317,36,89,32,160,1077,32,285,217,543
Jefferson,2001,2406,576,74,123,58,321,1830,66,556,405,803
Kings,2001,91863,31582,7570,11441,187,12384,60281,28183,893,12872,18333
Lewis,2001,386,77,5,15,11,46,309,11,115,60,123
Livingston,2001,1310,232,27,48,25,132,1078,35,276,308,459
Madison,2001,1214,225,9,69,7,140,989,26,278,275,410
Monroe,2001,18485,5162,1067,1267,496,2332,13323,949,2057,5045,5272
Montgomery,2001,1232,272,47,63,31,131,960,29,188,235,508
Nassau,2001,16613,5616,1000,1564,244,2808,10997,1179,2661,3697,3460
New York,2001,86541,28866,10843,6967,191,10865,57675,21878,573,19998,15226
Niagara,2001,5291,1394,175,453,66,700,3897,179,665,1043,2010
Oneida,2001,5876,1181,214,322,20,625,4695,318,834,1414,2129
Onondaga,2001,12934,4482,597,1443,158,2284,8452,764,1326,3223,3139
Ontario,2001,2358,518,55,84,130,249,1840,120,360,553,807
Orange,2001,9555,2542,473,604,229,1236,7013,705,1641,2217,2450
Orleans,2001,704,207,53,37,31,86,497,29,98,140,230
Oswego,2001,2625,699,61,168,77,393,1926,30,442,565,889
Otsego,2001,1305,324,10,88,30,196,981,27,287,216,451
Putnam,2001,1225,262,38,56,12,156,963,65,277,203,418
Queens,2001,45767,16197,2506,6419,184,7088,29570,10608,1084,6461,11417
Rensselaer,2001,3494,982,164,273,65,480,2512,136,593,590,1193
Richmond,2001,9771,3312,992,1093,3,1224,6459,2069,398,1428,2564
Rockland,2001,3842,1194,198,312,69,615,2648,229,553,896,970
Saratoga,2001,3899,862,72,198,85,507,3037,103,885,749,1300
Schenectady,2001,3471,1087,252,247,49,539,2384,133,340,766,1145
Schoharie,2001,690,141,14,24,23,80,549,14,164,141,230
Schuyler,2001,400,70,3,12,15,40,330,3,86,58,183
Seneca,2001,830,186,12,24,25,125,644,9,129,131,375
Steuben,2001,2421,548,48,117,97,286,1873,33,504,421,915
St. Lawrence,2001,2549,635,85,122,68,360,1914,40,603,382,889
Suffolk,2001,23956,6954,768,1721,508,3957,17002,2741,3521,3508,7232
Sullivan,2001,2261,622,109,145,63,305,1639,154,354,364,767
Tioga,2001,946,211,15,31,49,116,735,15,250,152,318
Tompkins,2001,1876,294,20,80,32,162,1582,61,353,478,690
Ulster,2001,4535,1134,183,205,115,631,3401,290,889,805,1417
Unknown-NonNYS,2001,82,66,11,24,0,31,16,1,6,3,6
Unknown NYC county,2001,1,0,0,0,0,0,1,0,0,1,0
Warren,2001,2062,502,33,115,62,292,1560,38,471,320,731
Washington,2001,1462,354,39,71,59,185,1108,36,359,194,519
Wayne,2001,2221,501,43,97,86,275,1720,87,319,459,855
Westchester,2001,16093,5093,796,1659,177,2461,11000,1560,1999,3482,3959
Wyoming,2001,730,193,21,29,32,111,537,13,163,103,258
Yates,2001,470,112,2,10,12,88,358,5,80,83,190
Albany,2000,9527,2808,518,616,138,1536,6719,920,1296,2031,2472
Allegany,2000,1207,270,29,73,27,141,937,18,213,189,517
Bronx,2000,76630,25581,9587,8227,52,7715,51049,26694,457,11586,12312
Broome,2000,5769,1625,393,326,155,751,4144,265,628,1452,1799
Cattaraugus,2000,1781,342,38,86,50,168,1439,54,350,342,693
Cayuga,2000,1769,375,42,101,22,210,1394,32,309,428,625
Chautauqua,2000,3632,783,106,166,128,383,2849,81,757,639,1372
Chemung,2000,2714,637,106,138,111,282,2077,95,437,559,986
Chenango,2000,1136,274,12,60,31,171,862,24,182,184,472
Clinton,2000,1856,497,37,85,83,292,1359,53,336,410,560
Columbia,2000,1341,291,59,45,47,140,1050,94,230,263,463
Cortland,2000,1610,337,15,91,50,181,1273,35,280,314,644
Delaware,2000,1141,220,34,55,21,110,921,23,279,164,455
Dutchess,2000,5385,1381,258,273,150,700,4004,245,1084,1151,1524
Erie,2000,26869,8243,1277,2543,335,4088,18626,2495,2739,5417,7975
Essex,2000,827,216,18,55,24,119,611,12,194,137,268
Franklin,2000,1260,280,30,57,43,150,980,21,287,210,462
Fulton,2000,1579,317,22,60,46,189,1262,14,452,288,508
Genesee,2000,1396,315,25,82,49,159,1081,51,332,272,426
Greene,2000,1251,309,22,72,49,166,942,31,289,213,409
Hamilton,2000,80,12,1,4,4,3,68,5,30,13,20
Herkimer,2000,1329,305,32,89,23,161,1024,41,275,249,459
Jefferson,2000,2544,632,89,131,69,343,1912,57,593,436,826
Kings,2000,98678,33247,9135,12137,153,11822,65431,31623,955,15599,17254
Lewis,2000,404,96,1,26,11,58,308,0,102,81,125
Livingston,2000,1447,277,32,67,44,134,1170,30,279,289,572
Madison,2000,1330,236,9,65,5,157,1094,27,297,256,514
Monroe,2000,19257,5518,1334,1288,580,2316,13739,1157,2326,4939,5317
Montgomery,2000,1358,270,29,46,32,163,1088,46,231,277,534
Nassau,2000,15890,5121,860,1455,261,2545,10769,1153,2475,3747,3394
New York,2000,100192,32389,13419,7705,190,11075,67803,28874,665,22431,15833
Niagara,2000,5573,1332,161,467,51,653,4241,192,781,1011,2257
Oneida,2000,4677,1042,183,298,27,534,3635,184,800,1032,1619
Onondaga,2000,13024,4421,576,1264,164,2417,8603,748,1476,3109,3270
Ontario,2000,2255,565,53,90,109,313,1690,99,371,507,713
Orange,2000,9834,2507,497,606,246,1158,7327,706,1623,2217,2781
Orleans,2000,763,189,33,39,26,91,574,23,174,134,243
Oswego,2000,2401,620,53,149,59,359,1781,25,406,476,874
Otsego,2000,1469,338,12,89,29,208,1131,16,324,293,498
Putnam,2000,1292,270,51,66,13,140,1022,68,357,197,400
Queens,2000,51662,18076,3730,6836,196,7314,33586,12873,1032,7432,12249
Rensselaer,2000,3479,944,163,268,89,424,2535,137,624,625,1149
Richmond,2000,10746,3946,1542,1111,6,1287,6800,2726,341,1365,2368
Rockland,2000,3683,1091,193,265,76,557,2592,241,589,843,919
Saratoga,2000,3946,810,68,171,113,458,3136,109,815,790,1422
Schenectady,2000,3173,1075,253,238,69,515,2098,184,292,631,991
Schoharie,2000,702,150,23,23,25,79,552,13,153,140,246
Schuyler,2000,455,97,2,18,37,40,358,5,93,62,198
Seneca,2000,861,137,6,23,25,83,724,14,146,149,415
Steuben,2000,2556,584,48,94,105,337,1972,38,539,449,946
St. Lawrence,2000,2582,580,59,123,69,329,2002,42,548,463,949
Suffolk,2000,25191,7144,1015,1757,529,3843,18047,3013,3967,3539,7528
Sullivan,2000,2296,693,130,185,58,320,1603,149,337,372,745
Tioga,2000,948,202,11,40,44,107,746,7,167,195,377
Tompkins,2000,1957,364,35,74,37,218,1593,77,354,419,743
Ulster,2000,4358,1042,127,224,127,564,3316,303,875,766,1372
Unknown-NonNYS,2000,82,70,11,22,1,36,12,0,2,2,8
Warren,2000,2178,549,45,120,69,315,1629,26,462,330,811
Washington,2000,1415,363,27,93,49,194,1052,20,307,238,487
Wayne,2000,2439,550,58,78,119,295,1889,95,385,527,882
Westchester,2000,16340,4953,770,1520,197,2466,11387,1437,2133,3750,4067
Wyoming,2000,867,218,7,66,38,107,649,11,195,142,301
Yates,2000,392,112,5,21,18,68,280,3,55,68,154
Albany,1999,9265,2616,612,580,117,1307,6649,1073,1246,1840,2490
Allegany,1999,1087,218,19,67,24,108,869,23,196,187,463
Bronx,1999,67372,25964,10447,8217,32,7268,41408,19217,578,10456,11157
Broome,1999,5996,1548,339,352,142,715,4448,226,705,1545,1972
Cattaraugus,1999,1736,342,34,85,56,167,1394,60,366,330,638
Cayuga,1999,1799,361,59,88,27,187,1438,30,254,497,657
Chautauqua,1999,3602,779,126,182,145,326,2823,95,641,747,1340
Chemung,1999,2641,552,89,104,101,258,2089,96,354,655,984
Chenango,1999,1124,249,8,61,30,150,875,14,175,233,453
Clinton,1999,1924,466,33,91,68,274,1458,32,387,418,621
Columbia,1999,1372,320,44,89,36,151,1052,76,216,305,455
Cortland,1999,1448,298,24,72,35,167,1150,28,328,266,528
Delaware,1999,1056,198,13,50,36,99,858,15,223,198,422
Dutchess,1999,5310,1356,236,307,134,679,3954,293,954,1205,1502
Erie,1999,27611,8344,1541,2598,294,3911,19267,2941,2592,5541,8193
Essex,1999,779,201,18,55,23,105,578,14,200,103,261
Franklin,1999,1398,287,32,59,38,158,1111,15,338,219,539
Fulton,1999,1608,337,47,64,50,176,1271,26,362,294,589
Genesee,1999,1327,387,27,88,59,213,940,30,274,242,394
Greene,1999,1073,302,37,79,47,139,771,38,234,189,310
Hamilton,1999,99,23,1,3,5,14,76,3,39,16,18
Herkimer,1999,1273,277,27,94,25,131,996,15,280,218,483
Jefferson,1999,2802,670,106,148,79,337,2132,97,582,495,958
Kings,1999,87751,34420,9272,12993,207,11948,53331,21376,960,14633,16362
Lewis,1999,433,141,1,20,19,101,292,1,99,64,128
Livingston,1999,1488,260,12,67,34,147,1228,29,311,328,560
Madison,1999,1341,265,26,61,5,173,1076,31,266,322,457
Monroe,1999,19904,5487,1457,1257,470,2303,14417,1189,2764,5106,5358
Montgomery,1999,1589,330,67,55,42,166,1259,57,239,316,647
Nassau,1999,16417,5291,924,1553,270,2544,11126,1089,2576,4029,3432
New York,1999,98905,33774,14885,7922,173,10794,65131,25279,596,24711,14545
Niagara,1999,5947,1529,226,498,67,738,4418,211,742,1120,2345
Oneida,1999,5412,1033,232,297,46,458,4379,298,844,1296,1941
Onondaga,1999,13428,4414,626,1436,190,2162,9014,885,1450,3079,3600
Ontario,1999,2360,567,60,99,112,296,1793,89,393,532,779
Orange,1999,9722,2347,501,513,221,1112,7375,713,1417,2518,2727
Orleans,1999,839,213,23,47,55,88,626,30,207,167,222
Oswego,1999,2464,599,47,166,61,325,1865,34,431,482,918
Otsego,1999,1474,286,7,67,30,182,1188,29,358,284,517
Putnam,1999,1459,353,75,58,21,199,1106,61,384,240,421
Queens,1999,50153,18753,3711,7201,207,7634,31400,10485,970,7601,12344
Rensselaer,1999,3490,862,173,227,64,398,2628,180,660,594,1194
Richmond,1999,10188,4093,1782,1124,5,1182,6095,2054,371,1405,2265
Rockland,1999,3896,1081,203,286,70,522,2815,308,574,948,985
Saratoga,1999,3432,713,45,160,111,397,2719,61,754,685,1219
Schenectady,1999,3286,996,242,236,71,447,2290,238,362,624,1066
Schoharie,1999,624,112,7,17,18,70,512,7,132,144,229
Schuyler,1999,425,126,3,31,25,67,299,5,72,51,171
Seneca,1999,1006,195,13,48,30,104,811,27,120,161,503
Steuben,1999,2660,612,72,116,135,289,2048,42,454,456,1096
St. Lawrence,1999,2571,541,63,80,63,335,2030,45,502,486,997
Suffolk,1999,24313,6969,1241,1638,543,3547,17344,3080,4098,3801,6365
Sullivan,1999,2160,584,68,167,42,307,1576,127,297,420,732
Tioga,1999,1074,209,21,40,35,113,865,18,237,161,449
Tompkins,1999,2019,349,32,104,37,176,1670,78,391,428,773
Ulster,1999,4867,1202,202,253,142,605,3665,280,943,864,1578
Unknown-NonNYS,1999,98,89,14,23,2,50,9,1,1,3,4
Warren,1999,2052,491,21,83,86,301,1561,25,415,375,746
Washington,1999,1500,365,26,94,39,206,1135,19,367,221,528
Wayne,1999,2182,490,52,88,82,268,1692,71,303,463,855
Westchester,1999,15820,4845,858,1411,164,2412,10975,1603,1874,3858,3640
Wyoming,1999,737,185,19,46,32,88,552,18,151,108,275
Yates,1999,421,96,1,25,15,55,325,3,61,85,176
Albany,1998,10291,3014,763,695,118,1438,7277,972,1204,2137,2964
Allegany,1998,1151,237,16,57,27,137,914,13,229,223,449
Bronx,1998,74475,30432,12944,9440,44,8004,44043,18139,613,14260,11031
Broome,1998,6132,1617,331,354,128,804,4515,214,701,1431,2169
Cattaraugus,1998,2060,416,35,80,73,228,1644,46,406,435,757
Cayuga,1998,1948,433,62,130,24,217,1515,31,303,543,638
Chautauqua,1998,3950,837,174,183,118,362,3113,94,760,800,1459
Chemung,1998,2746,599,105,117,117,260,2147,56,411,627,1053
Chenango,1998,1116,218,8,46,30,134,898,20,208,204,466
Clinton,1998,1771,465,49,119,66,231,1306,28,379,322,577
Columbia,1998,1327,369,46,117,31,175,958,57,197,251,453
Cortland,1998,1332,267,8,75,15,169,1065,14,245,264,542
Delaware,1998,1119,187,10,34,30,113,932,18,196,237,481
Dutchess,1998,5646,1517,228,319,137,833,4129,264,865,1316,1684
Erie,1998,28521,8702,1690,2804,311,3897,19819,2853,2581,6130,8255
Essex,1998,766,193,12,44,24,113,573,9,196,100,268
Franklin,1998,1217,317,55,53,39,170,900,22,278,211,389
Fulton,1998,1475,285,26,67,34,158,1190,36,297,317,540
Genesee,1998,1446,365,32,65,59,209,1081,26,324,276,455
Greene,1998,1092,278,21,56,34,167,814,32,264,187,331
Hamilton,1998,83,18,2,6,5,5,65,1,32,14,18
Herkimer,1998,1390,324,32,93,33,166,1066,8,293,274,491
Jefferson,1998,2944,681,74,136,98,373,2263,108,604,565,986
Kings,1998,95695,39480,11150,14885,290,13155,56215,21836,1217,15688,17474
Lewis,1998,413,112,11,21,22,58,301,2,87,68,144
Livingston,1998,1424,260,27,52,34,147,1164,26,265,309,564
Madison,1998,1461,245,14,62,7,162,1216,23,274,299,620
Monroe,1998,20682,5768,1505,1364,506,2393,14914,1145,2696,5454,5619
Montgomery,1998,1486,298,52,55,28,163,1188,57,216,326,589
Nassau,1998,19381,5820,1007,1648,299,2866,13561,1223,3790,4804,3744
New York,1998,112680,36577,16068,9342,184,10983,76103,29460,694,30526,15423
Niagara,1998,5837,1519,189,521,83,726,4318,209,630,1335,2144
Oneida,1998,5634,1086,211,325,29,521,4548,230,874,1281,2163
Onondaga,1998,14143,4625,861,1406,201,2157,9518,1047,1539,3231,3701
Ontario,1998,2438,543,47,92,121,283,1895,76,420,563,836
Orange,1998,9692,2468,577,589,225,1077,7224,758,1316,2374,2776
Orleans,1998,929,238,39,72,38,89,691,24,225,151,291
Oswego,1998,2637,637,42,173,65,357,2000,22,481,559,938
Otsego,1998,1418,277,16,58,42,161,1141,24,384,274,459
Putnam,1998,1429,312,58,72,17,165,1117,71,370,221,455
Queens,1998,52227,20007,4551,7927,214,7315,32220,10620,1284,7979,12337
Rensselaer,1998,3434,930,180,246,51,453,2504,128,538,652,1186
Richmond,1998,10352,3699,1266,1182,3,1248,6653,2532,438,1289,2394
Rockland,1998,3775,1225,331,279,77,538,2550,207,540,869,934
Saratoga,1998,3611,768,64,186,95,423,2843,78,705,756,1304
Schenectady,1998,3817,1181,347,246,88,500,2636,354,448,680,1154
Schoharie,1998,764,166,7,20,24,115,598,20,155,155,268
Schuyler,1998,432,97,5,21,17,54,335,9,88,53,185
Seneca,1998,1087,210,21,55,35,99,877,15,132,173,557
Steuben,1998,2502,640,73,128,123,316,1862,42,477,481,862
St. Lawrence,1998,2597,538,50,118,77,293,2059,46,512,547,954
Suffolk,1998,25642,7547,1242,1782,562,3961,18095,2596,5059,3570,6870
Sullivan,1998,2089,598,77,183,48,290,1491,97,325,438,631
Tioga,1998,1298,263,12,31,79,141,1035,29,261,192,553
Tompkins,1998,2055,356,43,80,34,199,1699,88,370,502,739
Ulster,1998,5194,1258,206,287,139,626,3936,348,941,899,1748
Unknown-NonNYS,1998,80,76,10,20,0,46,4,0,2,1,1
Unknown NYC county,1998,39,24,3,4,0,17,15,1,0,3,11
Warren,1998,2184,557,34,113,69,341,1627,20,386,461,760
Washington,1998,1587,367,24,86,46,211,1220,16,394,217,593
Wayne,1998,2464,605,90,111,85,319,1859,102,312,474,971
Westchester,1998,15795,4735,685,1362,206,2482,11060,1657,1999,3773,3631
Wyoming,1998,896,174,13,52,31,78,722,27,262,128,305
Yates,1998,426,109,9,15,24,61,317,1,68,88,160
Albany,1997,10404,3152,755,840,153,1404,7252,923,1167,2309,2853
Allegany,1997,1161,208,22,58,26,102,953,12,218,232,491
Bronx,1997,69232,29363,11836,9613,46,7868,39869,12433,762,15780,10894
Broome,1997,6103,1562,302,359,106,795,4541,195,688,1451,2207
Cattaraugus,1997,2128,401,41,90,67,203,1727,45,375,495,812
Cayuga,1997,1848,385,62,80,30,213,1463,52,293,504,614
Chautauqua,1997,4139,843,142,187,127,387,3296,73,772,867,1584
Chemung,1997,2744,537,80,120,103,234,2207,52,392,674,1089
Chenango,1997,1172,212,9,39,26,138,960,7,191,285,477
Clinton,1997,2129,571,84,127,59,301,1558,35,414,393,716
Columbia,1997,1447,432,91,120,50,171,1015,78,183,277,477
Cortland,1997,1417,244,7,73,14,150,1173,24,250,319,580
Delaware,1997,1228,231,7,46,27,151,997,14,218,243,522
Dutchess,1997,5708,1520,281,354,124,761,4188,233,877,1331,1747
Erie,1997,30231,9254,1875,3072,353,3954,20977,3631,2604,6562,8180
Essex,1997,735,187,19,40,19,109,548,8,159,122,259
Franklin,1997,1198,304,41,54,45,164,894,29,239,214,412
Fulton,1997,1512,266,23,64,24,155,1246,20,241,404,581
Genesee,1997,1493,376,35,62,65,214,1117,27,322,335,433
Greene,1997,1190,311,36,71,32,172,879,44,272,234,329
Hamilton,1997,65,10,1,2,2,5,55,3,30,10,12
Herkimer,1997,1314,296,27,89,32,148,1018,17,276,240,485
Jefferson,1997,2777,652,62,154,68,368,2125,44,624,567,890
Kings,1997,92838,39930,10552,15660,287,13431,52908,17476,1264,16293,17875
Lewis,1997,391,118,4,35,14,65,273,3,73,60,137
Livingston,1997,1392,233,26,46,26,135,1159,29,304,293,533
Madison,1997,1441,291,22,64,6,199,1150,30,248,351,521
Monroe,1997,19916,5385,1121,1340,431,2493,14531,1014,2238,5678,5601
Montgomery,1997,1429,278,42,55,23,158,1151,47,232,278,594
Nassau,1997,21543,6349,1125,1696,368,3160,15194,1490,4144,5629,3931
New York,1997,114490,37114,14589,10339,131,12055,77376,24184,782,35867,16543
Niagara,1997,5744,1500,171,496,74,759,4244,180,659,1359,2046
Oneida,1997,5711,1155,197,327,18,613,4556,234,879,1312,2131
Onondaga,1997,14199,4652,707,1541,198,2206,9547,777,1413,3456,3901
Ontario,1997,2682,594,49,95,115,335,2088,84,431,655,918
Orange,1997,9994,2510,568,639,229,1074,7484,775,1242,2460,3007
Orleans,1997,932,247,43,55,41,108,685,12,211,198,264
Oswego,1997,2461,530,53,148,46,283,1931,38,414,568,911
Otsego,1997,1610,317,23,74,33,187,1293,27,338,351,577
Putnam,1997,1346,319,57,66,15,181,1027,60,379,219,369
Queens,1997,48734,19923,3801,8247,180,7695,28811,8268,1212,7980,11351
Rensselaer,1997,3381,997,233,264,66,434,2384,102,550,584,1148
Richmond,1997,10036,3980,952,1689,2,1337,6056,1466,541,1577,2472
Rockland,1997,3660,1163,320,338,62,443,2497,213,530,816,938
Saratoga,1997,3655,743,58,157,98,430,2912,65,703,774,1370
Schenectady,1997,3564,1135,232,261,77,565,2429,297,456,622,1054
Schoharie,1997,744,160,4,20,30,106,584,6,125,180,273
Schuyler,1997,384,89,6,25,17,41,295,8,101,45,141
Seneca,1997,1015,164,8,40,24,92,851,25,123,223,480
Steuben,1997,2275,547,66,110,95,276,1728,46,445,437,800
St. Lawrence,1997,2769,577,37,132,79,329,2192,30,493,643,1026
Suffolk,1997,25361,7440,1079,1775,575,4011,17921,2516,5372,3399,6634
Sullivan,1997,2290,694,78,224,54,338,1596,99,301,478,718
Tioga,1997,1153,236,14,46,58,118,917,18,181,203,515
Tompkins,1997,2233,415,56,91,46,222,1818,104,303,602,809
Ulster,1997,4803,1243,198,329,146,570,3560,257,868,902,1533
Unknown-NonNYS,1997,79,73,11,28,1,33,6,0,0,1,5
Unknown NYC county,1997,40,26,4,7,0,15,14,0,0,0,14
Warren,1997,2102,559,23,119,48,369,1543,19,342,420,762
Washington,1997,1574,350,38,82,46,184,1224,27,366,272,559
Wayne,1997,2563,568,67,104,108,289,1995,89,331,546,1029
Westchester,1997,16240,4923,778,1419,175,2551,11317,1686,2006,4016,3609
Wyoming,1997,852,168,17,35,35,81,684,14,221,144,305
Yates,1997,435,85,4,13,20,48,350,13,73,82,182
Albany,1996,9911,2838,640,776,139,1283,7073,832,1076,2538,2627
Allegany,1996,1262,270,20,68,35,147,992,16,223,260,493
Bronx,1996,65547,30496,13115,9561,52,7768,35051,11198,861,13127,9865
Broome,1996,5781,1419,307,301,120,691,4362,277,641,1435,2009
Cattaraugus,1996,2045,359,39,82,57,181,1686,45,396,469,776
Cayuga,1996,1973,376,66,97,19,194,1597,60,283,584,670
Chautauqua,1996,4068,837,138,190,120,389,3231,77,728,909,1517
Chemung,1996,2739,535,104,132,92,207,2204,66,446,651,1041
Chenango,1996,1211,243,15,49,25,154,968,5,198,238,527
Clinton,1996,2152,489,27,116,67,279,1663,30,442,420,771
Columbia,1996,1521,402,106,99,36,161,1119,77,192,350,500
Cortland,1996,1704,228,18,72,2,136,1476,25,285,463,703
Delaware,1996,1348,255,15,73,31,136,1093,17,249,293,534
Dutchess,1996,6097,1556,352,359,167,678,4541,283,922,1543,1793
Erie,1996,28698,8822,1840,2981,294,3707,19876,3199,2580,6581,7516
Essex,1996,820,221,4,57,22,138,599,8,169,136,286
Franklin,1996,1225,278,17,68,30,163,947,25,237,252,433
Fulton,1996,1617,329,26,79,37,187,1288,17,273,403,595
Genesee,1996,1537,343,26,81,75,161,1194,34,288,355,517
Greene,1996,1077,277,34,75,31,137,800,30,254,191,325
Hamilton,1996,84,13,0,1,2,10,71,2,42,10,17
Herkimer,1996,1332,323,24,107,47,145,1009,20,277,250,462
Jefferson,1996,2683,660,64,159,61,376,2023,40,526,610,847
Kings,1996,85699,40343,11665,16070,140,12468,45356,14390,1309,13943,15714
Lewis,1996,413,105,3,26,18,58,308,0,79,77,152
Livingston,1996,1350,224,19,43,26,136,1126,14,279,309,524
Madison,1996,1449,234,26,65,7,136,1215,9,285,361,560
Monroe,1996,21474,5154,1150,1491,368,2145,16320,1166,2092,6019,7043
Montgomery,1996,1655,286,67,51,27,141,1369,95,277,354,643
Nassau,1996,22174,6493,1121,1704,390,3278,15681,1249,4120,6164,4148
New York,1996,109299,38022,15068,10587,207,12160,71277,21904,898,31746,16729
Niagara,1996,6196,1620,245,566,79,730,4576,237,885,1430,2024
Oneida,1996,5686,1104,189,370,24,521,4582,246,1024,1339,1973
Onondaga,1996,15068,4616,881,1478,206,2051,10452,893,1662,3613,4284
Ontario,1996,2714,569,80,101,127,261,2145,68,461,616,1000
Orange,1996,9616,2392,565,620,194,1013,7224,701,1303,2248,2972
Orleans,1996,936,250,20,72,40,118,686,11,193,185,297
Oswego,1996,2532,523,37,150,53,283,2009,35,512,551,911
Otsego,1996,1753,378,38,82,35,223,1375,33,370,387,585
Putnam,1996,1321,364,71,88,23,182,957,83,301,219,354
Queens,1996,44601,19946,4475,7829,180,7462,24655,5688,1154,7782,10031
Rensselaer,1996,3312,852,150,276,60,366,2460,119,467,692,1182
Richmond,1996,9233,3774,1000,1596,0,1178,5459,1006,422,1724,2307
Rockland,1996,3685,1112,267,308,53,484,2573,255,467,754,1097
Saratoga,1996,4040,803,64,192,109,438,3237,61,784,888,1504
Schenectady,1996,3156,940,219,234,47,440,2216,221,439,720,836
Schoharie,1996,699,156,11,31,15,99,543,18,164,150,211
Schuyler,1996,481,101,5,19,25,52,380,10,114,66,190
Seneca,1996,975,147,13,29,22,83,828,13,132,191,492
Steuben,1996,2081,522,34,115,110,263,1559,24,387,419,729
St. Lawrence,1996,2689,473,27,128,70,248,2216,40,545,679,952
Suffolk,1996,24094,6938,1172,1796,500,3470,17156,2409,5301,2906,6540
Sullivan,1996,2169,636,63,216,47,310,1533,86,295,446,706
Tioga,1996,1154,241,22,42,34,143,913,29,184,171,529
Tompkins,1996,2271,428,52,90,44,242,1843,59,321,623,840
Ulster,1996,5105,1253,179,327,134,613,3852,395,780,997,1680
Unknown-NonNYS,1996,80,79,14,30,1,34,1,0,0,0,1
Unknown NYC county,1996,46,29,4,13,0,12,17,0,1,4,12
Warren,1996,2209,497,39,113,65,280,1712,24,336,496,856
Washington,1996,1596,326,23,82,42,179,1270,13,403,245,609
Wayne,1996,2859,628,117,116,115,280,2231,137,383,617,1094
Westchester,1996,15693,4687,671,1500,178,2338,11006,1491,1942,4086,3487
Wyoming,1996,836,163,18,38,19,88,673,34,186,155,298
Yates,1996,555,96,1,16,22,57,459,3,97,109,250
Albany,1995,10417,3010,753,868,145,1244,7407,1025,1102,2460,2820
Allegany,1995,1164,233,17,61,35,120,931,8,246,222,455
Bronx,1995,67349,31974,12662,10835,17,8460,35375,11712,1117,11906,10640
Broome,1995,5744,1450,342,316,130,662,4294,409,555,1575,1755
Cattaraugus,1995,1955,405,53,95,60,197,1550,29,421,461,639
Cayuga,1995,1806,408,64,94,33,217,1398,68,294,488,548
Chautauqua,1995,3872,838,134,206,128,370,3034,59,696,909,1370
Chemung,1995,2307,487,103,107,104,173,1820,68,397,545,810
Chenango,1995,1043,179,3,37,24,115,864,7,160,249,448
Clinton,1995,2177,438,49,92,74,223,1739,39,476,468,756
Columbia,1995,1430,391,87,100,36,168,1039,72,231,262,474
Cortland,1995,1522,261,19,83,7,152,1261,21,293,377,570
Delaware,1995,1377,232,8,57,28,139,1145,22,281,304,538
Dutchess,1995,5848,1572,373,360,168,671,4276,225,941,1434,1676
Erie,1995,27768,8491,1710,2928,332,3521,19277,2690,2821,6775,6991
Essex,1995,796,160,10,45,21,84,636,10,213,154,259
Franklin,1995,1233,301,15,71,29,186,932,17,242,299,374
Fulton,1995,1519,289,43,56,32,158,1230,14,265,406,545
Genesee,1995,1486,326,27,85,60,154,1160,30,350,386,394
Greene,1995,1154,279,32,55,27,165,875,38,291,259,287
Hamilton,1995,86,20,0,7,5,8,66,3,26,16,21
Herkimer,1995,1260,278,21,64,28,165,982,9,324,242,407
Jefferson,1995,2698,607,73,141,83,310,2091,56,618,569,848
Kings,1995,81260,39093,9848,16786,62,12397,42167,11839,1400,14963,13965
Lewis,1995,468,145,9,31,17,88,323,3,108,87,125
Livingston,1995,1393,190,5,33,23,129,1203,16,346,378,463
Madison,1995,1352,229,25,69,8,127,1123,21,291,365,446
Monroe,1995,20308,4868,969,1502,377,2020,15440,1009,1934,6128,6369
Montgomery,1995,1445,228,41,49,39,99,1217,30,285,330,572
Nassau,1995,19935,6204,970,1749,366,3119,13731,1250,3440,5465,3576
New York,1995,114384,40598,16223,11562,101,12712,73786,22927,1117,33513,16229
Niagara,1995,5411,1379,255,516,63,545,4032,149,865,1249,1769
Oneida,1995,4972,1282,300,362,50,570,3690,139,1044,1071,1436
Onondaga,1995,14530,4351,922,1437,173,1819,10179,754,1459,3666,4300
Ontario,1995,2467,527,67,98,111,251,1940,50,475,536,879
Orange,1995,9473,2169,427,578,192,972,7304,744,1222,2473,2865
Orleans,1995,867,200,20,53,36,91,667,20,179,183,285
Oswego,1995,2466,545,30,147,56,312,1921,30,480,586,825
Otsego,1995,1469,235,19,59,27,130,1234,24,281,356,573
Putnam,1995,1423,367,120,62,25,160,1056,81,375,220,380
Queens,1995,45204,19846,4069,8771,34,6972,25358,5547,1768,7971,10072
Rensselaer,1995,3358,833,181,249,56,347,2525,118,513,714,1180
Richmond,1995,8552,3616,897,1599,0,1120,4936,894,382,1505,2155
Rockland,1995,3304,969,222,293,73,381,2335,348,486,712,789
Saratoga,1995,3903,787,61,186,109,431,3116,54,853,831,1378
Schenectady,1995,2829,768,144,241,42,341,2061,190,412,641,818
Schoharie,1995,633,126,15,25,19,67,507,24,146,135,202
Schuyler,1995,417,103,9,12,18,64,314,8,66,81,159
Seneca,1995,859,159,5,31,29,94,700,16,146,165,373
Steuben,1995,1957,463,31,129,81,222,1494,37,365,459,633
St. Lawrence,1995,2583,549,53,128,55,313,2034,37,482,706,809
Suffolk,1995,22318,7111,1252,1812,441,3606,15207,2118,4485,2761,5843
Sullivan,1995,2361,711,58,251,54,348,1650,91,338,477,744
Tioga,1995,974,181,12,33,43,93,793,9,185,187,412
Tompkins,1995,2194,437,64,101,37,235,1757,59,349,658,691
Ulster,1995,5105,1203,221,268,130,584,3902,355,875,1051,1621
Unknown-NonNYS,1995,110,102,21,25,2,54,8,0,2,2,4
Unknown NYC county,1995,23,17,5,9,0,3,6,0,0,0,6
Warren,1995,2050,476,29,131,45,271,1574,25,380,401,768
Washington,1995,1620,287,19,76,46,146,1333,21,457,277,578
Wayne,1995,2876,605,66,133,120,286,2271,108,358,694,1111
Westchester,1995,15292,4645,857,1413,209,2166,10647,1306,1937,4051,3353
Wyoming,1995,846,173,7,40,39,87,673,22,239,144,268
Yates,1995,471,97,6,17,23,51,374,5,100,83,186
Albany,1994,10003,2987,736,875,132,1244,7016,880,1176,2309,2651
Allegany,1994,1019,218,8,59,37,114,801,12,245,207,337
Bronx,1994,63890,33294,13143,11350,9,8792,30596,8771,1074,11486,9265
Broome,1994,5295,1183,268,311,128,476,4112,388,631,1498,1595
Cattaraugus,1994,1830,380,39,95,66,180,1450,20,369,467,594
Cayuga,1994,1669,366,45,121,29,171,1303,40,252,487,524
Chautauqua,1994,3496,682,119,191,98,274,2814,41,738,870,1165
Chemung,1994,2296,432,78,98,54,202,1864,41,377,711,735
Chenango,1994,1179,223,7,42,31,143,956,13,230,275,438
Clinton,1994,1970,450,20,98,59,273,1520,34,439,518,529
Columbia,1994,1132,331,42,98,48,143,801,42,215,220,324
Cortland,1994,1343,198,8,72,4,114,1145,27,316,350,452
Delaware,1994,1330,202,8,46,21,127,1128,4,300,332,492
Dutchess,1994,6498,1613,376,330,179,728,4885,299,1325,1569,1692
Erie,1994,26777,8236,1779,2852,297,3308,18541,2648,3000,6829,6064
Essex,1994,704,188,11,59,15,103,516,10,194,130,182
Franklin,1994,1202,248,7,65,29,147,954,13,276,241,424
Fulton,1994,1334,275,8,65,27,175,1059,12,225,400,422
Genesee,1994,1373,264,19,74,59,112,1109,21,321,320,447
Greene,1994,1002,272,28,67,38,139,730,31,244,225,230
Hamilton,1994,90,11,0,5,3,3,79,0,35,25,19
Herkimer,1994,1185,255,28,75,40,112,930,22,325,256,327
Jefferson,1994,2743,623,66,153,87,317,2120,55,722,623,720
Kings,1994,80677,39888,10115,17829,41,11903,40789,10592,1517,15492,13188
Lewis,1994,456,144,7,26,24,87,312,15,111,72,114
Livingston,1994,1382,173,4,31,19,119,1209,15,418,337,439
Madison,1994,1296,195,22,36,17,120,1101,11,330,363,397
Monroe,1994,19253,4712,1064,1571,362,1715,14541,912,1795,6042,5792
Montgomery,1994,1191,172,24,33,30,85,1019,31,286,289,413
Nassau,1994,19314,6397,1128,1714,327,3228,12917,1216,3610,4618,3473
New York,1994,112674,41867,15904,13531,45,12387,70807,17776,1337,35325,16369
Niagara,1994,5219,1229,224,400,60,545,3990,176,928,1291,1595
Oneida,1994,4888,1135,227,332,45,531,3753,152,1121,1052,1428
Onondaga,1994,12844,3973,892,1250,171,1660,8871,715,1568,3277,3311
Ontario,1994,2274,496,69,103,133,191,1778,35,477,506,760
Orange,1994,9337,2366,471,649,215,1031,6971,777,1323,2203,2668
Orleans,1994,926,238,49,65,51,73,688,8,216,197,267
Oswego,1994,2513,604,23,157,76,348,1909,20,612,552,725
Otsego,1994,1413,271,13,58,35,165,1142,14,330,313,485
Putnam,1994,1562,352,90,71,19,172,1210,80,458,281,391
Queens,1994,43384,19616,4557,8648,32,6379,23768,4733,1327,8149,9559
Rensselaer,1994,3071,821,184,238,61,338,2250,106,555,616,973
Richmond,1994,7193,3336,721,1454,0,1161,3857,702,391,1159,1605
Rockland,1994,3039,921,201,246,77,397,2118,339,542,539,698
Saratoga,1994,3738,711,52,201,111,347,3027,54,888,850,1235
Schenectady,1994,2733,796,123,246,38,389,1937,125,406,684,722
Schoharie,1994,666,121,7,23,25,66,545,21,215,120,189
Schuyler,1994,382,78,3,14,21,40,304,5,106,60,133
Seneca,1994,820,177,5,37,32,103,643,16,131,145,351
Steuben,1994,1926,442,30,113,78,221,1484,42,356,502,584
St. Lawrence,1994,2437,554,33,118,82,321,1883,112,464,570,737
Suffolk,1994,21650,7050,1336,1887,302,3525,14600,1780,4588,2639,5593
Sullivan,1994,2713,832,87,323,70,352,1881,109,399,548,825
Tioga,1994,1034,211,6,37,36,132,823,25,184,183,431
Tompkins,1994,2231,388,44,88,18,238,1843,113,287,693,750
Ulster,1994,5035,1308,245,309,140,614,3727,412,907,930,1478
Unknown-NonNYS,1994,99,95,17,34,1,43,4,0,0,2,2
Unknown NYC county,1994,45,41,4,16,0,21,4,0,0,2,2
Warren,1994,2172,387,24,115,38,210,1785,43,473,457,812
Washington,1994,1377,240,20,72,23,125,1137,10,378,228,521
Wayne,1994,2665,589,82,130,77,300,2076,69,340,584,1083
Westchester,1994,14953,4530,896,1444,168,2022,10423,1498,2060,3809,3056
Wyoming,1994,813,174,6,45,38,85,639,6,195,146,292
Yates,1994,426,88,5,11,25,47,338,4,96,87,151
Albany,1993,10182,2918,760,860,149,1149,7264,797,1308,2250,2909
Allegany,1993,1000,221,13,59,28,121,779,7,229,210,333
Bronx,1993,51831,29740,11030,10825,7,7878,22091,5995,944,7934,7218
Broome,1993,4986,1127,239,311,110,467,3859,283,657,1432,1487
Cattaraugus,1993,1525,309,17,56,73,163,1216,17,404,357,438
Cayuga,1993,1748,392,66,101,20,205,1356,36,260,530,530
Chautauqua,1993,3353,582,93,154,94,241,2771,78,755,826,1112
Chemung,1993,2122,410,74,77,67,192,1712,38,395,595,684
Chenango,1993,1122,160,5,41,27,87,962,11,260,244,447
Clinton,1993,1996,458,26,111,73,248,1538,42,526,521,449
Columbia,1993,1146,322,64,86,30,142,824,28,182,237,377
Cortland,1993,1344,200,9,73,4,114,1144,10,345,343,446
Delaware,1993,1381,248,10,70,28,140,1133,9,291,298,535
Dutchess,1993,6476,1725,359,414,199,753,4751,253,1308,1525,1665
Erie,1993,26572,8133,1774,2706,260,3393,18439,2891,2937,6688,5923
Essex,1993,688,168,9,47,23,89,520,11,196,113,200
Franklin,1993,1264,255,16,61,55,123,1009,14,350,241,404
Fulton,1993,1217,218,11,64,27,116,999,18,272,343,366
Genesee,1993,1317,265,19,61,44,141,1052,27,290,313,422
Greene,1993,1148,274,41,56,44,133,874,40,312,256,266
Hamilton,1993,114,33,0,9,7,17,81,3,45,20,13
Herkimer,1993,1282,271,37,75,34,125,1011,10,392,244,365
Jefferson,1993,2684,545,42,127,96,280,2139,64,745,595,735
Kings,1993,63162,35119,9486,15485,13,10135,28043,6935,1528,11002,8578
Lewis,1993,465,131,7,28,17,79,334,1,135,67,131
Livingston,1993,1516,220,27,52,28,113,1296,27,409,327,533
Madison,1993,1279,203,14,53,11,125,1076,12,304,326,434
Monroe,1993,18868,4840,947,1581,353,1959,14028,735,1688,6276,5329
Montgomery,1993,1271,254,57,55,40,102,1017,38,346,273,360
Nassau,1993,18827,6175,1106,1775,338,2956,12652,833,3968,4702,3149
New York,1993,96868,38849,13583,13533,88,11645,58019,11273,1350,29093,16303
Niagara,1993,4755,1169,165,382,64,558,3586,144,850,1239,1353
Oneida,1993,4873,1030,201,327,38,464,3843,151,1146,1139,1407
Onondaga,1993,12845,3800,754,1365,185,1496,9045,798,1803,3297,3147
Ontario,1993,2222,464,60,77,100,227,1758,29,354,591,784
Orange,1993,9376,2211,458,636,216,901,7165,736,1422,2214,2793
Orleans,1993,975,226,32,47,41,106,749,18,225,210,296
Oswego,1993,2502,529,27,169,61,272,1973,27,641,558,747
Otsego,1993,1445,286,5,89,27,165,1159,14,320,333,492
Putnam,1993,1737,425,129,86,18,192,1312,93,512,213,494
Queens,1993,37161,19049,4714,8583,14,5738,18112,2907,1326,7073,6806
Rensselaer,1993,3321,857,202,261,57,337,2464,167,640,759,898
Richmond,1993,6110,2917,487,1380,1,1049,3193,343,494,1027,1329
Rockland,1993,3075,917,247,257,78,335,2158,285,586,543,744
Saratoga,1993,3826,699,65,179,94,361,3127,63,974,799,1291
Schenectady,1993,3249,847,191,258,41,357,2402,158,637,689,918
Schoharie,1993,734,121,9,30,19,63,613,18,206,164,225
Schuyler,1993,428,94,7,26,17,44,334,3,97,74,160
Seneca,1993,817,149,13,43,24,69,668,18,134,154,362
Steuben,1993,1882,456,36,108,67,245,1426,41,390,434,561
St. Lawrence,1993,2719,528,37,110,78,303,2191,86,689,650,766
Suffolk,1993,18933,6000,1231,1886,194,2689,12933,1249,4220,2563,4901
Sullivan,1993,2641,788,89,283,57,359,1853,107,383,543,820
Tioga,1993,1083,208,17,30,49,112,875,25,245,175,430
Tompkins,1993,2134,420,48,121,31,220,1714,45,340,717,612
Ulster,1993,5162,1410,256,326,155,673,3752,322,999,993,1438
Unknown-NonNYS,1993,112,104,20,43,0,41,8,0,1,4,3
Unknown NYC county,1993,28,23,4,3,0,16,5,0,0,1,4
Warren,1993,2197,415,13,131,39,232,1782,9,453,492,828
Washington,1993,1555,281,10,80,33,158,1274,15,435,291,533
Wayne,1993,2620,525,57,113,79,276,2095,74,363,610,1048
Westchester,1993,15510,4691,1066,1348,202,2075,10819,1564,2244,3836,3175
Wyoming,1993,781,215,3,47,43,122,566,8,158,143,257
Yates,1993,433,79,1,16,21,41,354,1,93,77,183
Albany,1992,10190,2786,598,842,182,1164,7404,765,1406,2462,2771
Allegany,1992,918,218,8,65,17,128,700,7,194,203,296
Bronx,1992,48948,30101,10996,10724,2,8379,18847,5188,1044,5600,7015
Broome,1992,4982,1204,253,320,143,488,3778,261,762,1337,1418
Cattaraugus,1992,1424,258,24,51,59,124,1166,20,422,326,398
Cayuga,1992,1793,405,46,104,22,233,1388,30,336,513,509
Chautauqua,1992,3359,662,105,153,116,288,2697,36,737,855,1069
Chemung,1992,2311,490,95,92,73,230,1821,30,371,675,745
Chenango,1992,1207,238,16,44,39,139,969,19,257,305,388
Clinton,1992,1939,469,56,112,55,246,1470,30,488,519,433
Columbia,1992,1428,428,73,124,40,191,1000,50,225,276,449
Cortland,1992,1502,181,12,39,12,118,1321,9,409,373,530
Delaware,1992,1301,256,9,62,37,148,1045,8,279,296,462
Dutchess,1992,6862,1764,329,449,202,784,5098,213,1382,1741,1762
Erie,1992,26284,7889,1625,2762,292,3210,18395,2406,3052,7092,5845
Essex,1992,712,172,6,37,23,106,540,5,218,136,181
Franklin,1992,1254,237,16,48,37,136,1017,10,435,217,355
Fulton,1992,1259,243,10,69,18,146,1016,12,312,325,367
Genesee,1992,1369,287,39,62,40,146,1082,18,283,383,398
Greene,1992,1314,333,32,95,46,160,981,42,373,244,322
Hamilton,1992,97,26,0,5,1,20,71,0,39,21,11
Herkimer,1992,1053,213,10,72,31,100,840,4,295,239,302
Jefferson,1992,2866,690,44,184,105,357,2176,59,825,559,733
Kings,1992,61804,36130,9611,15670,9,10840,25674,5894,1697,10913,7170
Lewis,1992,389,83,5,23,9,46,306,2,122,77,105
Livingston,1992,1534,208,25,47,21,115,1326,31,398,401,496
Madison,1992,1592,266,25,63,18,160,1326,16,418,410,482
Monroe,1992,20365,5260,1005,1732,428,2095,15105,618,1794,6787,5906
Montgomery,1992,1294,225,63,30,36,96,1069,45,325,300,399
Nassau,1992,18496,6036,1336,1677,280,2743,12460,837,3765,4773,3085
New York,1992,97364,40726,14358,14167,99,12102,56638,10069,1447,28802,16320
Niagara,1992,5036,1151,144,397,77,533,3885,190,969,1338,1388
Oneida,1992,5315,1158,203,399,53,503,4157,106,1318,1210,1523
Onondaga,1992,13601,4162,844,1492,197,1629,9439,694,2001,3654,3090
Ontario,1992,2197,466,62,108,99,197,1731,29,392,612,698
Orange,1992,9464,2221,478,658,210,875,7243,666,1525,2328,2724
Orleans,1992,918,243,28,57,47,111,675,16,180,216,263
Oswego,1992,2589,602,51,152,49,350,1987,22,628,590,747
Otsego,1992,1516,258,13,68,22,155,1258,7,449,364,438
Putnam,1992,1836,404,77,79,24,224,1432,83,629,262,458
Queens,1992,36399,19494,4836,8689,27,5942,16905,3254,1475,5956,6220
Rensselaer,1992,3197,748,103,230,66,349,2449,67,709,838,835
Richmond,1992,6304,3049,459,1530,1,1059,3255,272,508,993,1482
Rockland,1992,3270,1080,284,289,112,395,2190,291,550,563,786
Saratoga,1992,4359,763,48,237,87,391,3596,54,1171,1034,1337
Schenectady,1992,3207,814,137,218,52,407,2393,119,614,752,908
Schoharie,1992,847,148,8,32,22,86,699,32,259,159,249
Schuyler,1992,556,125,6,26,20,73,431,2,135,106,188
Seneca,1992,895,163,6,38,32,87,732,13,207,180,332
Steuben,1992,1975,424,47,98,73,206,1551,44,471,491,545
St. Lawrence,1992,2762,488,45,130,78,235,2274,68,743,735,728
Suffolk,1992,20739,6364,1253,2162,146,2803,14375,1233,4458,3492,5192
Sullivan,1992,2653,782,136,250,57,339,1871,118,441,557,755
Tioga,1992,1049,248,18,43,35,152,801,12,236,180,373
Tompkins,1992,2082,408,22,128,30,228,1674,39,436,606,593
Ulster,1992,4757,1251,162,309,114,666,3506,194,1029,953,1330
Unknown-NonNYS,1992,118,113,30,31,1,51,5,0,1,2,2
Unknown NYC county,1992,31,23,2,11,0,10,8,0,0,3,5
Warren,1992,2228,377,7,123,22,225,1851,13,533,584,721
Washington,1992,1477,264,16,102,31,115,1213,15,375,315,508
Wayne,1992,2705,557,71,99,68,319,2148,66,373,613,1096
Westchester,1992,16925,5205,1247,1577,188,2193,11720,1743,2338,4437,3202
Wyoming,1992,820,213,19,50,40,104,607,13,217,162,215
Yates,1992,424,108,6,25,18,59,316,8,72,88,148
Albany,1991,9936,2742,603,825,140,1174,7194,589,1520,2289,2796
Allegany,1991,984,218,3,53,37,125,766,5,185,230,346
Bronx,1991,49141,32095,11740,11168,9,9178,17046,4767,952,4880,6447
Broome,1991,4926,1118,212,275,118,513,3808,176,601,1615,1416
Cattaraugus,1991,1771,342,17,98,64,163,1429,30,514,426,459
Cayuga,1991,1700,338,33,106,25,174,1362,20,311,541,490
Chautauqua,1991,3597,663,119,131,119,294,2934,66,866,912,1090
Chemung,1991,2452,524,59,139,73,253,1928,38,334,812,744
Chenango,1991,1154,154,2,27,24,101,1000,5,274,276,445
Clinton,1991,2075,385,20,121,45,199,1690,34,459,731,466
Columbia,1991,1785,460,62,156,33,209,1325,68,284,424,549
Cortland,1991,1514,186,11,50,4,121,1328,11,396,411,510
Delaware,1991,1335,226,10,47,22,147,1109,19,278,302,510
Dutchess,1991,7020,1782,341,468,225,748,5238,257,1402,1826,1753
Erie,1991,26716,7380,1077,2781,310,3212,19336,1965,3341,7453,6577
Essex,1991,703,185,9,40,15,121,518,5,247,138,128
Franklin,1991,1288,298,13,54,53,178,990,31,364,262,333
Fulton,1991,1245,235,9,59,34,133,1010,13,267,365,365
Genesee,1991,1284,257,35,57,46,119,1027,26,334,327,340
Greene,1991,1280,316,50,76,40,150,964,56,352,285,271
Hamilton,1991,127,23,3,2,5,13,104,3,58,27,16
Herkimer,1991,1181,228,3,78,38,109,953,9,325,239,380
Jefferson,1991,2849,629,43,138,105,343,2220,49,917,532,722
Kings,1991,63732,41006,10461,17502,4,13039,22726,6144,1512,7583,7487
Lewis,1991,427,104,6,22,13,63,323,0,136,71,116
Livingston,1991,1712,274,28,67,29,150,1438,28,438,422,550
Madison,1991,1577,204,20,32,10,142,1373,30,467,395,481
Monroe,1991,21582,5274,869,1730,382,2293,16308,576,1947,7158,6627
Montgomery,1991,1432,284,76,47,49,112,1148,41,331,367,409
Nassau,1991,19995,6500,1355,1871,365,2909,13495,874,4471,5070,3080
New York,1991,103550,43277,15050,15089,35,13103,60273,11452,1251,30838,16732
Niagara,1991,4952,1047,120,409,47,471,3905,141,1021,1349,1394
Oneida,1991,5978,1207,246,349,51,561,4771,87,1528,1548,1608
Onondaga,1991,13878,3942,568,1481,225,1668,9936,654,2182,3784,3316
Ontario,1991,2355,499,51,110,123,215,1856,35,465,606,750
Orange,1991,9270,2286,479,608,185,1014,6984,538,1490,2268,2688
Orleans,1991,1028,242,22,70,61,89,786,18,250,226,292
Oswego,1991,2417,549,25,145,37,342,1868,26,637,584,621
Otsego,1991,1421,245,10,62,22,151,1176,14,467,292,403
Putnam,1991,2099,472,132,93,18,229,1627,167,696,301,463
Queens,1991,37469,20835,5236,8930,16,6653,16634,3850,1373,5526,5885
Rensselaer,1991,3389,813,119,273,45,376,2576,57,825,865,829
Richmond,1991,6984,3351,541,1530,0,1280,3633,345,389,1151,1748
Rockland,1991,3513,1117,297,340,84,396,2396,260,576,650,910
Saratoga,1991,4392,717,76,180,83,378,3675,40,1224,1050,1361
Schenectady,1991,3741,838,163,233,57,385,2903,165,687,961,1090
Schoharie,1991,912,133,5,32,26,70,779,31,259,192,297
Schuyler,1991,434,102,11,25,15,51,332,1,79,95,157
Seneca,1991,905,175,15,29,24,107,730,12,185,210,323
Steuben,1991,2248,491,41,115,105,230,1757,23,526,563,645
St. Lawrence,1991,2716,454,25,106,70,253,2262,80,617,861,704
Suffolk,1991,21442,6424,1346,2103,93,2882,15018,1182,4746,4021,5069
Sullivan,1991,3007,797,136,269,53,339,2210,128,548,703,831
Tioga,1991,1080,257,15,54,42,146,823,9,242,186,386
Tompkins,1991,2360,430,41,120,34,235,1930,37,461,739,693
Ulster,1991,4613,1215,131,340,108,636,3398,154,905,1037,1302
Unknown-NonNYS,1991,191,183,42,51,2,88,8,1,0,0,7
Unknown NYC county,1991,13,7,1,2,0,4,6,0,0,3,3
Warren,1991,2173,391,18,124,28,221,1782,21,478,652,631
Washington,1991,1637,288,15,102,19,152,1349,17,445,329,558
Wayne,1991,2663,465,52,99,55,259,2198,53,509,610,1026
Westchester,1991,18493,5926,1698,1634,208,2386,12567,1743,2631,4754,3439
Wyoming,1991,910,197,8,56,32,101,713,7,234,205,267
Yates,1991,467,100,11,21,15,53,367,4,96,95,172
Albany,1990,9165,2339,370,754,158,1057,6826,255,1878,2247,2446
Allegany,1990,889,214,3,55,27,129,675,6,197,200,272
Bronx,1990,48082,31627,11441,10434,10,9742,16455,5117,957,4634,5747
Broome,1990,4657,1060,165,273,98,524,3597,210,546,1358,1483
Cattaraugus,1990,1735,325,19,77,77,152,1410,22,530,422,436
Cayuga,1990,1609,306,27,100,27,152,1303,18,281,535,469
Chautauqua,1990,3611,616,48,159,106,303,2995,70,905,962,1058
Chemung,1990,2408,467,45,111,55,256,1941,26,323,819,773
Chenango,1990,1214,197,8,33,40,116,1017,8,282,270,457
Clinton,1990,2103,463,24,113,50,276,1640,44,559,592,445
Columbia,1990,1750,478,67,134,54,223,1272,58,343,415,456
Cortland,1990,1511,183,17,47,5,114,1328,7,392,388,541
Delaware,1990,1388,243,13,52,35,143,1145,15,318,325,487
Dutchess,1990,7008,1757,296,465,215,781,5251,295,1474,1814,1668
Erie,1990,27398,7250,955,2852,314,3129,20148,1767,3813,7292,7276
Essex,1990,775,207,20,38,20,129,568,19,242,151,156
Franklin,1990,1401,293,26,81,49,137,1108,42,477,231,358
Fulton,1990,987,205,5,48,25,127,782,6,276,236,264
Genesee,1990,1328,266,32,47,48,139,1062,28,329,309,396
Greene,1990,1243,316,65,72,48,131,927,42,338,271,276
Hamilton,1990,118,18,1,0,5,12,100,1,58,16,25
Herkimer,1990,1199,261,23,73,28,137,938,21,308,259,350
Jefferson,1990,2921,585,43,127,119,296,2336,106,812,642,776
Kings,1990,69047,42929,11625,17647,37,13620,26118,9208,1343,7507,8060
Lewis,1990,391,102,1,28,14,59,289,2,128,63,96
Livingston,1990,1788,242,16,59,27,140,1546,30,473,456,587
Madison,1990,1581,237,17,57,17,146,1344,16,495,400,433
Monroe,1990,22521,5738,1112,1751,445,2430,16783,752,2023,7366,6642
Montgomery,1990,1434,311,84,35,55,137,1123,39,384,293,407
Nassau,1990,20304,6556,1434,1675,487,2960,13748,895,4927,4952,2974
New York,1990,104646,48850,18455,16447,30,13918,55796,14184,1356,24159,16097
Niagara,1990,4992,1103,140,400,68,495,3889,200,1022,1407,1260
Oneida,1990,5110,989,155,302,40,492,4121,95,1214,1327,1485
Onondaga,1990,13529,3966,592,1532,217,1625,9563,710,2203,3450,3200
Ontario,1990,2492,449,45,86,128,190,2043,37,581,659,766
Orange,1990,9518,2288,526,629,208,925,7230,664,1541,2459,2566
Orleans,1990,1019,237,23,58,46,110,782,17,285,197,283
Oswego,1990,2571,564,52,125,47,340,2007,31,696,647,633
Otsego,1990,1615,257,22,66,34,135,1358,28,610,333,387
Putnam,1990,2096,421,104,83,19,215,1675,140,629,395,511
Queens,1990,38183,21573,5759,8759,23,7032,16610,4235,1281,5388,5706
Rensselaer,1990,3528,773,89,246,62,376,2755,92,1013,762,888
Richmond,1990,6865,3174,561,1421,0,1192,3691,314,419,1251,1707
Rockland,1990,3827,1199,317,314,106,462,2628,261,626,724,1017
Saratoga,1990,4347,638,33,162,55,388,3709,58,1271,1075,1305
Schenectady,1990,3258,869,190,251,50,378,2389,132,554,868,835
Schoharie,1990,954,162,8,45,23,86,792,47,272,206,267
Schuyler,1990,490,98,5,14,22,57,392,7,116,87,182
Seneca,1990,1120,215,15,46,50,104,905,21,270,209,405
Steuben,1990,2069,389,17,98,106,168,1680,29,545,509,597
St. Lawrence,1990,3002,488,21,92,62,313,2514,96,738,815,865
Suffolk,1990,24551,6867,1643,2059,108,3057,17684,1727,6100,4135,5722
Sullivan,1990,3001,764,104,224,87,349,2237,124,583,695,835
Tioga,1990,1031,205,15,37,42,111,826,11,228,198,389
Tompkins,1990,2149,348,28,95,23,202,1801,49,427,724,601
Ulster,1990,4672,1153,150,282,153,568,3519,191,901,1149,1278
Unknown-NonNYS,1990,191,173,33,49,0,91,18,0,8,5,5
Unknown NYC county,1990,35,29,5,10,0,14,6,0,0,1,5
Warren,1990,2184,438,8,121,48,261,1746,16,479,606,645
Washington,1990,1587,264,14,72,36,142,1323,12,536,345,430
Wayne,1990,2680,392,34,80,48,230,2288,35,626,667,960
Westchester,1990,19614,6023,1729,1634,232,2428,13591,2064,2953,5229,3345
Wyoming,1990,912,208,18,50,33,107,704,10,240,171,283
Yates,1990,452,105,8,28,22,47,347,9,97,80,161
Albany,1989,8768,2377,573,715,149,940,6391,402,1817,2075,2097
Allegany,1989,910,202,28,61,21,92,708,10,240,186,272
Bronx,1989,50687,31733,11474,10651,28,9580,18954,7070,1231,4334,6319
Broome,1989,4455,933,165,246,95,427,3522,246,571,1378,1327
Cattaraugus,1989,1552,307,23,73,77,134,1245,38,487,334,386
Cayuga,1989,1664,348,35,76,18,219,1316,30,233,542,511
Chautauqua,1989,3253,553,61,143,100,249,2700,110,877,806,907
Chemung,1989,2295,424,45,103,42,234,1871,15,285,832,739
Chenango,1989,1141,143,4,34,30,75,998,13,289,257,439
Clinton,1989,1880,419,46,112,43,218,1461,105,510,489,357
Columbia,1989,1518,392,87,103,27,175,1126,74,327,292,433
Cortland,1989,1487,186,30,41,1,114,1301,19,365,338,579
Delaware,1989,1375,231,14,49,25,143,1144,11,336,326,471
Dutchess,1989,7313,1781,406,475,192,708,5532,421,1509,1978,1624
Erie,1989,24751,6415,882,2514,315,2704,18336,1476,3489,6519,6852
Essex,1989,688,153,8,34,20,91,535,12,238,144,141
Franklin,1989,1204,222,8,58,28,128,982,85,382,227,288
Fulton,1989,1000,183,13,47,7,116,817,0,267,289,261
Genesee,1989,1289,306,35,57,45,169,983,34,364,321,264
Greene,1989,1205,325,49,96,31,149,880,22,321,245,292
Hamilton,1989,113,19,3,5,3,8,94,4,46,17,27
Herkimer,1989,1122,267,51,63,38,115,855,41,281,256,277
Jefferson,1989,2565,531,55,134,74,268,2034,91,610,594,739
Kings,1989,78523,47204,12638,19251,14,15301,31319,12615,1582,7182,9940
Lewis,1989,385,69,0,11,10,48,316,6,128,64,118
Livingston,1989,1505,169,11,38,17,103,1336,30,373,368,565
Madison,1989,1431,233,36,60,24,113,1198,16,393,360,429
Monroe,1989,22029,5521,1135,1587,369,2430,16508,1012,1797,7149,6550
Montgomery,1989,1360,308,79,51,59,119,1052,51,391,317,293
Nassau,1989,20058,6543,1779,1633,393,2738,13515,1207,4345,4756,3207
New York,1989,105948,48595,18435,15929,33,14198,57353,19960,1148,17878,18367
Niagara,1989,4581,1042,163,388,43,448,3539,236,938,1275,1090
Oneida,1989,4540,951,132,355,39,425,3589,112,1116,1122,1239
Onondaga,1989,12244,3722,578,1451,167,1526,8522,686,1917,3022,2897
Ontario,1989,2354,382,38,100,96,148,1972,48,648,615,661
Orange,1989,9641,2393,713,536,214,930,7248,905,1439,2335,2569
Orleans,1989,781,187,19,41,44,83,594,4,205,148,237
Oswego,1989,2363,432,34,105,35,258,1931,34,677,618,602
Otsego,1989,1596,260,19,67,32,142,1336,14,487,401,434
Putnam,1989,1828,404,114,91,11,188,1424,180,529,287,428
Queens,1989,40802,22416,5827,8560,31,7998,18386,5119,1400,5859,6008
Rensselaer,1989,3223,671,108,198,41,324,2552,98,933,702,819
Richmond,1989,6888,3042,594,1311,0,1137,3846,491,483,1182,1690
Rockland,1989,3664,1085,318,278,103,386,2579,407,613,733,826
Saratoga,1989,4480,694,86,147,55,406,3786,74,1359,1012,1341
Schenectady,1989,3122,772,225,175,68,304,2350,164,514,820,852
Schoharie,1989,847,147,3,41,22,81,700,18,304,179,199
Schuyler,1989,479,93,4,12,18,59,386,0,121,105,160
Seneca,1989,1094,208,21,63,42,82,886,14,273,257,342
Steuben,1989,1897,425,34,87,81,223,1472,64,431,410,567
St. Lawrence,1989,2464,396,25,96,49,226,2068,70,579,683,736
Suffolk,1989,26722,7700,2360,2258,103,2979,19022,2606,6265,4580,5571
Sullivan,1989,3162,866,180,262,92,332,2296,151,649,756,740
Tioga,1989,975,198,15,50,29,104,777,27,254,177,319
Tompkins,1989,2047,382,36,93,31,222,1665,39,463,653,510
Ulster,1989,4321,1054,148,276,113,517,3267,215,813,1059,1180
Unknown-NonNYS,1989,269,240,47,75,1,117,29,6,1,8,14
Unknown NYC county,1989,115,72,15,21,0,36,43,4,2,12,25
Warren,1989,2207,409,24,122,27,236,1798,36,589,573,600
Washington,1989,1459,294,28,87,34,145,1165,19,506,272,368
Wayne,1989,2675,443,86,79,44,234,2232,74,604,585,969
Westchester,1989,20360,6137,2121,1420,169,2427,14223,2565,2912,5436,3310
Wyoming,1989,792,159,8,31,35,85,633,9,210,154,260
Yates,1989,300,77,8,14,13,42,223,6,52,48,117
Albany,1988,7749,1975,332,686,138,819,5774,413,1647,1839,1875
Allegany,1988,795,167,1,44,24,98,628,4,203,179,242
Bronx,1988,49416,30025,10924,10054,13,9034,19391,7218,1093,4527,6553
Broome,1988,4277,925,131,235,109,450,3352,133,607,1359,1253
Cattaraugus,1988,1538,261,12,59,67,123,1277,22,539,369,347
Cayuga,1988,1552,372,46,105,12,209,1180,23,176,471,510
Chautauqua,1988,2905,457,40,119,100,198,2448,52,804,816,776
Chemung,1988,2026,417,23,108,48,238,1609,21,273,756,559
Chenango,1988,1082,155,2,47,34,72,927,11,327,251,338
Clinton,1988,1731,316,30,83,31,172,1415,130,552,446,287
Columbia,1988,1364,343,66,101,17,159,1021,57,258,341,365
Cortland,1988,1421,188,17,66,5,100,1233,13,359,358,503
Delaware,1988,1178,198,15,41,19,123,980,20,289,296,375
Dutchess,1988,6526,1596,209,456,159,772,4930,431,1343,1691,1465
Erie,1988,22972,5659,558,2176,312,2613,17313,1333,3468,6208,6304
Essex,1988,685,157,10,46,17,84,528,19,257,128,124
Franklin,1988,1039,197,10,48,33,106,842,47,348,166,281
Fulton,1988,855,165,12,35,11,107,690,6,245,219,220
Genesee,1988,1108,217,15,30,46,126,891,23,342,282,244
Greene,1988,1065,271,28,69,21,153,794,49,309,196,240
Hamilton,1988,93,9,0,4,3,2,84,2,43,17,22
Herkimer,1988,1012,212,19,51,36,106,800,14,299,233,254
Jefferson,1988,2090,469,32,108,61,268,1621,66,597,454,504
Kings,1988,74036,42955,9694,18770,20,14471,31081,9663,1553,8573,11292
Lewis,1988,357,86,1,16,17,52,271,5,109,62,95
Livingston,1988,1396,180,9,59,17,95,1216,13,325,391,487
Madison,1988,1282,188,8,40,9,131,1094,11,326,342,415
Monroe,1988,18275,4248,606,1448,391,1803,14027,675,1995,5860,5497
Montgomery,1988,1212,256,52,48,48,108,956,51,400,258,247
Nassau,1988,19982,6224,1409,1700,337,2778,13758,1421,4044,5003,3290
New York,1988,111318,45216,15721,15158,39,14298,66102,23107,1199,20024,21772
Niagara,1988,4109,939,74,324,47,494,3170,133,902,1107,1028
Oneida,1988,3844,896,154,295,24,423,2948,60,945,1048,895
Onondaga,1988,11262,3606,579,1372,154,1501,7656,549,1660,2912,2535
Ontario,1988,2395,433,56,71,149,157,1962,47,663,597,655
Orange,1988,9282,2170,578,564,169,859,7112,1070,1440,2207,2395
Orleans,1988,683,158,11,44,36,67,525,11,162,149,203
Oswego,1988,2183,435,14,124,27,270,1748,23,636,568,521
Otsego,1988,1544,203,12,49,30,112,1341,27,493,445,376
Putnam,1988,1596,340,74,75,13,178,1256,117,526,266,347
Queens,1988,41229,22782,6526,8118,25,8113,18447,4650,1577,5902,6318
Rensselaer,1988,2897,624,130,175,20,299,2273,95,916,612,650
Richmond,1988,6975,3049,584,1279,1,1185,3926,520,514,1270,1622
Rockland,1988,3649,1006,238,226,121,421,2643,419,579,839,806
Saratoga,1988,4002,699,82,163,50,404,3303,123,1193,871,1116
Schenectady,1988,2971,734,157,162,77,338,2237,88,609,762,778
Schoharie,1988,713,130,12,37,8,73,583,25,184,207,167
Schuyler,1988,419,95,1,25,10,59,324,3,89,79,153
Seneca,1988,934,174,9,32,43,90,760,17,223,220,300
Steuben,1988,1606,308,12,90,55,151,1298,21,416,431,430
St. Lawrence,1988,2620,348,21,59,84,184,2272,88,739,642,803
Suffolk,1988,26249,6420,1293,2043,111,2973,19829,2853,7837,4519,4620
Sullivan,1988,3028,875,161,288,82,344,2153,268,587,705,593
Tioga,1988,1003,201,9,40,65,87,802,18,309,159,316
Tompkins,1988,1992,373,42,99,26,206,1619,48,430,620,521
Ulster,1988,4177,979,98,296,120,465,3198,215,842,1001,1140
Unknown-NonNYS,1988,211,195,26,66,1,102,16,0,3,5,8
Unknown NYC county,1988,101,55,7,18,0,30,46,4,5,11,26
Warren,1988,2050,399,21,126,29,223,1651,34,565,518,534
Washington,1988,1181,194,1,51,36,106,987,11,448,224,304
Wayne,1988,2586,365,36,91,29,209,2221,51,621,642,907
Westchester,1988,19013,5249,1235,1505,181,2328,13764,2816,2642,5268,3038
Wyoming,1988,785,129,8,30,25,66,656,10,236,167,243
Yates,1988,364,91,1,28,10,52,273,3,58,67,145
Albany,1987,6952,1842,224,686,118,814,5110,300,1649,1637,1524
Allegany,1987,666,123,4,34,22,63,543,10,169,173,191
Bronx,1987,47366,27639,10175,9251,9,8204,19727,5786,1308,5421,7212
Broome,1987,3713,743,71,225,83,364,2970,188,472,1153,1157
Cattaraugus,1987,1472,305,49,57,66,133,1167,13,507,340,307
Cayuga,1987,1433,316,19,90,26,181,1117,26,268,444,379
Chautauqua,1987,2640,471,11,118,100,242,2169,34,656,836,643
Chemung,1987,1848,346,13,111,50,172,1502,9,281,723,489
Chenango,1987,1054,141,8,27,22,84,913,6,342,265,300
Clinton,1987,1624,372,41,84,30,217,1252,99,417,465,271
Columbia,1987,1304,289,19,100,16,154,1015,26,272,327,390
Cortland,1987,1432,175,19,50,1,105,1257,14,308,437,498
Delaware,1987,1073,186,11,38,25,112,887,14,278,275,320
Dutchess,1987,5962,1426,151,404,139,732,4536,269,1465,1582,1220
Erie,1987,23387,5929,505,2208,328,2888,17458,1534,3284,6613,6027
Essex,1987,639,138,4,33,17,84,501,15,251,120,115
Franklin,1987,1038,186,13,49,18,106,852,50,330,204,268
Fulton,1987,890,184,27,39,9,109,706,11,225,268,202
Genesee,1987,1060,176,5,47,56,68,884,8,334,296,246
Greene,1987,995,213,6,63,31,113,782,40,285,238,219
Hamilton,1987,86,13,3,3,3,4,73,10,29,15,19
Herkimer,1987,965,220,24,63,21,112,745,29,290,193,233
Jefferson,1987,1603,403,25,96,57,225,1200,44,391,371,394
Kings,1987,70549,39314,8666,17734,31,12883,31235,8907,1652,9895,10781
Lewis,1987,267,50,1,15,11,23,217,4,77,53,83
Livingston,1987,1380,175,12,42,18,103,1205,25,420,308,452
Madison,1987,1201,212,16,54,10,132,989,12,338,331,308
Monroe,1987,16806,3676,352,1310,427,1587,13130,375,2054,5678,5023
Montgomery,1987,1039,195,36,51,32,76,844,35,374,233,202
Nassau,1987,18293,5304,912,1587,301,2504,12989,1208,3622,4973,3186
New York,1987,112739,40994,12000,14574,15,14405,71745,24165,918,23737,22925
Niagara,1987,4315,980,129,348,39,464,3335,86,1018,1238,993
Oneida,1987,3600,797,105,285,33,374,2803,66,825,1044,868
Onondaga,1987,9616,3057,276,1305,139,1337,6559,277,1392,2674,2216
Ontario,1987,2278,400,27,93,125,155,1878,35,677,557,609
Orange,1987,7879,2034,357,599,179,899,5845,542,1476,1990,1837
Orleans,1987,746,148,11,55,24,58,598,11,142,186,259
Oswego,1987,1859,343,24,87,13,219,1516,24,476,577,439
Otsego,1987,1420,206,7,57,27,115,1214,14,433,443,324
Putnam,1987,1727,265,59,68,9,129,1462,161,647,301,353
Queens,1987,36290,19761,4680,7885,15,7181,16529,3666,1405,5557,5901
Rensselaer,1987,2572,533,58,197,15,263,2039,64,770,575,630
Richmond,1987,6916,2701,537,1192,0,972,4215,558,561,1339,1757
Rockland,1987,3224,813,132,232,88,361,2411,264,619,783,745
Saratoga,1987,3540,577,49,153,38,337,2963,74,1120,816,953
Schenectady,1987,2708,664,81,180,66,337,2044,72,535,707,730
Schoharie,1987,728,110,6,25,6,73,618,18,207,221,172
Schuyler,1987,355,52,0,16,15,21,303,13,88,70,132
Seneca,1987,771,151,11,31,28,81,620,26,185,166,243
Steuben,1987,1528,348,16,83,55,194,1180,28,403,349,400
St. Lawrence,1987,2390,376,22,80,64,210,2014,65,633,645,671
Suffolk,1987,23438,5406,867,1844,94,2601,18032,1955,8483,3786,3808
Sullivan,1987,2608,713,82,232,78,321,1895,111,555,664,565
Tioga,1987,834,168,13,39,42,74,666,8,240,152,266
Tompkins,1987,1950,399,33,123,13,230,1551,22,416,697,416
Ulster,1987,3775,873,86,258,108,421,2902,161,830,922,989
Unknown-NonNYS,1987,256,233,28,59,4,142,23,2,5,6,10
Unknown NYC county,1987,110,71,12,28,0,31,39,4,1,8,26
Warren,1987,2006,298,25,79,11,183,1708,32,796,473,407
Washington,1987,1311,261,6,70,44,141,1050,11,508,216,315
Wayne,1987,2443,361,27,93,26,215,2082,52,603,565,862
Westchester,1987,17039,4685,1276,1316,162,1931,12354,2458,2456,4764,2676
Wyoming,1987,639,130,0,26,17,87,509,17,214,120,158
Yates,1987,277,66,1,21,9,35,211,0,52,65,94
Albany,1986,6660,2026,174,721,144,987,4634,247,1479,1398,1510
Allegany,1986,636,169,7,34,7,121,467,2,170,126,169
Bronx,1986,43334,24888,6633,9692,11,8552,18446,4463,1216,5267,7500
Broome,1986,3888,837,87,241,74,435,3051,88,594,1306,1063
Cattaraugus,1986,1506,292,13,62,66,151,1214,29,519,345,321
Cayuga,1986,1252,299,18,68,24,189,953,18,256,369,310
Chautauqua,1986,2587,494,7,123,82,282,2093,22,733,706,632
Chemung,1986,1730,388,10,117,52,209,1342,7,265,656,414
Chenango,1986,983,140,6,28,23,83,843,17,345,221,260
Clinton,1986,1576,409,22,102,36,249,1167,67,389,400,311
Columbia,1986,1228,284,29,86,16,153,944,27,256,296,365
Cortland,1986,1361,245,5,85,2,153,1116,12,310,357,437
Delaware,1986,949,199,5,39,12,143,750,16,210,258,266
Dutchess,1986,5119,1386,120,408,128,730,3733,201,1212,1137,1183
Erie,1986,21802,5518,387,2153,322,2656,16284,1211,3555,5991,5527
Essex,1986,828,210,3,33,22,152,618,18,266,178,156
Franklin,1986,1030,152,13,40,18,81,878,33,358,239,248
Fulton,1986,766,146,14,33,9,90,620,14,184,204,218
Genesee,1986,1141,230,14,63,38,115,911,14,375,237,285
Greene,1986,905,232,47,51,28,106,673,66,206,179,222
Hamilton,1986,86,16,1,3,0,12,70,7,22,21,20
Herkimer,1986,947,247,10,59,34,144,700,4,278,192,226
Jefferson,1986,1368,416,23,103,37,253,952,36,323,269,324
Kings,1986,65494,37045,6720,17663,4,12658,28449,7160,1606,9592,10091
Lewis,1986,219,66,4,7,16,39,153,3,74,24,52
Livingston,1986,1499,221,20,48,19,134,1278,22,405,358,493
Madison,1986,1233,246,9,76,19,142,987,14,340,309,324
Monroe,1986,16079,3908,336,1380,359,1833,12171,315,2157,4940,4759
Montgomery,1986,1146,200,24,38,49,89,946,53,463,199,231
Nassau,1986,17297,5330,710,1597,336,2687,11967,1309,3778,3885,2995
New York,1986,113784,41809,11763,14233,17,15796,71975,23998,1157,22247,24573
Niagara,1986,4356,1013,107,358,33,515,3343,89,1086,1091,1077
Oneida,1986,3556,847,92,258,44,453,2709,67,820,953,869
Onondaga,1986,8492,2746,241,1053,76,1376,5746,160,1427,2235,1924
Ontario,1986,2111,364,9,95,102,158,1747,33,626,517,571
Orange,1986,6997,1800,159,578,191,872,5197,340,1335,1606,1916
Orleans,1986,637,175,11,62,13,89,462,7,136,124,195
Oswego,1986,2067,411,36,112,19,244,1656,49,587,540,480
Otsego,1986,1288,211,18,32,32,129,1077,12,407,357,301
Putnam,1986,1610,335,70,89,7,169,1275,154,522,290,309
Queens,1986,32174,17931,4166,7229,19,6517,14243,3015,1425,4332,5471
Rensselaer,1986,2524,544,38,176,42,288,1980,48,804,529,599
Richmond,1986,5877,2337,405,1096,0,836,3540,437,504,1051,1548
Rockland,1986,3047,985,124,218,107,536,2062,231,660,515,656
Saratoga,1986,3650,664,41,151,52,420,2986,82,1136,822,946
Schenectady,1986,2613,603,45,140,74,344,2010,51,607,629,723
Schoharie,1986,810,141,5,33,4,99,669,5,214,215,235
Schuyler,1986,333,63,1,19,10,33,270,2,90,69,109
Seneca,1986,744,152,8,31,26,87,592,13,178,189,212
Steuben,1986,1515,330,17,67,56,190,1185,21,446,312,406
St. Lawrence,1986,2498,372,20,84,55,213,2126,74,707,715,630
Suffolk,1986,21689,5321,567,1808,86,2860,16368,1884,7970,3063,3451
Sullivan,1986,2185,637,43,245,47,302,1548,70,492,519,467
Tioga,1986,875,186,17,40,41,88,689,20,234,160,275
Tompkins,1986,1695,301,20,84,10,187,1394,24,384,593,393
Ulster,1986,3659,910,42,262,82,524,2749,142,760,897,950
Unknown-NonNYS,1986,178,167,12,54,2,99,11,0,2,4,5
Unknown NYC county,1986,144,82,6,26,0,50,62,8,6,20,28
Warren,1986,1824,332,26,106,12,188,1492,73,589,424,406
Washington,1986,1115,251,8,67,42,134,864,26,350,180,308
Wayne,1986,2490,405,27,100,31,247,2085,57,668,541,819
Westchester,1986,15510,4443,741,1337,140,2225,11067,1924,2732,3739,2672
Wyoming,1986,618,120,3,34,16,67,498,8,204,115,171
Yates,1986,282,82,6,26,9,41,200,12,56,42,90
Albany,1985,6261,1736,162,569,159,846,4525,195,1736,1346,1248
Allegany,1985,565,117,6,27,4,80,448,5,144,146,153
Bronx,1985,39093,21221,4641,9028,1,7551,17872,4859,1350,4847,6816
Broome,1985,3568,829,47,234,84,464,2739,63,633,1043,1000
Cattaraugus,1985,1356,246,13,57,51,125,1110,17,461,318,314
Cayuga,1985,1470,297,17,65,28,187,1173,26,362,411,374
Chautauqua,1985,2394,429,22,110,65,232,1965,17,754,646,548
Chemung,1985,1793,417,6,98,43,270,1376,7,265,716,388
Chenango,1985,1080,155,2,46,24,83,925,22,344,274,285
Clinton,1985,1509,313,27,78,30,178,1196,56,512,381,247
Columbia,1985,1358,319,21,83,16,199,1039,27,277,326,409
Cortland,1985,1404,191,14,53,0,124,1213,25,477,319,392
Delaware,1985,919,159,11,29,7,112,760,11,242,271,236
Dutchess,1985,5076,1310,88,428,118,676,3766,158,1454,1172,982
Erie,1985,20451,5263,346,2061,282,2574,15188,1164,3620,5371,5033
Essex,1985,709,129,3,25,19,82,580,8,273,153,146
Franklin,1985,888,154,16,35,12,91,734,19,251,206,258
Fulton,1985,774,190,3,43,19,125,584,7,191,205,181
Genesee,1985,1040,196,1,51,20,124,844,18,359,225,242
Greene,1985,695,175,12,50,9,104,520,27,192,133,168
Hamilton,1985,100,24,0,3,2,19,76,1,38,16,21
Herkimer,1985,928,182,8,43,28,103,746,22,279,222,223
Jefferson,1985,1279,331,12,93,36,190,948,21,407,213,307
Kings,1985,55311,31842,4890,15595,10,11347,23469,6113,2004,7243,8109
Lewis,1985,285,63,1,7,13,42,222,6,83,54,79
Livingston,1985,1514,169,5,44,18,102,1345,18,495,364,468
Madison,1985,1104,212,6,49,20,137,892,2,362,252,276
Monroe,1985,14536,3441,152,1278,322,1689,11095,284,2160,4408,4243
Montgomery,1985,985,159,18,24,31,86,826,43,306,256,221
Nassau,1985,17541,4998,429,1611,247,2711,12543,1072,4534,3832,3105
New York,1985,105429,37416,9135,13518,23,14740,68013,20669,1131,20714,25499
Niagara,1985,4024,923,40,334,31,518,3101,72,1139,1018,872
Oneida,1985,3231,804,53,271,31,449,2427,52,847,755,773
Onondaga,1985,8207,2777,259,1078,58,1382,5430,125,1516,2031,1758
Ontario,1985,1827,311,27,79,73,132,1516,28,530,406,552
Orange,1985,6106,1611,170,511,176,754,4495,237,1152,1419,1687
Orleans,1985,595,186,2,54,28,102,409,7,91,138,173
Oswego,1985,1855,400,22,107,24,247,1455,15,558,473,409
Otsego,1985,1390,220,6,71,30,113,1170,39,482,379,270
Putnam,1985,1273,267,42,55,4,166,1006,55,505,222,224
Queens,1985,28207,13823,2208,6002,18,5595,14384,2805,1550,4371,5658
Rensselaer,1985,2376,494,33,182,23,256,1882,55,893,413,521
Richmond,1985,5639,2148,120,1120,1,907,3491,466,539,1072,1414
Rockland,1985,3436,916,117,247,102,450,2520,202,1013,640,665
Saratoga,1985,3694,642,63,171,36,372,3052,73,1293,756,930
Schenectady,1985,2301,524,42,142,70,270,1777,28,667,550,532
Schoharie,1985,667,92,3,26,10,53,575,3,208,179,185
Schuyler,1985,337,72,3,26,8,35,265,4,79,71,111
Seneca,1985,746,149,4,31,26,88,597,9,189,169,230
Steuben,1985,1411,296,7,66,40,183,1115,16,366,349,384
St. Lawrence,1985,2277,367,24,87,45,211,1910,103,643,571,593
Suffolk,1985,22202,5273,525,1885,80,2783,16929,1515,9035,2914,3465
Sullivan,1985,2095,505,19,199,27,260,1590,78,530,503,479
Tioga,1985,772,142,6,25,37,74,630,13,252,173,192
Tompkins,1985,1756,292,22,95,5,170,1464,18,383,659,404
Ulster,1985,3465,860,62,264,48,486,2605,99,804,822,880
Unknown-NonNYS,1985,162,153,10,57,0,86,9,1,2,2,4
Unknown NYC county,1985,123,74,9,33,0,32,49,5,3,13,28
Warren,1985,1643,268,18,65,5,180,1375,53,637,359,326
Washington,1985,1123,225,4,60,42,119,898,7,432,180,279
Wayne,1985,2519,398,21,107,27,243,2121,57,733,504,827
Westchester,1985,15009,4271,463,1315,120,2373,10738,1560,3149,3649,2380
Wyoming,1985,650,129,3,23,22,81,521,8,185,148,180
Yates,1985,274,56,4,8,15,29,218,3,65,76,74
Albany,1984,5932,1702,150,592,116,844,4230,199,1602,1196,1233
Allegany,1984,607,126,3,40,14,69,481,9,183,127,162
Bronx,1984,37028,20468,3518,9064,9,7877,16560,4019,1587,4337,6617
Broome,1984,3509,811,57,253,97,404,2698,67,769,1023,839
Cattaraugus,1984,1301,200,11,42,44,103,1101,25,478,319,279
Cayuga,1984,1429,270,7,58,21,184,1159,26,372,417,344
Chautauqua,1984,2401,420,12,123,72,213,1981,24,781,636,540
Chemung,1984,1708,376,5,116,31,224,1332,4,303,656,369
Chenango,1984,1102,175,11,44,19,101,927,6,350,253,318
Clinton,1984,1623,312,7,63,26,216,1311,59,505,460,287
Columbia,1984,1363,310,45,90,29,146,1053,28,318,305,402
Cortland,1984,1282,181,2,57,4,118,1101,7,445,286,363
Delaware,1984,885,154,13,41,13,87,731,6,234,220,271
Dutchess,1984,5136,1166,80,381,118,587,3970,183,1599,1114,1074
Erie,1984,20614,5206,282,2115,247,2562,15408,967,4382,5229,4830
Essex,1984,755,170,2,48,17,103,585,8,241,174,162
Franklin,1984,899,148,10,44,11,83,751,18,250,228,255
Fulton,1984,865,221,50,59,13,99,644,7,182,285,170
Genesee,1984,964,174,19,48,17,90,790,6,428,183,173
Greene,1984,704,215,17,57,14,127,489,9,201,127,152
Hamilton,1984,77,9,0,1,0,8,68,1,33,13,21
Herkimer,1984,863,174,4,54,18,98,689,15,279,218,177
Jefferson,1984,1350,351,10,93,39,209,999,29,331,290,349
Kings,1984,51925,31097,3802,16422,6,10867,20828,4939,1707,7213,6969
Lewis,1984,229,48,2,12,10,24,181,5,83,32,61
Livingston,1984,1356,159,5,25,26,103,1197,9,414,292,482
Madison,1984,1054,185,4,43,12,126,869,7,348,249,265
Monroe,1984,14100,3123,166,1083,342,1532,10977,272,2790,3913,4002
Montgomery,1984,979,178,18,27,30,103,801,28,333,232,208
Nassau,1984,16763,4682,472,1601,183,2426,12081,1043,4775,3696,2567
New York,1984,99075,39473,11045,13942,17,14469,59602,17935,1141,17977,22549
Niagara,1984,3708,895,25,299,32,539,2813,68,917,946,882
Oneida,1984,3081,747,29,279,30,409,2334,59,714,793,768
Onondaga,1984,7851,2445,217,947,70,1211,5406,152,1370,1961,1923
Ontario,1984,1690,301,18,81,40,162,1389,15,449,429,496
Orange,1984,6440,1540,149,500,186,705,4900,302,1504,1431,1663
Orleans,1984,718,145,4,52,18,71,573,8,166,185,214
Oswego,1984,1930,311,18,98,13,182,1619,25,675,496,423
Otsego,1984,1176,194,20,39,20,115,982,19,418,265,280
Putnam,1984,1346,252,34,64,10,144,1094,52,583,202,257
Queens,1984,27060,13601,1726,5887,30,5958,13459,2742,1581,4222,4914
Rensselaer,1984,2230,491,19,187,28,257,1739,51,663,488,537
Richmond,1984,5301,2108,92,1162,4,850,3193,365,624,1062,1142
Rockland,1984,3251,885,87,253,98,447,2366,185,930,536,715
Saratoga,1984,3424,475,23,135,32,285,2949,25,1295,744,885
Schenectady,1984,2598,568,37,164,87,280,2030,29,820,553,628
Schoharie,1984,652,105,6,21,12,66,547,12,197,151,187
Schuyler,1984,327,65,0,18,16,31,262,3,101,55,103
Seneca,1984,718,109,0,20,26,63,609,6,210,172,221
Steuben,1984,1317,258,3,72,37,146,1059,9,361,363,326
St. Lawrence,1984,2303,400,17,95,69,219,1903,85,627,641,550
Suffolk,1984,21320,5338,409,2020,117,2792,15982,1407,8470,2931,3174
Sullivan,1984,2484,616,53,200,48,315,1868,103,658,564,543
Tioga,1984,744,104,0,23,36,45,640,11,288,147,194
Tompkins,1984,1455,242,12,66,7,157,1213,7,417,444,345
Ulster,1984,3333,828,56,256,59,457,2505,124,794,762,825
Unknown-NonNYS,1984,186,176,11,62,2,101,10,0,1,2,7
Unknown NYC county,1984,94,61,4,26,0,31,33,2,3,8,20
Warren,1984,1771,313,14,74,9,216,1458,19,775,374,290
Washington,1984,1086,217,8,56,40,113,869,18,404,164,283
Wayne,1984,2369,343,17,108,31,187,2026,43,843,466,674
Westchester,1984,14366,3947,387,1374,130,2056,10419,1418,3111,3421,2469
Wyoming,1984,621,126,5,29,11,81,495,21,178,115,181
Yates,1984,210,36,1,9,5,21,174,1,56,50,67
Albany,1983,6317,1706,139,632,126,809,4611,158,1851,1361,1241
Allegany,1983,688,162,4,17,26,115,526,12,143,182,189
Bronx,1983,33521,18969,2770,9017,42,7140,14552,3282,1222,4279,5769
Broome,1983,2995,702,45,197,79,381,2293,61,579,934,719
Cattaraugus,1983,1243,236,18,50,46,122,1007,19,391,328,269
Cayuga,1983,1205,227,19,65,20,123,978,4,317,355,302
Chautauqua,1983,2086,390,39,89,71,191,1696,26,604,582,484
Chemung,1983,1728,387,18,111,40,218,1341,14,361,627,339
Chenango,1983,946,140,10,38,21,71,806,8,305,247,246
Clinton,1983,1800,368,22,106,26,214,1432,86,524,509,313
Columbia,1983,1390,346,37,91,20,198,1044,34,372,290,348
Cortland,1983,1289,207,6,52,12,137,1082,17,403,309,353
Delaware,1983,753,180,9,41,21,109,573,19,150,187,217
Dutchess,1983,4859,1258,69,414,114,661,3601,124,1478,1026,973
Erie,1983,19980,5026,274,2009,238,2505,14954,934,4412,5110,4498
Essex,1983,689,170,4,30,14,122,519,13,175,170,161
Franklin,1983,853,175,12,38,21,104,678,17,206,234,221
Fulton,1983,653,150,6,42,13,89,503,4,150,201,148
Genesee,1983,1127,189,8,35,34,112,938,9,492,196,241
Greene,1983,639,207,10,65,10,122,432,11,172,110,139
Hamilton,1983,84,23,3,5,3,12,61,0,24,14,23
Herkimer,1983,822,177,1,41,19,116,645,15,186,257,187
Jefferson,1983,1341,338,17,75,42,204,1003,44,333,281,345
Kings,1983,46130,27508,2411,14942,91,10064,18622,3763,1036,8007,5816
Lewis,1983,193,31,1,10,7,13,162,4,67,44,47
Livingston,1983,1340,198,10,37,33,118,1142,16,391,356,379
Madison,1983,1105,216,3,60,27,126,889,12,364,237,276
Monroe,1983,14371,3188,174,1137,307,1570,11183,295,2798,4429,3661
Montgomery,1983,886,196,13,34,36,113,690,15,269,215,191
Nassau,1983,15216,4454,334,1568,153,2399,10762,939,3845,3633,2345
New York,1983,93976,36106,9107,12897,112,13990,57870,13720,822,20486,22842
Niagara,1983,3642,890,25,324,55,486,2752,63,851,1014,824
Oneida,1983,3172,837,59,275,57,446,2335,64,662,795,814
Onondaga,1983,7777,2451,209,932,92,1218,5326,94,1301,2097,1834
Ontario,1983,1742,267,3,66,66,132,1475,20,464,461,530
Orange,1983,6972,1772,191,564,190,827,5200,365,1833,1365,1637
Orleans,1983,735,155,3,50,23,79,580,32,187,145,216
Oswego,1983,1751,340,33,98,35,174,1411,30,455,494,432
Otsego,1983,920,158,6,31,21,100,762,11,291,248,212
Putnam,1983,1436,240,28,78,24,110,1196,60,659,190,287
Queens,1983,24628,13431,1623,5912,56,5840,11197,1796,1092,4346,3963
Rensselaer,1983,2411,526,22,174,42,288,1885,37,851,452,545
Richmond,1983,4378,1912,77,1019,3,813,2466,310,365,894,897
Rockland,1983,3115,907,115,278,77,437,2208,173,641,648,746
Saratoga,1983,3519,567,44,160,53,310,2952,61,1304,795,792
Schenectady,1983,2467,501,37,140,69,255,1966,34,775,592,565
Schoharie,1983,547,75,7,13,10,45,472,6,142,165,159
Schuyler,1983,304,60,3,15,14,28,244,3,96,51,94
Seneca,1983,916,111,2,31,24,54,805,4,383,189,229
Steuben,1983,1311,267,15,79,34,139,1044,13,314,383,334
St. Lawrence,1983,2453,412,27,82,71,232,2041,94,725,653,569
Suffolk,1983,21617,5675,557,1914,319,2885,15942,1116,8504,3196,3126
Sullivan,1983,2606,640,31,216,49,344,1966,65,754,665,482
Tioga,1983,780,155,7,20,34,94,625,14,240,153,218
Tompkins,1983,1578,268,15,68,20,165,1310,16,450,456,388
Ulster,1983,3305,825,69,299,69,388,2480,116,1046,597,721
Unknown-NonNYS,1983,168,164,10,64,2,88,4,0,1,1,2
Unknown NYC county,1983,165,98,6,44,0,48,67,10,5,17,35
Warren,1983,1684,301,36,82,27,156,1383,44,684,365,290
Washington,1983,1065,262,20,51,37,154,803,12,323,195,273
Wayne,1983,2469,367,9,123,77,158,2102,38,1023,464,577
Westchester,1983,13604,4065,314,1404,137,2210,9539,1024,2661,3390,2464
Wyoming,1983,569,90,6,13,6,65,479,8,150,136,185
Yates,1983,262,66,2,16,14,34,196,3,68,65,60
Albany,1982,6405,1684,180,642,122,740,4721,188,1789,1384,1360
Allegany,1982,596,102,0,18,16,68,494,4,120,149,221
Bronx,1982,31975,18993,2519,8930,74,7470,12982,2559,805,3863,5755
Broome,1982,3093,703,45,240,72,346,2390,92,607,979,712
Cattaraugus,1982,1266,227,9,55,35,128,1039,40,413,291,295
Cayuga,1982,1300,221,19,44,16,142,1079,22,286,401,370
Chautauqua,1982,2094,387,11,102,72,202,1707,26,605,586,490
Chemung,1982,1738,420,25,129,57,209,1318,11,357,569,381
Chenango,1982,881,149,3,39,15,92,732,10,194,287,241
Clinton,1982,1741,354,13,97,29,215,1387,55,410,604,318
Columbia,1982,1293,347,39,99,14,195,946,26,289,260,371
Cortland,1982,1372,281,7,75,11,188,1091,42,415,304,330
Delaware,1982,842,160,8,37,7,108,682,14,180,245,243
Dutchess,1982,4965,1273,118,426,87,642,3692,172,1325,1177,1018
Erie,1982,20792,5686,400,2080,174,3032,15106,827,4268,5507,4504
Essex,1982,928,210,10,75,24,101,718,23,261,191,243
Franklin,1982,898,160,10,35,17,98,738,27,225,236,250
Fulton,1982,630,182,11,44,19,108,448,7,118,159,164
Genesee,1982,1576,254,27,57,54,116,1322,55,737,252,278
Greene,1982,803,238,20,54,9,155,565,27,188,159,191
Hamilton,1982,92,28,5,5,2,16,64,5,31,16,12
Herkimer,1982,797,147,12,42,24,69,650,17,219,212,202
Jefferson,1982,1366,367,27,109,32,199,999,32,358,283,326
Kings,1982,46683,26686,2105,14807,63,9711,19997,4209,819,8758,6211
Lewis,1982,194,50,0,9,9,32,144,2,72,30,40
Livingston,1982,1328,161,8,40,16,97,1167,15,261,428,463
Madison,1982,1056,223,17,74,17,115,833,8,343,234,248
Monroe,1982,13774,3179,101,1164,265,1649,10595,248,2559,4190,3598
Montgomery,1982,730,152,7,36,25,84,578,26,163,188,201
Nassau,1982,16361,4807,509,1635,153,2510,11554,954,4134,4119,2347
New York,1982,85242,35721,8590,12866,108,14157,49521,9758,407,18901,20455
Niagara,1982,3514,932,33,357,42,500,2582,69,728,908,877
Oneida,1982,3031,710,28,216,41,425,2321,77,650,824,770
Onondaga,1982,8086,2620,256,1028,105,1231,5466,153,1134,2243,1936
Ontario,1982,1573,259,10,67,45,137,1314,20,446,422,426
Orange,1982,6204,1531,134,476,143,778,4673,318,1339,1424,1592
Orleans,1982,738,146,3,49,26,68,592,10,205,164,213
Oswego,1982,1657,302,15,87,30,170,1355,25,470,477,383
Otsego,1982,982,153,12,34,15,92,829,15,349,261,204
Putnam,1982,1611,282,37,71,12,162,1329,69,772,208,280
Queens,1982,24998,13730,1206,6353,78,6093,11268,2045,699,4399,4125
Rensselaer,1982,2254,543,20,217,39,267,1711,25,614,480,592
Richmond,1982,3967,1844,55,1015,5,769,2123,184,207,963,769
Rockland,1982,2757,802,91,258,43,410,1955,172,456,654,673
Saratoga,1982,3213,566,36,150,46,334,2647,57,1008,815,767
Schenectady,1982,2495,473,26,158,57,232,2022,29,787,599,607
Schoharie,1982,556,135,24,21,5,85,421,11,160,93,157
Schuyler,1982,294,72,0,18,12,42,222,0,65,69,88
Seneca,1982,978,142,10,25,32,75,836,12,358,195,271
Steuben,1982,1225,227,7,62,22,136,998,5,369,286,338
St. Lawrence,1982,2682,421,40,107,63,211,2261,104,799,784,574
Suffolk,1982,21337,5756,457,2144,233,2922,15581,851,8356,3369,3005
Sullivan,1982,2629,618,52,198,51,317,2011,101,571,809,530
Tioga,1982,796,173,13,36,30,94,623,21,246,150,206
Tompkins,1982,1640,297,14,81,15,187,1343,16,558,474,295
Ulster,1982,3257,801,53,226,37,485,2456,119,708,779,850
Unknown-NonNYS,1982,151,146,6,46,1,93,5,0,1,2,2
Unknown NYC county,1982,995,503,79,224,0,200,492,107,8,166,211
Warren,1982,1293,263,17,78,11,157,1030,23,339,362,306
Washington,1982,901,201,4,66,18,113,700,8,250,187,255
Wayne,1982,2363,363,14,98,56,195,2000,47,937,483,533
Westchester,1982,13866,4299,324,1593,111,2271,9567,1045,2422,3774,2326
Wyoming,1982,560,113,7,23,9,74,447,7,125,130,185
Yates,1982,276,69,1,17,15,36,207,5,59,68,75
Albany,1981,6453,1737,158,601,81,897,4716,221,1483,1502,1510
Allegany,1981,592,104,5,20,11,68,488,5,147,144,192
Bronx,1981,26993,17548,2231,7421,2,7894,9445,1649,519,3747,3530
Broome,1981,3129,690,48,140,54,448,2439,69,502,1155,713
Cattaraugus,1981,1283,272,10,69,31,162,1011,40,369,319,283
Cayuga,1981,1208,198,7,39,12,140,1010,23,268,360,359
Chautauqua,1981,2147,399,26,113,45,215,1748,44,599,651,454
Chemung,1981,1595,392,16,103,21,252,1203,16,274,591,322
Chenango,1981,788,164,7,32,16,109,624,14,174,229,207
Clinton,1981,1836,404,30,100,20,254,1432,87,392,661,292
Columbia,1981,1149,264,12,57,17,178,885,16,252,264,353
Cortland,1981,1202,226,19,49,7,151,976,39,312,288,337
Delaware,1981,809,165,9,39,13,104,644,17,120,284,223
Dutchess,1981,4370,1100,64,285,43,708,3270,109,1087,1260,814
Erie,1981,18430,5320,313,1772,144,3091,13110,614,2547,5765,4184
Essex,1981,913,223,6,64,14,139,690,47,228,205,210
Franklin,1981,1129,199,10,40,14,135,930,40,354,299,237
Fulton,1981,677,162,12,31,4,115,515,10,137,206,162
Genesee,1981,1033,187,4,36,24,123,846,11,318,233,284
Greene,1981,657,173,14,43,1,115,484,15,155,166,148
Hamilton,1981,98,20,1,5,1,13,78,4,34,17,23
Herkimer,1981,725,161,7,34,6,114,564,17,174,212,161
Jefferson,1981,1318,352,22,70,33,227,966,47,284,319,316
Kings,1981,41991,25759,1970,13127,10,10652,16232,2770,502,7635,5325
Lewis,1981,227,71,4,9,8,50,156,9,65,29,53
Livingston,1981,1200,182,14,27,5,136,1018,11,272,365,370
Madison,1981,1108,225,13,49,28,135,883,20,329,282,252
Monroe,1981,13388,3108,130,1011,277,1690,10280,220,2741,3966,3353
Montgomery,1981,635,110,7,27,16,60,525,13,187,181,144
Nassau,1981,15255,4649,467,1384,112,2686,10606,988,3304,4078,2236
New York,1981,67849,32014,6767,11337,64,13846,35835,6929,197,10139,18570
Niagara,1981,3628,954,27,320,28,579,2674,69,731,940,934
Oneida,1981,2899,811,74,217,26,494,2088,68,557,749,714
Onondaga,1981,7360,2372,189,786,55,1342,4988,165,931,2178,1714
Ontario,1981,1508,275,16,50,45,164,1233,28,380,395,430
Orange,1981,6096,1451,67,427,134,823,4645,204,1199,1724,1518
Orleans,1981,722,176,20,50,23,83,546,13,136,177,220
Oswego,1981,1569,282,16,65,15,186,1287,22,359,526,380
Otsego,1981,1069,199,16,36,12,135,870,14,356,309,191
Putnam,1981,1392,318,29,89,5,195,1074,65,523,234,252
Queens,1981,23294,13195,1301,5900,12,5982,10099,2088,475,3740,3796
Rensselaer,1981,2628,621,40,209,49,323,2007,63,795,530,619
Richmond,1981,4038,1899,94,882,2,921,2139,192,178,972,797
Rockland,1981,3062,938,77,283,48,530,2124,105,428,881,710
Saratoga,1981,3495,670,36,127,38,469,2825,70,1043,880,832
Schenectady,1981,2597,466,45,132,40,249,2131,30,677,731,693
Schoharie,1981,566,127,6,19,8,94,439,10,187,107,135
Schuyler,1981,269,58,3,14,4,37,211,4,34,83,90
Seneca,1981,868,111,0,18,36,57,757,10,239,253,255
Steuben,1981,1194,232,13,50,22,147,962,15,290,335,322
St. Lawrence,1981,2723,445,19,96,65,265,2278,67,707,833,671
Suffolk,1981,18936,5599,502,1791,82,3224,13337,584,6347,3491,2915
Sullivan,1981,2407,671,55,210,37,369,1736,100,481,660,495
Tioga,1981,685,119,9,23,17,70,566,19,213,148,186
Tompkins,1981,1385,270,25,63,8,174,1115,14,358,460,283
Ulster,1981,3126,772,33,186,27,526,2354,121,632,832,769
Unknown-NonNYS,1981,187,177,16,54,0,107,10,1,3,6,0
Unknown NYC county,1981,2658,1276,138,573,4,561,1382,218,11,376,777
Warren,1981,1412,306,8,56,4,238,1106,9,318,438,341
Washington,1981,869,243,5,55,19,164,626,13,208,176,229
Wayne,1981,2461,364,15,97,35,217,2097,71,981,508,537
Westchester,1981,13414,4386,298,1343,103,2642,9028,954,1900,3900,2274
Wyoming,1981,567,108,5,23,4,76,459,6,104,146,203
Yates,1981,340,65,0,14,16,35,275,8,84,99,84
Albany,1980,6335,1519,99,508,79,833,4816,257,1670,1476,1413
Allegany,1980,575,99,7,20,4,68,476,10,147,142,177
Bronx,1980,25062,16627,1501,6947,7,8172,8435,1243,470,3466,3256
Broome,1980,3238,695,43,158,51,443,2543,90,528,1098,827
Cattaraugus,1980,1280,238,11,43,23,161,1042,33,298,404,307
Cayuga,1980,1131,211,4,48,6,153,920,29,243,301,347
Chautauqua,1980,2091,412,39,76,40,257,1679,45,534,579,521
Chemung,1980,1550,383,19,86,12,266,1167,6,284,545,332
Chenango,1980,919,147,9,27,23,88,772,18,227,262,265
Clinton,1980,1683,357,27,55,22,253,1326,59,284,638,345
Columbia,1980,1183,276,13,68,12,183,907,36,233,294,344
Cortland,1980,1282,219,20,32,10,157,1063,27,330,334,372
Delaware,1980,736,145,10,21,10,104,591,36,104,235,216
Dutchess,1980,4425,1063,56,247,42,718,3362,122,911,1330,999
Erie,1980,17821,5033,283,1713,126,2911,12788,713,2465,5295,4315
Essex,1980,921,223,7,29,23,164,698,44,237,244,173
Franklin,1980,1028,182,0,32,8,142,846,25,274,289,258
Fulton,1980,621,130,3,23,11,93,491,4,148,198,141
Genesee,1980,761,200,5,41,22,132,561,9,91,219,242
Greene,1980,652,168,4,44,8,112,484,11,141,177,155
Hamilton,1980,102,27,0,4,3,20,75,5,29,17,24
Herkimer,1980,762,173,7,26,16,124,589,16,187,197,189
Jefferson,1980,1387,382,27,73,49,233,1005,29,378,290,308
Kings,1980,38705,24387,1137,10955,9,12286,14318,1311,616,6787,5604
Lewis,1980,306,83,11,11,9,52,223,8,94,62,59
Livingston,1980,1083,162,4,24,7,127,921,14,225,294,388
Madison,1980,1218,277,9,65,27,176,941,9,345,360,227
Monroe,1980,13014,2972,154,839,222,1757,10042,167,2677,4090,3108
Montgomery,1980,588,127,3,29,11,84,461,10,151,165,135
Nassau,1980,15855,5017,508,1319,92,3098,10838,1016,3007,4298,2517
New York,1980,57468,28304,4619,9659,14,14012,29164,5528,257,9123,14256
Niagara,1980,3528,969,41,284,17,627,2559,68,703,940,848
Oneida,1980,3179,847,48,213,28,558,2332,44,662,826,800
Onondaga,1980,7260,2329,161,768,71,1329,4931,154,1069,2069,1639
Ontario,1980,1558,255,11,41,43,160,1303,26,341,432,504
Orange,1980,6190,1626,116,451,123,936,4564,223,1105,1698,1538
Orleans,1980,680,178,4,52,27,95,502,4,135,133,230
Oswego,1980,1561,253,19,57,21,156,1308,23,345,564,376
Otsego,1980,919,171,9,48,12,102,748,14,228,300,206
Putnam,1980,1317,298,31,54,5,208,1019,53,461,246,259
Queens,1980,23510,14003,1412,5489,19,7083,9507,1389,491,4040,3587
Rensselaer,1980,2724,682,41,192,32,417,2042,60,725,576,681
Richmond,1980,3796,1810,71,790,0,949,1986,112,154,922,798
Rockland,1980,3474,947,85,257,38,567,2527,109,441,1084,893
Saratoga,1980,3631,629,37,147,32,413,3002,80,1154,924,844
Schenectady,1980,2607,495,50,123,48,274,2112,42,687,669,714
Schoharie,1980,481,139,14,22,8,95,342,10,129,110,93
Schuyler,1980,326,79,7,10,2,60,247,14,25,74,134
Seneca,1980,955,128,7,17,18,86,827,16,319,239,253
Steuben,1980,1107,259,11,56,18,174,848,12,262,274,300
St. Lawrence,1980,2430,462,35,68,60,299,1968,82,545,707,634
Suffolk,1980,19000,5942,422,1719,62,3739,13058,541,5723,3706,3088
Sullivan,1980,2492,645,57,187,44,357,1847,80,444,794,529
Tioga,1980,660,125,12,18,32,63,535,6,175,130,224
Tompkins,1980,1368,253,13,48,9,183,1115,24,285,464,342
Ulster,1980,3142,780,47,199,24,510,2362,105,576,796,885
Unknown-NonNYS,1980,186,170,11,70,0,89,16,1,0,7,8
Unknown NYC county,1980,3589,1719,202,642,0,875,1870,380,15,680,795
Warren,1980,1512,318,28,67,8,215,1194,20,393,399,382
Washington,1980,1066,238,3,66,29,140,828,18,262,238,310
Wayne,1980,2145,371,18,89,28,236,1774,66,748,438,522
Westchester,1980,12135,3983,215,1150,86,2532,8152,845,1656,3546,2105
Wyoming,1980,495,107,4,22,6,75,388,8,108,105,167
Yates,1980,361,64,2,7,13,42,297,4,86,101,106
Albany,1979,6534,1660,144,513,65,938,4874,224,1846,1418,1386
Allegany,1979,552,101,3,18,3,77,451,3,105,173,170
Bronx,1979,26409,17134,1406,7097,5,8626,9275,1536,465,3468,3806
Broome,1979,3129,750,31,172,58,489,2379,83,404,1088,804
Cattaraugus,1979,1207,229,12,36,21,160,978,16,285,339,338
Cayuga,1979,1141,201,9,26,4,162,940,18,224,377,321
Chautauqua,1979,2035,425,37,89,77,222,1610,39,529,579,463
Chemung,1979,1491,394,11,97,18,268,1097,19,239,534,305
Chenango,1979,826,149,3,19,13,114,677,10,195,234,238
Clinton,1979,1677,415,13,68,27,307,1262,54,259,597,352
Columbia,1979,1137,321,29,66,17,209,816,43,279,235,259
Cortland,1979,1060,206,7,42,2,155,854,10,256,352,236
Delaware,1979,693,171,15,20,8,128,522,24,64,255,179
Dutchess,1979,3891,1069,76,266,34,693,2822,84,637,1215,886
Erie,1979,19090,5287,271,1903,153,2960,13803,684,2521,5573,5025
Essex,1979,761,233,8,25,25,175,528,50,96,217,165
Franklin,1979,910,211,6,44,26,135,699,26,195,229,249
Fulton,1979,644,179,7,46,5,121,465,9,132,183,141
Genesee,1979,615,198,10,25,23,140,417,17,44,176,180
Greene,1979,758,198,3,42,9,144,560,17,172,208,163
Hamilton,1979,69,19,0,1,4,14,50,7,15,18,10
Herkimer,1979,731,142,7,30,9,96,589,10,173,216,190
Jefferson,1979,1268,345,21,82,42,200,923,35,375,237,276
Kings,1979,41643,24965,1152,11161,6,12646,16678,1274,724,6982,7698
Lewis,1979,272,67,0,11,7,49,205,2,100,45,58
Livingston,1979,930,136,8,14,7,107,794,14,176,287,317
Madison,1979,1157,194,10,38,8,138,963,16,289,358,300
Monroe,1979,12645,2996,169,911,169,1747,9649,211,2148,3903,3387
Montgomery,1979,701,188,10,50,11,117,513,4,138,181,190
Nassau,1979,14780,4454,388,1207,95,2764,10326,893,2335,4706,2392
New York,1979,65989,32079,5037,11044,30,15968,33910,4986,316,12875,15733
Niagara,1979,3366,989,55,258,27,649,2377,66,605,866,840
Oneida,1979,2714,749,40,195,25,489,1965,39,530,723,673
Onondaga,1979,6674,2205,116,708,119,1262,4469,167,606,1998,1698
Ontario,1979,1399,280,31,54,29,166,1119,24,265,425,405
Orange,1979,5585,1473,63,405,120,885,4112,165,1003,1539,1405
Orleans,1979,519,130,2,25,18,85,389,7,96,128,158
Oswego,1979,1626,262,19,62,11,170,1364,31,422,540,371
Otsego,1979,866,126,7,17,13,89,740,15,191,347,187
Putnam,1979,1151,267,12,69,4,182,884,43,337,251,253
Queens,1979,23575,13233,1208,5172,20,6833,10342,1326,563,4309,4144
Rensselaer,1979,2542,674,37,170,22,445,1868,49,550,577,692
Richmond,1979,3843,1766,76,760,0,930,2077,132,136,1079,730
Rockland,1979,3000,864,81,246,27,510,2136,88,300,916,832
Saratoga,1979,3244,590,42,104,30,414,2654,57,1067,770,760
Schenectady,1979,2040,426,26,126,24,250,1614,29,506,514,565
Schoharie,1979,390,95,2,21,1,71,295,6,111,99,79
Schuyler,1979,363,79,8,16,6,49,284,7,40,84,153
Seneca,1979,796,134,3,20,32,79,662,15,312,151,184
Steuben,1979,1135,303,18,52,16,217,832,18,249,269,296
St. Lawrence,1979,2191,529,36,93,58,342,1662,93,389,624,556
Suffolk,1979,17791,5511,345,1554,36,3576,12280,425,4846,3885,3124
Sullivan,1979,2407,602,48,159,30,365,1805,85,328,838,554
Tioga,1979,638,85,4,13,15,53,553,15,202,144,192
Tompkins,1979,1455,273,5,44,11,213,1182,22,354,474,332
Ulster,1979,2784,651,55,144,20,432,2133,70,570,743,750
Unknown-NonNYS,1979,206,195,10,70,2,113,11,1,1,4,5
Unknown NYC county,1979,1004,552,66,201,0,285,452,59,6,175,212
Warren,1979,1523,299,24,59,2,214,1224,28,441,361,394
Washington,1979,819,192,19,42,16,115,627,11,196,188,232
Wayne,1979,1826,294,7,62,21,204,1532,33,595,415,489
Westchester,1979,11028,3469,215,893,97,2264,7559,585,1459,3422,2093
Wyoming,1979,421,100,9,18,3,70,321,12,61,92,156
Yates,1979,274,63,0,5,11,47,211,1,63,65,82
Albany,1978,5767,1484,85,433,58,908,4283,157,1540,1333,1253
Allegany,1978,378,90,0,10,2,78,288,4,90,86,108
Bronx,1978,26437,17320,1126,7084,6,9104,9117,1343,478,3416,3880
Broome,1978,2468,617,35,138,35,409,1851,62,343,860,586
Cattaraugus,1978,1251,216,11,23,25,157,1035,40,345,326,324
Cayuga,1978,967,202,11,32,4,155,765,18,202,258,287
Chautauqua,1978,1802,345,17,62,48,218,1457,39,493,478,447
Chemung,1978,1132,272,9,70,13,180,860,19,175,422,244
Chenango,1978,614,106,5,8,7,86,508,8,158,185,157
Clinton,1978,1219,327,26,57,17,227,892,71,20,482,319
Columbia,1978,960,219,17,42,13,147,741,31,245,238,227
Cortland,1978,837,150,5,28,5,112,687,27,184,247,229
Delaware,1978,621,175,24,18,7,126,446,31,43,199,173
Dutchess,1978,3515,878,41,219,35,583,2637,98,657,1039,843
Erie,1978,18583,5268,384,1656,125,3103,13315,790,2931,4937,4657
Essex,1978,700,170,16,25,10,119,530,26,150,153,201
Franklin,1978,968,198,11,24,32,131,770,41,180,258,291
Fulton,1978,588,139,10,27,8,94,449,16,123,187,123
Genesee,1978,577,158,8,21,18,111,419,10,29,176,204
Greene,1978,739,177,2,33,7,135,562,12,212,185,153
Hamilton,1978,86,27,1,5,0,21,59,2,21,25,11
Herkimer,1978,580,131,2,26,9,94,449,7,141,176,125
Jefferson,1978,1222,340,20,61,24,235,882,50,340,231,261
Kings,1978,43184,25992,1170,11323,17,13482,17192,1393,754,7515,7530
Lewis,1978,208,65,2,10,4,49,143,0,63,45,35
Livingston,1978,656,108,8,13,4,83,548,2,117,198,231
Madison,1978,912,184,15,24,20,125,728,16,187,251,274
Monroe,1978,10974,2952,171,863,101,1817,8022,174,1516,3500,2832
Montgomery,1978,714,165,23,23,17,102,549,28,172,158,191
Nassau,1978,13544,3978,303,1099,57,2519,9566,803,2474,4137,2152
New York,1978,75855,30896,4806,10234,26,15830,44959,5718,474,16246,22521
Niagara,1978,2870,848,55,232,22,539,2022,60,566,737,659
Oneida,1978,2351,702,38,157,36,471,1649,41,462,590,556
Onondaga,1978,6059,2090,104,615,61,1310,3969,134,571,1697,1567
Ontario,1978,1198,252,24,46,20,162,946,21,234,322,369
Orange,1978,5258,1481,75,420,101,885,3777,141,779,1342,1515
Orleans,1978,473,109,2,13,21,73,364,3,123,110,128
Oswego,1978,1529,295,15,58,17,205,1234,46,416,445,327
Otsego,1978,657,105,7,17,8,73,552,4,100,291,157
Putnam,1978,1017,214,16,49,10,139,803,22,320,250,211
Queens,1978,21894,12214,804,4932,3,6475,9680,1147,540,3783,4210
Rensselaer,1978,2392,606,43,130,32,401,1786,76,607,467,636
Richmond,1978,3279,1441,66,661,1,713,1838,90,151,895,702
Rockland,1978,3081,885,116,253,24,492,2196,77,282,1002,835
Saratoga,1978,2777,465,36,86,16,327,2312,37,959,695,621
Schenectady,1978,1912,416,7,137,18,254,1496,17,361,565,553
Schoharie,1978,376,85,6,10,3,66,291,20,91,75,105
Schuyler,1978,293,58,5,11,2,40,235,11,36,72,116
Seneca,1978,746,136,7,4,15,110,610,12,277,165,156
Steuben,1978,1033,288,15,30,23,220,745,20,169,237,319
St. Lawrence,1978,1945,342,26,58,44,214,1603,106,449,590,458
Suffolk,1978,17525,5110,364,1474,60,3212,12415,570,5165,3602,3078
Sullivan,1978,2255,565,31,191,29,314,1690,47,370,683,590
Tioga,1978,476,83,1,18,7,57,393,7,130,137,119
Tompkins,1978,1221,216,7,24,11,174,1005,12,320,401,272
Ulster,1978,2373,636,49,163,14,410,1737,72,421,608,636
Unknown-NonNYS,1978,187,174,17,58,1,98,13,0,0,9,4
Unknown NYC county,1978,549,261,20,91,0,150,288,42,6,111,129
Warren,1978,1254,303,26,53,6,218,951,23,362,282,284
Washington,1978,728,162,1,33,11,117,566,16,218,141,191
Wayne,1978,1724,253,5,50,17,181,1471,20,640,367,444
Westchester,1978,9963,3168,178,909,88,1993,6795,476,1390,2999,1930
Wyoming,1978,368,70,5,12,3,50,298,5,55,91,147
Yates,1978,280,66,1,10,7,48,214,1,52,71,90
Albany,1977,4819,1342,122,403,45,772,3477,270,858,1133,1216
Allegany,1977,413,116,9,16,1,90,297,12,73,118,94
Bronx,1977,27998,19295,1199,7097,5,10994,8703,1073,511,3582,3537
Broome,1977,2418,609,62,107,34,406,1809,183,295,793,538
Cattaraugus,1977,1177,182,16,27,13,126,995,103,241,328,323
Cayuga,1977,870,198,14,46,3,135,672,36,162,219,255
Chautauqua,1977,1571,347,38,77,23,209,1224,62,354,442,366
Chemung,1977,1207,344,33,65,10,236,863,34,160,416,253
Chenango,1977,605,136,8,10,13,105,469,29,110,207,123
Clinton,1977,1332,318,86,45,20,167,1014,190,11,515,298
Columbia,1977,761,189,20,28,11,130,572,41,146,212,173
Cortland,1977,768,129,11,15,0,103,639,51,178,203,207
Delaware,1977,564,183,18,22,5,138,381,24,24,180,153
Dutchess,1977,3504,1030,102,282,47,599,2474,201,424,1014,835
Erie,1977,14728,4611,426,1440,153,2592,10117,785,2000,4021,3311
Essex,1977,767,185,30,20,11,124,582,121,131,163,167
Franklin,1977,889,165,14,25,5,121,724,68,136,231,289
Fulton,1977,503,120,10,16,13,81,383,22,106,138,117
Genesee,1977,560,157,9,34,10,104,403,42,40,156,165
Greene,1977,696,218,17,47,6,148,478,56,171,122,129
Hamilton,1977,91,24,5,0,4,15,67,15,19,25,8
Herkimer,1977,546,129,18,25,9,77,417,28,99,148,142
Jefferson,1977,1058,363,62,53,21,227,695,92,163,196,244
Kings,1977,47486,27862,1818,11301,30,14713,19624,2267,913,8576,7868
Lewis,1977,127,54,3,8,4,39,73,3,18,26,26
Livingston,1977,576,105,2,17,7,79,471,29,69,179,194
Madison,1977,771,188,11,33,7,137,583,26,115,219,223
Monroe,1977,11198,3565,292,923,64,2286,7633,306,1094,3268,2965
Montgomery,1977,628,171,16,31,13,111,457,26,120,126,185
Nassau,1977,13426,4002,569,1087,59,2287,9424,830,2466,4259,1869
New York,1977,76924,33629,6472,9999,20,17138,43295,6601,456,15110,21128
Niagara,1977,2581,925,98,264,18,545,1656,114,300,675,567
Oneida,1977,2174,657,56,132,24,445,1517,53,282,598,584
Onondaga,1977,6202,1995,178,541,45,1231,4207,238,622,1748,1599
Ontario,1977,1178,230,14,40,24,152,948,44,219,325,360
Orange,1977,4966,1359,117,334,82,826,3607,184,744,1365,1314
Orleans,1977,498,106,9,28,12,57,392,12,111,106,163
Oswego,1977,1037,235,28,57,8,142,802,59,204,314,225
Otsego,1977,605,110,9,10,8,83,495,37,76,267,115
Putnam,1977,1012,252,25,56,8,163,760,61,251,214,234
Queens,1977,21332,12278,982,4626,5,6665,9054,770,574,4256,3454
Rensselaer,1977,1749,517,44,118,24,331,1232,72,357,357,446
Richmond,1977,3252,1397,66,579,2,750,1855,113,132,981,629
Rockland,1977,2980,834,130,245,15,444,2146,133,322,923,768
Saratoga,1977,2704,417,44,83,21,269,2287,168,909,658,552
Schenectady,1977,1541,406,19,98,9,280,1135,59,181,419,476
Schoharie,1977,350,95,7,15,2,71,255,23,91,62,79
Schuyler,1977,179,44,2,4,1,37,135,12,26,38,59
Seneca,1977,725,123,12,25,11,75,602,52,223,142,185
Steuben,1977,960,277,23,43,12,199,683,24,171,201,287
St. Lawrence,1977,1968,336,79,45,33,179,1632,188,466,491,487
Suffolk,1977,16064,5064,609,1329,38,3088,11000,532,3388,3884,3196
Sullivan,1977,2094,550,58,170,17,305,1544,77,356,621,490
Tioga,1977,611,117,5,17,8,87,494,54,131,138,171
Tompkins,1977,1355,250,29,35,10,176,1105,37,359,448,261
Ulster,1977,2493,745,69,132,14,530,1748,121,400,593,634
Unknown-NonNYS,1977,226,208,24,78,2,104,18,3,0,10,5
Unknown NYC county,1977,844,319,42,105,0,172,525,80,7,227,211
Warren,1977,1164,273,42,47,9,175,891,59,257,333,242
Washington,1977,723,163,25,38,15,85,560,32,183,158,187
Wayne,1977,1815,356,21,71,14,250,1459,76,538,332,513
Westchester,1977,9786,3089,315,807,82,1885,6697,760,1152,2884,1901
Wyoming,1977,411,85,5,19,5,56,326,12,64,110,140
Yates,1977,247,54,3,13,3,35,193,14,29,75,75
Albany,1976,4601,1435,201,434,26,774,3166,362,574,1011,1219
Allegany,1976,456,137,12,17,1,107,319,27,57,104,131
Bronx,1976,31003,20304,1803,7937,2,10562,10699,1553,759,3919,4468
Broome,1976,2514,597,84,107,27,379,1917,210,363,771,573
Cattaraugus,1976,1427,235,29,36,13,157,1192,222,219,329,422
Cayuga,1976,828,199,33,26,1,139,629,58,155,187,229
Chautauqua,1976,1753,420,82,69,29,240,1333,164,308,422,439
Chemung,1976,1266,262,49,67,5,141,1004,64,230,415,295
Chenango,1976,584,172,35,15,3,119,412,44,95,161,112
Clinton,1976,1632,483,223,30,7,223,1149,463,16,391,279
Columbia,1976,917,234,47,39,5,143,683,103,163,205,212
Cortland,1976,913,135,39,8,4,84,778,91,220,211,256
Delaware,1976,537,111,22,16,4,69,426,29,32,205,160
Dutchess,1976,3680,1114,176,271,25,642,2566,271,438,996,861
Erie,1976,17363,4996,875,1568,101,2452,12367,1491,2752,4268,3856
Essex,1976,875,234,65,31,7,131,641,168,228,117,128
Franklin,1976,902,184,35,19,5,125,718,124,107,218,269
Fulton,1976,556,132,14,22,5,91,424,47,89,160,128
Genesee,1976,658,170,25,32,9,104,488,95,43,189,161
Greene,1976,726,189,25,37,9,118,537,64,180,127,166
Hamilton,1976,106,29,13,3,1,12,77,20,17,20,20
Herkimer,1976,607,168,56,24,4,84,439,50,83,171,135
Jefferson,1976,1075,395,124,58,13,200,680,112,120,208,240
Kings,1976,45061,26156,2000,11168,18,12970,18905,2656,942,8186,7121
Lewis,1976,192,63,9,11,1,42,129,24,12,39,54
Livingston,1976,756,138,21,24,2,91,618,71,100,196,251
Madison,1976,633,171,22,28,5,116,462,48,78,164,172
Monroe,1976,11183,3380,433,916,68,1963,7803,618,908,3228,3049
Montgomery,1976,583,142,10,20,4,108,441,49,101,159,132
Nassau,1976,13896,3977,644,1021,62,2250,9919,1082,2890,4088,1859
New York,1976,62921,30527,5775,9837,22,14893,32394,5185,467,12262,14480
Niagara,1976,2809,1036,177,277,11,571,1773,170,357,703,543
Oneida,1976,2243,630,64,138,38,390,1613,115,316,556,626
Onondaga,1976,6745,2211,312,579,41,1279,4534,487,508,1941,1598
Ontario,1976,1206,221,42,31,14,134,985,88,196,328,373
Orange,1976,5105,1372,185,384,68,735,3733,367,740,1271,1355
Orleans,1976,562,133,20,32,8,73,429,40,120,100,169
Oswego,1976,1083,255,62,50,6,137,828,130,136,348,214
Otsego,1976,712,121,32,15,5,69,591,78,81,277,155
Putnam,1976,1221,282,60,59,10,153,939,151,315,227,246
Queens,1976,21162,12125,999,4726,4,6396,9037,949,738,3953,3397
Rensselaer,1976,1447,494,79,128,14,273,953,140,199,236,378
Richmond,1976,3004,1333,71,594,2,666,1671,158,139,761,613
Rockland,1976,2857,892,147,236,16,493,1965,186,281,832,666
Saratoga,1976,2401,401,83,69,12,237,2000,203,784,477,536
Schenectady,1976,1528,475,42,156,1,276,1053,68,122,421,442
Schoharie,1976,347,107,18,29,2,58,240,36,61,67,76
Schuyler,1976,257,52,13,6,1,32,205,42,56,44,63
Seneca,1976,747,121,14,27,6,74,626,69,204,144,209
Steuben,1976,871,233,25,28,12,168,638,69,134,191,244
St. Lawrence,1976,2362,481,149,55,39,238,1881,305,476,474,626
Suffolk,1976,15647,5188,724,1421,40,3003,10459,755,3026,3764,2914
Sullivan,1976,2289,768,56,184,15,513,1521,98,300,629,494
Tioga,1976,478,84,18,17,1,48,394,89,112,56,137
Tompkins,1976,1464,266,47,52,9,158,1198,80,291,503,324
Ulster,1976,2348,621,75,119,24,403,1727,184,368,539,636
Unknown-NonNYS,1976,201,188,20,59,0,109,13,2,3,4,4
Unknown NYC county,1976,520,287,45,106,0,136,233,41,3,92,97
Warren,1976,1025,222,25,37,4,156,803,88,232,262,221
Washington,1976,702,177,24,28,4,121,525,41,151,152,181
Wayne,1976,1765,305,68,40,8,189,1460,116,577,269,498
Westchester,1976,9847,3252,469,765,65,1953,6595,984,982,2859,1770
Wyoming,1976,411,88,24,18,1,45,323,19,67,93,144
Yates,1976,275,53,7,8,10,28,222,22,46,65,89
Albany,1975,4173,1259,209,344,12,694,2914,398,463,977,1076
Allegany,1975,551,136,18,10,0,108,415,43,134,125,113
Bronx,1975,30127,19042,1394,8181,0,9467,11085,1622,1087,3761,4615
Broome,1975,2387,670,131,122,24,393,1717,207,339,694,477
Cattaraugus,1975,1430,231,45,33,11,142,1199,262,263,269,405
Cayuga,1975,763,185,16,35,3,131,578,61,163,160,194
Chautauqua,1975,1872,359,90,55,27,187,1513,210,392,420,491
Chemung,1975,1200,313,50,66,7,190,887,89,137,399,262
Chenango,1975,516,150,26,8,2,114,366,28,105,107,126
Clinton,1975,1452,464,228,38,7,191,988,474,12,336,166
Columbia,1975,944,220,41,20,6,153,724,107,174,264,179
Cortland,1975,731,140,30,8,0,102,591,97,129,203,162
Delaware,1975,679,185,38,20,8,119,494,53,38,190,213
Dutchess,1975,3117,1000,137,224,18,621,2117,273,300,711,833
Erie,1975,15784,5328,1145,1652,56,2475,10456,1425,1659,3754,3618
Essex,1975,905,191,34,31,8,118,714,156,281,147,130
Franklin,1975,939,199,46,37,11,105,740,129,127,221,263
Fulton,1975,620,152,23,30,4,95,468,52,83,191,142
Genesee,1975,614,180,47,38,4,91,434,104,58,119,153
Greene,1975,681,196,24,19,11,142,485,109,127,117,132
Hamilton,1975,140,34,11,3,0,20,106,44,20,28,14
Herkimer,1975,554,178,37,36,4,101,376,59,72,143,102
Jefferson,1975,1112,328,71,45,9,203,784,172,131,203,278
Kings,1975,41132,22901,1593,10482,6,10820,18231,1915,1116,8556,6644
Lewis,1975,174,62,15,11,0,36,112,15,11,38,48
Livingston,1975,775,168,17,28,3,120,607,60,152,184,211
Madison,1975,583,162,21,27,4,110,421,49,56,152,164
Monroe,1975,10343,3582,550,907,37,2088,6761,555,657,2655,2894
Montgomery,1975,620,168,31,31,6,100,452,43,109,145,155
Nassau,1975,15035,4150,779,1040,95,2236,10885,1188,3853,3840,2004
New York,1975,53793,26255,3850,9495,5,12905,27538,4321,639,12125,10453
Niagara,1975,3104,1060,249,244,15,552,2044,225,435,716,668
Oneida,1975,2302,748,137,134,16,461,1554,135,222,522,675
Onondaga,1975,7029,2052,325,618,45,1064,4977,492,682,2134,1669
Ontario,1975,1190,225,35,29,2,159,965,92,180,338,355
Orange,1975,4980,1357,354,297,58,648,3623,467,815,1176,1165
Orleans,1975,515,127,12,35,7,73,388,32,97,119,140
Oswego,1975,1127,252,22,41,9,180,875,151,130,352,242
Otsego,1975,666,138,25,20,5,88,528,67,101,247,113
Putnam,1975,956,275,37,57,7,174,681,105,232,157,187
Queens,1975,19913,10504,688,4385,3,5428,9409,978,809,4094,3528
Rensselaer,1975,1219,439,76,117,4,242,780,145,76,231,328
Richmond,1975,2896,1183,65,499,0,619,1713,124,172,842,575
Rockland,1975,2457,743,115,176,9,443,1714,163,352,686,513
Saratoga,1975,1874,421,78,65,5,273,1453,161,592,324,376
Schenectady,1975,1670,400,75,90,1,234,1270,151,110,482,527
Schoharie,1975,378,91,23,18,1,49,287,46,78,84,79
Schuyler,1975,239,42,2,7,2,31,197,46,41,49,61
Seneca,1975,620,132,19,12,3,98,488,80,125,104,179
Steuben,1975,838,273,35,39,4,195,565,72,95,188,210
St. Lawrence,1975,1891,450,154,51,19,226,1441,256,233,441,511
Suffolk,1975,15457,4511,742,1205,31,2533,10946,842,3810,3387,2907
Sullivan,1975,1847,557,75,118,13,351,1290,82,340,523,345
Tioga,1975,518,110,36,12,4,58,408,66,73,85,184
Tompkins,1975,1321,234,40,40,2,152,1087,101,198,531,257
Ulster,1975,2187,588,96,120,22,350,1599,179,397,487,536
Unknown-NonNYS,1975,197,182,22,62,1,97,15,0,3,6,6
Unknown NYC county,1975,351,216,26,84,0,106,135,21,2,55,57
Warren,1975,1121,277,81,55,3,138,844,86,281,261,216
Washington,1975,718,188,41,23,3,121,530,73,128,112,217
Wayne,1975,1505,299,50,68,3,178,1206,115,358,296,437
Westchester,1975,9561,3095,426,794,69,1806,6466,922,1168,2549,1827
Wyoming,1975,420,90,12,26,1,51,330,27,95,72,136
Yates,1975,340,99,4,16,14,65,241,20,25,85,111
Albany,1974,4255,1329,281,308,17,723,2926,437,619,885,985
Allegany,1974,581,144,23,14,6,101,437,41,145,103,148
Bronx,1974,28998,18343,1282,7681,2,9378,10655,1492,1102,3810,4251
Broome,1974,2347,578,114,85,13,366,1769,351,242,613,563
Cattaraugus,1974,1579,201,50,20,7,124,1378,370,360,211,437
Cayuga,1974,693,158,19,21,5,113,535,81,136,141,177
Chautauqua,1974,2160,517,242,47,28,200,1643,313,541,373,416
Chemung,1974,1110,313,82,36,1,194,797,182,99,298,218
Chenango,1974,556,112,24,8,4,76,444,62,113,127,142
Clinton,1974,1217,429,233,25,8,163,788,410,56,150,172
Columbia,1974,754,196,25,33,6,132,558,105,70,184,199
Cortland,1974,527,138,19,12,0,107,389,79,24,122,164
Delaware,1974,589,147,23,22,5,97,442,66,39,140,197
Dutchess,1974,2845,979,210,198,14,557,1866,258,270,619,719
Erie,1974,15055,5043,1327,1277,37,2402,10012,1528,1436,3441,3607
Essex,1974,661,167,38,28,4,97,494,89,190,126,89
Franklin,1974,893,201,38,26,8,129,692,140,144,188,220
Fulton,1974,511,173,40,20,6,107,338,56,62,137,83
Genesee,1974,613,135,38,18,11,68,478,95,123,111,149
Greene,1974,615,216,46,30,1,139,399,69,112,84,134
Hamilton,1974,122,30,13,4,0,13,92,44,23,13,12
Herkimer,1974,476,130,27,21,4,78,346,62,45,101,138
Jefferson,1974,1238,480,160,57,10,253,758,221,109,206,222
Kings,1974,38225,21863,1521,9766,13,10563,16362,1774,1368,5789,7431
Lewis,1974,173,56,9,10,1,36,117,14,12,43,48
Livingston,1974,770,139,54,8,2,75,631,95,129,195,212
Madison,1974,539,166,36,26,2,102,373,98,12,113,150
Monroe,1974,10051,3059,608,746,34,1671,6992,786,787,2621,2798
Montgomery,1974,528,174,41,22,0,111,354,39,65,122,128
Nassau,1974,15815,4248,1211,987,74,1976,11567,1875,4421,3239,2032
New York,1974,52693,27121,3746,10052,22,13301,25572,4070,941,9243,11318
Niagara,1974,2769,979,267,228,7,477,1790,225,450,553,562
Oneida,1974,1973,603,103,116,12,372,1370,191,160,536,483
Onondaga,1974,6929,1996,387,541,38,1030,4933,544,811,1974,1604
Ontario,1974,1104,230,58,24,4,144,874,132,220,266,256
Orange,1974,4066,1039,236,203,53,547,3027,404,825,970,828
Orleans,1974,469,112,23,32,3,54,357,38,102,74,143
Oswego,1974,965,236,46,39,5,146,729,111,146,272,200
Otsego,1974,599,147,46,16,3,82,452,83,116,138,115
Putnam,1974,830,227,47,41,6,133,603,108,219,117,159
Queens,1974,20210,10204,838,3956,8,5402,10006,1005,966,3903,4132
Rensselaer,1974,1215,450,98,88,3,261,765,153,85,238,289
Richmond,1974,3182,1293,86,480,0,727,1889,176,175,771,767
Rockland,1974,2081,694,139,170,11,374,1387,222,297,460,408
Saratoga,1974,1702,284,56,52,10,166,1418,154,512,368,384
Schenectady,1974,1596,387,94,87,4,202,1209,160,172,431,446
Schoharie,1974,398,95,30,8,1,56,303,103,58,65,77
Schuyler,1974,276,73,14,9,1,49,203,69,37,29,68
Seneca,1974,557,91,16,12,1,62,466,86,130,106,144
Steuben,1974,800,254,30,35,4,185,546,105,46,179,216
St. Lawrence,1974,1643,371,115,28,17,211,1272,238,167,409,458
Suffolk,1974,15191,4110,978,1068,35,2029,11081,1033,3985,3323,2740
Sullivan,1974,1778,515,66,115,10,324,1263,142,344,458,319
Tioga,1974,480,91,21,4,4,62,389,86,77,86,140
Tompkins,1974,1309,275,82,31,6,156,1034,148,203,439,244
Ulster,1974,1955,596,129,110,5,352,1359,192,373,399,395
Unknown-NonNYS,1974,197,183,34,50,1,98,14,2,1,7,4
Unknown NYC county,1974,239,147,24,43,0,80,92,11,8,34,39
Warren,1974,1006,259,58,52,6,143,747,80,256,217,194
Washington,1974,641,181,44,33,4,100,460,60,123,109,168
Wayne,1974,1262,260,33,59,11,157,1002,80,345,226,351
Westchester,1974,9399,3065,583,822,61,1599,6334,1038,1195,2375,1726
Wyoming,1974,393,78,4,22,4,48,315,41,89,58,127
Yates,1974,396,80,13,14,14,39,316,33,44,92,147
Albany,1973,3573,1134,244,274,28,588,2439,369,497,668,905
Allegany,1973,444,104,20,11,5,68,340,24,120,89,107
Bronx,1973,23994,15662,1119,6445,4,8094,8332,1168,774,2649,3741
Broome,1973,2171,501,77,96,17,311,1670,396,237,517,520
Cattaraugus,1973,1491,157,22,17,6,112,1334,354,339,230,411
Cayuga,1973,775,157,52,34,5,66,618,68,190,158,202
Chautauqua,1973,1849,401,142,60,21,178,1448,266,524,312,346
Chemung,1973,1058,279,66,60,8,145,779,155,135,226,263
Chenango,1973,465,82,27,7,1,47,383,47,118,97,121
Clinton,1973,728,253,61,39,3,150,475,114,86,169,106
Columbia,1973,691,205,52,30,4,119,486,89,90,159,148
Cortland,1973,507,122,39,11,0,72,385,77,43,92,173
Delaware,1973,566,140,37,23,2,78,426,131,27,112,156
Dutchess,1973,2596,745,176,167,17,385,1851,354,285,504,708
Erie,1973,13918,4146,795,1312,27,2012,9772,1586,1694,2943,3549
Essex,1973,535,137,32,16,7,82,398,63,167,89,79
Franklin,1973,721,144,28,17,7,92,577,92,169,132,184
Fulton,1973,357,94,10,13,5,66,263,17,24,144,78
Genesee,1973,823,188,86,30,3,69,635,216,99,139,181
Greene,1973,542,134,27,14,0,93,408,81,123,88,116
Hamilton,1973,121,25,11,2,0,12,96,58,12,10,16
Herkimer,1973,439,121,30,14,0,77,318,39,80,81,118
Jefferson,1973,1250,396,161,44,4,187,854,215,188,186,265
Kings,1973,34063,19119,1464,8121,26,9508,14944,1569,1636,4336,7403
Lewis,1973,201,58,2,6,0,50,143,25,24,38,56
Livingston,1973,676,120,43,10,7,60,556,146,150,91,169
Madison,1973,458,111,22,13,4,72,347,77,29,129,112
Monroe,1973,8397,2169,364,590,33,1182,6228,715,878,2049,2586
Montgomery,1973,374,115,22,9,1,83,259,19,45,91,104
Nassau,1973,14805,4346,1382,1059,75,1830,10459,1717,4405,2417,1920
New York,1973,49451,25588,3494,9422,9,12663,23863,3877,1032,7810,11144
Niagara,1973,2382,854,282,207,3,362,1528,261,366,466,435
Oneida,1973,1937,526,115,111,5,295,1411,170,198,521,522
Onondaga,1973,6031,1732,407,411,23,891,4299,474,799,1542,1484
Ontario,1973,1017,156,34,25,1,96,861,142,237,216,266
Orange,1973,3245,842,166,201,28,447,2403,405,571,748,679
Orleans,1973,422,108,16,23,3,66,314,35,74,68,137
Oswego,1973,740,179,47,29,6,97,561,86,128,228,119
Otsego,1973,466,120,45,17,6,52,346,56,107,92,91
Putnam,1973,705,185,63,29,6,87,520,126,184,78,132
Queens,1973,16227,8759,802,3424,10,4523,7468,836,789,2907,2936
Rensselaer,1973,1220,364,86,89,7,182,856,299,67,201,289
Richmond,1973,2766,1224,133,439,1,651,1542,238,219,529,556
Rockland,1973,2034,681,141,179,5,356,1353,241,287,401,424
Saratoga,1973,1185,276,73,46,4,153,909,99,391,181,238
Schenectady,1973,1416,379,107,84,2,186,1037,130,170,343,394
Schoharie,1973,312,74,30,15,1,28,238,51,22,106,59
Schuyler,1973,310,52,17,7,4,24,258,124,30,22,82
Seneca,1973,510,78,27,5,4,42,432,99,114,71,148
Steuben,1973,928,240,29,30,4,177,688,107,89,208,284
St. Lawrence,1973,1224,217,49,41,10,117,1007,116,171,362,358
Suffolk,1973,13865,3648,916,997,31,1704,10217,1432,3641,2472,2672
Sullivan,1973,1625,460,81,115,5,259,1165,132,379,375,279
Tioga,1973,383,75,17,10,1,47,308,146,44,37,81
Tompkins,1973,1256,193,56,34,4,99,1063,167,201,453,242
Ulster,1973,1684,527,138,86,7,296,1157,222,267,299,369
Unknown-NonNYS,1973,195,180,27,65,0,88,15,3,0,4,8
Unknown NYC county,1973,413,253,29,101,0,123,160,22,14,49,75
Warren,1973,946,247,86,35,2,124,699,113,244,181,161
Washington,1973,573,139,35,15,3,86,434,86,74,111,163
Wayne,1973,1140,213,34,29,14,136,927,94,304,199,330
Westchester,1973,7957,2760,458,722,41,1539,5197,991,922,1754,1530
Wyoming,1973,391,74,20,26,0,28,317,28,115,70,104
Yates,1973,272,50,11,4,1,34,222,23,57,57,85
Albany,1972,3035,1054,211,256,8,579,1981,285,297,541,858
Allegany,1972,440,94,6,17,2,69,346,26,100,104,116
Bronx,1972,26696,16904,1904,6127,11,8862,9792,1669,614,3072,4437
Broome,1972,1862,496,84,67,17,328,1366,261,169,419,517
Cattaraugus,1972,1010,152,55,14,13,70,858,135,288,204,231
Cayuga,1972,699,129,32,17,1,79,570,51,125,184,210
Chautauqua,1972,1606,384,119,53,24,188,1222,212,319,301,390
Chemung,1972,793,201,60,34,1,106,592,71,138,201,182
Chenango,1972,346,63,6,5,1,51,283,16,91,72,104
Clinton,1972,787,232,69,34,3,126,555,82,230,117,126
Columbia,1972,505,168,24,34,2,108,337,26,61,114,136
Cortland,1972,397,106,22,16,3,65,291,58,55,92,86
Delaware,1972,417,128,26,12,2,88,289,46,33,91,119
Dutchess,1972,2199,689,144,163,11,371,1510,214,243,395,658
Erie,1972,13293,4005,790,1275,24,1916,9288,1775,1566,2950,2997
Essex,1972,479,122,18,17,5,82,357,30,148,82,97
Franklin,1972,666,113,19,17,10,67,553,44,202,127,180
Fulton,1972,290,99,7,20,1,71,191,12,27,88,64
Genesee,1972,681,181,64,29,6,82,500,110,106,117,167
Greene,1972,397,131,33,22,2,74,266,70,35,84,77
Hamilton,1972,121,19,10,2,0,7,102,55,16,10,21
Herkimer,1972,336,107,5,26,0,76,229,16,48,78,87
Jefferson,1972,1236,383,141,21,9,212,853,259,149,194,251
Kings,1972,41058,23180,2711,8241,38,12190,17878,2844,1898,4935,8201
Lewis,1972,112,35,2,0,0,33,77,8,16,23,30
Livingston,1972,636,118,37,10,1,70,518,132,158,70,158
Madison,1972,556,122,31,9,5,77,434,80,82,128,144
Monroe,1972,8770,2431,444,620,18,1349,6339,602,844,2097,2796
Montgomery,1972,363,115,22,20,1,72,248,39,35,60,114
Nassau,1972,13288,4260,1176,931,70,2083,9028,1377,3339,2435,1877
New York,1972,57104,28122,4355,9893,23,13851,28982,5985,995,9462,12540
Niagara,1972,2055,686,127,186,5,368,1369,173,189,491,516
Oneida,1972,1891,485,49,116,5,315,1406,95,238,530,543
Onondaga,1972,5547,1460,321,388,16,735,4087,447,729,1487,1424
Ontario,1972,776,152,55,22,2,73,624,75,147,194,208
Orange,1972,2734,875,206,212,20,437,1859,321,294,578,666
Orleans,1972,277,80,9,16,3,52,197,19,41,65,72
Oswego,1972,700,153,17,17,8,111,547,71,113,202,161
Otsego,1972,435,107,26,15,3,63,328,32,99,82,115
Putnam,1972,681,161,35,27,7,92,520,98,195,84,143
Queens,1972,17713,9558,1202,3118,7,5231,8155,1289,716,2775,3375
Rensselaer,1972,1088,392,128,71,6,187,696,199,57,153,287
Richmond,1972,2362,1097,177,372,2,546,1265,141,98,435,591
Rockland,1972,1879,658,170,165,6,317,1221,255,192,303,471
Saratoga,1972,1088,233,57,38,1,137,855,143,237,204,271
Schenectady,1972,1144,243,48,55,6,134,901,72,150,257,422
Schoharie,1972,221,77,5,6,1,65,144,7,30,33,74
Schuyler,1972,153,49,14,9,4,22,104,43,18,11,32
Seneca,1972,452,52,15,11,4,22,400,78,87,72,163
Steuben,1972,896,191,28,19,5,139,705,64,186,142,313
St. Lawrence,1972,993,196,48,24,9,115,797,103,155,280,259
Suffolk,1972,11993,3413,861,803,44,1705,8580,1486,2788,2282,2024
Sullivan,1972,1256,391,72,81,6,232,865,115,234,250,266
Tioga,1972,168,46,11,2,0,33,122,15,37,18,52
Tompkins,1972,1009,193,26,34,5,128,816,78,212,296,230
Ulster,1972,1404,445,92,58,5,290,959,208,143,333,275
Unknown-NonNYS,1972,178,159,21,42,0,96,19,1,0,4,14
Unknown NYC county,1972,222,141,20,53,0,68,81,18,4,27,32
Warren,1972,641,181,31,37,1,112,460,63,130,113,154
Washington,1972,401,102,19,16,2,65,299,38,76,67,118
Wayne,1972,936,195,21,41,17,116,741,62,247,130,302
Westchester,1972,7508,2636,445,681,24,1486,4872,1087,607,1675,1503
Wyoming,1972,368,109,3,44,4,58,259,55,72,50,82
Yates,1972,88,20,6,4,1,9,68,1,14,17,36
Albany,1971,1833,829,131,231,6,461,1004,204,111,272,417
Allegany,1971,236,82,27,2,3,50,154,14,27,63,50
Bronx,1971,26720,17696,3916,5069,7,8704,9024,3580,433,2338,2673
Broome,1971,1334,416,84,53,10,269,918,163,122,291,342
Cattaraugus,1971,572,118,14,18,5,81,454,119,105,115,115
Cayuga,1971,328,103,18,17,0,68,225,59,50,42,74
Chautauqua,1971,854,329,128,50,6,145,525,133,100,139,153
Chemung,1971,480,216,56,44,5,111,264,40,39,83,102
Chenango,1971,238,60,7,2,3,48,178,10,33,52,83
Clinton,1971,409,132,18,27,2,85,277,125,59,39,54
Columbia,1971,253,120,12,19,0,89,133,31,14,30,58
Cortland,1971,225,38,5,2,2,29,187,29,58,45,55
Delaware,1971,231,69,7,7,5,50,162,66,10,30,56
Dutchess,1971,1896,629,184,117,9,319,1267,292,126,295,554
Erie,1971,8983,3480,543,1112,17,1808,5503,1229,986,1729,1559
Essex,1971,307,122,34,9,6,73,185,57,45,51,32
Franklin,1971,289,128,41,14,7,66,161,32,44,48,37
Fulton,1971,150,97,25,16,1,55,53,12,6,9,26
Genesee,1971,361,107,22,18,5,62,254,64,36,83,71
Greene,1971,217,125,28,19,4,74,92,59,1,14,18
Hamilton,1971,59,11,3,0,0,8,48,31,6,5,6
Herkimer,1971,288,88,25,12,2,49,200,44,36,47,73
Jefferson,1971,558,246,36,31,3,176,312,84,37,117,74
Kings,1971,38902,25374,4515,7286,35,13538,13528,4516,1050,3255,4707
Lewis,1971,62,43,9,2,0,32,19,1,5,4,9
Livingston,1971,349,94,23,13,8,50,255,67,69,43,76
Madison,1971,366,131,25,17,1,88,235,28,27,96,84
Monroe,1971,5190,1956,266,504,25,1161,3234,447,581,915,1291
Montgomery,1971,184,91,17,9,0,65,93,16,15,28,34
Nassau,1971,10661,3929,887,922,33,2087,6732,1526,2064,2107,1035
New York,1971,55849,29926,7976,8124,11,13815,25923,7416,495,6114,11898
Niagara,1971,1677,843,184,173,6,480,834,161,223,226,224
Oneida,1971,1241,516,77,94,5,340,725,149,115,198,263
Onondaga,1971,2949,1278,198,347,17,716,1671,304,201,577,589
Ontario,1971,336,121,21,15,2,83,215,37,51,54,73
Orange,1971,2237,882,191,204,15,472,1355,411,116,335,493
Orleans,1971,211,79,15,17,4,43,132,25,14,35,58
Oswego,1971,372,142,31,19,4,88,230,45,37,92,56
Otsego,1971,219,107,30,16,5,56,112,13,42,20,37
Putnam,1971,696,190,43,28,7,112,506,127,161,59,159
Queens,1971,15971,9515,1887,2417,15,5196,6456,2087,561,1919,1889
Rensselaer,1971,716,273,40,64,1,168,443,202,39,85,117
Richmond,1971,1782,1000,226,279,1,494,782,235,67,209,271
Rockland,1971,1453,638,188,125,7,318,815,239,76,158,342
Saratoga,1971,585,198,29,44,1,124,387,127,55,78,127
Schenectady,1971,575,271,98,51,3,119,304,64,27,78,135
Schoharie,1971,69,31,3,3,0,25,38,8,1,8,21
Schuyler,1971,121,30,6,3,3,18,91,11,20,25,35
Seneca,1971,342,77,11,11,3,52,265,25,79,47,114
Steuben,1971,496,142,29,22,0,91,354,107,96,66,85
St. Lawrence,1971,458,205,36,24,14,131,253,47,37,66,103
Suffolk,1971,8230,3417,744,837,40,1796,4813,1243,1610,856,1104
Sullivan,1971,789,379,72,60,7,240,410,82,31,122,175
Tioga,1971,75,30,7,3,0,20,45,6,6,19,14
Tompkins,1971,400,144,31,20,3,90,256,25,45,137,49
Ulster,1971,927,398,100,79,2,217,529,240,12,131,146
Unknown-NonNYS,1971,154,137,26,39,1,71,17,3,0,5,9
Unknown NYC county,1971,1561,886,175,322,0,389,675,254,14,148,259
Warren,1971,402,159,90,19,4,46,243,44,46,52,101
Washington,1971,200,75,18,11,0,46,125,28,17,34,46
Wayne,1971,612,238,65,39,2,132,374,59,81,96,138
Westchester,1971,6228,2829,594,679,22,1534,3399,998,377,1107,917
Wyoming,1971,165,35,3,8,2,22,130,10,21,42,57
Yates,1971,75,18,7,2,0,9,57,7,8,12,30
Albany,1970,1226,688,97,191,5,395,538,207,48,95,188
Allegany,1970,84,53,3,4,0,46,31,14,0,5,12
Bronx,1970,25149,16191,5131,4239,6,6815,8958,5237,476,1395,1850
Broome,1970,941,330,32,67,8,223,611,86,114,184,227
Cattaraugus,1970,189,88,10,12,1,65,101,34,6,16,45
Cayuga,1970,141,80,14,9,0,57,61,25,10,8,18
Chautauqua,1970,477,241,52,42,9,138,236,74,7,89,66
Chemung,1970,236,145,30,21,5,89,91,36,2,22,31
Chenango,1970,104,64,2,4,3,55,40,13,4,8,15
Clinton,1970,333,185,84,7,0,94,148,113,2,5,28
Columbia,1970,210,137,24,37,1,75,73,42,1,3,27
Cortland,1970,73,48,12,4,0,32,25,12,0,1,12
Delaware,1970,151,77,7,14,2,54,74,43,0,13,18
Dutchess,1970,1240,408,74,87,10,237,832,191,56,164,421
Erie,1970,6966,3136,520,988,20,1608,3830,1128,711,1014,977
Essex,1970,176,102,19,15,2,66,74,46,0,8,20
Franklin,1970,123,90,17,8,1,64,33,16,0,3,14
Fulton,1970,109,82,4,14,3,61,27,3,0,7,17
Genesee,1970,131,87,11,15,6,55,44,21,1,6,16
Greene,1970,184,96,14,13,0,69,88,45,0,9,34
Hamilton,1970,23,16,12,0,0,4,7,6,0,0,1
Herkimer,1970,153,73,11,15,0,47,80,19,18,11,32
Jefferson,1970,509,204,32,27,9,136,305,183,8,49,65
Kings,1970,34186,22541,6020,5836,35,10650,11645,5795,1010,1883,2957
Lewis,1970,36,25,0,3,0,22,11,4,1,2,4
Livingston,1970,169,81,19,13,2,47,88,63,0,5,20
Madison,1970,195,102,11,7,1,83,93,4,0,46,43
Monroe,1970,3478,1852,275,517,18,1042,1626,400,308,349,569
Montgomery,1970,147,94,12,8,3,71,53,20,0,6,27
Nassau,1970,9248,3312,897,717,22,1676,5936,1974,1462,1744,756
New York,1970,51825,28565,10480,6548,15,11522,23260,8457,516,4151,10136
Niagara,1970,1277,653,98,164,2,389,624,231,164,58,171
Oneida,1970,639,410,66,72,1,271,229,35,59,38,97
Onondaga,1970,1752,1212,233,320,2,657,540,192,2,113,233
Ontario,1970,210,108,13,11,1,83,102,31,5,22,44
Orange,1970,1642,792,247,146,8,391,850,372,47,122,309
Orleans,1970,111,44,1,17,1,25,67,14,4,20,29
Oswego,1970,134,97,10,8,1,78,37,11,1,14,11
Otsego,1970,98,72,10,14,0,48,26,6,0,4,16
Putnam,1970,474,154,34,31,1,88,320,79,111,35,95
Queens,1970,13267,8249,2038,2012,13,4186,5018,2405,471,1108,1034
Rensselaer,1970,381,239,73,45,0,121,142,94,0,18,30
Richmond,1970,1447,913,216,241,0,456,534,274,71,65,124
Rockland,1970,1034,457,113,118,4,222,577,181,48,130,218
Saratoga,1970,271,188,39,25,2,122,83,26,0,12,45
Schenectady,1970,356,188,21,40,2,125,168,56,14,27,71
Schoharie,1970,77,52,17,4,0,31,25,8,0,4,13
Schuyler,1970,99,34,9,2,4,19,65,23,16,9,17
Seneca,1970,188,36,1,3,3,29,152,36,53,14,49
Steuben,1970,284,110,20,18,5,67,174,56,38,24,56
St. Lawrence,1970,320,182,31,22,7,122,138,91,4,11,32
Suffolk,1970,5074,2886,680,657,13,1536,2188,835,661,156,536
Sullivan,1970,607,339,62,83,1,193,268,111,26,34,97
Tioga,1970,66,46,11,6,0,29,20,5,3,0,12
Tompkins,1970,139,86,20,8,4,54,53,24,1,11,17
Ulster,1970,759,408,93,60,2,253,351,217,1,44,89
Unknown-NonNYS,1970,144,134,28,34,0,72,10,4,0,2,4
Unknown NYC county,1970,781,455,142,161,0,152,326,207,7,41,71
Warren,1970,188,92,14,10,0,68,96,61,0,4,31
Washington,1970,89,63,11,12,1,39,26,6,1,6,13
Wayne,1970,370,181,28,45,2,106,189,28,38,29,94
Westchester,1970,4867,2343,508,482,15,1338,2524,1269,200,427,628
Wyoming,1970,104,36,11,8,0,17,68,11,16,17,24
Yates,1970,37,16,1,6,1,8,21,3,5,6,7