artist_id,name,genres,followers,popularity
3TVXtAsR1Inumwj472S9r4,Drake,"canadian hip hop,canadian pop,hip hop,rap,toronto rap",57611522,100
4q3ewBCX7sLwd24euuV69X,Bad Bunny,"latin,reggaeton,trap latino",38127243,97
1uNFoZAHBGtllmzznpCI3s,Justin Bieber,"canadian pop,pop",51059942,96
3Nrfpe0tUJi4K4DXYWgMUX,BTS,"k-pop,k-pop boy group",39492334,96
5K4W6rqBFWDnAN6FQUkS6x,Kanye West,"chicago rap,rap",15253699,96
1vyhD5VmyZ7KMfW5gqLgo5,J Balvin,"latin,reggaeton,reggaeton colombiano,trap latino",30055823,95
5cj0lLjcoR7YOSnhnX0Po5,Doja Cat,"dance pop,pop",10507323,95
6eUKZXaKkcviH0Ku9w2n3V,Ed Sheeran,"pop,uk pop",85770152,94
06HL4z0CvFAxyc27GXpf02,Taylor Swift,pop,43736648,94
1Xyo4u8uXC1ZmMpatF05PJ,The Weeknd,"canadian contemporary r&b,canadian pop,pop",37146980,94
7jVv8c5Fj3E9VhNjxT4snq,Lil Nas X,"lgbtq+ hip hop,pop",6638572,94
6qqNVTkY8uBg9cP3Jd7DAH,Billie Eilish,"electropop,pop",49817217,93
1mcTU81TzQhprhouKaTkpq,Rauw Alejandro,"puerto rican pop,trap latino",7010834,93
66CXWjxzNUsdJxJ2JdwvnR,Ariana Grande,"dance pop,pop",69785612,92
7dGJo4pcD2V6oG8kP0tJRR,Eminem,"detroit hip hop,hip hop,rap",48139187,92
6M2wZ9GZgrQXHCFfjv46we,Dua Lipa,"dance pop,pop,uk pop",28610495,92
4MCBfE4596Uoi2O4DtmEMz,Juice WRLD,"chicago rap,melodic rap",19925548,92
0Y5tJX1MQlPlqiwlOH1tJY,Travis Scott,"rap,slap house",18491947,92
1McMsnEElThX1knmY4oliG,Olivia Rodrigo,pop,8669942,92
5f7VJjfbwm532GiveGC0ZK,Lil Baby,"atl hip hop,atl trap,rap,trap",8348899,92
2tIP7SsRs7vjIcLrU85W8J,The Kid LAROI,australian hip hop,2626999,92
329e4yvIujISKGKz1BZZbO,Farruko,"latin,reggaeton,trap latino",10966556,91
5pKCCKE2ajJHZ9KAiaK11H,Rihanna,"barbadian pop,dance pop,pop,pop rap,urban contemporary",45137379,90
246dkjvS1zLTtiykXe5h60,Post Malone,"dfw rap,melodic rap,rap",34339288,90
0du5cEVh5yTK9QJze8zA0C,Bruno Mars,"dance pop,pop",34175585,90
4gzpq5DPGxSnKTe4SA8HAU,Coldplay,"permanent wave,pop",32019548,90
1Cs0zKBU1kc0i8ypK3B9ai,David Guetta,"big room,dance pop,edm,pop,pop dance,pop rap",23227689,90
1RyvyyTE3xzB2ZywiAwp0i,Future,"atl hip hop,pop rap,rap,southern hip hop,trap",10678838,90
7iK8PXO48WeuP03g8YR51W,Myke Towers,trap latino,6745120,90
15UsOTVnJzReFVN1VCnxy4,XXXTENTACION,"emo rap,miami hip hop",31076473,89
1i8SpTcr7yvPOmcqrbnVXY,Ozuna,"latin,puerto rican pop,reggaeton,trap latino",29819475,89
1r4hJ1h58CWwUQe3MxPuau,Maluma,"latin,reggaeton,reggaeton colombiano",27666298,89
2YZyLoL8N0Wb9xBt1NhZWg,Kendrick Lamar,"conscious hip hop,hip hop,rap,west coast rap",18419505,89
6l3HvQ5sa6mXTsMTB19rO5,J. Cole,"conscious hip hop,hip hop,north carolina hip hop,rap",14603690,89
7bXgB6jMjp9ATFy66eO08Z,Chris Brown,"dance pop,pop,pop rap,r&b,rap",14415597,89
4O15NlyKLIASxsJ0PrXPfz,Lil Uzi Vert,"melodic rap,philly rap,rap,trap",12118739,89
55Aa2cqylxrFIXC767Z865,Lil Wayne,"hip hop,new orleans rap,pop rap,rap,trap",10919732,89
77ziqFxp5gaInVrF2lj4ht,Sech,"latin,panamanian pop,reggaeton,trap latino",9206232,89
4r63FhuTkUYltbVAg5TQnk,DaBaby,"north carolina hip hop,rap",8089608,89
0eDvMgVFoNV3TpwtrVCoTj,Pop Smoke,brooklyn drill,7646196,89
50co4Is1HCEo8bhOyUWKpn,Young Thug,"atl hip hop,atl trap,gangster rap,hip hop,melodic rap,pop rap,rap,trap",6543812,89
6AgTAQt8XS6jRWi4sX7w49,Polo G,chicago rap,5336043,89
0EFisYRi20PTADoJrifHrz,Jhay Cortez,"latin,reggaeton,trap latino",2706397,89
2LIk90788K0zvyj2JJVwkJ,Jack Harlow,"deep underground hip hop,kentucky hip hop,pop rap,rap",1202638,89
53XhwfbYqKCa1cC15pYq2q,Imagine Dragons,"modern rock,pop,rock",36081513,88
04gDigrS5kc9YWfZHwBETP,Maroon 5,"pop,pop rock",33200206,88
4VMYDCV2IEDYJArk749S6m,Daddy Yankee,"latin,latin hip hop,reggaeton,trap latino",24484741,88
0hCNtLu0JehylgoiP8L4Gh,Nicki Minaj,"dance pop,hip pop,pop,pop rap,queens hip hop",22716806,88
2R21vXR83lH98kGeO99Y66,Anuel AA,"latin,reggaeton,reggaeton flow,trap boricua,trap latino",18980539,88
790FomKkXshlbRYZFtlgla,KAROL G,"latin,reggaeton,reggaeton colombiano,trap latino",18875519,88
6LuN9FCkKOj5PcnpouEgny,Khalid,"pop,pop r&b",14391575,88
1URnnhqYAYcrqrcwql10ft,21 Savage,"atl hip hop,hip hop,rap,trap",10188717,88
6Xgp2XMz1fhVYe7i6yNAax,Trippie Redd,"melodic rap,rap,trap",6700801,88
3hcs9uc56yIGFCSy9leWe7,Lil Durk,"chicago drill,chicago rap,drill,hip hop,rap,trap",3035844,88
1dfeR4HaWDbWqFHLkxsg1d,Queen,"classic rock,glam rock,rock",37022707,87
7n2wHs1TKAczGzO7Dd2rGr,Shawn Mendes,"canadian pop,dance pop,pop,viral pop",34702918,87
4AK6F7OLvEQ5QYCBNiQWHq,One Direction,"boy band,pop,post-teen pop,talent show",23259760,87
1HY2Jd0NmPuamShAr6KMms,Lady Gaga,"dance pop,pop",19357840,87
26VFTg2z8YR0cCuwLzESi2,Halsey,"dance pop,electropop,etherpop,indie poptimism,pop",16110190,87
1SupJlEpv7RS2tPNRaHViT,Nicky Jam,"latin,latin hip hop,reggaeton,trap latino",15236611,87
7c0XG5cIJTrrAgEC3ULPiq,Ty Dolla $ign,"hip hop,pop,pop rap,r&b,southern hip hop,trap,trap soul",3936370,87
2hlmm7s2ICUX0LVIhVFlZQ,Gunna,"atl hip hop,hip hop,melodic rap,rap,trap",3495362,87
64KEffDW9EtZ1y2vBYgq8T,Marshmello,"brostep,edm,pop,pop dance,progressive electro house",32146935,86
7CajNmpbOovFoOoasH2HaY,Calvin Harris,"dance pop,edm,electro house,house,pop,progressive house,uk dance",22169481,86
5WUlDfRSoLAfcVSX1WnrxN,Sia,"australian dance,australian pop,pop",21056836,86
3WrFJ7ztbogyGnTHbHJFl2,The Beatles,"beatlesque,british invasion,classic rock,merseybeat,psychedelic rock,rock",20728945,86
4kYSro6naA4h99UJvo89HB,Cardi B,"dance pop,pop,pop rap,rap",18090996,86
2wY79sveU1sp5g7SokKOiI,Sam Smith,"dance pop,pop,uk pop",17631250,86
6KImCVD70vtIoJWnq6nGn3,Harry Styles,pop,16971880,86
3PhoLpVuITZKcymswpck5b,Elton John,"glam rock,mellow gold,piano rock",7865980,86
7wlFDEWiM5OoIAt8RSli8b,YoungBoy Never Broke Again,"baton rouge rap,trap",7603169,86
4V8LLVI7PbaPR0K2TGSxFF,"Tyler, The Creator","hip hop,rap",7070738,86
3nFkdlSjzX9mRTtwJOzDYB,JAY-Z,"east coast hip hop,hip hop,rap",6592421,86
7tYKF4w9nC0nq9CsPZTHyP,SZA,"pop,r&b,rap",6257002,86
181bsRPaVXVlUKXrxwZfHK,Megan Thee Stallion,"houston rap,pop,trap queen",5194301,86
14zUHaJZo1mnYtn6IBRaRP,Justin Quiles,"latin,reggaeton,trap latino",2992147,86
0C8ZW7ezQVs4URX5aX7Kqx,Selena Gomez,"dance pop,pop,post-teen pop",30179689,85
6vWDO969PvNqNYHIOW5v0m,Beyoncé,"dance pop,pop,r&b",29012079,85
4nDoRrQiYLoBzwC5BhVJzF,Camila Cabello,"dance pop,pop,post-teen pop",23567429,85
6XyY86QOPPrYVGvF9ch6wz,Linkin Park,"alternative metal,nu metal,post-grunge,rap metal",20094336,85
6jJ0s89eD6GaHleKKya26X,Katy Perry,"dance pop,pop,post-teen pop",19410159,85
5YGY8feqx7naU7z4HrwZM6,Miley Cyrus,"dance pop,pop,post-teen pop",16240083,85
00FQb4jTyendYWaN8pK0wa,Lana Del Rey,"art pop,pop",14147298,85
28gNT5KBp7IjEOQoevXf9N,Camilo,"colombian pop,reggaeton colombiano",11579949,85
137W8MRPWKqSmrBGDBFSop,Wiz Khalifa,"dance pop,hip hop,pittsburgh rap,pop rap,rap,southern hip hop,trap",10170703,85
0TnOYISbd1XYRBk9myaseg,Pitbull,"dance pop,latin,miami hip hop,pop,pop rap",8741613,85
2kCcBybjl3SAtIcwdWpUe3,Lil Peep,"emo rap,lgbtq+ hip hop",7897658,85
4LLpKhyESsyAXpc4laK94U,Mac Miller,"hip hop,pittsburgh rap,rap",6404097,85
699OTQXzgjhIYAHMy9RyPD,Playboi Carti,"atl hip hop,hip hop,plugg,rap,trap",5229161,85
1bAftSH8umNcGZ0uyV7LMg,Duki,"argentine hip hop,trap argentino,trap latino,trap triste",4646331,85
2cFrymmkijnjDg9SS92EPM,blackbear,"pop,pop rap",4387240,85
6TIYQ3jFPwQSRmorSezPxX,Machine Gun Kelly,"ohio hip hop,pop rap",4035390,85
6jGMq4yGs7aQzuGsMgVgZR,Lil Tjay,"brooklyn drill,melodic rap,nyc rap",3878319,85
4yvcSjfu4PC0CYQyLy4wSq,Glass Animals,"gauze pop,indietronica,shiver pop",2044285,85
4fxd5Ee7UefO4CUXgwJ7IP,Giveon,"pop,r&b",1604124,85
7vk5e3vY1uw9plTHJAMwjN,Alan Walker,electro house,30564606,84
4dpARuHxo51G3z768sgnrY,Adele,"british soul,pop,pop soul,uk pop",29201893,84
41MozSoPIsD1dJM0CLPjZF,BLACKPINK,"k-pop,k-pop girl group",25241954,84
0EmeFodog0BfCgMzAIvKQp,Shakira,"colombian pop,dance pop,latin,latin pop,pop",22428777,84
3YQKmKGau1PzlVlkL1iodx,Twenty One Pilots,"modern rock,rock",21182899,84
07YUOmWljBTXwIseAUd9TW,Sebastian Yatra,"colombian pop,latin,reggaeton,reggaeton colombiano",16648837,84
7Ln80lUS6He07XvHI8qqHH,Arctic Monkeys,"garage rock,permanent wave,rock,sheffield indie",12725474,84
5Pwc4xIPtQLFEnJriah9YJ,OneRepublic,"dance pop,piano rock,pop,pop rock",12467537,84
07YZf4WDAMNwqr4jfgOZ8y,Jason Derulo,"dance pop,pop,pop rap,post-teen pop",10097891,84
0XwVARXT135rw8lyw1EeWP,Christian Nodal,"mariachi,nuevo regional mexicano,ranchera,regional mexican",8735786,84
2h93pZq0e7k5yf4dywlkpM,Frank Ocean,"alternative r&b,hip hop,lgbtq+ hip hop,neo soul,pop",8308781,84
5he5w2lnU9x7JFhnwcekXX,Skrillex,"brostep,complextro,edm,electro",7929517,84
7hJcb9fa4alzcOq3EaNPoG,Snoop Dogg,"g funk,gangster rap,hip hop,pop rap,rap,west coast rap",7276815,84
77SW9BnxLY8rJ0RciFqkHh,The Neighbourhood,"modern alternative rock,modern rock,pop",7010269,84
4SsVbpTthjScTS7U2hmr1X,Arcangel,"latin,latin hip hop,reggaeton,trap latino",6895020,84
757aE44tKEUQEqRuT6GnEB,Roddy Ricch,"melodic rap,rap,trap",6889891,84
5LHRHt1k9lMyONurDHEdrp,Tyga,"dance pop,hip hop,pop rap,rap,southern hip hop,trap",6345296,84
2o5jDhtHVPhrJdv3cEQ99Z,Tiësto,"big room,brostep,dance pop,dutch edm,edm,house,pop,pop dance,slap house,trance,tropical house",5920591,84
0fA0VVWsXO9YnASrzqfmYu,Kid Cudi,"hip hop,ohio hip hop,pop rap,rap",5154523,84
711MCceyCBcFnzjGY4Q7Un,AC/DC,"australian rock,hard rock,rock",20810065,83
6S2OmqARrzebs0tKUEyXyp,Demi Lovato,"dance pop,pop,post-teen pop",20723113,83
1vCWHaC5f2uS3yhpwWbIA6,Avicii,"dance pop,edm,pop,pop dance",20661111,83
3fMbdgg4jU18AjLCKBhRSm,Michael Jackson,"pop,r&b,soul",19972464,83
0L8ExT028jH3ddEcZwqJJ5,Red Hot Chili Peppers,"alternative rock,funk metal,funk rock,permanent wave",16812139,83
6olE6TJLqED3rqDCT0FyPh,Nirvana,"alternative rock,grunge,permanent wave,rock",13686339,83
3p7PcrEHaaKLJnPUGOtRlT,Henrique & Juliano,sertanejo universitario,13537750,83
1KCSPY1glIKqW2TotWuXOR,P!nk,"dance pop,pop",11850029,83
7n2Ycct7Beij7Dj7meI4X0,TWICE,"k-pop,k-pop girl group",10744227,83
4obzFoKoKRHIphyHzJ35G3,Becky G,"dance pop,latin,latin pop,latin viral pop,pop,rap latina,reggaeton,trap latino",10558121,83
13ubrt8QOOCPljQ2FL1Kca,A$AP Rocky,"east coast hip hop,hip hop,rap,trap",9915550,83
3e7awlrlDSwF3iM0WBjGMp,Little Mix,"dance pop,girl group,pop,post-teen pop,talent show,uk pop",9592419,83
4IWBUUAFIplrNtaOHcJPRM,James Arthur,"pop,talent show,uk pop",8695010,83
2nszmSgqreHSdJA3zWPyrW,Luis Miguel,"bolero,latin,latin pop",7951336,83
3q7HBObVc0L8jNeTe5Gofh,50 Cent,"east coast hip hop,gangster rap,hip hop,pop rap,queens hip hop,rap",7784205,83
23fqKkggKUBHNkbKtXEls4,Kygo,"edm,pop,pop dance,tropical house",7714837,83
3E6xrwgnVfYCrCs0ePERDz,Wisin,"latin,latin hip hop,reggaeton,trap latino",7092575,83
0LcJLqbBmaGUft1e9Mm8HV,ABBA,"europop,swedish pop",6564534,83
6fOMl44jA4Sp5b9PpYCkzz,NF,"hip hop,pop rap,rap",6075924,83
31W5EY0aAly4Qieq6OFu6I,A Boogie Wit da Hoodie,"melodic rap,rap,trap",5983328,83
20sxb77xiYeusSH8cVdatc,Meek Mill,"hip hop,philly rap,pop rap,rap,southern hip hop,trap",5430055,83
02kJSzxNuaWGqwubyUba0Z,G-Eazy,"hip hop,indie pop rap,oakland hip hop,pop,pop rap,rap",4932649,83
1qto4hHid1P71emI6Fd8xi,Aventura,"bachata,bachata dominicana,latin,latin hip hop,latin pop,trap latino,tropical",4890157,83
4Ga1P7PMIsmqEZqhYZQgDo,Lil Tecca,"melodic rap,rap,trap",4289613,83
4npEfmQ6YuiwW1GpUmaq3F,Ava Max,"dance pop,pop",4227295,83
4oUHIQIBe0LHzYfvXNW4QM,Morgan Wallen,contemporary country,2338366,83
5hdhHgpxyniooUiQVaPxQ0,Nio Garcia,"latin,reggaeton,trap latino",2330838,83
4Gso3d4CscCijv0lmajZWs,Don Toliver,"pop,rap,trap",1714726,83
1pQWsZQehhS4wavwh7Fnxd,Lenny Tavárez,"latin,reggaeton,reggaeton flow,trap argentino,trap latino",1405470,83
6ASri4ePR7RlsvIQgWPJpS,iann dior,"melodic rap,pop rap",1346184,83
69GGBxA162lTqCwzJG5jLp,The Chainsmokers,"dance pop,edm,electropop,pop,pop dance,tropical house",18416887,82
487N2T9nIPEHrlTZLL3SQs,Zé Neto & Cristiano,"sertanejo,sertanejo universitario",14764701,82
7MiDcPa6UiV3In7lIM71IN,Gusttavo Lima,"sertanejo,sertanejo universitario",13537009,82
5lwmRuXgjX8xIwlnauTZIP,Romeo Santos,"bachata,latin",13390730,82
2C6i0I5RiGzDKN9IAF8reh,Banda MS de Sergio Lizárraga,"banda,corrido,norteno,regional mexican",12654725,82
6oMuImdp5ZcFhWP0ESe6mG,Migos,"atl hip hop,rap,trap",11811257,82
0NGAZxHanS9e0iNHpR8f2W,Alok,"electro house,pop nacional,slap house",10580298,82
26dSoYclwsYLMAKD3tpOr4,Britney Spears,"dance pop,pop,post-teen pop",9762895,82
0c173mlxpT3dSFRgMO8XPh,Big Sean,"detroit hip hop,hip hop,pop,pop rap,rap,southern hip hop,trap",8823575,82
4GNC7GD6oZMSxPGyXy4MNB,Lewis Capaldi,"pop,uk pop",8671789,82
1zNqDE7qDGCsyzJwohVaoX,Anne-Marie,"dance pop,pop,pop dance,post-teen pop,tropical house,uk pop",8464360,82
163tK9Wjr9P9DmM0AVK7lm,Lorde,"art pop,dance pop,electropop,metropopolis,nz pop,pop",8403722,82
08GQAI4eElDnROBrJRGE0X,Fleetwood Mac,"album rock,classic rock,mellow gold,rock,soft rock,yacht rock",7201754,82
0vR2qb8m9WHeZ5ByCbimq2,Reik,"latin,latin arena pop,latin pop,mexican pop",6360310,82
1yxSLGMDHlW21z4YXirZDS,Black Eyed Peas,"dance pop,pop,pop rap",6116872,82
33ScadVnbm2X8kkUqOkC6Z,Don Omar,"latin,latin hip hop,puerto rican pop,reggaeton,trap latino",5991572,82
2dIgFjalVxs4ThymZ67YCE,Stray Kids,"k-pop,k-pop boy group",5693251,82
21451j1KhjAiaYKflxBjr1,Zion & Lennox,"latin,latin hip hop,reggaeton,trap latino",5684736,82
718COspgdWOnwOFpJHRZHS,Luke Combs,"contemporary country,country",5601866,82
1sBkRIssrMs1AbVkOJbc7a,Rick Ross,"dirty south rap,gangster rap,hip hop,pop rap,rap,southern hip hop,trap",5153126,82
3MZsBdqDrRTJihTHQrO6Dq,Joji,"alternative r&b,pop,viral pop",4940771,82
5Lv2GUVwqmQBPwrTrxucE5,Os Barões Da Pisadinha,"forro,piseiro",4774957,82
2jku7tDXc6XoB6MO2hFuqg,Tory Lanez,"canadian hip hop,canadian trap,hip hop,melodic rap,pop rap,r&b,rap,toronto rap,trap",3919476,82
3Isy6kedDrgPYoTS1dazA9,Sean Paul,"dance pop,dancehall,pop,pop rap",3612134,82
716NhGYqD1jl2wI1Qkgq36,Bizarrap,"argentine hip hop,pop venezolano,trap argentino,trap latino",3546413,82
20wkVLutqVOYrc0kxFs7rA,Daniel Caesar,"canadian contemporary r&b,pop,r&b",2883103,82
5fMUXHkw8R8eOP2RNVYEZX,Diplo,"bmore,dance pop,edm,electro house,house,moombahton,ninja,pop,pop dance,tropical house",2420331,82
1U1el3k54VvEUzo3ybLPlM,Kali Uchis,"colombian pop,pop",2145433,82
2cPqdH7XMvwaBJEVjheH8g,Jay Wheeler,"latin,reggaeton,trap latino",1914412,82
3rWZHrfrsPBxVy692yAIxF,WILLOW,"afrofuturism,dance pop,electropop,pop,post-teen pop",1700304,82
0GM7qgcRCORpGnfcN2tCiB,Tainy,"latin,latin hip hop,latin pop,pop reggaeton,reggaeton,reggaeton flow,trap latino",578043,82
6EPlBSH2RSiettczlz7ihV,Sleepy Hallow,"brooklyn drill,nyc rap",525644,82
1yR65psqiazQpeM79CcGh8,Marília Mendonça,sertanejo,21104492,81
1elUiq4X7pxej6FRlrEzjM,Jorge & Mateus,"sertanejo,sertanejo universitario",15317676,81
60d24wfXkVzDSfLS6hyCjZ,Martin Garrix,"dance pop,dutch edm,edm,pop,pop dance,progressive house,tropical house",15108353,81
6VuMaDnrHyPL1p4EHjYLi7,Charlie Puth,"dance pop,pop,viral pop",14060428,81
7oPftvlwr6VrsViSDV7fJY,Green Day,"permanent wave,punk",12614059,81
31TPClRtHm23RisEBtV3X7,Justin Timberlake,"dance pop,pop",11249541,81
20JZFwl6HVl6yg8a4H3ZqK,Panic! At The Disco,modern rock,10945490,81
22bE4uQ6baNwSHPVcDxLCe,The Rolling Stones,"british invasion,classic rock,rock",10831620,81
23zg3TcAtWQy7J6upgbUnj,Usher,"atl hip hop,dance pop,pop,r&b,south carolina hip hop,urban contemporary",9075905,81
4UXqAaa6dQYAk18Lv7PEgX,Fall Out Boy,"emo,modern rock,rock",9068788,81
4tZwfgrHOc3mvqYlEYSvVi,Daft Punk,"electro,filter house",8261677,81
0tmwSHipWxN12fsoLcFU3B,Manuel Turizo,"colombian pop,latin,reggaeton,reggaeton colombiano,trap latino",8241855,81
0jnsk9HBra6NMjO2oANoPY,Flo Rida,"dance pop,miami hip hop,pop,pop rap",8241241,81
5Rl15oVamLq7FbSb0NNBNy,5 Seconds of Summer,"boy band,dance pop,electropop,pop,post-teen pop",7898452,81
3AA28KZvwAUcZuOKwyblJQ,Gorillaz,alternative hip hop,7598901,81
540vIaP2JwjQb9dm3aArA4,DJ Snake,"dance pop,edm,electronic trap,pop,pop dance,pop rap",7465553,81
46SHBwWsqBkxI7EeeBEQG7,Kodak Black,"florida rap,hip hop,melodic rap,miami hip hop,rap,southern hip hop,trap",7357668,81
64M6ah0SkkRsnPGtGiRAbb,Bebe Rexha,"dance pop,pop,post-teen pop",6703827,81
1GDbiv3spRmZ1XdM1jQbT7,Natti Natasha,"latin,latin pop,rap latina,reggaeton,trap latino",6631204,81
7gOdHgIoIKoe4i9Tta6qdD,Jonas Brothers,"boy band,dance pop,pop,post-teen pop",5600977,81
4xRYI6VqpkE3UwrDrAZL8L,Logic,"conscious hip hop,dmv rap,hip hop,pop rap,rap",5508836,81
0hEurMDQu99nJRq8pTxO14,John Mayer,"neo mellow,pop rock,singer-songwriter",5254543,81
0VRj0yCOv2FXJNP47XQnx5,Quavo,"atl hip hop,hip hop,melodic rap,pop rap,rap,southern hip hop,trap",5229918,81
5JZ7CnR6gTvEMKX4g70Amv,Lauv,"dance pop,electropop,pop",4566571,81
3IW7ScrzXmPvZhB27hmfgy,Jul,"francoton,rap marseille",4378943,81
0KPX4Ucy9dk82uj4GpKesn,Dalex,"latin,r&b en espanol,reggaeton,trap latino",3702678,81
7vXDAI8JwjW531ouMGbfcp,TINI,"latin pop,pop argentino",3184464,81
0z4gvV4rjIZ9wHck67ucSV,Akon,dance pop,2876626,81
3t5xRXzsuZmMDkQzgOX35S,Robin Schulz,"dance pop,deep euro house,deep house,edm,german dance,pop,pop dance,tropical house",2819042,81
0iEtIxbK0KxaSlF7G42ZOp,Metro Boomin,"hip hop,pop rap,rap,southern hip hop,trap",2664572,81
25uiPmTg16RbhZWAqwLBy5,Charli XCX,"art pop,candy pop,dance pop,electropop,hyperpop,metropopolis,pop,post-teen pop,uk pop",2433369,81
4DdkRBBYG6Yk9Ka8tdJ9BW,Offset,"atl hip hop,hip hop,pop rap,rap,southern hip hop,trap",2131591,81
3jK9MiCrA42lLAdMGUZpwa,Anderson .Paak,escape room,1959692,81
45dkTj5sMRSjrmBSBeiHym,Tate McRae,"alt z,dance pop,pop,post-teen pop",1809018,81
6fWVd57NKTalqvmjRd2t8Z,24kGoldn,cali rap,1383086,81
6cK3NBO6uP7hh0oyuVELFl,Saweetie,"cali rap,dance pop,pop,trap queen",1326878,81
1zNqQNIdeOUZHb8zbZRFMX,Swae Lee,"melodic rap,trap",1292361,81
6DgP9otnZw5z6daOntINxp,Joel Corry,"dance pop,pop,pop dance,tropical house,uk dance",220545,81
0Q8NcsJwoCbZOHHW63su5S,Mora,"reggaeton,trap latino",179353,81
5ZsFI1h6hIdQRw2ti0hz81,ZAYN,"dance pop,pop,post-teen pop,uk pop",17330989,80
63yrD80RY3RNEM2YDpUpO8,Melanie Martinez,"alt z,electropop,pop",11391273,80
1ZwdS5xdxEREPySFridCfh,2Pac,"g funk,gangster rap,hip hop,rap,west coast rap",11292317,80
7FNnA9vBm6EKceENgCGRMb,Anitta,"funk carioca,funk pop,pagode baiano,pop nacional",10831794,80
7qG3b048QCHVRO5Pv1T5lw,Enrique Iglesias,"dance pop,latin,latin pop,mexican pop,pop",10407643,80
0X2BH1fck6amBIoJhDVmmJ,Ellie Goulding,"dance pop,edm,electropop,indietronica,metropopolis,pop,uk pop",9974680,80
3DiDSECUqqY1AuBP8qtaIa,Alicia Keys,"hip pop,neo soul,pop,r&b,urban contemporary",8994573,80
1Hsdzj7Dlq2I7tHP7501T4,Niall Horan,"dance pop,pop,post-teen pop",7773847,80
6icQOAFXDZKsumw3YXyusw,Lil Yachty,"atl hip hop,hip hop,melodic rap,rap,southern hip hop,trap,viral rap",7488317,80
17lzZA2AlOHwCwFALHttmp,2 Chainz,"atl hip hop,gangster rap,hip hop,pop rap,rap,southern hip hop,trap",6618760,80
0QHgL1lAIqAw0HtD7YldmP,DJ Khaled,"hip hop,miami hip hop,pop,pop rap,rap,southern hip hop,trap",6442397,80
3WGpXCj9YhhfX11TToZcXP,Troye Sivan,"australian pop,dance pop,electropop,pop,viral pop",6021449,80
6DPYiyq5kWVQS4RGwxzPC7,Dr. Dre,"g funk,gangster rap,hip hop,rap,west coast rap",5951664,80
5y2Xq6xcjJb2jVM54GHK3t,John Legend,"neo soul,pop,pop soul,r&b,urban contemporary",5915102,80
1anyVhU62p31KFi8MEzkbf,Chance the Rapper,"chicago rap,conscious hip hop,hip hop,pop rap,rap",5422085,80
0eHQ9o50hj6ZDNBt6Ys1sD,Yandel,"latin,latin hip hop,reggaeton,reggaeton flow,trap latino",5300834,80
5INjqkS1o8h1imAzPqGZBb,Tame Impala,"australian psych,neo-psychedelic",5158828,80
0cGUm45nv7Z6M6qdXYQGTX,Kehlani,"dance pop,pop,r&b",5082468,80
6Te49r3A6f5BiIgBRxH7FH,Ninho,"french hip hop,pop urbaine",4976604,80
5ZS223C6JyBfXasXxrRqOk,Jhené Aiko,"alternative r&b,dance pop,pop,pop rap,r&b,urban contemporary",4861611,80
7ltDVBr6mKbRvohxheJ9h1,ROSALÍA,r&b en espanol,4839499,80
1wZtkThiXbVNtj6hee6dz9,Wisin & Yandel,"electro latino,latin,latin hip hop,reggaeton,trap latino",4722904,80
5C4PDR4LnhZTbVnKWXuDKD,Morat,"colombian pop,latin,latin pop",4680117,80
0ghlgldX5Dd6720Q3qFyQB,TOMORROW X TOGETHER,"k-pop,k-pop boy group",4614068,80
2rhFzFmezpnW82MNqEKVry,Ski Mask The Slump God,"miami hip hop,rap,underground hip hop",4496975,80
3b8QkneNDz4JHKKKlLgYZg,Florida Georgia Line,"contemporary country,country,country pop,country road,modern country rock",4494172,80
1z7b1Pr1rSlvWRzsW3HOrS,Russ,"hawaiian hip hop,rap",4118360,80
4Uc8Dsxct0oMqx0P6i60ea,Conan Gray,"bedroom pop,electropop,indie pop,pop",4081304,80
0ZED1XzwlLHW4ZaG4lOT6m,Julia Michaels,"alt z,dance pop,electropop,pop,post-teen pop",4049266,80
1Ffb6ejR6Fe5IamqA5oRUF,Bring Me The Horizon,"melodic metalcore,metalcore,rock,uk metalcore",4028954,80
49tQo2QULno7gxHutgccqF,LANY,"la pop,pop",4027614,80
13y7CgLHjMVRMDqxdx0Xdo,Gucci Mane,"atl hip hop,dirty south rap,gangster rap,hip hop,pop rap,rap,southern hip hop,trap",3992608,80
2RdwBSPQiwcmiDo9kixcl8,Pharrell Williams,pop rap,3673193,80
3aQeKQSyrW4qWr35idm0cy,T-Pain,"dance pop,hip hop,pop,pop rap,r&b,rap,southern hip hop,urban contemporary",3449906,80
4IVAbR2w4JJNJDDRFP3E83,6LACK,"alternative r&b,atl hip hop,hip hop,melodic rap,r&b,rap,trap",3147507,80
3l0CmX0FuQjFxr8SK7Vqag,Clairo,"bedroom pop,indie pop,pop",2832982,80
3tJoFztHeIJkJWMrx0td2f,Moneybagg Yo,"hip hop,memphis hip hop,rap,southern hip hop,tennessee hip hop,trap",2366832,80
1TtXnWcUs0FCkaZDPGYHdf,Darell,"latin,latin hip hop,reggaeton,reggaeton flow,trap latino",2329908,80
2oQX8QiMXOyuqbcZEFsZfm,El Alfa,"dembow,latin,rap dominicano,reggaeton,trap latino",1856527,80
3tlXnStJ1fFhdScmQeLpuG,Brent Faiyaz,"dmv rap,pop,r&b,rap",1820610,80
3gIRvgZssIb9aiirIg0nI3,Jeremy Zucker,"electropop,pop",1781412,80
2feDdbD5araYcm6JhFHHw7,Labrinth,"indie poptimism,pop",1724179,80
0Dvx6p8JDyzeOPGmaCIH1L,RAF Camora,german hip hop,1358614,80
3tVQdUvClmAT7URs9V3rsp,WizKid,"afro dancehall,afropop,azonto,nigerian hip hop,nigerian pop",1025245,80
2LRoIwlKmHjgvigdNGBHNo,Feid,"colombian pop,latin,pop reggaeton,reggaeton,reggaeton colombiano,trap latino",703937,80
0u6GtibW46tFX7koQ6uNJZ,Topic,"dance pop,edm,electro house,german dance,pop dance,pop edm,tropical house",157027,80
3vQ0GE3mI0dAaxIMYe5g7z,Paulo Londra,"argentine hip hop,trap argentino,trap latino",13694090,79
1AL2GKpmRrKXkYIcASuRFa,Wesley Safadão,forro,10122411,79
4V8Sr092TqfHkfAA5fXXqG,Luis Fonsi,"latin,latin pop,puerto rican pop",9701385,79
2wUjUUtkb5lvLKcGKsKqsR,Alessia Cara,"canadian contemporary r&b,canadian pop,dance pop,electropop,pop,post-teen pop",9437524,79
7jy3rLJdDQY21OgRLCZ9sD,Foo Fighters,"alternative metal,alternative rock,modern rock,permanent wave,post-grunge,rock",9155620,79
51Blml2LZPmy7TTiAg47vQ,U2,"irish rock,permanent wave,rock",8831336,79
73sIBHcqh3Z3NyqHKZ7FOL,Childish Gambino,"atl hip hop,hip hop,pop rap,rap",8315014,79
05fG473iIaoy82BF1aGhL8,Slipknot,"alternative metal,double drumming,nu metal,rap metal",7598215,79
5eAWCfyUhZtHHtBdNk56l1,System Of A Down,"alternative metal,nu metal,rap metal,rock",7578198,79
0oSGxfWSnnOXhD2fKuz2Gy,David Bowie,"art rock,classic rock,glam rock,permanent wave,rock",7308574,79
4iHNK0tOyZPYnBU7nGAgpQ,Mariah Carey,"dance pop,pop,r&b,urban contemporary",7061548,79
6FBDaR13swtiWwGhX1WQsP,blink-182,"pop punk,punk,rock,socal pop punk",6682488,79
6LqNN22kT3074XbTVUrhzX,Kesha,"dance pop,electropop,pop,post-teen pop",6667324,79
2DaxqgrOhkeH0fpeiQq2f4,Oasis,"beatlesque,britpop,madchester,permanent wave,rock",6644456,79
1cNDP5yjU5vjeR8qMf4grg,YNW Melly,"melodic rap,trap",6590966,79
1l7ZsJRRS8wlW3WfJfPfNS,Christina Aguilera,"dance pop,pop,post-teen pop",6415054,79
74XFHRwlV6OrjEM0A2NCMF,Paramore,"candy pop,pixie,pop emo,pop punk",6387484,79
0C0XlULifJtAgn6ZNCW2eu,The Killers,"alternative rock,dance rock,modern rock,permanent wave,rock",6216485,79
4wLXwxDeWQ8mtUIRPxGiD6,Marc Anthony,"latin,latin pop,modern salsa,salsa,tropical",6140542,79
6w9ToX5slZ4uIdmD17hJ3c,Bryant Myers,"latin,latin hip hop,reggaeton,reggaeton flow,trap latino",5554669,79
2EMAnMvWE2eb56ToJVfCWs,Bryson Tiller,"kentucky hip hop,pop,pop rap,r&b,rap,trap",5127424,79
1LZEQNv7sE11VDY3SdxQeN,Bee Gees,"disco,mellow gold,soft rock",4914706,79
2FXC3k01G6Gw61bmprjgqS,Hozier,"irish singer-songwriter,modern rock,pop",4865255,79
6sq1yF0OZEWA4xoXVKW1L9,Alejandro Fernández,"latin,latin arena pop,latin pop,mariachi,mexican pop,ranchera,regional mexican",4601082,79
23TFHmajVfBtlRx5MXqgoz,Sfera Ebbasta,"italian hip hop,italian pop,trap italiana",4505024,79
6MDME20pz9RveH9rEXvrOM,Clean Bandit,"dance pop,edm,pop,pop dance,tropical house,uk dance,uk funky",4500995,79
3Y7RZ31TRPVadSFVy1o8os,H.E.R.,"alternative r&b,dance pop,pop,r&b",4336212,79
360IAlyVv4PCEVjgyMZrxK,Miguel,"dance pop,pop,r&b,urban contemporary",3647261,79
3oSJ7TBVCWMDMiYjXNiCKE,Kane Brown,"contemporary country,country,country road",3621506,79
6ydoSd3N2mwgwBHtF6K7eX,Calum Scott,"neo mellow,pop,pop rock",3618995,79
5IH6FPUwQTxPSXurCrcIov,Alec Benjamin,"alt z,dream smp,electropop,pop",2962061,79
7rkW85dBwwrJtlHRDkJDAC,NAV,"canadian hip hop,canadian trap,hip hop,melodic rap,pop rap,rap,toronto rap,trap",2690772,79
45TgXXqMDdF8BkjA83OM7z,Rod Wave,florida rap,2392063,79
6cEuCEZu7PAE9ZSzLLc2oQ,R3HAB,"dance pop,dutch house,edm,electro house,pop,pop dance,progressive electro house,slap house,tropical house",2253810,79
3ipn9JLAPI5GUEo4y4jcoi,Ludacris,"atl hip hop,dirty south rap,hip hop,pop rap,rap,southern hip hop,trap",2235374,79
1aS5tqEs9ci5P9KD9tZWa6,Bonez MC,"german hip hop,hamburg hip hop",1712282,79
6Ip8FS7vWT1uKkJSweANQK,Dave,uk hip hop,1530093,79
48HORs6F9P7IgdyKrk4MZC,Tarcísio do Acordeon,,1454580,79
70kkdajctXSbqSMJbQO424,Kacey Musgraves,"contemporary country,country dawn,pop,texas country",1027790,79
41X1TR6hrK8Q2ZCpp2EqCz,bbno$,"canadian hip hop,dark trap,vapor trap",903048,79
6MPCFvOQv5cIGfw3jODMF0,Internet Money,"rap,trap",465723,79
4EPJlUEBy49EX1wuFOvtjK,Becky Hill,"dance pop,house,pop,pop dance,pop house,tropical house,uk dance,uk pop",356265,79
4exLIFE8sISLr28sqG1qNX,Travis Barker,rap rock,342658,79
5rGrDvrLOV2VV8SCFVGWlj,Imanbek,"dance pop,edm,electro house,pop dance,slap house,tropical house",119077,79
2DlGxzQSjYe5N6G9nkYghR,Jennifer Lopez,"dance pop,pop,pop rap,urban contemporary",10725356,78
1Xylc3o4UrD53lo9CvFvVg,Zara Larsson,"dance pop,edm,electropop,pop,pop dance,post-teen pop,scandipop,swedish electropop,swedish pop,tropical house",9266897,78
2Z0lRIqr997lIUiPtrpKCr,Matheus & Kauan,"pop nacional,sertanejo pop,sertanejo universitario",9169477,78
0p4nmQO2msCgU4IF37Wi3j,Avril Lavigne,"canadian pop,candy pop,dance pop,pop,post-teen pop",7803107,78
4bw2Am3p9ji3mYsXNXtQcd,Piso 21,"colombian pop,latin,latin pop,reggaeton,reggaeton colombiano,trap latino",7396359,78
6XpaIBNiVzIetEPCWDvAFP,Whitney Houston,"dance pop,pop,urban contemporary",7097501,78
3MHaV05u0io8fQbZ2XPtlC,Prince Royce,"bachata,latin,latin hip hop,latin pop",6466602,78
6wWVKhxIU2cEi0K81v7HvP,Rammstein,"alternative metal,german metal,industrial,industrial metal,industrial rock,neue deutsche harte,nu metal",6387294,78
738wLrAtLtCtFOLvQBXOXp,Major Lazer,"dance pop,edm,electro house,moombahton,pop,pop dance,pop rap",6243062,78
7slfeZO9LsJbWgpkIoXBUJ,Ricky Martin,"dance pop,latin,latin pop,mexican pop,puerto rican pop",6159079,78
43ZHCT0cAZBISjO8DG9PnE,Elvis Presley,"rock-and-roll,rockabilly",5879667,78
2qxJFvFYMEDqd7ui6kSAcq,Zedd,"complextro,dance pop,edm,electro house,electropop,german techno,pop,pop dance,tropical house",5563126,78
6tbjWDEIzxoDsBA1FuhfPW,Madonna,"dance pop,pop",5443999,78
3KV3p5EY4AvKxOlhGHORLg,Jeremih,"chicago rap,dance pop,hip hop,pop,pop rap,r&b,southern hip hop,trap,urban contemporary",5301822,78
47MpMsUfWtgyIIBEFOr4FE,Lunay,"latin,latin hip hop,latin pop,reggaeton,reggaeton flow,trap latino",5279685,78
7guDJrEfX3qb6FEbdPA5qi,Stevie Wonder,"funk,indie r&b,motown,quiet storm,soul",5275211,78
3EiLUeyEcA6fbRPSHkG5kb,De La Ghetto,"latin,latin hip hop,reggaeton,reggaeton flow,trap latino",5177456,78
1Mxqyy3pSjf8kZZL4QVxS0,Frank Sinatra,"adult standards,easy listening,lounge",5074924,78
7EQ0qTo7fWT7DPxmxtSYEc,Bastille,"metropopolis,modern rock,pop,pop rock,tropical house",4834899,78
4GvEc3ANtPPjt1ZJllr5Zl,Bazzi,"dance pop,electropop,pop",4556970,78
56oDRnqbIiwx4mymNEv7dS,Lizzo,"dance pop,escape room,minnesota hip hop,pop,trap queen",4127348,78
6vXTefBL93Dj5IqAWq6OTv,French Montana,"gangster rap,hip hop,pop,pop rap,rap,southern hip hop,trap",4117198,78
2kRfqPViCqYdSGhYSM9R0Q,Madison Beer,"alt z,dance pop,electropop,pop,post-teen pop",3710570,78
4YLtscXsxbVgi031ovDDdh,Chris Stapleton,"contemporary country,outlaw country",3628802,78
5nP8x4uEFjAAmDzwOEc9b8,Matuê,"r&b brasileiro,rap cearense,trap brasileiro",3584609,78
0ErzCpIMyLcjPiwT4elrtZ,NLE Choppa,memphis hip hop,3560819,78
1HBjj22wzbscIZ9sEb5dyf,Jonas Blue,"dance pop,edm,pop,pop dance,tropical house,uk dance",3373005,78
4m6ubhNsdwF4psNf3R8kwR,KHEA,"argentine hip hop,trap argentino,trap latino,trap triste",3372794,78
7pbDxGE6nQSZVfiFdq9lOL,Rex Orange County,"bedroom pop,pop",3324906,78
2HPaUgqeutzr3jx5a9WyDV,PARTYNEXTDOOR,"pop,pop rap,r&b,rap,toronto rap,trap,urban contemporary",3258915,78
5xSx2FM8mQnrfgM1QsHniB,Danna Paola,"latin,latin pop,latin viral pop,mexican pop,pop",3177886,78
4sTQVOfp9vEMCemLw50sbu,Galantis,"dance pop,edm,electro house,pop,pop dance,tropical house",3143698,78
2NjfBq1NflQcKSeiDooVjY,Tones And I,"australian pop,pop",2865196,78
4NHQUGzhtTLFvgF5SZesLK,Tove Lo,"dance pop,electropop,metropopolis,pop,post-teen pop,swedish electropop,swedish pop,swedish synthpop",2853422,78
12vb80Km0Ew53ABfJOepVz,Ñengo Flow,"latin,latin hip hop,reggaeton,reggaeton flow,trap latino",2764452,78
2KC9Qb60EaY0kW4eH68vr3,ITZY,k-pop girl group,2685341,78
0A0FS04o6zMoto8OKPsDwY,YG,"cali rap,gangster rap,hip hop,pop rap,rap,southern hip hop,trap",2682149,78
57LYzLEk2LcFghVwuWbcuS,Summer Walker,"pop,r&b",2632080,78
10exVja0key0uqUkk6LJRT,Vance Joy,"folk-pop,modern rock,pop,pop rock",2458881,78
7z5WFjZAIYejWy0NI5lv4T,Dan + Shay,"contemporary country,country,pop",2410545,78
4PzYKhC14sTJNEr0dzoo0d,Luísa Sonza,"funk carioca,pop nacional",2078785,78
3hBQ4zniNdQf1cqqo6hzuW,Salmo,"italian hip hop,italian underground hip hop,rap sardegna",2075370,78
5Y5TRrQiqgUO4S36tzjIRZ,Timbaland,"dance pop,hip hop,hip pop,pop,pop rap,urban contemporary",2062060,78
2IDLDx25HU1nQMKde4n61a,Rich Brian,indonesian hip hop,1880181,78
6C1ohJrd5VydigQtaGy5Wa,Joyner Lucas,"boston hip hop,hip hop,pop rap,rap",1761759,78
5TYxZTjIPqKM8K8NuP9woO,C. Tangana,urbano espanol,1546557,78
3wcj11K77LjEY1PkEazffa,Burna Boy,"afro dancehall,dancehall,nigerian hip hop,nigerian pop",1363913,78
4bL2B6hmLlMWnUEZnorEtG,Felix Jaehn,"dance pop,edm,electro house,german dance,pop,pop dance,pop edm,tropical house",1140027,78
47mIJdHORyRerp4os813jD,League of Legends,"speedrun,video game music",1131318,78
1Oa0bMld0A3u5OTYfMzp5h,Nate Dogg,"g funk,gangster rap,hip hop,pop rap,rap,west coast rap",1104391,78
3CJKkU0XuElRT1z8rEtIYg,Luciano,"german drill,german hip hop",993774,78
5KNNVgR6LBIABRIomyCwKJ,Dermot Kennedy,"folk-pop,irish pop,pop",986392,78
4Q6nIcaBED8qUel8bBx6Cr,Jax Jones,"dance pop,edm,electro house,house,pop,pop dance,tropical house,uk dance",952803,78
57vWImR43h4CaDao012Ofp,Steve Lacy,afrofuturism,760689,78
0xRXCcSX89eobfrshSVdyu,MEDUZA,"edm,pop dance,pop house,tropical house",451285,78
6JL8zeS1NmiOftqZTRgdTz,Meghan Trainor,"dance pop,hip pop,pop,post-teen pop",10767451,77
59jlthNnbmim5l9tmNA7se,Maiara & Maraisa,"sertanejo,sertanejo pop,sertanejo universitario",9416850,77
0ECwFtbIWEVNwjlrfc6xoL,Eagles,"album rock,classic rock,country rock,folk rock,heartland rock,mellow gold,rock,soft rock,yacht rock",7153313,77
5CCwRZC6euC8Odo6y9X8jr,Rita Ora,"australian pop,dance pop,edm,electropop,pop,post-teen pop,tropical house,uk pop",6926706,77
12Chz98pHFMPJEknJQMWvI,Muse,"modern rock,permanent wave,rock",6657434,77
3mIj9lX2MWuHmhNCA7LSCW,The 1975,"modern alternative rock,modern rock,pop,rock",5132497,77
0ZCO8oVkMj897cKgFH7fRW,Los Ángeles Azules,"gruperas inmortales,nu-cumbia,regional mexican,tropical",4931667,77
1gPhS1zisyXr5dHTYZyiMe,Kevin Gates,"baton rouge rap,pop rap,rap,southern hip hop,trap",4476924,77
5NGO30tJxFlKixkPSgXcFE,The Police,"album rock,art rock,classic rock,mellow gold,new wave,permanent wave,rock,soft rock",4456948,77
3eqjTLE0HfPfh78zjh6TqT,Bruce Springsteen,"classic rock,heartland rock,mellow gold,permanent wave,rock,singer-songwriter",4353943,77
00XhexlJEXQstHimpZN910,Brytiago,"latin,latin hip hop,reggaeton,reggaeton flow,trap latino",4208280,77
5zctI4wO9XSKS8XwcnqEHk,Lil Mosey,"melodic rap,rap,rap conscient,trap,vapor trap",3979656,77
0epOFNiUfyON9EYx7Tpr6V,The Strokes,"alternative rock,garage rock,modern rock,permanent wave,rock",3965496,77
6x2LnllRG5uGarZMsD4iO8,Thomas Rhett,"contemporary country,country,country road,modern country rock",3922553,77
4OBJLual30L7gRl5UkeRcT,T.I.,"atl hip hop,dance pop,dirty south rap,gangster rap,hip hop,pop rap,rap,southern hip hop,trap",3897433,77
5M9Bb4adKAgrOFOhc05Y50,Pablo Alborán,"latin,latin arena pop,latin pop,spanish pop",3871921,77
5IcR3N7QB1j6KBL8eImZ8m,ScHoolboy Q,"gangster rap,hip hop,pop rap,rap,southern hip hop,trap,underground hip hop",3851066,77
2wkoKEfS6dXwThbyTnZWFU,Mau y Ricky,"latin,latin pop,pop venezolano,reggaeton,trap latino",3842636,77
4D75GcNG95ebPtNvoNVXhz,Afrojack,"big room,dance pop,dutch house,edm,electro house,pop dance,pop rap,tropical house",3732082,77
4AVFqumd2ogHFlRbKIjp1t,Alesso,"dance pop,edm,electro house,pop,pop dance,progressive electro house,tropical house",3688951,77
77AiFEVeAVj2ORpC85QVJs,Steve Aoki,"dance pop,edm,electro house,pop,pop dance,pop rap,tropical house",3597784,77
5H1nN1SzW0qNeUEZvuXjAj,Danny Ocean,"latin,latin pop,pop venezolano,reggaeton,trap latino",3301402,77
4NUePmzDvCYqilXBFa91Hg,Dilsinho,"pagode,pagode novo",3151288,77
4QQgXkCYTt3BlENzhyNETg,"Earth, Wind & Fire","disco,funk,jazz funk,motown,quiet storm,soul",3128307,77
4LEiUm1SRbFMgfqnQTwUbQ,Bon Iver,"eau claire indie,indie folk,melancholia",3064830,77
6CwfuxIqcltXDGjfZsMd9A,MARINA,"dance pop,electropop,metropopolis,pop,uk alternative pop",3048557,77
2jw70GZXlAI8QzWeY2bgRc,Nelly Furtado,"canadian latin,canadian pop,dance pop,pop,pop rap",2777566,77
20qISvAhX20dpIbOOzGK3q,Nas,"conscious hip hop,east coast hip hop,gangster rap,hardcore hip hop,hip hop,queens hip hop,rap",2536549,77
3Z02hBLubJxuFJfhacLSDc,Bryan Adams,"album rock,canadian pop,canadian singer-songwriter,classic canadian rock,heartland rock,mellow gold,soft rock",2288933,77
0e86yPdC41PGRkLp2Q1Bph,Mother Mother,vancouver indie,2252334,77
1nzgtKYFckznkcVMR3Gg4z,KSI,uk hip hop,2111799,77
6s22t5Y3prQHyaHWUN1R1C,AJR,modern rock,1970976,77
6nS5roXSAGhTGr34W6n7Et,Disclosure,"house,pop,uk dance",1960108,77
2UZIAOlrnyZmyzt1nuXr9y,Nicki Nicole,"argentine hip hop,r&b argentino,trap argentino,trap latino",1876573,77
7eLcDZDYHXZCebtQmVFL25,Aitana,"latin pop,latin talent show,spanish pop",1630994,77
6QtgPSJPSzcnn7dPZ4VINp,King Von,chicago rap,1293081,77
64aJYyrXljOodnUG6jvhRD,DJ Luian,"latin,latin hip hop,reggaeton,reggaeton flow,trap latino",1155938,77
45eNHdiiabvmbp4erw26rg,ILLENIUM,"edm,melodic dubstep,pop,pop dance,tropical house",1155818,77
3hv9jJF3adDNsBSIQDqcjp,Mark Ronson,"dance pop,neo soul,pop",929878,77
0YinUQ50QDB7ZxSCLyQ40k,Mustard,"cali rap,hip hop,pop rap,rap,southern hip hop,trap",898530,77
1r1uxoy19fzMxunt3ONAkG,Phoebe Bridgers,"indie pop,indie rock,la indie,pop",845759,77
2ydZrTy8U3kOMOzx20s3dg,DJ Nelson,"latin,latin hip hop,reggaeton,reggaeton flow,trap latino",786767,77
20gsENnposVs2I4rQ5kvrf,Sam Feldt,"dance pop,edm,electro house,pop,pop dance,pop edm,tropical house",652151,77
6WY7D3jk8zTrHtmkqqo5GI,Maren Morris,"contemporary country,country,texas country",603055,77
7okSU80WTrn4LXlyXYbX3P,Clinton Kane,"alt z,pop",532289,77
5KKpBU5eC2tJDzf0wmlRp2,RAYE,"dance pop,edm,house,pop,pop dance,tropical house,uk contemporary r&b,uk dance,uk pop",438964,77
7b79bQFziJFedJb75k6hFt,Tion Wayne,london rap,375721,77
2T1aUibqR2QC2sINIDQOAK,Mambo Kingz,reggaeton flow,159833,77
09agIJMxCD2k87ys9Al0f0,VIZE,"dance pop,edm,german dance,pop dance,slap house,tropical house",148210,77
0n6sKrG0xKAf8xmdqeNGke,Los Legendarios,"reggaeton,trap latino",48122,77
3BmGtnKgCSGYIUhmivXKWX,Kelly Clarkson,"dance pop,neo mellow,pop,pop rock,post-teen pop,talent show",8042210,76
3AQRLZ9PuTAozP28Skbq8V,The Script,"celtic rock,dance pop,neo mellow,pop,pop rock,post-teen pop",6864989,76
7gZfnEnfiaHzxARJ2LeXrf,6ix9ine,"emo rap,rap",6546941,76
4phGZZrJZRo4ElhRtViYdl,Jason Mraz,"acoustic pop,neo mellow,pop,pop rock",6267362,76
1z4g3DjTBBZKhvAroFlhOM,Red Velvet,"k-pop,k-pop girl group",5987771,76
1moxjboGR7GNWYIMWsRjgG,Florence + The Machine,"baroque pop,pop,uk alternative pop",5672004,76
3qvcCP2J0fWi0m0uQDUf6r,Luan Santana,"sertanejo,sertanejo pop,sertanejo universitario",5572707,76
3HqSLMAZ3g3d5poNaI7GOU,IU,k-pop,5476220,76
4S9EykWXhStSc15wEx8QFK,Céline Dion,"canadian pop,dance pop",5296152,76
4yiQZ8tQPux8cPriYMWUFP,Gwen Stefani,"dance pop,hip pop,pop,post-teen pop,urban contemporary",4916059,76
1GxkXlMwML1oSg5eLPiAz3,Michael Bublé,"adult standards,canadian pop,jazz pop,lounge",4763113,76
7d3WFRME3vBY2cgoP38RDo,Lil Skies,"melodic rap,rap,trap",4743214,76
4vhNDa5ycK0ST968ek7kRr,Carlos Vives,"champeta,colombian pop,latin,latin pop,tropical,vallenato",4642843,76
4WZGDpNwrC0vNQyl9QzF7d,Capital Bra,german hip hop,4134453,76
5rSXSAkZ67PYJSvpUpkOr7,Backstreet Boys,"boy band,dance pop",4092354,76
6LnJKrtFnTEGdbWQ2riWCL,Ezhel,"turkish hip hop,turkish trap",4029717,76
0SfsnGyD8FpIN4U4WCkBZ5,Armin van Buuren,"dutch trance,edm,pop dance,progressive house,trance",3951183,76
6w3SkAHYPsQ1bxV7VDlG5y,Cazzu,"argentine hip hop,latin,latin pop,rap latina,reggaeton,trap argentino,trap latino",3877943,76
4EzkuveR9pLvDVFNx6foYD,James Bay,"modern rock,neo mellow,pop,pop rock",3464525,76
67nwj3Y5sZQLl72VNUHEYE,Wale,"dance pop,gangster rap,hip hop,pop,pop rap,r&b,rap,southern hip hop,trap,urban contemporary",3285042,76
2UwqpfQtNuhBwviIC0f2ie,Damso,"belgian hip hop,french hip hop,pop urbaine,rap belge,rap conscient",3175378,76
5dHt1vcEm9qb8fCyLcB3HL,A$AP Ferg,"hip hop,pop rap,rap,southern hip hop,trap,underground hip hop",3099261,76
5gCRApTajqwbnHHPbr2Fpi,Juicy J,"crunk,dirty south rap,gangster rap,hip hop,memphis hip hop,pop rap,rap,southern hip hop,trap",2639071,76
4ScCswdRlyA23odg9thgIO,Jess Glynne,"australian pop,dance pop,pop,pop dance,post-teen pop,tropical house,uk pop",2593050,76
2SrSdSvpminqmStGELCSNd,Stormzy,"grime,uk hip hop",2356775,76
1CoZyIx7UvdxT5c8UkMzHd,Jorja Smith,"pop,r&b,uk contemporary r&b",2349317,76
2DspEsT7UXGKd2VaaedgG4,Alex Rose,"latin,reggaeton,reggaeton flow,trap latino",2297637,76
7DMveApC7UnC2NPfPvlHSU,Cheat Codes,"dance pop,edm,electro house,electropop,pop,pop dance,pop edm,tropical house",1948858,76
6Ad91Jof8Niiw0lGLLi3NW,YUNGBLUD,"british indie rock,modern rock,pop,rock",1882635,76
3JhNCzhSMTxs9WLGJJxWOY,Macklemore,"pop rap,seattle hip hop",1778044,76
1G9G7WwrXka3Z1r7aIDjI7,Outkast,"atl hip hop,dirty south rap,hip hop,rap,southern hip hop",1766458,76
6W5uA6CNMf3hd2j4a2XWCx,Naps,"francoton,french hip hop,pop urbaine,rap marseille",1428431,76
3PyJHH2wyfQK3WZrk9rpmP,Ashnikko,"alt z,electropop,escape room,pop",1375183,76
1IueXOQyABrMOprrzwQJWN,Sigala,"dance pop,edm,pop,pop dance,tropical house",1333822,76
54R6Y0I7jGUCveDTtI21nb,Boney M.,europop,1131255,76
2p1fiYHYiXz9qi0JJyxBzN,Skepta,"birmingham grime,grime,instrumental grime,rap",966711,76
6bmlMHgSheBauioMgKv2tn,Powfu,sad rap,958953,76
5CiGnKThu5ctn9pBxv7DGa,benny blanco,"electropop,pop,pop rap",826084,76
2LmcxBak1alK1bf7d1beTr,Juhn,"latin,reggaeton,reggaeton flow,trap latino",811159,76
0H39MdGGX6dbnnQPt6NQkZ,SAINt JHN,"melodic rap,pop rap,rap,slap house,trap",762483,76
4ETSs924pXMzjIeD6E9b4u,Surfaces,"bedroom soul,pop",755164,76
5JMLG56F1X5mFmWNmS0iAp,Chelsea Cutler,"alt z,electropop,pop,tropical house",500973,76
1Ts9of7VPZElwPQnqnDSfW,Lyanno,"latin,reggaeton,reggaeton flow,trap boricua,trap latino",454271,76
45gHcnDnMC15sgx3VL7ROG,42 Dugg,"detroit trap,rap,southern hip hop,trap",432244,76
4ofCBoyEiGSePFAG500xev,Regard,"dance pop,edm,pop,pop dance,pop edm,slap house,tropical house",158098,76
37230BxxYs9ksS7OkZw3IU,Chencho Corleone,reggaeton flow,155922,76
7i9j813KFoSBMldGqlh2Z1,Riton,"dance pop,edm,house,pop dance,tropical house,uk dance",88778,76
2nm38smINjms1LtczR0Cei,Goodboys,uk dance,29506,76
5Wg2b4Mp42gicxEeDNawf7,A7S,scandipop,26856,76
3gd8FJtBJtkRxdfbTu19U2,Mumford & Sons,"modern folk rock,modern rock,pop rock,stomp and holler,uk americana",6153487,75
5yG7ZAZafVaAlMTeBybKAL,Iggy Azalea,"australian hip hop,dance pop,hip pop,pop,pop rap,post-teen pop",5701178,75
1mX1TWKpNxDSAH16LgDfiR,Jesse & Joy,"latin,latin arena pop,latin pop,mexican pop,pop",5227775,75
1Y8cdNmUJH7yBTd9yOvr5i,Destiny's Child,"dance pop,girl group,hip pop,pop,r&b,urban contemporary",5130101,75
3RtNN1VnooWEn3KQk03DUL,Noriel,"latin,latin hip hop,reggaeton,reggaeton flow,trap latino",4999436,75
3Fl1V19tmjt57oBdxXKAjJ,Blueface,"cali rap,trap",4490569,75
0u2FHSq3ln94y5Q57xazwf,Keith Urban,"australian country,australian pop,contemporary country,country,country road",4361816,75
3NH8t45zOTqzlZgBvZRjvB,PNL,"french hip hop,pop urbaine",4339391,75
3koiLjNrgRTNbOwViDipeA,Marvin Gaye,"classic soul,funk,indie r&b,motown,northern soul,quiet storm,soul",4256676,75
4mN0qcMxWX8oToqfDPM5yV,José José,"bolero,cancion melodica,latin pop",4133226,75
0rvjqX7ttXeg3mTy8Xscbt,Journey,"album rock,classic rock,hard rock,mellow gold,rock,soft rock",3847071,75
3FUY2gzHeIiaesXtOAdB7A,Train,"dance pop,neo mellow,pop,pop rock",3812716,75
7gP3bB2nilZXLfPHJhMdvc,Foster The People,"indietronica,modern alternative rock,modern rock,pop rock,rock",3270411,75
5DUlefCLzVRzNWaNURTFpK,Cali Y El Dandee,"champeta,colombian pop,electro latino,latin,latin pop,reggaeton,reggaeton colombiano,trap latino",3231957,75
73jBynjsVtofjRpdpRAJGk,Dimitri Vegas & Like Mike,"belgian dance,belgian edm,big room,dance pop,edm,electro house,pop dance,progressive electro house,tropical house",3108326,75
7IlRNXHjoOCgEAWN5qYksg,Aya Nakamura,"basshall,francoton",3093092,75
5SulO4l40qDuV9zUGLZx7n,Capo Plaza,"italian hip hop,trap italiana",3013007,75
15iVAtD3s3FsQR4w1v6M0P,Chief Keef,"chicago bop,chicago drill,chicago rap,drill,hip hop,pop rap,rap,southern hip hop,trap,underground hip hop",2923672,75
1hcdI2N1023RvSwLzTtdsp,Natalia Lafourcade,"latin,latin alternative,latin pop,mexican pop,rock en espanol,veracruz indie",2851734,75
1pPmIToKXyGdsCF6LmqLmI,Rich The Kid,"atl hip hop,hip hop,melodic rap,plugg,pop rap,rap,southern hip hop,trap",2683671,75
5BcAKTbp20cv7tC5VqPFoC,Macklemore & Ryan Lewis,"pop rap,seattle hip hop",2562079,75
3NPpFNZtSTHheNBaWC82rB,X Ambassadors,"modern alternative rock,modern rock,pop,pop rap,pop rock,rock,stomp pop",2531520,75
1pgDilWYDWLoOgGjf1iHNu,Zion,"latin,latin hip hop,reggaeton,reggaeton flow,trap latino",2506001,75
2P5sC9cVZDToPxyomzF1UH,Joey Bada$$,"conscious hip hop,hip hop,rap,underground hip hop",2316763,75
2kucQ9jQwuD8jWdtR9Ef38,Sam Hunt,"contemporary country,country pop",2133519,75
0NIPkIjTV8mB795yEIiPYL,Wallows,"indie pop,modern rock,pop",2032211,75
7yntSJ6uojO3z6GFUVwhAW,CORPSE,"dream smp,viral rap",1900850,75
4LXBc13z5EWsc5N32bLxfH,Nekfeu,"french hip hop,pop urbaine,rap conscient",1882603,75
25u4wHJWxCA9vO0CzxAbK7,Lukas Graham,"danish pop,pop,scandipop",1861267,75
1WgXqy2Dd70QQOU7Ay074N,AURORA,"art pop,norwegian pop",1852569,75
4rTv3Ejc7hKMtmoBOK1B4T,Ali Gatie,"canadian hip hop,pop",1783863,75
3QSQFmccmX81fWCUSPTS7y,Dean Lewis,"australian pop,pop,pop rock",1741400,75
1qQLhymHXFPtP5U8KNKsm6,Apache 207,german hip hop,1731356,75
5pVRwX5ZQR7hfJ18w8ZYkl,Ufo361,"german cloud rap,german hip hop",1721392,75
0xOeVMOz2fVg5BJY3N6akT,Jaden,"hip hop,pop,rap",1639576,75
5EvFsr3kj42KNv97ZEnqij,Shaggy,"pop rap,reggae fusion",1604107,75
1fux65HMCBvfJHqlBc4Nno,Casper Magico,"latin,latin hip hop,reggaeton,reggaeton flow,trap latino",1476779,75
1fctva4kpRbg2k3v7kwRuS,Rvssian,"latin,latin hip hop,reggaeton,reggaeton flow,trap latino",1465370,75
1MIVXf74SZHmTIp4V4paH4,Mabel,"dance pop,edm,pop,pop dance,post-teen pop,tropical house,uk pop",1428107,75
2kXKa3aAFngGz2P4GjG5w2,SCH,"french hip hop,pop urbaine,rap francais,rap marseille",1349700,75
3qnGvpP8Yth1AqSBMqON5x,Leon Bridges,modern blues,1299841,75
5QdEbQJ3ylBnc3gsIASAT5,G Herbo,"chicago drill,chicago rap,drill,rap,southern hip hop,trap",1290267,75
6h1s4i4XKIYv4ErDelLDN0,Samra,german hip hop,1067996,75
1W7FNibLa0O0b572tB2w7t,Pink Sweat$,"bedroom soul,pop",1027539,75
7gXb99Sf9nNmpNYeAgIQFG,Sub Urban,modern indie pop,1001843,75
4xnihxcoXWK3UqryOSnbw5,Sasha Alex Sloan,"alt z,electropop,pop",958681,75
55fhWPvDiMpLnE4ZzNXZyW,Noah Cyrus,"alt z,dance pop,pop,post-teen pop",909197,75
2ZRQcIgzPCVaT9XKhXZIzh,Gryffin,"dance pop,edm,electro house,pop,pop dance,tropical house",742574,75
0BqURncJM5B1BBu7UM51eq,Guaynaa,"latin,reggaeton,reggaeton flow,trap latino",666156,75
3ApUX1o6oSz321MMECyIYd,Quinn XCII,"electropop,indie pop rap,pop,pop rap",663266,75
14CHVeJGrR5xgUGQFV5BVM,Fivio Foreign,"brooklyn drill,new york drill,rap,trap",636473,75
4AKwRarlmsUlLjIwt38NLw,Ofenbach,"dance pop,edm,electro house,new french touch,pop,pop dance,tropical house",442615,75
2gsggkzM5R49q6jpPvazou,Jessie J,"dance pop,pop,pop rap,post-teen pop",9075283,74
3cjEqqelV9zb4BYE3qDQ4O,EXO,"k-pop,k-pop boy group",8410420,74
0eecdvMrqBftK0M1VKhaF4,CNCO,"boy band,latin,latin pop,reggaeton",8131628,74
5p7f24Rk5HkUZsaS3BLG5F,Hailee Steinfeld,"dance pop,pop,post-teen pop",7063900,74
7iZtZyCzp3LItcw1wtPI3D,Rae Sremmurd,"hip hop,melodic rap,mississippi hip hop,pop rap,rap,southern hip hop,trap",6558030,74
2iojnBLj0qIMiKPvVhLnsH,Trey Songz,"dance pop,hip pop,pop,pop r&b,r&b,southern hip hop,trap,urban contemporary",6118317,74
1UTPBmNbXNTittyMJrNkvw,Blake Shelton,"contemporary country,country,country road,oklahoma country",6029848,74
7gAppWoH7pcYmphCVTXkzs,The Vamps,"boy band,dance pop,pop,post-teen pop",4727082,74
2cnMpRsOVqtPMfq7YiFE6K,Van Halen,"album rock,classic rock,hard rock,metal,rock",4239429,74
3CDoRporvSjdzTrm99a3gi,LUDMILLA,"funk carioca,funk pop,pagode baiano,pop nacional",4206802,74
6ZLTlhejhndI4Rh53vYhrY,Ozzy Osbourne,"album rock,birmingham metal,hard rock,metal,rock",3799060,74
74KM79TiuVKeVCqs8QtB0B,Sabrina Carpenter,"alt z,dance pop,electropop,pop,post-teen pop,viral pop",3784707,74
4MVyzYMgTwdP7Z49wAZHx0,Lynyrd Skynyrd,"album rock,blues rock,classic rock,country rock,hard rock,mellow gold,rock,southern rock",3640947,74
0NbfKEOTQCcwd6o7wSDOHI,The Game,"gangster rap,hip hop,pop rap,rap,southern hip hop,trap",3574438,74
6tzRZ39aZlNqlUzQlkuhDV,Pabllo Vittar,"dance pop,funk carioca,funk pop,pop lgbtq+ brasileira,pop nacional",3421582,74
3oDbviiivRWhXwIE8hxkVV,The Beach Boys,"baroque pop,brill building pop,classic rock,psychedelic rock,rock,sunshine pop",3322210,74
0GOx72r5AAEKRGQFn3xqXK,GIMS,"francoton,french hip hop,french pop,rap conscient",3151142,74
21WS9wngs9AqFckK7yYJPM,PnB Rock,"melodic rap,pop r&b,pop rap,r&b,rap,southern hip hop,trap,vapor trap",3104787,74
0gadJ2b9A4SKsB1RFkBb66,Passenger,"folk-pop,neo mellow,pop,pop rock",2847178,74
7t0rwkOPGlDPEhaOcVtOt9,The Cranberries,"irish rock,pop rock",2593541,74
1o2NpYGqHiCq7FoiYdyd1x,Bea Miller,"alt z,dance pop,electropop,indie poptimism,modern rock,pop,post-teen pop,talent show",2457386,74
58wXmynHaAWI5hwlPZP3qL,Booba,"francoton,french hip hop,old school rap francais,pop urbaine,rap conscient",2233242,74
0ONHkAv9pCAFxb0zJwDNTy,Pusha T,"alternative hip hop,gangster rap,hip hop,pop rap,rap,southern hip hop,trap,underground hip hop,virginia hip hop",2135451,74
0PFtn5NtBbbUNbU9EAmIWF,TOTO,"album rock,classic rock,mellow gold,rock,soft rock,yacht rock",2029800,74
1Bl6wpkWCQ4KVgnASpvzzA,BROCKHAMPTON,"boy band,hip hop,rap",1863827,74
1YfEcTuGvBQ8xSD1f53UnK,Busta Rhymes,"east coast hip hop,hardcore hip hop,hip hop,hip pop,pop rap,rap",1858894,74
2wIVse2owClT7go1WT98tk,Missy Elliott,"dance pop,hip hop,hip pop,pop,pop rap,r&b,rap,urban contemporary,virginia hip hop",1764666,74
1hzfo8twXdOegF3xireCYs,Milky Chance,german pop,1541178,74
2cWZOOzeOm4WmBJRnD5R7I,Normani,"dance pop,pop,post-teen pop,r&b,urban contemporary",1439904,74
6Dd3NScHWwnW6obMFbl1BH,Daya,"alt z,dance pop,edm,electropop,indie poptimism,pop,pop dance,post-teen pop,tropical house,uk pop",1293600,74
7sfl4Xt5KmfyDs2T3SVSMK,Lil Jon,"atl hip hop,crunk,dance pop,dirty south rap,pop rap,southern hip hop",1189964,74
59wfkuBoNyhDMQGCljbUbA,Diddy,"dance pop,east coast hip hop,hip hop,hip pop,pop rap,rap",1188362,74
5eioJDe26lOqkAMbuhzZYs,Gzuz,"deep german hip hop,german hip hop,hamburg hip hop",1153646,74
2oX42qP5ineK3hrhBECLmj,Andy Grammer,"dance pop,modern rock,neo mellow,pop,pop rap,pop rock,post-teen pop",985398,74
6ltzsmQQbmdoHHbLZ4ZN25,Lord Huron,"indie folk,stomp and holler",928442,74
4Xi6LSfFqv26XgP9NKN26U,AJ Tracey,"grime,uk hip hop,ukg revival",927551,74
35l9BRT7MXmM8bv2WDQiyB,beabadoobee,"bedroom pop,bubblegrunge,indie pop",812068,74
7keGfmQR4X5w0two1xKZ7d,Kungs,"new french touch,pop dance,tropical house",767562,74
6U3ybJ9UHNKEdsH7ktGBZ7,JID,"hip hop,rap,underground hip hop",712160,74
1bqxdqvUtPWZri43cKHac8,MAX,"dance pop,electropop,pop,post-teen pop,viral pop",701566,74
4kYGAK2zu9EAomwj3hXkXy,JP Cooper,"neo mellow,pop,pop rock,tropical house,uk pop",681555,74
5g63iWaMJ2UrkZMkCC8dMi,Lil Tracy,"dark trap,emo rap,melodic rap,underground hip hop,vapor trap",503102,74
3klZnJvYGIbWritVwQD434,Duncan Laurence,dutch pop,329300,74
3lY9Fxceu60W1rbon7PkuF,Omar Montes,"flamenco urbano,trap latino,urbano espanol",326226,74
2NfSBtmWe7oPw1EmetJVso,Boza,reggaeton,321691,74
7uMh23xWiuR7zsNkuNcm2G,MNEK,"tropical house,uk contemporary r&b,uk dance",254395,74
3fZk3Gm5dN5v5yfYMQ04Bx,Dímelo Flow,"latin,reggaeton,reggaeton flow,trap latino",238726,74
2o08sCWF5yyo2G4DCiT7T9,HVME,slap house,44304,74
6sFIWsNpZYqfjUpaCgueju,Carly Rae Jepsen,"canadian pop,dance pop,electropop,indie poptimism,pop,post-teen pop",4750505,73
1RBzGO6Nm3uyhUSxP7EDWO,Kevin Roldan,"latin,latin hip hop,reggaeton,reggaeton colombiano,reggaeton flow,trap latino",4154189,73
6PXS4YHDkKvl1wkIl4V8DL,Fetty Wap,"new jersey rap,pop rap,rap,southern hip hop,trap",4150110,73
00me4Ke1LsvMxt5kydlMyU,Cosculluela,"latin,latin hip hop,perreo,reggaeton,reggaeton flow,trap latino",4073016,73
7mnBLXK823vNxN3UWB7Gfz,The Black Keys,"alternative rock,blues rock,garage rock,modern blues rock,modern rock,punk blues,rock,roots rock",3555736,73
2ysnwxxNtSgbb9t1m2Ur4j,George Ezra,"folk-pop,modern rock,neo-singer-songwriter,pop,pop rock",3511296,73
2VYQTNDsvvKN9wmU5W7xpj,Marilyn Manson,"alternative metal,industrial,industrial metal,industrial rock,nu metal,wrestling",3441925,73
7H55rcKCfwqkyDFH9wpKM6,Christina Perri,"dance pop,neo mellow,pop,pop rock,post-teen pop,viral pop",3102769,73
4IMAo2UQchVFyPH24PAjUs,Jowell & Randy,"latin,latin hip hop,perreo,reggaeton,reggaeton flow,trap latino",3012791,73
7jefIIksOi1EazgRTfW2Pk,Electric Light Orchestra,"album rock,art rock,beatlesque,classic rock,glam rock,mellow gold,rock,soft rock,symphonic rock",2937791,73
2jnIB6XdLvnJUeNTy5A0J2,Why Don't We,"boy band,dance pop,pop,post-teen pop,teen pop",2933702,73
3XHO7cRUPCLOr6jwp8vsx5,alt-J,"indie rock,modern rock",2893708,73
6KZDXtSj0SzGOV705nNeh3,Kid Ink,"dance pop,hip hop,pop rap,rap,southern hip hop,trap",2715675,73
7nwUJBm0HE4ZxD3f5cy5ok,Aretha Franklin,"classic soul,jazz blues,memphis soul,soul,southern soul",2709975,73
2Kx7MNY7cI1ENniW7vT30N,Norah Jones,"adult standards,contemporary vocal jazz,jazz pop,neo mellow,vocal jazz",2646183,73
3SUT1jjM5hzZj9TLfLZGIP,Tego Calderon,"latin,latin hip hop,rap boricua,reggaeton,trap latino",2637192,73
7KMqksf0UMdyA0UCf4R3ux,James Blunt,"neo mellow,pop,pop rock",2471524,73
2x7PC78TmgqpEIjaGAZ0Oz,Trueno,"argentine hip hop,bases de freestyle,trap argentino,trap latino",2328900,73
6S0dmVVn4udvppDhZIWxCr,Sean Kingston,"dance pop,miami hip hop,pop,post-teen pop,urban contemporary",2290096,73
5rkVyNGXEgeUqKkB5ccK83,Ashanti,"dance pop,hip hop,hip pop,r&b,urban contemporary",2209876,73
6nxWCVXbOlEVRexSbLsTer,Flume,"australian dance,australian electropop,australian indie,downtempo,edm",2208571,73
0haZhu4fFKt0Ag94kZDiz2,Sofía Reyes,"dance pop,latin,latin pop,mexican pop,pop,reggaeton",2061381,73
6mU8ucezzms5I2kNH6HNlu,Conor Maynard,"dance pop,pop,post-teen pop,uk pop,viral pop",1856214,73
7F2utINZ6tSokSiZTQBE27,Guè Pequeno,italian hip hop,1706174,73
3Gm5F95VdRxW3mqCn8RPBJ,Aminé,"hip hop,pop,portland hip hop,rap,underground hip hop",1646219,73
1QRj3hoop9Mv5VvHQkwPEp,Olivia O'Brien,"alt z,dance pop,electropop,indie poptimism,pop,post-teen pop",1638358,73
1ackd5XprZEkH3McKbQD51,Juan Magán,"dance pop,electro latino,latin,latin pop,reggaeton",1605145,73
77tT1kLj6mCWtFNqiOmP9H,Daryl Hall & John Oates,"album rock,classic rock,mellow gold,rock,soft rock,yacht rock",1598938,73
32vWCbZh0xZ4o9gkz4PsEU,Dolly Parton,"classic country pop,country,country dawn",1574043,73
4Yttlv9ndGjCDCVLqM7ACq,Sido,german hip hop,1568750,73
4VmEWwd8y9MCLwexFMdpwt,Method Man,"east coast hip hop,gangster rap,hardcore hip hop,hip hop,rap,southern hip hop",1488872,73
4f9iBmdUOhQWeP7dcAn1pf,Rag'n'Bone Man,neo soul,1467338,73
2XzXLjXRSeFtsic4ieyLJy,Wilbur Soot,"dream smp,indie pop",1380606,73
4QVBYiagIaa6ZGSPMbybpy,Pedro Capó,"latin,latin pop,puerto rican pop",1377585,73
0bdfiayQAKewqEvaU6rXCv,MØ,"art pop,dance pop,danish pop,electropop,indie poptimism,pop,tropical house",1349087,73
4WN5naL3ofxrVBgFpguzKo,Rudimental,"dance pop,edm,house,pop,pop dance,tropical house,uk dance,uk funky",1296815,73
5LeiVcEnsZcwc133TUhJNW,Belinda,"dance pop,latin,latin arena pop,latin pop,mexican pop,pop,post-teen pop",1215451,73
1ThoqLcyIYvZn7iWbj8fsj,Bill Withers,"funk,motown,quiet storm,soul",1199872,73
2KsP6tYLJlTBvSUxnwlVWa,Mike Posner,"dance pop,pop,pop rap",1185870,73
3ZuBEj9ppJe8GSdKaMTfMN,Nimo,"german hip hop,swedish hip hop",1115782,73
3dRfiJ2650SZu6GbydcHNb,John Williams,soundtrack,1049218,73
4ZgQDCtRqZlhLswVS6MHN4,grandson,"modern alternative rock,modern rock,rock",921074,73
3RqBeV12Tt7A8xH3zBDDUF,Kelsea Ballerini,"contemporary country,country,pop",895917,73
6Y64EaNqpqcZYTgs4c76gF,jxdn,pop,841825,73
0ZUvK7zGdXLd78mQr3t1Tw,Ricky Montgomery,"alt z,indie pop,la indie,pop",808144,73
5yPzzu25VzEk8qrGTLIrE1,Young Nudy,"hip hop,rap,southern hip hop,trap,underground hip hop,vapor trap",734056,73
2XcZshqzPKm3iZcmt73R8D,Pablo Chill-E,"reggaeton flow,trap chileno,trap latino,urbano espanol",676103,73
4qIVPF0s71ZYW3qzhu5GkF,Kina,"sad lo-fi,sad rap",676004,73
34v5MVKeQnIo0CWYMbbrPf,John Newman,,656214,73
7uaIm6Pw7xplS8Dy06V6pT,Trevor Daniel,"alternative r&b,melodic rap,pop,pop rap",646233,73
6USv9qhCn6zfxlBQIYJ9qs,Dominic Fike,"alternative pop rock,pop",565676,73
4AA474G2hRfrHyGrfyDseO,Mozzy,"cali rap,sacramento hip hop,trap",546439,73
4utLUGcTvOJFr6aqIJtYWV,Skylar Grey,"piano rock,viral pop",485015,73
73Np75Wv2tju61Eo9Zw4IR,Idina Menzel,"hollywood,show tunes",361114,73
6k8mwkKJKKjBILo7ypBspl,Ana Mena,"latin pop,spanish pop",357549,73
6UCQYrcJ6wab6gnQ89OJFh,Headie One,uk hip hop,344743,73
66W9LaWS0DPdL7Sz8iYGYe,JP Saxe,"alt z,canadian contemporary r&b,electropop,pop,pop rock",294547,73
2WBJQGf1bT1kxuoqziH5g4,Purple Disco Machine,"deep house,disco house,house,tropical house",292682,73
03d2mJXSMtuPI0nIvLnhoS,Zoe Wees,german pop,233280,73
4VIvfOurcf0vuLRxLkGnIG,Bradley Cooper,hollywood,188197,73
1xr2G8Hlx4QWmT9HaUbmoO,Young Stoner Life,"rap,trap",63038,73
1l8Fu6IkuTP0U5QetQJ5Xt,Fifth Harmony,"dance pop,girl group,pop,post-teen pop,talent show",13312243,72
4x1nvY2FN8jxqAFA0DA02H,John Lennon,"album rock,art rock,beatlesque,classic rock,folk rock,mellow gold,rock,soft rock",4422166,72
5ZfBThYiIIhL7jHMG8gDB2,Ferrugem,pagode,4249242,72
7HkdQ0gt53LP4zmHsL0nap,Ella Mai,"dance pop,pop,pop r&b,pop rap,r&b,uk contemporary r&b,urban contemporary",3857642,72
7CUFPNi1TU8RowpnFRSsZV,Niska,"francoton,french hip hop,pop urbaine,rap francais",3813238,72
4STHEaNw4mPZ2tzheohgXB,Paul McCartney,"album rock,art rock,beatlesque,classic rock,mellow gold,rock,soft rock",3683528,72
23wEWD21D4TPYiJugoXmYb,Thalia,"dance pop,latin,latin pop,mexican pop",3550638,72
5bWUlnPx9OYKsLiUJrhCA1,Jon Z,"reggaeton,reggaeton flow,trap latino",3471299,72
6Ha4aES39QiVjR0L2lwuwq,Yo Gotti,"dirty south rap,gangster rap,hip hop,memphis hip hop,pop rap,rap,southern hip hop,tennessee hip hop,trap",3456731,72
2AfmfGFbe0A0WsTYm0SDTx,(G)I-DLE,"k-pop,k-pop girl group",2900498,72
2UMj7NCbuqy1yUZmiSYGjJ,MC Kevin o Chris,"funk 150 bpm,funk carioca",2790184,72
1zuJe6b1roixEKMOtyrEak,Tina Turner,"disco,mellow gold,new wave pop,soft rock",2635081,72
19eLuQmk9aCobbVDHc6eek,Louis Armstrong,"adult standards,dixieland,harlem renaissance,jazz trumpet,new orleans jazz,swing,vocal jazz",2367292,72
5e4Dhzv426EvQe3aDb64jL,Shania Twain,"canadian country,canadian pop,country,country dawn,dance pop",2336316,72
2yEwvVSSSUkcLeSTNyHKh8,TOOL,"alternative metal,alternative rock,art rock,nu metal,progressive metal,progressive rock,rock",2267859,72
3RGLhK1IP9jnYFH4BRFJBS,The Clash,"classic rock,permanent wave,punk,rock",2198909,72
1q7T9rFQ2a2ukA1PU51fo3,Koba LaD,"french hip hop,pop urbaine,rap francais",2191618,72
6GI52t8N5F02MxU0g5U69P,Santana,"blues rock,classic rock,mexican classic rock",2168137,72
37hAfseJWi0G3Scife12Il,City Girls,"dance pop,pop,pop rap,r&b,scam rap,trap queen",1693368,72
2jzc5TC5TVFLXQlBNiIUzE,a-ha,"europop,new romantic,new wave,new wave pop,permanent wave,soft rock,synthpop",1606837,72
3utZ2yeQk0Z3BCOBWP7Vlu,Cro,german hip hop,1557271,72
19i93sA0D7yS9dYoVNBqAA,tha Supreme,"italian hip hop,italian pop,trap italiana",1460351,72
68kEuyFKyqrdQQLLsmiatm,Vince Staples,"conscious hip hop,escape room,hip hop,rap,underground hip hop",1429638,72
5AZuEF0feCXMkUCwQiQlW7,Marracash,"italian hip hop,italian pop,italian underground hip hop,rap napoletano",1422276,72
2cy1zPcrFcXAJTP0APWewL,Gente De Zona,"cubaton,latin,latin hip hop,latin pop",1378331,72
4RVnAU35WRWra6OZ3CbbMA,Kylie Minogue,"australian dance,australian pop,dance pop,electropop,eurodance,europop,new wave pop,pop",1362516,72
7jdFEYD2LTYjfwxOdlVjmc,KALEO,"icelandic indie,icelandic rock,modern alternative rock,modern rock",1329804,72
50JJSqHUf2RQ9xsHs0KMHg,Jon Bellion,pop rap,1236977,72
53KwLdlmrlCelAZMaLVZqU,James Blake,"alternative r&b,indie soul,uk alternative pop",1202127,72
7nDsS0l5ZAzMedVRKPP8F1,Ella Henderson,"dance pop,pop,pop dance,post-teen pop,talent show,tropical house,uk pop",1197540,72
0L1f9i3L3fkMNENljDOsjG,Rocco Hunt,"italian hip hop,italian pop,pop virale italiano,rap napoletano",1186754,72
4ehtJnVumNf6xzSCDk8aLB,Martin Jensen,"dance pop,danish electronic,edm,electro house,pop,pop dance,pop edm,tropical house",1152066,72
28ExwzUQsvgJooOI0X1mr3,Jay Rock,"conscious hip hop,gangster rap,hip hop,pop rap,rap,southern hip hop,trap,underground hip hop",1114702,72
5MspMQqdVbdwP6ax3GXqum,Annie Lennox,"mellow gold,new wave pop,pop rock,soft rock",1093640,72
3AlRiyjMywTVNzTcHbf9QT,Lil Kleine,"dutch hip hop,dutch pop,dutch rap pop",1044003,72
1KP6TWI40m7p3QBTU6u2xo,BØRNS,"modern alternative rock,modern rock,pop",1039793,72
3KedxarmBCyFBevnqQHy3P,Jessie Reyez,"canadian contemporary r&b,canadian pop,dance pop,pop,r&b",1000959,72
5Yo5iU2nf4H41waPl4ZnS1,LEA,german pop,979179,72
3AVfmawzu83sp94QW7CEGm,Astrid S,"alt z,dance pop,electropop,norwegian pop,pop,post-teen pop,tropical house,uk pop",963528,72
0B3N0ZINFWvizfa8bKiz4v,James TW,"neo mellow,pop,pop rock,uk pop,viral pop",954101,72
1aWJsBQa67l72j1VT3D6Ow,Micro TDH,"latin,reggaeton,trap latino,trap venezolano,venezuelan hip hop",933560,72
5nki7yRhxgM509M5ADlN1p,Oliver Heldens,"dance pop,edm,electro house,future house,house,pop dance,progressive electro house,progressive house,tropical house",926983,72
0vRvGUQVUjytro0xpb26bs,Arizona Zervas,"pop rap,rhode island rap",631991,72
1OAjDaKgg00KCUYqDe68un,Gigi D'Agostino,"eurodance,europop,italo dance",583490,72
6RdcIWVKYYzNzjQRd3oyHS,Pinguini Tattici Nucleari,"bergamo indie,italian indie pop,italian pop,milan indie",553676,72
6t1gpxYbY8OlLA7D2RiikQ,Loud Luxury,"dance pop,edm,electro house,pop,pop dance,tropical house",476545,72
1ShZZUjkbXCjhwrb18BA8I,Bryce Vine,"pop,pop rap",423794,72
70gP6Ry4Uo0Yx6uzPIdaiJ,Bas,"hip hop,queens hip hop,rap,sudanese pop,underground hip hop",399601,72
6m6e7D2TnV0aYMllFFwMxu,Guilherme & Benuto,sertanejo pop,266995,72
7aBzpmFXB4WWpPl2F7RjBe,Wyclef Jean,rap kreyol,252950,72
5iNrZmtVMtYev5M9yoWpEq,Seeb,"dance pop,edm,electro house,norwegian pop,pop,pop dance,pop edm,tropical house",240446,72
4sVieJlKgpZ2k9ESNS5IdN,Jamule,german hip hop,219401,72
1ooV8YZC1KbpEcrmI8WH0F,Yebba,"alternative r&b,indie soul,pop soul",204738,72
7arQA31aZVS8yS6zUveWzb,CJ,nyc rap,190746,72
6veh5zbFpm31XsPdjBgPER,BIA,"escape room,r&b,rap latina,trap queen",186720,72
6L1XC7NrmgWRlwAeLJvVtA,Sam Fischer,"alt z,australian pop,dance pop,pop",132097,72
5fSVkkuijRIpxuvSqysYiP,Snøw,"sad lo-fi,sad rap",112858,72
1GKIlPFdcewHtpDVCQ8zmJ,Brray,"perreo,reggaeton,reggaeton flow,trap latino",109730,72
5pUo3fmmHT8bhCyHE52hA6,Liam Payne,"dance pop,pop,post-teen pop",8352563,71
3wyVrVrFCkukjdVIdirGVY,Lil Pump,"emo rap,miami hip hop,rap,trap",7798395,71
57WHJIHrjOE3iAxpihhMnp,Louis Tomlinson,"pop,post-teen pop",5433624,71
6sCbFbEjbYepqswM1vWjjs,Zendaya,"dance pop,pop,post-teen pop,social media pop",3013164,71
6AUl0ykLLpvTktob97x9hO,Tee Grizzley,"detroit hip hop,detroit trap,hip hop,rap,southern hip hop,trap",2555977,71
0EeQBlQJFiAfJeVN2vT9s0,Nipsey Hussle,"conscious hip hop,gangster rap,hip hop,pop rap,rap,southern hip hop,trap",2405728,71
3rIZMv9rysU7JkLzEaC5Jp,Snow Patrol,"irish rock,modern rock,neo mellow,permanent wave,pop rock,rock",2365919,71
2sil8z5kiy4r76CRTXxBCA,The Goo Goo Dolls,"alternative rock,neo mellow,permanent wave,pop rock,post-grunge,rock",2023481,71
6xlRSRMLgZbsSNd0BMobwy,DENNIS,"brazilian edm,funk carioca,funk das antigas",1961485,71
4lDiJcOJ2GLCK6p9q5BgfK,Kontra K,"christlicher rap,german hip hop",1850210,71
40LHVA5BTQp9RxHOQ9JPYj,Lauren Daigle,"ccm,christian alternative rock,christian music,worship",1841136,71
60df5JBRRPcnSpsIMxxwQm,Otis Redding,"classic soul,memphis soul,soul,soul blues,southern soul",1821566,71
4upwdFMlZBmQ68jP9jPzjK,Gemitaiz,italian hip hop,1783218,71
2UZMlIwnkgAEDBsw1Rejkn,Tom Petty,"album rock,classic rock,country rock,folk rock,heartland rock,mellow gold,pop rock,rock,singer-songwriter,soft rock",1743556,71
5vBSrE1xujD2FXYRarbAXc,Years & Years,"dance pop,edm,electropop,gauze pop,pop,pop dance,tropical house",1723061,71
6L34dW6SKMSDaGIfYDU19j,Maes,"francoton,french hip hop,pop urbaine,rap francais",1682654,71
6kq4GHwUcUojGIu0ziSNXf,Amenazzy,"dominican pop,latin,latin hip hop,rap dominicano,reggaeton,reggaeton flow,trap latino",1628906,71
2urF8dgLVfDjunO0pcHUEe,Alvaro Soler,latin pop,1442721,71
6gto7HVNhu4ARE3P3g8Y5Y,Kollegah,german hip hop,1371729,71
7lzordPuZEXxwt9aoVZYmG,Billy Idol,"album rock,classic rock,dance rock,hard rock,mellow gold,new romantic,new wave,new wave pop,rock,soft rock,synthpop",1275470,71
2Im8m4STDBosjfmb5hmP80,Loredana,"frauenrap,german hip hop,kosovan pop,romanian pop",1073630,71
0QJIPDAEDILuo8AIq3pMuU,M.I.A.,"dance pop,escape room,indietronica,new rave",1065840,71
3drqpTL4sQOckmAfF9i1wg,Summer Cem,german hip hop,1021232,71
5cIc3SBFuBLVxJz58W2tU9,Oh Wonder,"electropop,indie poptimism,pop,pop rock",1005998,71
4qBgvVog0wzW75IQ48mU7v,KYLE,"pop rap,rap,social media pop",987859,71
2y1VzMKAa5nmfXKtJL9jnj,Murda,"basshall,turkish trap",904737,71
2TL8gYTNgD6nXkyuUdDrMg,Jasmine Thompson,"neo mellow,pop,viral pop",797869,71
6U1dBXJhC8gXFjamvFTmHg,Zac Efron,"dance pop,hollywood,post-teen pop,show tunes",724572,71
6P5NO5hzJbuOqSdyPB7SJM,Ashe,"alt z,electropop,indie pop,pop",714651,71
3VHAySZQPlfGlNLslzXYpN,Nathy Peluso,"r&b en espanol,rap latina",659545,71
1ybINI1qPiFbwDXamRtwxD,Smino,"alternative r&b,hip hop,rap,underground hip hop",561242,71
2yQf6b8hxahZaT5dHlWaB1,Raekwon,"alternative hip hop,east coast hip hop,gangster rap,hardcore hip hop,hip hop,rap,southern hip hop",450291,71
7A8S43ryYdbWpJKeHRZRcq,JACKBOYS,"rap,trap",450082,71
4qWnlmXWuGv2TtuxtIWlJX,BANNERS,"indie poptimism,modern rock,pop,pop rock",434258,71
3abT87tqQ4Q5PA5nw6CYyH,Ángela Aguilar,"mariachi,nuevo regional mexicano,ranchera,regional mexican",388032,71
3tQx1LPXbsYjE9VwN1Peaa,Marc E. Bassy,"alternative r&b,pop,pop rap,r&b,rap",369643,71
3Rx4PJ7SP6unkOk5elPUK7,Money Man,"memphis hip hop,rap,southern hip hop,trap",362399,71
6P6GTRTigHBp8ZesNtpCKH,Almighty,"reggaeton,reggaeton flow,trap latino",333487,71
1cZQSpDsxgKIX2yW5OR9Ot,Lennon Stella,"alt z,canadian pop,dance pop,electropop,pop,post-teen pop",306467,71
0bBz5bRBkExaej2HxtVfCw,347aidan,"sad lo-fi,sad rap",238137,71
3v6Ji4uoWtKRkhuDUaxi9n,Dynoro,"edm,electro house,pop dance,tropical house",230740,71
11YLRSsZA3YVuQQtHXKTlz,Rafa Pabön,"dominican pop,reggaeton,reggaeton flow,trap latino",147353,71
4lDBihdpMlOalxy1jkUbPl,Grey,pop edm,63746,71
1kiq2kUV0cbLUhJsr7cpW0,Alida,norwegian pop,17124,71
1mXAhKnZEdF6rotyyd4GBi,MC Kevinho,"funk carioca,funk ostentacao,funk pop",7685293,70
4Rxn7Im3LGfyRkY2FlHhWi,Nick Jonas,"dance pop,pop,post-teen pop,viral pop",7613345,70
5RmQ8k4l3HZ8JoPb4mNsML,Agust D,k-rap,6062301,70
2ziB7fzrXBoh1HUPS6sVFn,Audioslave,"alternative metal,alternative rock,nu metal,permanent wave,post-grunge,rock,supergroup",3444863,70
26AHtbjWKiwYzsoGoUZq53,Pentatonix,a cappella,3104219,70
5YCc6xS5Gpj3EkaYGdjyNK,WOS,"argentine indie,trap argentino",2168431,70
5V0MlUE1Bft0mbLlND7FJz,Ella Fitzgerald,"adult standards,jazz blues,swing,vocal jazz",2049021,70
0YWxKQj2Go9CGHCp77UOyy,Fabolous,"dance pop,gangster rap,hip hop,hip pop,pop rap,r&b,rap,trap,urban contemporary",2004166,70
4tX2TplrkIP4v05BNC903e,Tom Petty and the Heartbreakers,"album rock,classic rock,country rock,folk rock,hard rock,heartland rock,mellow gold,rock,roots rock,soft rock",1975136,70
3EA9hVIzKfFiQI0Kikz2wo,Andrea Bocelli,"classical tenor,italian tenor,operatic pop",1916758,70
43DRDu6nLSeIedZ7T1A616,Xand Avião,"forro,forro de favela,funk carioca,sertanejo pop",1899860,70
4tw2Lmn9tTPUv7Gy7mVPI4,Kenny Rogers,"adult standards,classic country pop,country,mellow gold,nashville sound,soft rock",1773991,70
3pgCLfNbw5ozIfoNsvDU7i,Fedez,"italian adult pop,italian pop",1677897,70
3OsRAKCvk37zwYcnzRf5XF,Moby,"downtempo,electronica",1532974,70
0huGjMyP507tBCARyzSkrv,Cordae,"dmv rap,hip hop,rap,trap,underground hip hop,vapor trap",1529596,70
1GAymyGBvB4gQy5Z5LZ1Wj,Lalo Ebratt,"colombian hip hop,dominican pop,latin,latin pop,reggaeton,reggaeton colombiano,reggaeton flow,trap latino",1427151,70
0NKDgy9j66h3DLnN8qu1bB,Eurythmics,"dance rock,europop,mellow gold,new romantic,new wave,new wave pop,rock,soft rock,sophisti-pop,synthpop",1375341,70
3CjlHNtplJyTf9npxaPl5w,CHVRCHES,"electropop,indie pop,indie poptimism,metropopolis,neo-synthpop,pop rock,shimmer pop",1265994,70
7cjh6y0V9SsyCrWSXTzwOs,RBD,"latin,latin pop,pop",1211300,70
5B6H1Dq77AV1LZWrbNsuH5,Jarabe De Palo,"latin,latin alternative,latin pop,latin rock,rock en espanol,spanish pop,spanish rock",1165817,70
5p7mWeX4RlvqBCxylfiXdE,KC Rebell,"german drill,german hip hop",1110686,70
3YwqjMyrRfuixi2pbgTGCE,Heuss L'enfoiré,"francoton,french hip hop,pop urbaine,rap francais",1084981,70
6ModsWtBph2rE6zCTVxvZt,Maite Perroni,"latin pop,mexican pop",984422,70
13bDjug9N0pyv3ZUINjkDV,Bausa,"german hip hop,german pop",969653,70
2ExGrw6XpbtUAJHTLtUXUD,Stefflon Don,"dancehall,pop,pop rap,uk dancehall,uk hip hop",888552,70
3pjq2pDV9RR6VY55wBjVnp,Dardan,"albanian hip hop,german hip hop",869304,70
5j21TGkrNEAJe3gG9VlS34,Shindy,german hip hop,805949,70
2OaHYHb2XcFPvqL3VsyPzU,Rico Nasty,"dance pop,dmv rap,escape room,pop,trap queen",798704,70
2JwyRtuXf2l6sTnSnGVIa1,Farid Bang,german hip hop,765842,70
18ISxWwWjV6rPLoVCXf1dz,RIN,"german cloud rap,german hip hop",690603,70
4YXycRbyyAE0wozTk7QMEq,Matoma,"dance pop,edm,electro house,electropop,pop,pop dance,pop edm,tropical house",660682,70
0id62QV2SZZfvBn9xpmuCl,Aloe Blacc,"pop soul,r&b",658801,70
0Cp8WN4V8Tu4QJQwCN5Md4,BENEE,"alt z,nz pop,pop",647315,70
6kaefrHSdAvxhhCVDFTCEL,Dulce María,"latin arena pop,post-teen pop",582826,70
3EOEK57CV77D4ovYVcmiyt,Dennis Lloyd,israeli pop,574090,70
5F1aoppMtU3OMiltO8ymJ2,Hugh Jackman,"hollywood,show tunes",559918,70
0TeVa4xdLB8vdzjsvKH6Ri,Anahí,"latin,latin pop,post-teen pop",543937,70
0WK3H9OErSn5zKOkOV5egm,DDG,"rap,trap",541170,70
5qa31A9HySw3T7MKWI9bGg,FLETCHER,"alt z,dance pop,electropop,indie poptimism,pop,post-teen pop,social media pop",506923,70
3x3jSlhyv5CiCZDZlaTq0M,Pi’erre Bourne,"hip hop,melodic rap,rap,trap,underground hip hop,vapor trap",505239,70
3Wb38LDP3N4tkobValgE9D,Juanka,"reggaeton,reggaeton flow,trap latino",485575,70
6m1LYS5NQonxjOcQFPQOb5,Frenna,"dutch hip hop,dutch pop,dutch rap pop",473998,70
7wg1qvie3KqDNQbAkTdbX0,Louis The Child,"edm,electropop,pop,pop dance,tropical house",423024,70
0daugAjUgbJSqdlyYNwIbT,Vicetone,"edm,electro house,pop dance,pop edm,progressive electro house,tropical house",383949,70
1eMmoIprPDWeFdB1FxU6ZV,Au/Ra,"alt z,deep pop edm,electropop,indie poptimism,pop",369295,70
1pkDzgHvVqC17qYGKfLPpb,Mozzik,"albanian hip hop,german hip hop,kosovan pop",279915,70
3wVXTWabe3viT0jF7DfjOL,Vedo,"pop r&b,r&b",276790,70
34LetYSjEuG2fBb4Z8PwPg,Pashanim,"german alternative rap,german drill,german hip hop",224741,70
5jAMCwdNHWr7JThxtMuEyy,NOTD,"alt z,dance pop,edm,electro house,electropop,pop,pop dance,pop edm,tropical house",202928,70
1lmU3giNF3CSbkVSQmLpHQ,Surf Mesa,tropical house,137799,70
5veVxxPm1vzgi6pO2iVA8L,Bruno Martini,"brazilian edm,edm,pop dance,pop nacional",137572,70
0aMqt2uGLuHj4eI8oXgVzN,Christian Chávez,mexican pop,122036,70
56mfhUDKa1vec6rSLZV5Eg,Jawsh 685,nz pop,102451,70
5O8cudluftNZ6PCwRzvYxo,Christopher von Uckermann,mexican pop,95346,70
5fyDppLDl1juIu1BcUT5zh,Digital Farm Animals,uk dance,63216,70
7gcCQIlkkfbul5Mt0jBQkg,Dave Stewart,"new wave pop,rock keyboard",20416,70
5mYakBbBzPMQTfkVMIgiDM,Georgia Ku,uk pop,12469,70
2auC28zjQyVTsiZKNgPRGs,RM,k-rap,6930020,69
0MInKJqZscEeNc5K3K0mkE,Simone & Simaria,"funk carioca,pop nacional,sertanejo,sertanejo pop,sertanejo universitario",4998560,69
6T5tfhQCknKG4UnH90qGnz,DNCE,"dance pop,pop,post-teen pop",3901144,69
1jSjfSgDjedJdi5MoyRu78,Lary Over,"latin,latin hip hop,reggaeton,reggaeton flow,trap latino",3771117,69
3iOvXCl6edW5Um0fXEBRXy,The xx,"downtempo,dream pop,indietronica",3756074,69
2ayNSoKPCRAfjp6hQ76hRu,Nacho,"latin,latin pop,pop peruano,pop venezolano,reggaeton,trap latino",3659752,69
5xUf6j4upBrXZPg6AI4MRK,Soundgarden,"alternative metal,alternative rock,classic rock,grunge,hard rock,modern rock,nu metal,rock",3213120,69
0RqtSIYZmd4fiBKVFqyIqD,Thirty Seconds To Mars,"modern rock,post-grunge,rock",3075861,69
5lKZWd6HiSCLfnDGrq9RAm,Leona Lewis,"british soul,dance pop,europop,neo mellow,pop,post-teen pop,talent show,urban contemporary",2954946,69
3gGUMEwIX6XodWsYEvKSal,YBN Nahmir,"alabama rap,rap,trap,vapor trap,viral rap",2642336,69
2XnBwblw31dfGnspMIwgWz,Axwell /\ Ingrosso,"dance pop,edm,electro house,pop,pop dance,tropical house",2327217,69
1eEfMU2AhEo7XnKgL7c304,Carpenters,"adult standards,mellow gold,soft rock",2022161,69
3QVolfxko2UyCOtexhVTli,Angèle,"belgian pop,variete francaise",2022156,69
5BvJzeQpmsdsFp4HGUYUEx,Vampire Weekend,"baroque pop,indie rock,modern rock",1751678,69
5lpH0xAS4fVfLkACg9DAuM,Wham!,"disco,europop,mellow gold,new romantic,new wave,new wave pop,soft rock,synthpop",1684527,69
7v4imS0moSyGdXyLgVTIV7,Nat King Cole,"adult standards,soul,vocal jazz",1671106,69
6Ff53KvcvAj5U7Z1vojB5o,*NSYNC,"boy band,dance pop,pop,post-teen pop",1605498,69
3iri9nBFs9e4wN7PLIetAw,gnash,"alt z,electropop,pop",1601013,69
5iot8OPcosJN9nCl7I5SdK,Irama,"italian adult pop,italian pop",1585153,69
0uGk2czvcpWQA383Im6ajf,Maggie Lindemann,"alt z,pop,post-teen pop,social media pop",1553042,69
28y6CyJNkGNjJQKrlx4AmN,HRVY,"dance pop,pop,pop dance,post-teen pop,social media pop,tropical house",1411143,69
4gOc8TsQed9eqnqJct2c5v,K/DA,k-pop girl group,1325130,69
0NWbwDZY1VkRqFafuQm6wk,Mike WiLL Made-It,"atl hip hop,hip hop,pop rap,rap,southern hip hop,trap,underground hip hop",1297774,69
3Bd1cgCjtCI32PYvDC3ynO,London Grammar,"metropopolis,nottingham indie",1282484,69
0SD4eZCN4Kr0wQk56hCdh2,Bonnie Tyler,"europop,new wave pop,soft rock",1269741,69
4kI8Ie27vjvonwaB2ePh8T,Portugal. The Man,"indie rock,modern alternative rock,modern rock,rock",1263608,69
25IG9fa7cbdmCIy3OnuH57,The Chicks,"country,country dawn",1176775,69
2iE18Oxc8YSumAU232n4rW,The Jackson 5,"motown,soul",1170991,69
49e4v89VmlDcFCMyDv9wQ9,Dean Martin,"adult standards,easy listening,lounge,vocal jazz",1168129,69
6ueGR6SWhUJfvEhqkvMsVs,Janelle Monáe,"afrofuturism,alternative r&b,atl hip hop,dance pop,electropop,escape room,neo soul,pop,r&b",1139915,69
4Ui2kfOqGujY81UcPrb5KE,HAIM,"art pop,dance pop,indie pop,metropopolis,pop rock",1116217,69
7rXMvXRnWHaSwnVvPeUUfw,Gloria Groove,"funk carioca,pop,pop lgbtq+ brasileira",1115857,69
5wbf52LA6kcaboHSN6NEF1,PEDRO SAMPAIO,funk carioca,1089363,69
6gK1Uct5FEdaUWRWpU4Cl2,Petit Biscuit,"new french touch,tropical house",887057,69
7z2avKuuiMAT4XZJFv8Rvh,Tom Walker,"indie anthem-folk,modern rock,pop,uk pop",862700,69
7crPfGd2k81ekOoSqQKWWz,Stevie Nicks,"album rock,heartland rock,mellow gold",847507,69
41qil2VaGbD194gaEcmmyx,Will Smith,"hip hop,pop rap",788799,69
0jdNdfi4vAuVi7a6cPDFBM,Lazza,"italian hip hop,trap italiana",686816,69
6FD0unjzGQhX3b6eMccMJe,Ghostface Killah,"alternative hip hop,east coast hip hop,gangster rap,hardcore hip hop,hip hop,rap,southern hip hop",642781,69
1WMwuNKzEFtU6pPkdtryYS,Kendo Kaponi,"latin,latin hip hop,reggaeton,reggaeton flow,trap latino",641080,69
27LlKWxS3KXW7RRAxN5S8s,Geolier,"italian hip hop,rap napoletano,trap italiana",634634,69
4HzKw8XcD0piJmDrrPRCYk,Majid Jordan,"alternative r&b,canadian contemporary r&b,pop,r&b,trap soul",631491,69
62DmErcU7dqZbJaDqwsqzR,Popcaan,"dancehall,modern reggae,reggae fusion",627333,69
5MbNzCW3qokGyoo9giHA3V,EARTHGANG,"atl hip hop,hip hop,psychedelic hip hop,rap,underground hip hop",618534,69
1LOB7jTeEV14pHai6EXSzF,Cash Cash,"dance pop,edm,electro house,electropop,electropowerpop,pop,pop dance,pop edm,tropical house",617948,69
3Xt3RrJMFv5SZkCfUE8C1J,Kim Petras,"alt z,art pop,dance pop,electropop,escape room,indie poptimism,pop,post-teen pop,transpop",603295,69
5gs4Sm2WQUkcGeikMcVHbh,Hamza,"belgian hip hop,french hip hop,pop urbaine,rap belge,rap francais",554515,69
4TAoP0f9OuWZUesao43xUW,Mr Eazi,"afro dancehall,afropop,ghanaian hip hop,nigerian pop,swedish dancehall",491373,69
1v3tdpIdBSW14rHUfiEVOv,Lauren Alaina,"contemporary country,country,country dawn,country pop,country road,modern country rock",482106,69
52qzWdNUp6ebjcNsvgZSiC,Evaluna Montaner,"latin viral pop,pop venezolano",406476,69
76Pl0epAMXVXJspaSuz8im,Freeze corleone,drill francais,392117,69
0oeiA5U9u1U45Gos5cywUU,Soso Maness,"francoton,french hip hop,pop urbaine,rap francais,rap marseille",320024,69
1El4YQA8oCXX7ynFSxRTFq,Massimo Pericolo,"italian hip hop,trap metal italiana",309507,69
63nv0hWWDob56Rk8GlNpN8,The Greatest Showman Ensemble,movie tunes,294169,69
4QrBoWLm2WNlPdbFhmlaUZ,KEVVO,"latin,perreo,reggaeton,reggaeton flow,trap latino",264252,69
1yqxFtPHKcGcv6SXZNdyT9,MK,"dance pop,deep groove house,edm,house,pop dance,tropical house",229733,69
6sFHvCyqklnJpXC9Nh1aag,Alexander 23,"alt z,pop",223368,69
0FOWNUFHPnMy0vOw1siGqi,Belly,"canadian hip hop,canadian trap,pop rap,rap,southern hip hop,trap,trap soul",214137,69
60rpJ9SgigSd16DOAG7GSa,Billy Ray Cyrus,"country,country rock",195253,69
4RSyJzf7ef6Iu2rnLdabNq,Willy William,francoton,176365,69
0b62itBWBdLgiecXjXCqKC,Maxwell,german hip hop,170532,69
5bv5RplEOwdCvhq0EILh9E,Lucenzo,"francoton,reggaeton",110570,69
5JYo7gm2dkyLLlWHjxS7Dy,Sandro Cavazza,"swedish pop,tropical house",78939,69
7ACEUD7UsmmXrnj4OLt8f9,twocolors,"edm,pop dance,pop edm,tropical house",39062,69
2auikkNYqigWStoHWK1Grq,John Martin,pop edm,34755,69
77DAFfvm3O9zT5dIoG0eIO,Kyla,uk funky,9483,69
0veZkZPeWoJQ9gt6VAXlkN,Alfonso Herrera,,3672,69
47uyFQHOD02S0lj9ptRpoB,Felipe Araújo,"funk carioca,sertanejo,sertanejo pop,sertanejo universitario",4096883,68
7pFeBzX627ff0VnN6bxPR4,Desiigner,"pop rap,rap,trap,viral trap",3250458,68
3whuHq0yGx60atvA2RCVRW,Olly Murs,"dance pop,europop,neo mellow,pop,pop dance,pop rock,post-teen pop,talent show,tropical house,uk pop",3043977,68
3hN3iJMbbBmqBSAMx5veDa,Ultimo,"italian adult pop,italian pop",2478778,68
1Fg19vpUJpAAPFjnKaVYVW,Reynmen,"turkish hip hop,turkish trap pop",2360179,68
05oH07COxkXKIMt6mIPRee,Brandy,"dance pop,hip hop,hip pop,neo soul,pop,r&b,urban contemporary",2356523,68
6O74knDqdv3XaWtkII7Xjp,Boyz II Men,"boy band,new jack swing,r&b,urban contemporary",2249041,68
5ChF3i92IPZHduM7jN3dpg,Nicky Romero,"big room,dance pop,dutch edm,edm,electro house,pop dance,pop edm,progressive electro house,progressive house,tropical house",2104098,68
6O2zJ0tId7g07yzHtX0yap,Mobb Deep,"east coast hip hop,gangster rap,hardcore hip hop,hip hop,queens hip hop,rap",1413027,68
5bgfj5zUoWpyeVatGDjn6H,K CAMP,"atl hip hop,hip hop,melodic rap,pop r&b,pop rap,r&b,rap,southern hip hop,trap",1369684,68
2eogQKWWoohI3BSnoG7E2U,Donna Summer,"dance pop,disco,hi-nrg,motown,new wave pop",1363159,68
7MzHPIXAqIOCnvK0sVY72W,Helene Fischer,"partyschlager,schlager",1276044,68
2j2rh3oQh4QEUnNTDKYSJD,187 Strassenbande,"german hip hop,hamburg hip hop",1242388,68
1AgAVqo74e2q4FVvg0xpT7,Tedua,"indie liguria,italian hip hop,trap italiana",1240925,68
1bj5GrcLom5gZFF5t949Xl,Martin Solveig,"dance pop,disco house,edm,electro house,filter house,house,pop dance,tropical house,vocal house",1186604,68
39KEQQAG9JhIt71g9NEVhh,Azet,"albanian hip hop,german hip hop",1143881,68
1W3FSF1BLpY3hlVIgvenLz,The-Dream,"dance pop,hip hop,hip pop,pop r&b,r&b,southern hip hop,trap,urban contemporary",1001661,68
5SyGEPymt1G2uto47tVWvZ,MadeinTYO,"atl hip hop,hip hop,melodic rap,pop rap,rap,southern hip hop,trap,underground hip hop,vapor trap",986307,68
0Jsk5iYMr5aNjHury7blm1,Boef,dutch hip hop,983599,68
5X4LWwbUFNzPkEas04uU82,DVBBS,"canadian electronic,dance pop,edm,electro house,pop,pop dance,pop edm,slap house,tropical house",932689,68
6i392l38cR3uBPF0DbNs7S,Quality Control,"hip hop,melodic rap,pop rap,rap,southern hip hop,trap",881965,68
6X8WdFjrNhXATMDSs26aCc,Curren$y,"alternative hip hop,dirty south rap,gangster rap,hip hop,new orleans rap,pop rap,rap,southern hip hop,underground hip hop",834134,68
6i3DxIlAqnDkwELLw4aVrx,Lele Pons,"latin pop,viral pop",833655,68
7zYj9S9SdIunYCfSm7vzAR,SOMI,k-pop,759051,68
66TrUkUZ3RM29dqeDQRgyA,Ella Eyre,"dance pop,pop,post-teen pop,tropical house,uk pop",718138,68
2JyWXPbkqI5ZJa3gwqVa0c,Craig David,"british soul,dance pop,pop rap,r&b,urban contemporary",710237,68
07SFzTMeYf5P8Rd32a9Zzw,AK AUSSERKONTROLLE,german hip hop,707138,68
2lolQgalUvZDfp5vvVtTYV,Tony Bennett,"adult standards,easy listening,lounge,vocal jazz",677164,68
6dn6x1XOng3LOAnfTjUn77,AJ Mitchell,"alt z,dance pop,electropop,pop,post-teen pop,social media pop",642273,68
0JBdTCGs111JKKYfLqOEBa,Shirin David,"frauenrap,german hip hop,german pop",595184,68
6ynopZPMBXcIGBI9M02Un5,Haftbefehl,german hip hop,531151,68
4sg4no0TXdsrM1s4SVUwNF,Juju,"frauenrap,german hip hop,german pop",490678,68
1vaQ6v3pOFxAIrFoPrAcom,Ari Lennox,"alternative r&b,dmv rap,indie r&b,indie soul,neo soul,pop,r&b,urban contemporary",464429,68
6Rx1JKzBrSzoKQtmbVmBnM,Hayley Williams,"art pop,indie pop",456403,68
3jk39CGeaaSO3FPKNx1RUx,Syd,"alternative r&b,chill r&b,escape room,indie r&b,indie soul,lgbtq+ hip hop,r&b",420830,68
4iCwCMnqsNZ6atvRiADgtn,RZA,"alternative hip hop,east coast hip hop,hardcore hip hop,hip hop",392345,68
1MXZ0hsGic96dWRDKwAwdr,Tyla Yaweh,"cali rap,melodic rap,pop rap,rap,trap",377596,68
1iNqsUDUraNWrj00bqssQG,Dreamville,"hip hop,rap,underground hip hop",370982,68
5AbLpsnTQVNB3OEadYiVrK,Yxng Bane,"afroswing,uk dancehall,uk hip hop",361900,68
2NJWI8byqTSqDaJRnqJY2z,KALIM,"german hip hop,german trap,hamburg hip hop",229465,68
5T0MSzX9RC5NA6gAI6irSn,Estelle,"neo soul,r&b",227247,68
2HkAI0YrEcgoR8QdaURqhO,Dimitri Vegas,belgian edm,160479,68
4OBbOrkD4geIjOLrICN3wO,Inspectah Deck,"east coast hip hop,hardcore hip hop,hip hop",154307,68
4LcUpNlXFEleaLlelmkv2R,Kris Kross Amsterdam,"dutch house,dutch pop",151132,68
7HV2RI2qNug4EcQqLbCAKS,Keala Settle,"broadway,hollywood,show tunes",140486,68
5UjifI1TYefXWn9GdqDOHl,Social House,,134111,68
10XY9PZCJKzUFzZOdtlQLU,LX,"german hip hop,hamburg hip hop",130273,68
6trIghKwHRUyxwvm66HLHH,Fousheé,indie r&b,126745,68
4Wjf8diP59VmPG7fi4y724,Cedric Gervais,"edm,electro house,house",93662,68
4ArPQ1Opcksbbf3CPwEjWE,Emilee,social media pop,79615,68
5PlfkPxwCpRRWQJBxCa0By,HUGEL,"dance pop,deep house,edm,electro house,house,pop dance,tropical house",66312,68
6Rmg5JiRphFMlhkwGNl9Fu,Tom Gregory,"tropical house,uk pop",62383,68
19HFRWmRCl27kTk6LeqAO8,MORTEN,"danish electronic,scandipop",62049,68
7nqlScm2smydSRl13eaP8E,Nea,"scandipop,swedish pop",39374,68
3SYnDj7btg9gFY7ps8m5d5,RANI,uk pop,11744,68
2iI5KWXLjw1tqLQsdjuo0e,Chael Produciendo,,6441,68
4A0TivfinfALCAMJqqjZIk,Funk Wav,,5506,68
7me0S5Z40qVWj3gzyK8aC3,Mc Livinho,"funk carioca,funk ostentacao,funk paulista",6320700,67
21dooacK2WGBB5amYvKyfM,Smokepurpp,"dark trap,melodic rap,miami hip hop,rap,southern hip hop,trap,underground hip hop,vapor trap,viral rap",2336239,67
5NS0854TqZQVoRmJKSWtFZ,Chino & Nacho,"electro latino,latin,latin hip hop,latin pop,trap latino,tropical",2081322,67
5dXlc7MnpaTeUIsHLVe3n4,Coez,"italian indie pop,italian pop,rap napoletano,rome indie",1734130,67
293zczrfYafIItmnmM3coR,Chuck Berry,"blues rock,classic rock,rock,rock-and-roll,rockabilly,soul",1465824,67
4FpJcNgOvIpSBeJgRg3OfN,Orelsan,"french hip hop,old school rap francais,rap conscient",1457767,67
2cCUtGK9sDU2EoElnk0GNB,The National,"indie rock,modern rock,stomp and holler",1342394,67
6lB8vOoI4DRrrVxXwuV19c,Mike Perry,"dance pop,edm,electro house,pop,pop dance,pop edm,swedish tropical house,tropical house",1241518,67
7LvoDJUNGnOrPdGRzVtOJ9,Young M.A,"lgbtq+ hip hop,nyc rap,pop rap,rap,trap",1212337,67
3c96G4d2lUOxhomM2mby5S,Bushido,"deep german hip hop,german hip hop",1095366,67
5GcWBUX00IPuWVGMIRK1sS,Residente,venezuelan hip hop,897263,67
4NZvixzsSefsNiIqXn0NDe,Maggie Rogers,"indie pop,pop",779382,67
6d47Z08T4snK50HgTEHo5Z,Sage The Gemini,"dance pop,hyphy,pop rap,rap,southern hip hop,trap",769363,67
4VuARVJiWGsH2msKTdsKdQ,Veysel,"albanian hip hop,german drill,german hip hop",745446,67
5Q81rlcTFh3k6DQJXPdsot,Mura Masa,"channel islands indie,vapor soul",584268,67
0ebNdVaOfp6N0oZ1guIxM8,SUGA,k-pop,582883,67
5MouCg6ta7zAxsfMEbc1uh,OMI,dance pop,582342,67
2K5nCggbhSZ00YCYP5qkZS,Shiva,"italian hip hop,trap italiana",573647,67
3yiEJ9SByXZMXTwaKdVFN4,Luche,"italian hip hop,rap napoletano",521354,67
5y9wg9qkGBl0n9v9RzaPKu,Capo,german hip hop,426479,67
5FxD8fkQZ6KcsSYupDVoSO,Omar Apollo,"alternative r&b,bedroom pop,bedroom soul,chill r&b,indie r&b,pop,r&b",418902,67
6sHCvZe1PHrOAuYlwTLNH4,Gus Dapperton,"bedroom pop,indie pop,indie poptimism",414488,67
3r1XkJ7vCs8kHBSzGvPLdP,slowthai,"hip hop,rap,uk alternative hip hop,uk hip hop,underground hip hop",394640,67
5nkYRuiIHg2xXHFC8bfosJ,ItaloBrothers,"dance pop,eurodance,europop,hands up,italo dance,pop dance",380345,67
2FwJwEswyIUAljqgjNSHgP,Snakehips,"dance pop,edm,electropop,indie poptimism,pop,pop dance,tropical house",335858,67
6IZ4ctovY9dl7bgHClAvKJ,LSD,,309442,67
6USMTwO0MNDnKte5a5h0xx,Y2K,pop rap,272002,67
7eCmccnRwPmRnWPw61x6jM,SHY Martin,"alt z,electropop,pop,swedish electropop,tropical house",242446,67
77qukKzmdI5BeMBR7WGUrN,Aaron Smith,chicago house,240647,67
21aa4pj9BvbFB2iT8kRpnq,Michael Schulte,"german pop,pop",238199,67
2kqUKsTuEj1lPbm6BSn1AU,Rich Music LTD,"latin,reggaeton,trap latino",208296,67
0x7qiZJaal6j8qS7yCydFk,Savage Ga$p,"aesthetic rap,emo rap,meme rap,viral rap",173514,67
0NnUMWDCDi1snuMja6IdxH,Harry Nach,"trap chileno,trap latino",143970,67
3QJUFtGBGL05vo0kCJZsmT,salem ilese,"alt z,modern indie pop,social media pop",142953,67
75jNCko3SnEMI5gwGqrbb8,Tammi Terrell,motown,130231,67
7MPGCB854Qo4alYMOPkBka,Ritt Momney,"bedroom pop,indie pop",102835,67
1aQwKFn00nswXRDUDipm0K,Gaullin,"edm,lithuanian edm,lithuanian electronic,pop dance,tropical house",102241,67
6eYFryfcEu3QSq59D62wZQ,Brendon Urie,,97203,67
0KuF7reCTOZwV7YJnHQqgr,The Neptunes,,56550,67
1oMiDFyAgmIzw9ZBQYHOJI,El Guincho,musica canaria,44152,67
17TFSnqADESRM8BPSaM5aB,Krono,deep tropical house,20762,67
4TvhRzxIL1le2PWCeUqxQw,The Blessed Madonna,,17836,67
5uEeqYFuIChoWKy34jp8xE,Brando,dance pop,14370,67
6dqohi36avY0M9urnyhITr,Luvli,,3095,67
0b1sIQumIAsNbqAoIClSpy,j-hope,"k-pop,k-rap",7473021,66
2ODbg2404zUzTi02qIPEjB,Tay-K,"cali rap,dfw rap,rap,trap,underground hip hop,vapor trap",2577989,66
2iK8weavvfS2xJCmzNzNE5,J-AX,"italian adult pop,italian pop",1868954,66
1tqhsYv8yBBdwANFNzHtcr,Lil Dicky,"comedy rap,pop rap,rap",1845683,66
7GaxyUddsPok8BuhxN6OUW,James Brown,"funk,motown,soul",1804292,66
0qTZZWLzuD59Un5r1speHm,Chris Jedi,"latin,reggaeton,reggaeton flow,trap latino",1675053,66
0YrtvWJMgSdVrk3SfNjTbx,Death Cab for Cutie,"alternative rock,indie pop,indie rock,modern rock,pop rock,washington indie",1314792,66
6beUvFUlKliUYJdLOXNj9C,King Princess,"alt z,dance pop,electropop,indie pop,indie poptimism,nyc pop,pop",1263137,66
34Y0ldeyUv7jBvukWOGASO,Bobby Shmurda,"nyc rap,rap,trap",1217991,66
6BeO1KuAWBqFriL1mLHtNc,Leslie Grace,"bachata,hollywood,latin",1196992,66
2RDOrhPqAM4jzTRCEb19qX,Sheck Wes,"rap,trap,underground hip hop,vapor trap",1171738,66
00tVTdpEhQQw1bqdu8RCx2,Blue Öyster Cult,"album rock,art rock,classic rock,hard rock,metal,rock,soft rock",1133889,66
7u710e44HW3K7A5eTnRqHC,Fabri Fibra,"italian hip hop,rap napoletano",1096592,66
7rOlQwf8OuFLFQp4aydjBt,Paloma Mami,"latin pop,reggaeton chileno,trap chileno",954251,66
4RnBFZRiMLRyZy0AzzTg2C,Run The Jewels,"escape room,hip hop,political hip hop",930014,66
2otUckChxWf2cp6UP2cD6e,Zuna,"albanian hip hop,german hip hop",911787,66
2NUz5P42WqkxilbI8ocN76,Vybz Kartel,"dancehall,reggae fusion",865765,66
2hPgGN4uhvXAxiXQBIXOmE,KIDS SEE GHOSTS,"hip hop,rap",846586,66
2a0uxJgbvvIRI4GX8pYfcr,J Hus,"afroswing,grime,uk hip hop",824912,66
4u5smJBskI6Adzv08PuiUP,Kiiara,"alt z,dance pop,electropop,indie poptimism,pop",792809,66
25tMQOrIU4LlUo6Sv8v5SE,Gavin James,"irish pop,neo mellow,pop,pop rock,viral pop",596652,66
3QTDHixorJelOLxoxcjqGx,SiR,"alternative r&b,hip hop,indie soul,la pop,r&b,rap",587484,66
4F4pp8NUW08JuXwnoxglpN,Bad Gyal,"rap catala,rap latina,trap catala,trap latino,urbano espanol",573139,66
4N8BwYTEC6XqykGvXXlmfv,George Benson,"adult standards,disco,jazz funk,jazz guitar,motown,quiet storm,smooth jazz,soul,soul jazz,yacht rock",549028,66
0lHB0Qc4pmD5RkTLlHeESo,MC L da Vinte,"funk bh,funk carioca,funk ostentacao",489298,66
3jFjgKOGfVLWfXX8q5wrsg,R.K.M & Ken-Y,"latin,latin hip hop,reggaeton,trap latino",455225,66
3IrUyDPQlQFcB5lMWhPml2,SSIO,"afghan rap,german hip hop,hamburg hip hop",449173,66
3gk0OYeLFWYupGFRHqLSR7,Showtek,"classic hardstyle,edm,electro house,euphoric hardstyle,pop dance,progressive electro house",445359,66
0iFq8SzyZaaQ2Fn6CLDxqW,Clueso,"german pop,german singer-songwriter",403927,66
6I3MElirhT5t6Kf7p0hGk9,Duckwrth,"alternative r&b,escape room,indie r&b,indie soul,underground hip hop",302655,66
12Zk1DFhCbHY6v3xep2ZjI,070 Shake,"alternative r&b,new jersey rap",293113,66
6M6XXCcO5gI68XpIlrUL3Z,Young T & Bugsey,"afroswing,nottingham hip hop,uk hip hop",271174,66
523y9KSneKh6APd1hKxLuF,Master KG,south african house,259165,66
0JOxt5QOwq0czoJxvSc5hS,GASHI,"pop rap,trap soul",201398,66
7qPLO2XOUaRrRxkvLZ3AEK,Zeeba,"brazilian edm,nova mpb",177419,66
0DdDnziut7wOo6cAYWVZC5,KREAM,"dance pop,deep groove house,edm,electro house,house,pop dance,pop edm,tropical house",171725,66
7f02bxFbZIOVdSbYRNYvLT,Jerry Di,"cubaton,dominican pop,pop venezolano,reggaeton,reggaeton flow,trap latino",159743,66
3KwmxIhSe9UTSEF37kwngR,SHAED,"electropop,pop",143116,66
6Gk5hoM7eW8NSCYhICMDHw,Zak Abel,uk contemporary r&b,134291,66
1buzCmyYZE4kcdLRudsb8V,Mikky Ekko,nashville indie,124075,66
3XcCT5MPlQPWFTJyzXbfuX,Maejor,detroit hip hop,85556,66
3qBKjEOanahMxlRojwCzhI,Zacari,gqom,68944,66
3uZFBSsMiooimnprFL9jD1,Snow,"canadian old school hip hop,reggae fusion",47022,66
5luyt0SUvGkDMY4ILP6Qhl,Descemer Bueno,"cubaton,latin",38305,66
0UcXjTpzt0DmIwPSNwlJfF,jetsonmade,dream smp,18583,66
5pXe6yFchq1oyYK3rq2A8i,KIDDO,scandipop,12188,66
00CMSJdbf36zOzKB3z8JrR,Victor Cardenas,,9590,66
2h6hAChW74hB9HvrNoK1RY,Quarterhead,,3771,66
0shHIQr8VamXbzM66kwGQo,TATOOL,,1117,66
5szJHKg5xeUlQ9pTqzdpic,Taiu,,1036,66
3egWSWp7Y4FyCKIyvXbw7L,Ghali,"italian hip hop,italian pop,milan indie,rap tunisien",2748743,65
3ATyg4fGC9F8trfb0GRWmX,Joey Montana,"latin,latin hip hop,latin pop,panamanian pop,pop peruano,pop reggaeton,reggaeton,trap latino",2316805,65
0WOxhx4hikIsyF3CRPLC8W,Famous Dex,"chicago rap,drill,rap,southern hip hop,trap,underground hip hop,vapor trap,viral rap",2270609,65
7bmYpVgQub656uNTu6qGNQ,Hwa Sa,"k-pop,korean mask singer",2154670,65
5wyWp867LWGjFmYZXVSFnZ,MERO,german hip hop,1906382,65
1xU878Z1QtBldR7ru9owdU,Phoenix,"alternative dance,indie rock,modern rock,new rave,pop rock,rock independant francais",1712141,65
22jNvLBrXGKr4CcV2tw8Ag,Jonas Esticado,"forro,sertanejo,sertanejo pop,sertanejo universitario",1363304,65
3MkkSf3u5KU52Mb2iMrqeX,MadMan,italian hip hop,1097605,65
0GByy3DcfbQwDvXGCWmzv9,Pretenders,"album rock,art rock,classic rock,folk,folk rock,heartland rock,lilith,mellow gold,new romantic,new wave,new wave pop,permanent wave,pop rock,rock,soft rock",1066886,65
2HUwZ0kumzCSlhFcjFZfpp,Flipp Dinero,"melodic rap,pop rap,rap,trap,vapor trap",947746,65
6nB0iY1cjSY1KyhYyuIIKH,FKA twigs,"afrofuturism,alternative r&b,art pop,dance pop,escape room,experimental r&b,pop,trip hop",900238,65
5n9bMYfz9qss2VOW89EVs2,Bomba Estéreo,"cumbia,latin alternative,latin rock,pop electronico,tropical alternativo",895136,65
06nvjg4wBANK6DCHjqtPNd,Mahmood,italian pop,891872,65
6289Bbkkk3gaCbh1K7Rv8F,Izi,"indie liguria,italian hip hop,trap italiana",863192,65
27mFvqQj8KpjmdKIqcw1mG,Ayo & Teo,"social media pop,trap",807029,65
6I3M904Y9IwgDjrQ9pANiB,Kenny G,"smooth jazz,smooth saxophone",796990,65
44IvvHRk2XF243QLA2VOa8,Stunna 4 Vegas,"trap,viral rap",656605,65
3GBBxBdoolb0B5YizZq9bF,Eno,"german drill,german hip hop",647476,65
2QUvtLq6oQaX0LNsYY2fas,Cauty,"latin,perreo,reggaeton,reggaeton flow,trap latino",640826,65
1V3VTM7VspiQjcmRhC010n,Quintino,"dutch edm,dutch house,edm,electro house,pop dance,progressive electro house,progressive house,slap house",574446,65
27w1NoOLMX7tJMYqcetPyG,VIC MENSA,"chicago rap,conscious hip hop,hip hop,pop rap,rap,trap,underground hip hop",566400,65
4TrraAsitQKl821DQY42cZ,Sigrid,"dance pop,norwegian pop,pop",562386,65
4mAsWDGLUIEdo6imU77WG6,Boomdabash,"italian adult pop,italian pop,italian reggae",557804,65
0zPILh9oEH0fDagpkHTQQ8,Killstation,"dark trap,emo rap,sad rap,underground hip hop",434500,65
63XBtGSEZINSyXylZxEUbv,Victoria Monét,"alternative r&b,chill r&b,dance pop,indie r&b,pop,pop r&b,post-teen pop,r&b,urban contemporary",423507,65
3hteYQFiMFbJY7wS0xDymP,Gesaffelstein,"dark clubbing,destroy techno",405207,65
3S0tlB4fE7ChxI2pWz8Xip,Giggs,"grime,london rap,uk alternative hip hop,uk hip hop",393358,65
6ns6XAOsw4B0nDUIovAOUO,GZA,"alternative hip hop,east coast hip hop,gangster rap,hardcore hip hop,hip hop,rap",378048,65
7hOGhpa8RMSuDOWntGIAJt,A R I Z O N A,"electropop,indie poptimism,pop,pop dance,pop edm,pop rock,tropical house",370767,65
5TbLOwv8BNnik3f03NZJlt,TOKYO’S REVENGE,"meme rap,sad rap,vapor trap,viral rap",331432,65
6HqgxkTt9KGyt27zYrwVan,Super Yei,"latin,reggaeton,reggaeton flow,trap latino",299015,65
64rxQRJsLgZwHHyWKB8fiF,Eiffel 65,"bubblegum dance,eurodance,europop,italian adult pop,italo dance",261242,65
7xtnpHS34mLlxGZDVUBHSU,La Húngara,"pop flamenco,rumba,spanish pop,spanish pop rock",253857,65
0f2YkMXwFNJNSX7MymevKE,Kaash Paige,"pop r&b,r&b",215058,65
0imE3buPhAowREqCrr4CYe,Peach Tree Rascals,"alternative r&b,chill r&b,indie r&b,pop",181832,65
5tHiL8SKSaZGMBUPIiSmX4,KitschKrieg,"german hip hop,german pop,hamburg hip hop",169942,65
4vxaQs6vK54nK89J1VtLex,PUBLIC,indie rockism,169635,65
1XLWox9w1Yvbodui0SRhUQ,StaySolidRocky,melodic rap,153070,65
7jEEE187pVG6InOxn03oA5,Benjamin Ingrosso,swedish pop,130580,65
3yzRiNMZdTsSUgplcyYZ4i,Blanco Brown,country rap,124486,65
3CbYyyd8wH3RT6t0jwpdzC,Murda Beatz,"canadian hip hop,canadian trap",121462,65
0CjWKoS55T7DOt0HJuwF1H,Bipolar Sunshine,gauze pop,77703,65
5yy76ufVriyvidNSvXlRU1,Clever,alabama rap,61388,65
0CEK8AzyeD5ZUdUloB6yQV,CADE,pop edm,45368,65
6hkKbkZGvAXuvle2FhCnxy,Shablo,italian hip hop,41973,65
76dRoxKtDwYkgCQePok9cU,Miksu / Macloud,german hip hop,32873,65
2U3FuHYvL3vhkbDAXm24Ep,Dan Caplen,"neo soul,uk contemporary r&b",25106,65
5IbUz6BcOu6IVY512oxavP,Niño de Elche,spanish pop,23550,65
5wTdspmxzb8V4ZjvDodpBo,A Touch Of Class,"bubblegum dance,europop",19196,65
4olE3I5QU0dvSR7LIpqTXc,WATT,modern alternative rock,19047,65
0Kwf0zcciIFGLCKiqNcO6Q,SRNO,"dutch hip hop,dutch rap pop",15410,65
2uFC1dAj5b0YU7vulKNZ0p,Banx & Ranx,basshall,15112,65
2fsk4VlJdNF6G8cCMDrrzB,Norma Jean Martine,nyc pop,9437,65
3EXdLajEO02ziZ90P90bSW,Lil Xan,"emo rap,underground hip hop,vapor trap",2184546,64
7yO4IdJjCEPz7YgZMe25iS,A$AP Mob,"hip hop,rap,southern hip hop,trap,vapor trap",1784241,64
0XHiH53dHrvbwfjYM7en7I,Chris Cornell,"alternative metal,alternative rock,rock",1639313,64
6G9bygHlCyPgNGxK2l3YdE,Vanessa Hudgens,"dance pop,pop,post-teen pop,viral pop",1586698,64
2auiVi8sUZo17dLy1HwrTU,Solange,"afrofuturism,alternative r&b,dance pop,escape room,hip pop,indie soul,neo soul,pop,r&b,urban contemporary",1565622,64
3LjhVl7GzYsza1biQjTpaN,Hayley Kiyoko,"alt z,dance pop,electropop,indie pop,indie poptimism,pop,post-teen pop",1489457,64
0qSX3s5pJnAlSsgsCne8Cz,Brett Eldredge,"contemporary country,country,country road,modern country rock",1315074,64
4TEJudQY2pXxVHPE3gD2EU,BlocBoy JB,"memphis hip hop,rap,southern hip hop,tennessee hip hop,trap,vapor trap",1314980,64
1INuLZXjjVbcJRyWvD1iSq,Jack & Jack,"dance pop,pop,post-teen pop,social media pop,teen pop",1295743,64
250b0Wlc5Vk0CoUsaCY84M,JENNIE,k-pop,1293260,64
2bxxlINUlcMQQb39K7IopR,Abraham Mateo,"latin,latin arena pop,latin pop,latin viral pop,reggaeton,spanish pop",1283150,64
22P1OY4TRFRwhP0q29loQ8,Lali,"argentine telepop,latin viral pop,pop argentino",1071825,64
7wjeXCtRND2ZdKfMJFu6JC,Louane,"francoton,french pop",972270,64
4fwuXg6XQHfdlOdmw36OHa,Paloma Faith,"british soul,dance pop,electropop,europop,neo soul",959837,64
0HkcYmcjrBR3SCw9Ld5VZk,Calboy,"chicago rap,melodic rap,rap,southern hip hop,trap,vapor trap",773270,64
6UE7nl9mha6s8z0wFQFIZ2,Robyn,"art pop,dance pop,electropop,europop,pop,scandipop,swedish electropop,swedish pop",739218,64
6DVipHzYsPlIoA0DW8Gmns,"Royce Da 5'9""","alternative hip hop,detroit hip hop,gangster rap,hardcore hip hop,hip hop,pop rap,rap,southern hip hop",624145,64
5exS0bytCYdixgv02DaCm3,William Singe,"chill r&b,pop,pop r&b,r&b,urban contemporary",598758,64
6jQZzWW3JlEtcRDSzFVKSP,Nitro,italian hip hop,594446,64
6vPXtLmNd3mW0dd1Rb9eQ9,Don Patricio,"rap canario,trap latino,urbano espanol",520745,64
3ZotbHeyVQKxQCPDJuQ4SU,Q-Tip,"alternative hip hop,east coast hip hop,hardcore hip hop,hip hop,neo soul,queens hip hop",486766,64
5tlNJfV9UIpgnbWmvUEFu7,Gentleman,"cologne hip hop,german hip hop,german reggae,reggae fusion",431860,64
3Ces1OJeGOVGcUB0wPaPXJ,Mala Rodríguez,"latin alternative,latin hip hop,rap latina,spanish hip hop",428613,64
6xS5PpBWaVYraexEkEjjXv,Maxo Kream,"hip hop,houston rap,melodic rap,rap,southern hip hop,trap,underground hip hop,vapor trap",369361,64
04ei5kNgmDuNAydFhhIHnD,Landon Cube,"emo rap,sad rap,underground hip hop,vapor trap",317941,64
2cADQgiLMjNhbsfeN52Bf3,Swizz Beatz,"battle rap,hip pop,pop rap,rap,southern hip hop,trap",303868,64
2Zi3RrdQqk63Xj0914STkS,Naomi Scott,vapor pop,301544,64
7AzjETXRUKNRSJHMW9GIqd,Nina Nesbitt,"alt z,dance pop,electropop,indie poptimism,neo-singer-songwriter,pop,pop rock,post-teen pop,uk pop,viral pop",298179,64
0tRFWXqKBBQcu5oFVOgVzX,Jaira Burns,"alt z,electropop,indie poptimism,pop",287604,64
5JbQpbeFaKfuZVFzKwaawP,MC Rogerinho,"batidao romantico,funk carioca,sertanejo pop",268493,64
5sK8BsvyDl4TFA6KaBf8or,Charly Black,dancehall,264174,64
5RaQ9nmVGoTye2SI76x3yw,Kofs,"francoton,french hip hop,pop urbaine,rap francais,rap marseille",260600,64
5qZLYtTL3ldN6Uw7OXHESR,Sa4,"deep german hip hop,german hip hop,german underground rap",219780,64
6PDLwWvgYNMfBRLqC1h5cJ,Buddy,"alternative r&b,cali rap,underground hip hop",184556,64
2PaZWGu5T5nHjY2xxAkFsT,THE SCOTTS,,180579,64
00TKPo9MxwZ0j4ooveIxWZ,Loote,"alt z,dance pop,electropop,indie poptimism,nyc pop,pop,pop dance,pop edm,post-teen pop,tropical house",176160,64
4cfKtwkefMW3aiXtxfw8w6,Nomcebo Zikode,"afro soul,south african pop",139757,64
7hssUdpvtY5oiARaUDgFZ3,Ina Wroldsen,"norwegian pop,tropical house",134195,64
67MNhiAICFY6Pwc2YxCO0K,Elley Duhé,"alt z,electropop,indie poptimism,pop",131192,64
48R2gYdPKtfnfKAzhSVPUx,Migrantes,cumbia pop,126081,64
2WxjxdeF7GGdcCK276qViY,Natalie Taylor,,123452,64
6jsjhAEteAlY0vCiLvMLBA,ROZES,"electropop,indie poptimism,pop edm",91993,64
4NEThNYJ3WyNcJWcmpjq88,Ir Sais,"basshall,dutch hip hop,dutch rap pop,ritmo kombina",65850,64
5vQfv3s2Z2SRdPZKr82ABw,Dzeko,"canadian electronic,electro house,pop edm",53663,64
6eVWXmKBW7Iltub01D9R1c,Valerie Broussard,"alt z,modern alternative pop",44359,64
51XrH5fQP2oIQynuKxSWcW,Sky Rompiendo,"reggaeton flow,trap latino",23911,64
4FrXHrpbDLNyO3pbVv8RmF,Sophie and the Giants,sheffield indie,20499,64
7KHA7OOevgTDFhlym0oEyP,Adriana Proenza,spanish indie pop,17572,64
67wCYxOq4A1ohAs7jWYaOJ,Rik Rok,reggae fusion,5465,64
53EHeXzGs4HheTCTnwfPEr,SFR,,1187,64
76Xa625geVw0Q7BdyxNjA2,Mc Zaac,"funk carioca,funk pop",1567929,63
2tcoLkA9Hexz70Kuc1NTUl,Gradur,"francoton,french hip hop,pop urbaine,rap francais",1427164,63
3EW0kQ1skZiK1NHg3Spt9J,Takeoff,"atl hip hop,rap,southern hip hop,trap",1248331,63
2DzRMyWgjuMbYvt5BLbpCo,Anthony Hamilton,"neo soul,new jack swing,quiet storm,r&b,soul,urban contemporary",1231148,63
2pjb5ffSoVTr5lRYQXlnPu,Alessandra Amoroso,"italian adult pop,italian pop,italian pop rock",1214159,63
5M0lbkGluOPXLeFjApw8r8,Shelley FKA DRAM,"alternative r&b,pop rap,rap,underground hip hop,virginia hip hop",810059,63
6wMr4zKPrrR0UVz08WtUWc,Black Coffee,"afro house,deep house,south african house,south african pop dance",722522,63
0jNDKefhfSbLR9sFvcPLHo,San Holo,"edm,electronic trap,electropop,future bass,pop dance,pop edm,vapor twitch",641434,63
7aA592KWirLsnfb5ulGWvU,Danny Brown,"alternative hip hop,detroit hip hop,escape room,hip hop,rap,underground hip hop",636056,63
61qMnYXa1GxSBoV3IiYKjZ,Yung Pinch,"emo rap,melodic rap,oc rap,pop rap,rap,sad rap,trap,underground hip hop,vapor trap",466819,63
3s8alQfNnY0roAHaJh7Xxt,Dom Kennedy,"cali rap,hip hop,rap,southern hip hop,trap,underground hip hop,west coast trap",448469,63
6QzzeKV0VcnT2vJMYDPuL4,Trettmann,"german cloud rap,german hip hop,hamburg hip hop",425974,63
4lPl9gqgox3JDiaJ1yklKh,Tierra Whack,"alternative r&b,escape room,indie soul",365719,63
6Mm2g25BTeJ6BICPFWGkPg,Bosh,"francoton,french hip hop,pop urbaine,rap francais",309597,63
1XTGADISSMRf8B4TcVGYUC,Ky-Mani Marley,"modern reggae,reggae,reggae fusion,roots reggae",309063,63
7K78lVZ8XzkjfRSI7570FF,José Feliciano,"bolero,latin pop,puerto rican pop",247655,63
5bzWtCkjIAMgN93gLt56SO,Tropkillaz,"afrofuturismo brasileiro,bass trap,electronic trap,funk carioca,pop nacional",196581,63
2IoSLl3tqYMq9DzR0d6NJN,Elams,"francoton,french hip hop,pop urbaine,rap francais,rap marseille",185228,63
3Mn6d673ieRza7uw6zY2Zv,Hava,"frauenrap,german hip hop",173384,63
0jeYkqwckGJoHQhhXwgzk3,Cruz Cafuné,"rap canario,trap latino,urbano espanol",172336,63
1mSJCvDX0W7Dn7S9C6vmvI,Anna of the North,"electropop,indie pop,indie poptimism,vapor pop,vapor soul",171960,63
65AzRSW0jKSs0WtttEXrOw,ELIF,"frauenrap,german hip hop,german pop,german singer-songwriter",140264,63
4ON1ruy5ijE7ZPQthbrkgI,Burak Yeter,electro house,131865,63
3TaUSUXn41GixL7zbvrIDt,A-Trak,"canadian electronic,edm,electro house,electronic trap,turntablism",117815,63
0bdJZl7TDeiymDYzMJnVh2,Preme,"canadian hip hop,canadian trap,toronto rap,trap,trap soul",111221,63
374sWpAJsbZckf98df2jJJ,Fuse ODG,"afro dancehall,azonto,dance pop",110272,63
0NcPKaSNIHAM2RfioH9vMT,Guapdad 4000,"cali rap,oakland hip hop,scam rap,trap soul,underground hip hop,vapor trap",92835,63
7EEiVZvj6RCEtVX2F2pyxu,Slim Jxmmi,trap,92076,63
726MxZBpkxnnoKl6aN7mmj,Cookin' On 3 Burners,"bboy,funk,instrumental funk,modern funk",81353,63
0zoMmzmyi8N8LwzhyXPvtk,Mara Sattei,"italian hip hop,italian pop,r&b italiano",74986,63
7M83IzPXGA4ClZJ5reW2Ro,Douglas & Vinicius,sertanejo pop,68580,63
6V3F8MZrOKdT9fU686ybE9,Mark Morrison,"british soul,new jack swing",59608,63
71jSVPQ6yskfyvWeiwvT5s,S1mba,afroswing,49496,63
7AcV1lk8Zrgo1691PDWEle,Freshlyground,"afro soul,afropop,south african pop,south african pop dance",44382,63
6q3p11nP1p80Ey6LrOOSed,Hit-Boy,cali rap,39397,63
2jpQ0ywffgVHhZFQNWaWYW,Tony Igy,russian dance,37601,63
5X1JzPIIonP3u9lA580pPT,Francesco Yates,canadian pop,36800,63
1QDrz3DMMaz3TB1cm0PGDu,Justin Jesso,,33148,63
5ITI6SEoUZMIXXkzCfr4oE,Aluna,"edm,house,pop dance",28424,63
1okJ4NC308qbtY9LyHn6DO,BloodPop®,electropop,23469,63
3xs0LEzcPXtgNfMNcHzLIP,Rockwell,,22384,63
1xsYReh7zhty26wD4tprKh,Chris Nolan,italian hip hop,12129,63
2zzpznMuhKlKlqh1ma7Sms,Dakota,,8817,63
1XynjLPAyPi8SZAx8LHN0Z,Nuka,,2280,63
14D0I0RYqvIorkPL2EWoQh,MC WM,funk carioca,3296548,62
3OxZ4asD88P1lJJmLcXz4K,Márcia Fellipe,"forro,sertanejo pop",1508867,62
1zEo6Fk1iaaOYFlFPBHCFn,Humberto & Ronaldo,"forro,sertanejo,sertanejo pop,sertanejo universitario",1286090,62
3DKkhRCGOG4e8IUPYFPfWs,Dixie,social media pop,1002023,62
5LUxu287CsPM7jy3yS3l86,Şanışer,turkish hip hop,959594,62
6extd4B6hl8VTmnlhpl2bY,Huncho Jack,"hip hop,melodic rap,pop rap,rap,southern hip hop,trap",911238,62
2SdOKxC1sSxEyv8JYERaNe,RuPaul,"dance pop,diva house,pop,strut",589174,62
6KWcxMWVNVIYbdOQyJtsSy,The Platters,"adult standards,brill building pop,doo-wop,easy listening,lounge,rock-and-roll,rockabilly,vocal jazz",541033,62
2WoVwexZuODvclzULjPQtm,Sampha,"alternative r&b,indie soul",526628,62
1CO6e7WRJvSFenmQO8n64C,Zhavia Ward,"dance pop,pop,post-teen pop",407119,62
5vBrKGOjN10BMwB0cJADj4,bülow,"alt z,electropop,indie poptimism,indietronica,pop,post-teen pop,social media pop",381617,62
4sj6D0zlMOl25nprDJBiU9,Andy Williams,"adult standards,brill building pop,easy listening,lounge,mellow gold,vocal jazz",380565,62
4DG2pTwQBor7a6wtoEABau,Ozbi,turkish hip hop,341891,62
602DnpaSXJB4b9DZrvxbDc,Peggy Lee,"adult standards,easy listening,lounge,soul,swing,torch song,vocal jazz",330603,62
4mHAu7NX2UNsnGXjviBD9e,Brooks,"edm,electro house,future house,pop dance,pop edm,progressive electro house,progressive house",291393,62
2hWs22BmQkK4czFtDLnar2,Rob $tone,san diego rap,219860,62
5zfEatKLDdRkgbw6sdLBAQ,Octavian,"afroswing,london rap,uk alternative hip hop,uk hip hop",216704,62
6c0mTNAxJxlp9HpKTUZwA8,ALMA,"dance pop,pop",208419,62
6RHKEd9dpzQ4c09x8Zdaxu,Clara Mae,"alt z,electropop,indie poptimism,pop,social media pop,swedish pop",202092,62
4ryoUS0W8qXokfMxrlJt6O,Skip Marley,modern reggae,181987,62
2ySHS7UojGu20XfUPaBlyu,Devin Dawson,"contemporary country,country pop,modern country rock",169168,62
52lBOxCxbJg0ttXEW9CQpW,Louis Prima,"adult standards,jump blues,lounge,soul,swing,vocal jazz",147741,62
1LKo6ZA3RNvKtLa6zDu32S,Kranium,"basshall,dancehall",145542,62
19u3RGWKsjmbg9eI6zAiNp,13 Organisé,"french hip hop,pop urbaine",139162,62
75WcpJKWXBV3o3cfluWapK,Lute,"north carolina hip hop,underground hip hop",132442,62
7ecRwFks8F2vYad383BkKf,Rennan da Penha,"funk 150 bpm,funk carioca",131261,62
60uPSVM3svOL8kZ3Wkb3Zw,Monet192,"german hip hop,german pop,german trap",127881,62
4pwXiI7Z5ZStkgKowZyoKi,Like Mike,belgian edm,127275,62
6LXRvV2OAtXF7685fzh3mj,Rowdy Rebel,nyc rap,97944,62
0LyOADBjj28cbvJWTXUEGA,Loren Allred,"deep talent show,hollywood,movie tunes",87983,62
0G070wUUUBptmqGEKAAUVx,U-God,hardcore hip hop,87096,62
2X97ZAqRKRMYFIDqtvGgGc,Silk City,"edm,pop dance,tropical house",74383,62
2TWBei99x2tV70bdYbWdAf,Dayvi,"circuit,guaracha,perreo",45031,62
46MWeeHNVMYRIIofQBEX98,BEAM,trap soul,38369,62
5wV3FoaNbDB6X9INuQvs1K,Bilal Wahib,"dutch hip hop,dutch pop,dutch rap pop",37658,62
3pbi8H08p95NUZ7m6ybxUV,Static Major,,4895,62
7yjRUA0Iz3VI4Kqa5oPJZK,Jd Pantoja,"latin viral pop,reggaeton mexicano",2753827,61
0jTDeBJQr3unrK29LklnAv,Lexa,"funk carioca,funk pop,pop nacional",2129051,61
5BHFSMEjfLVx1JwRWjAOsE,SuperM,k-pop,1727368,61
35GL8Cu2GKTcHzKGi75xl5,Jennifer Hudson,"dance pop,hip pop,hollywood,neo soul,pop,r&b,urban contemporary",1374289,61
28ztjHIXceRRntmTUfnmUX,Khaled,"classic arab pop,rai",1313796,61
7meyrw7Or5DwteYxDJrkCM,YK Osiris,"melodic rap,pop r&b,trap",1210538,61
3jGlU8UMMo44I2xeLQ6FD3,Dalmata,"latin,latin hip hop,reggaeton,reggaeton flow,trap latino",1075283,61
6OpOg5HVCc8xVf7OVrd5Fk,Jerry Smith,"brega funk,funk carioca",921339,61
1Z8ODXyhEBi3WynYw0Rya6,De La Soul,"alternative hip hop,east coast hip hop,gangster rap,golden age hip hop,hardcore hip hop,hip hop,jazz rap,rap",683464,61
6xF3XdxG7VHRmQmTJxRqX8,Manu Gavassi,"funk carioca,nova mpb,pop,pop nacional,post-teen pop",666459,61
6WkUZyqghQei2G809wMKuZ,Yung Bans,"plugg,rap,trap,underground hip hop,vapor trap",607334,61
04vj3iPUiVh5melWr0w3xT,Christine and the Queens,"art pop,electro-pop francais,electropop,metropopolis,shimmer pop",589106,61
6tkyhGe9hGI3Lcfo4gVh6Z,ChocQuibTown,"colombian hip hop,colombian pop,colombian rock,latin,latin alternative,latin pop,reggaeton colombiano,salsa choke,tropical",551913,61
6xerOqBLmelL3xZNZkVbGl,João Gustavo e Murilo,"forro,sertanejo pop,sertanejo universitario",361704,61
3aGFCoR8xGN6DKwvdzeSja,ILOVEMAKONNEN,"atl hip hop,lgbtq+ hip hop,trap,underground hip hop",342732,61
0ceH34CATvfgphxnLRWFkm,9lokknine,florida rap,318277,61
6IflU2YrY5Cyw7YoBICosV,Fally Ipupa,"afropop,azontobeats,pop urbaine,rumba congolaise",301814,61
7CCjtD0hCK005Bvg2WG1a7,Carnage,"edm,electro house,electronic trap,pop rap,trap",299158,61
2sjnyyL9NXijL3Fr2eLikf,Aspova,"turkish hip hop,turkish trap pop",281189,61
6ywXRaHY7m2DJ0dd7CsLAB,Ramz,"afroswing,london rap,uk hip hop",277448,61
4XqfpACObRB5AsBcUYjL8X,MC Eiht,"g funk,gangster rap,west coast rap",267155,61
2pQAUIesBqfT87PaM1ijtk,Trap Capos,"reggaeton,reggaeton flow,trap latino",260185,61
5Sjj30aHCmKcM9SdVX7PBK,GRiNGO,"german hip hop,german underground rap,latin hip hop,reggaeton",244528,61
3ZJxEmjYZd5VOqZ8o3aXiL,ABRA,"alternative r&b,art pop,electropop,escape room",225354,61
1FmxE030Xe2H8Bn9bdv6Pd,Vanessa Paradis,"chanson,french indie pop,french pop,french rock,nouvelle chanson francaise",225325,61
7avo0PmlW8O1YLEt9DnWQT,Studio Killers,,185226,61
6Paz0vXJJ9bCPf0fEm3qzg,Dagny,"electropop,norwegian indie,norwegian pop,tropical house",123185,61
0Y30TbA4p8SAfCzy2AFBa8,Yaviah,"latin,latin hip hop,reggaeton",105105,61
0FL2d6iFFNAV3yBUbXjZ1U,Wafia,australian pop,95459,61
4TqlcgMFDryY96KWcvrhTv,Seraphine,,84731,61
1igl9M102nuD96lo3ZoW5d,Thutmose,underground hip hop,81546,61
6fs2or0cKLEM2xohWq8SoX,Lexie Liu,chinese electropop,78964,61
2snm3HmsnDUDxbIChdl2Oj,Justin Hurwitz,"hollywood,movie tunes",65510,61
7qd6KGoABHifvXKeFNe2Yb,Wolftyla,"chill r&b,trap queen",55560,61
3wtMPMvPtiFylbnNXF6CAj,Afro Bros,"basshall,dutch hip hop,dutch house,dutch rap pop",46452,61
2KXYAKQTxHuUHDtVgeGn6w,Slait,,39484,61
3bmFPbLMiLxtR9tFrTcKcP,Matthew Wilder,new wave pop,31025,61
4LAz9VRX8Nat9kvIzgkg2v,Rivers Cuomo,alternative rock,30248,61
4we5S2VLjgY9KzIzApL1KI,Ryan Tedder,,25465,61
3MyB0MyKec3Jq0AH2llk7v,Evan Rachel Wood,hollywood,21282,61
0rlKkLkpsCnJbZethGBfAk,Captain Cuts,pop edm,12535,61
33JQK4UoS2aMPYBfdB5Ftt,Ryan Riback,melbourne bounce,12531,61
7Io0XduXk7aOHFHA7sLru2,Bonn,swedish pop,11989,61
6HhsbprrJmKeaH8SgSlGge,Kin$oul,,11372,61
6064pL9Hu3Wx2bwJMeOx6o,Tomine Harket,"norwegian pop,norwegian pop rap",9597,61
2LAqcqAQ8KPTsl1HBgBrqM,Michelle Williams,hollywood,8643,61
6zrOXBaNn0DqJeXxgC2eyH,Houari,pop urbaine,6687,61
71WExccCBN2mw0klSzfYzz,Gia Koka,,6624,61
1OB278sOZVSFx5vXqYha83,J. Rey Soul,,5065,61
1rs3y69kDwkIdGJcOYngQt,J. Davi$,,3454,61
5QzDzXfXC5lepOBeQXBiVO,Marciano Cantero,rock en espanol,2570,61
5ewJHfiGNQJjmKHzLjcojz,Spooks,,2346,61
7n3wAgh1j3RRbxYzfZTQDF,Alico,,2196,61
6YqhcZlSE8ugUcmoHLw9gz,Vula,,1460,61
71FfEgML4GAokNHmW1GKPF,Sammy,,730,61
3Nipsl6GVwwGyeAk0J29C6,MC G15,"funk carioca,funk ostentacao,funk paulista",3536941,60
1B0Rp4SWGnFgGCPU5Pju6E,Nego do Borel,"funk carioca,funk das antigas,funk ostentacao,funk pop",2508278,60
2OnKRchqP7tT0FzTvWIFI7,Wolfine,"colombian pop,latin,latin pop,reggaeton,trap latino",1332351,60
4CuMwzDzEdlUJMEna38VQ0,Dark Polo Gang,"italian hip hop,italian indie pop,trap italiana",1253880,60
3J0BpFVUc9LeOIVeN5uNhU,Lauren Jauregui,"pop,post-teen pop,r&b",1092246,60
5fikk4h5qbEebqK2Fc6e48,En Vogue,"dance pop,girl group,hip hop,hip pop,neo soul,new jack swing,r&b,urban contemporary",984790,60
1lB3I3SI30v2ZOpR4XQqzJ,Gambi,"francoton,french hip hop,pop urbaine,rap francais",964165,60
0g9vAlRPK9Gt3FKCekk4TW,Ab-Soul,"alternative hip hop,conscious hip hop,escape room,hip hop,rap,southern hip hop,underground hip hop",844595,60
5wPoxI5si3eJsYYwyXV4Wi,N.E.R.D,"hip hop,virginia hip hop",693054,60
5KEG7G8LDYlHgFDqZyEEs2,Chris Rea,"album rock,blues rock,classic rock,mellow gold,soft rock,sophisti-pop",666381,60
6Jrxnp0JgqmeUX1veU591p,Santigold,"alternative dance,electropop,escape room,new rave",615032,60
1xHQO9GJIW9OXHxGBISYc5,Marian Hill,electropop,446493,60
0HU0U9kdXEHZVxUNbuQe8S,Donny Hathaway,"chicago soul,classic soul,funk,motown,neo soul,quiet storm,soul,southern soul",435997,60
6XFQvBHGEr3mRfOHcqPXv8,XATAR,"german hip hop,german underground rap,hamburg hip hop,kurdish hip hop",418354,60
7Do8se3ZoaVqUt3woqqSrD,MACHETE,"italian hip hop,trap italiana",414105,60
6Xg22wJOAcnvPUfk5WvODH,JEON SOYEON,k-pop,369600,60
0ffKEtMDnROKWyJtXUnLbJ,Dani Faiv,italian hip hop,323249,60
5vSQUyT33qxr1xAX2Tkf3A,Clams Casino,"experimental hip hop,psychedelic hip hop,underground hip hop,wave,witch house",195391,60
6GEykX11lQqp92UVOQQCC7,DJ Premier,"alternative hip hop,east coast hip hop,hardcore hip hop,hip hop,jazz boom bap,turntablism",188157,60
7CyeXFnOrfC1N6z4naIpgo,The Ronettes,"brill building pop,classic girl group,motown,rock-and-roll,soul",183159,60
2yPprAQlrIQWu60g09B9MZ,Swarmz,uk hip hop,156049,60
5ZYOlPpI9FZu2uIPkTB0UA,CÉLINE,"frauenrap,german hip hop,german pop",153988,60
02A3cEvlLLCbIMVDrK2GHV,Starley,"aussietronica,tropical house",146171,60
0O1cTzccAEKaEFShgzAK9V,Bass Santana,"dark trap,miami hip hop,underground hip hop,vapor trap",132868,60
1xFn1xod58AGaSZjrxdiXA,El Chacal,cubaton,127064,60
0VitAFMCI2apQxKzDjg1PU,BLOODY VINYL,"italian hip hop,trap italiana",120382,60
5sRQkVexJlax2iISuqL8cV,Kalazh44,"german drill,german hip hop,german underground rap",116611,60
6SsTlCsuCYleNza6xGwynu,Agnes,"dance pop,electropop,europop,swedish electropop,swedish idol pop,swedish pop",101212,60
3O5HD95HTEPgoPFOjAb7yV,DripReport,viral rap,93938,60
3XC57xz74X3xUi1hv4mge1,Winona Oak,"alt z,electropop,pop,swedish pop",92204,60
5f6nz3iqzrfiUfKOIKvLvd,Nemir,"french hip hop,pop urbaine,rap calme,rap francais",88320,60
2JbE7jUIGtpXSzytnyMg6U,Curtis Waters,,70090,60
0b2GL7Y02vu50qieoQmw1w,IAmChino,"cubaton,reggaeton",65048,60
21AUdblPrTRzkvJn8FGrlk,Nitti Gritti,"bass house,brostep,dubstep,edm,electro house,electronic trap",62875,60
5Nf5yishRW9Ye174sJISkg,London On Da Track,atl hip hop,58776,60
1oKdM70mJD8VvDOTKeS8t1,Emily Warren,nyc pop,53387,60
4WoSAKuoaPxrbwp3Y1PvKb,Bozza,"german hip hop,german pop,german underground rap",46756,60
6lEhBhAv6HOopjXssi09cq,TisaKorean,"houston rap,viral rap",46328,60
3iN9k8uvm4WrgdlOigOH8D,Hook N Sling,australian dance,26328,60
6xHUXzrfhFgnIv86EBR3Ml,kai,,24188,60
3ADyFy1orEwODaiHmRRMQp,Puri,basshall,20507,60
7Dz9goFmVZZqvJxZoKg7pF,Danelle Sandoval,nyc pop,9359,60
1jIVEaq8GmqMYb8nFNAZgb,Seezyn,cincinnati rap,7824,60
3aAX2y0amckZ7WcWoz2f2o,Jhorrmountain,dutch hip hop,4982,60
4VZY0nxYMSNotbS7WjNVQy,Nyla,,4281,60
7FXX45sHqoQoCwqtG0ZV8H,Solda,,1923,60
0cCNT5RyWndpS7Zx7ISEDw,Kelly Ruíz,guaracha,1856,60
4bODqflR0Wo3i3fCwwCIPq,Lenny Santos,,832,60
2ZXnTEyYopSLCDiz5Z0XIf,MC Kekel,"funk carioca,funk consciente,funk ostentacao,funk paulista",3362124,59
1QivQCLVipV61DiQiyV14A,Kim Loaiza,"latin viral pop,reggaeton mexicano",2266327,59
2W6kbe0nm96COrHzNmfLLd,MC Fioti,"funk carioca,funk paulista",1437752,59
4FZ3j1oH43e7cukCALsCwf,Jack White,"alternative rock,blues rock,garage rock,garage rock revival,indie rock,modern blues rock,modern rock,punk blues,rock",1157071,59
3u579Gdap91lMptBSdXTpf,Kash Doll,"detroit hip hop,escape room,hip pop,pop r&b,r&b,trap queen",968531,59
5GqnSMX8p2hxqsM6LqDty3,MC JottaPê,"funk carioca,funk paulista",583331,59
2TImI3DW7o5MdRXJs4D37h,SOB X RBE,"cali rap,trap,underground hip hop,vapor trap",482162,59
0HS00NN7MAfF59aJnfcxSO,Stephanie Poetri,indonesian pop,479936,59
6ZjFtWeHP9XN7FeKSUe80S,Bing Crosby,"adult standards,easy listening,lounge,swing",364542,59
5uYe4bcAXlMP7d4mrOYkML,Niack,funk carioca,357189,59
5v8jlSmAQfrkTjAlpUfWtu,Perry Como,"adult standards,brill building pop,easy listening,lounge,vocal jazz",348955,59
2LZDXcxJWgsJfKXZv9a5eG,Cashmere Cat,"downtempo,pop,shiver pop",312821,59
4N874uPqBka1QiCvnCVOtr,Phoebe Ryan,"alt z,electropop,indie electropop,indie poptimism,pop",311399,59
5MS6HieNmKxzkAM8amE8sr,Rebecca,"funk 150 bpm,funk carioca,pop lgbtq+ brasileira",297017,59
4cPHsZM98sKzmV26wlwD2W,Brenda Lee,"adult standards,brill building pop,easy listening,lounge,rockabilly,vocal jazz",230454,59
0399oiMcmbOzzsYQDNYqxn,Problem,"cali rap,gangster rap,hyphy,pop rap,rap,southern hip hop,trap,west coast trap",227333,59
5JSXWmQO8csVUy6hSRu8TA,Maty Noyes,"alt z,electropop,indie electropop,indie poptimism,pop",217628,59
4as3khXWaPjfkFdCA0JWMo,Jesse,modern alternative pop,216429,59
325L7kby6bkG5qSXXAFEWM,Joker Bra,german hip hop,190573,59
4LTPxLxjiT5pzYd5WZAR3v,Analaga,"sertanejo pop,sertanejo universitario",170591,59
2QSPrJfYeRXaltEEiriXN9,Tove Styrke,"electropop,europop,swedish electropop,swedish pop,swedish synthpop",142568,59
7zY0DMisq1oYXvNNgGwHBY,Juanfran,"dominican pop,pop reggaeton,urbano espanol",119304,59
0JYmighF3zbuA81Di54CZN,S-X,instrumental grime,117679,59
0ME1RawvWt3qOJnYnxVqeh,Masta Killa,"east coast hip hop,hardcore hip hop",96304,59
76yeOnINtQSXyoEHbkYmtY,Drew Love,,11265,59
1B5n6jsxvFldc6Nq8Wx8VJ,OIK,,11200,59
2qSEpijpT3YSXgxcXac1ly,Chris Willis,,9574,59
2cQr2KbzdRtIFlfbHGnNsL,Ziv Zaifman,show tunes,9295,59
6kZWqUZqptyxb8Ki5DyBAg,DTG,afroswing,9236,59
77iZVjeYoYSl5P0K9mIiUE,Haze,latin pop,6101,59
7C7NNCiIFavKH6oDarjp0v,JS o Mão de Ouro,brega funk,5996,59
44rJuOJLavqhY6qGgpQW4U,Harm Franklin,alberta hip hop,4211,59
3Fdm9TFJQCLmC3AWMuGExi,Ugly God,"meme rap,trap,underground hip hop,vapor trap",1961246,58
41klVmDluQZmGGqoidNfbe,Blac Youngsta,"houston rap,memphis hip hop,rap,southern hip hop,trap",1350888,58
4fpTMHe34LC5t3h5ztK8qu,The Carters,"pop,r&b,urban contemporary",1214466,58
1XKjtpH5P81gpOXDB91IEB,Miami Yacine,"albanian hip hop,german hip hop",721141,58
6jwzGu5VdkR5tsRROYuxso,DrefGold,"italian hip hop,trap italiana",503537,58
6bwp9ObI8FWvMPCIWVBmhl,Red Velvet - IRENE & SEULGI,k-pop,437576,58
00Z3UDoAQwzvGu13HoAM7J,Skizzy Mars,"indie pop rap,pop rap,rap,underground hip hop",289061,58
2nvKpWcP8etYTq4JrRiUiy,Cliff Richard,"adult standards,brill building pop,bubblegum pop,classic uk pop,europop,mellow gold,new wave pop,rock-and-roll,soft rock",268555,58
2uvY5pgdD9t1CZ5zMNw1rl,Lucy Rose,"ambient folk,british singer-songwriter,indie anthem-folk,indie folk",260336,58
2f9ZiYA2ic1r1voObUimdd,Grace Jones,"art rock,dance pop,disco,electronica,new romantic,new wave,new wave pop,synthpop",245089,58
0TkqXdyWLsssJH7okthMPQ,Jay Electronica,"alternative hip hop,conscious hip hop,hardcore hip hop,hip hop,psychedelic hip hop,rap,southern hip hop,underground hip hop",228429,58
7xEFii6utZmQ61kX59HmLH,FRENSHIP,"electropop,indie poptimism,la pop,pop dance,pop edm,tropical house,vapor soul",163543,58
36jaGQtMj5UWD0eO1fCVdD,Joel Adams,"australian pop,pop soul",156962,58
0dS5xeDefwoUNasLUHnCjR,Cappadonna,"boom bap,east coast hip hop,hardcore hip hop",109067,58
5QuBVnBPEzwYvFrgBbwpmU,Empress Of,"alternative r&b,art pop,electropop,escape room,etherpop,shiver pop",98965,58
4jpsw9CQS439N0B7SecMgf,Ant Saunders,"chill r&b,pop",83362,58
07V3atNq2TyPNDYmzp6Dyy,Reese LAFLARE,"underground hip hop,vapor trap",70371,58
7vPGzgDg3qGUY5bWtrO3K4,Conkarah,jawaiian,67512,58
68Uwx1d3EbjDJhYsLjqvIq,Emma Stone,hollywood,30379,58
2fVW2ix4ANKiofDZIsy1XR,Vargas & Lagola,swedish pop,29524,58
1gs79u8PKkWAW1yfymbkTt,Young Miles,trap italiana,23889,58
5ooSG9S0glqP5ZrqqaHBvT,James Fauntleroy,,17456,58
7ciBW1p3KBsYIkFk4UmwS8,The Rudeboyz,trap brasileiro,13766,58
1o9x7ez0NvhDb7gBqrYnUj,B-Case,pop edm,2963,58
2NlKrNMdpYxGjt3Pvw87rC,Europa,uk dance,2962,58
2Mb6xKUfphTNZ7PiDudasm,Marcos Zeeba,,2534,58
6wcKDqJRY3TzbcdRKo6EiE,Jone Quest,,757,58
4mb1xtQVGSK5dh8AbtwBiR,MC Lan,"funk carioca,funk ostentacao",2191622,57
3S6gaE89XewFAvZqsMuJDJ,Norm Ender,"turkish hip hop,turkish trap",1575605,57
5KPJMJR9PCfMWSfco8i4W4,Alex Aiono,post-teen pop,584462,57
02uYdhMhCgdB49hZlYRm9o,Eagles Of Death Metal,"alternative rock,blues rock,garage rock,garage rock revival,modern blues rock,modern rock,palm desert scene,rock",459707,57
2wzMOQwNT6ZvVB4amvhFAH,The Pogues,"celtic,celtic punk,celtic rock,folk punk,irish folk,punk",389610,57
6fOyYqdh6p0ZWLs9zUDoyt,MC Gury,"funk carioca,funk ostentacao,funk paulista",342730,57
6v4PBIzRAGaLp43LVureQc,MC Du Black,funk carioca,331869,57
5hPHLE5ssifxHX5bhK8iXR,FP do Trem Bala,funk carioca,305995,57
2HdP7fpDiLWAvElYGg75gd,Hanybal,"deep german hip hop,german hip hop,german underground rap",297033,57
21LGsW7bziR4Ledx7WZ1Wf,Johnny Mathis,"adult standards,brill building pop,easy listening,lounge,mellow gold,vocal jazz",295699,57
1mG23iQeR29Ojhq89D5gbh,DJ Jazzy Jeff & The Fresh Prince,"gangster rap,golden age hip hop,hip hop,old school hip hop,philly rap,rap",289686,57
6fXEqmGQEt6ONuqVmwrN46,Bag Raiders,"alternative dance,australian dance,filter house,indietronica,new rave,nu disco",204215,57
5DK8eK7fjvRsziXzyr3sFA,Moon Taxi,"indie poptimism,modern alternative rock,modern rock,pop rock,stomp and holler",166009,57
1XLjkBxFokuDTlHt0mQkRe,Thomas Gold,"big room,edm,electro house,funky tech house,german techno,pop dance,pop edm,progressive electro house,progressive house",155302,57
6DJEUXZm0e2rAohdoZ5Voo,Black Thought,"alternative hip hop,boom bap,east coast hip hop,hip hop,southern hip hop",153510,57
0OROVBEZCocg0FcgJpyBse,Alex Sensation,"reggaeton,trap latino",137157,57
6XpXnnKHIhCOUbOLOJGe6o,REASON,"hip hop,rap,underground hip hop",134109,57
6G1yTgvoYsuVb2Ja8cVVJ2,anders,"canadian contemporary r&b,canadian hip hop,pop r&b,r&b,toronto rap,trap soul",117761,57
0fs8oBR1rx7JIXZi75h7Uu,Bahari,"alt z,indie electropop,indie poptimism,la pop",112681,57
5H6xmHXjsq98NLbEjuE29f,NEIKED,"scandipop,tropical house",98772,57
5gw5ANPCVcxU0maLiGRzzP,Billy Raffoul,indie anthem-folk,95554,57
3GtCKJA4SkOxN65MWjm82R,Hot Shade,"deep tropical house,pop dance,pop edm,tropical house",93179,57
57ALvbCBaCkNlgTOSiUPdT,Aaron Neville,"motown,soul",91205,57
6fFfnKGVI6X3lkCr8Qw1g1,KXNG Crooked,cali rap,81023,57
2gTcdmBwgyh3EORKIXCzlw,El Profesor,house,71021,57
0NyzfcGDZZ6GM25EBG9BYK,Ray Parker Jr.,"disco,funk,post-disco,quiet storm",52178,57
6kXm2YCtdUOpRYNKeKhfue,Ryan Gosling,hollywood,37490,57
5yN0nwLpUCaZ2gr67bndCN,Amanda Shires,"alternative country,folk,new americana,roots rock",35756,57
028lPW2NdWHdSPCkRkcyhd,Ant Clemons,"alternative r&b,indie r&b,pop r&b",32996,57
4rojTfP5nRkmYpdSbWQgV4,Death Stranding: Timefall,video game music,25115,57
4gvkdged3Xw3ImXFm3jiay,Juliander,swedish pop,10035,57
79KQgTCu4wV38ECYKn62DZ,White Gold,,2658,57
188VINPQh5dyNfLUkevKqf,Olivia Holt,"alt z,dance pop,pop,post-teen pop,social media pop",981663,56
59mjRp0i1B8oWSSMmGWJlJ,Ansel Elgort,,735608,56
2YFBOR9KIxC6WqHclkj9Yq,Keke Palmer,"dance pop,pop r&b,post-teen pop,r&b",498920,56
4cmA2QDPdzh8W2ytpyUGes,Young Scooter,"atl trap,dirty south rap,drill,gangster rap,houston rap,rap,southern hip hop,trap",451213,56
4TdvNk4wmn5DgBFiLDeCj0,Deniz Tekin,turkish alt pop,445801,56
3shPgAzHMyRwWOkXeoWKeB,MC Bruninho,"batidao romantico,brega funk,brega romantico,funk carioca,pop teen brasileiro",436497,56
47RPLpnGhBRTjQrRBOev9s,Xavier Naidoo,german pop,423347,56
4A7HeXSd4HtQuf6IR5XZ1b,Fero47,german hip hop,411046,56
2ndyVAdV9UqF1XjyTJt484,Fred Hammond,gospel,391682,56
6ioOEWNNGK40H8xrGj6XPW,XYLØ,"alt z,electropop,indie electropop,indie poptimism,la pop,pop,vapor soul",270558,56
2N4EYkIlG1kv25g6Wv8LGI,Killer Mike,"alternative hip hop,atl hip hop,conscious hip hop,dirty south rap,escape room,political hip hop,southern hip hop",238753,56
5piE2MZ1wGpBjpDud8kTOS,Defkhan,"turkish hip hop,turkish trap pop",204641,56
39E15l8zeCDYpSZwFNX4G2,Eleni Foureira,"eurovision,greek pop,laiko",162447,56
2HPiMwJktBXqakN0hnON2R,Lous and The Yakuza,belgian pop,145018,56
3wjsrpfO6odEphTZWx45RQ,Hearts & Colors,"post-teen pop,viral pop",117432,56
4N7IToHBlPXqlrXiv1Nij6,rei brown,"lo-fi beats,sad lo-fi",93709,56
2Cra8I2P4OnMkVguqZRVwi,Felipe Original,"brega funk,funk carioca",63810,56
0pt7PX4Hftlg8mV1ySU84Q,CVBZ,"electropop,pop dance,pop edm",59615,56
1cH0i2n6YLrWFDDemqztay,Henning May,,56709,56
3JXpwnHbLvXxY99EuXqFPX,Poo Bear,pop r&b,36023,56
7zPS3i8YJBNeDcqXUHfCMr,AVA,"italian hip hop,trap italiana",35879,56
3pVfscwg2QxhdHtk966inb,The Cratez,,20716,56
30C5wgn4celhRP3Tytv7R6,Mez,north carolina hip hop,11364,56
164hs3x1Tsp3FgJWNHee1r,The Citizens of Halloween,halloween,10584,56
3tkq9ZnBaejLPLRpg8kGET,DJ 2F,"brega funk,funk consciente",6389,56
6t9tbRO9Lv6Oq6xtVwfdrn,Theresa Rex,scandipop,5532,56
78wZzI7u1cOjXKuYzqZI6l,Sonus030,,3054,56
4nkGTHzKGUsL7WjpaKLEDm,Sky,,1426,56
6bGwi8TG7T8Vcp415XooE5,Jojo Maronttinni,funk carioca,468651,55
2J257euzcjnDLipsyJH3F2,Clipse,"alternative hip hop,dirty south rap,gangster rap,hardcore hip hop,hip hop,rap,southern hip hop,trap,virginia hip hop",289585,55
7ouCgJkxRBIJljUiQVJK65,Sokrat St,"turkish hip hop,turkish trap pop",276478,55
06Qf6vq8AVIpE9XIw8LAsY,Lil Duke,"atl trap,trap,vapor trap",243810,55
08ao8gzTHBtNf5Laf9jjwR,King Khalil,"deep german hip hop,german hip hop,german underground rap",243119,55
3xByNj8XW17oW0wsJhgzYL,Slaves,"english indie rock,kent indie,modern alternative rock,modern rock",175596,55
2NCGI6dLTxLdI9XHdv7QfM,The Andrews Sisters,"adult standards,lounge,swing,torch song,vocal harmony group,vocal jazz",156401,55
5oFkj1qSlyBUmV5d6Edgtq,Cozz,underground hip hop,149420,55
0CkbPVBpOwwz9NPPglFKyq,RAY BLK,"alternative r&b,electra,uk contemporary r&b",134715,55
4poL7YCSkG7kMnWjAdDU91,Era Istrefi,"albanian hip hop,kosovan pop",118319,55
4Z4afeDmHFxPmJorIwupbZ,Netta,"eurovision,israeli pop",105617,55
0V7uVrIYr4FwFvUN9S4kYr,Nick Waterhouse,"chicago indie,funk",83129,55
6sqZoZxe9BQwk7Zxh6STfF,Kadhja Bonet,"indie jazz,indie soul,psychedelic soul",69976,55
2fC8dVxeS2bsfIDvFj1M4V,Christian Daniel,"latin arena pop,puerto rican pop",67535,55
41I5xI04kixwmonDBl0Sda,King Combs,"cali rap,pop r&b",67459,55
7I95CM75shzCjHuTzrepjM,Nova Twins,"black punk,uk diy punk",52556,55
51ltJZ6rB893AdzgCxSOV3,Greg Willen,"italian hip hop,trap italiana",36601,55
0xTWPVQfXgaj6Je1inSRKw,Menor Nico,,33113,55
3tXUeiWOSod3mSQ2lOautf,Wes,,9064,55
0vaKiuLwFJLVU664A8GTjE,Jace,,5905,55
7waNCUQ1Ne7OoNHgqpgMZ7,Luis Figueroa,,5050,55
1OHw2r7Diz2rc9JktaFV6N,Erika Sirola,finnish pop,3466,55
2J6pigOrBmKQgqJUY5UM7r,Matt Ox,"melodic rap,plugg,underground hip hop,vapor trap",260247,54
57SA5Qv24Vydwd6bJnV8fI,Kid Trunks,"asian american hip hop,dark trap,underground hip hop,vapor trap",249575,54
6I65kFgfXDWx56jwnip3TU,Hayki,"turkish hip hop,turkish trap,turkish trap pop",236277,54
787bCXOIvGeBw0Bc4kEjhD,Luke Christopher,"indie pop rap,pop rap",160117,54
0wi4yTYlGtEnbGo4ltZTib,Shakin' Stevens,"new wave pop,rock-and-roll,rockabilly,soft rock",101785,54
4ytkhMSAnrDP8XzRNlw9FS,Vince Guaraldi Trio,"adult standards,christmas instrumental,jazz trio",98540,54
4bMNzAopkqYTwkBLwMKsF1,Childish Major,"alternative r&b,canadian hip hop,indie r&b,trap soul,underground hip hop",88732,54
0cTSCsVx04SSht9V6cpKN0,Mavis Staples,"folk,funk,roots rock,soul,southern soul,spirituals",77933,54
6qrqAYlS6lUj2BVXax7SZW,Mc Jacaré,"funk 150 bpm,funk carioca,trap funk",72197,54
5FkcU4BVzPptuB6AjobZIL,Taxi B,trap italiana,62269,54
0lzV2CiahHRiGd6qpADtPS,James Hersey,tropical house,50713,54
03bmDyr8klGV17DKQnPZVA,Joshi Mizu,"deep german hip hop,german hip hop,german trap",48267,54
5KYEMMz9O9iLIESifKAEOp,WhoHeem,viral rap,26028,54
29QbBR0oTzA7A0kiOzrbbr,Jamie Scott,uk pop,18497,54
07qgzS86XBNsyrY6MAVDAc,Sodré,funk carioca,9669,54
5T8zbK3dic52T9bFu0aY8z,Sophia Somajo,swedish electropop,8817,54
4QfOh8rJ0OddhhXHD5QyWs,The Boy Next Door,basshall,7473,54
0FVsUxcFSlxwIM7Qs31s6J,Billy Eichner,disney,2872,54
7xX39IyguhWsTIg4eU2reH,Seth Rogen,disney,2814,54
2fZcYu4ltOFdwsnDmLQ9jl,DJ Fle,,2601,54
4ZhFCxPekpmV12n2xMeF2z,Ink,,2542,54
29cNzWXrkNaGVL74hZK0jU,Gringo,,574,54
2Rimf9z3oYDBeszSXFACRR,Daniel Everidge,show tunes,450,54
6LjdKBMnP1Da8Oe6WhrN56,Aldair Playboy,"batidao romantico,brega funk,brega romantico,forro de favela,funk carioca",504108,53
10n5lhNDoSMUHWLlnST1yw,Slade,"album rock,art rock,blues rock,glam rock,hard rock",269772,53
1Fr6agZ6iSM5Ynn2k4C8sc,VÉRITÉ,"alt z,brooklyn indie,electropop,indie electropop,indie pop,indie poptimism,metropopolis,nyc pop,pop,vapor pop,vapor soul",260114,53
6SGvRyZuaSuWmP6IWUKpGf,Kenny Man,panamanian pop,247182,53
4x3CdMQ3YjnPn4Evhyni5y,Kierra Sheard,"gospel,gospel r&b",235948,53
7iLc4hrjOjQPfg1E3cCHg1,Tim Berg,"edm,pop dance,progressive electro house",197576,53
2QWrpLRDeBD1NwWAsytBRi,Diodato,"italian adult pop,italian indie pop",119759,53
2s4tjL6W3qrblOe0raIzwJ,Yoko Ono,"experimental,experimental pop",93652,53
2gyv1akuIB9fQvXoGSPaJr,Big Freedia,"bounce,escape room,lgbtq+ hip hop,new orleans rap,trap queen",80892,53
6Kz7MXIUFMtp5Ts91lagtR,Mikolas Josef,"czech pop,eurovision",66428,53
4K9aclpXgCPNFGEqRlFPal,Peter Manos,,65868,53
2gtmbs0Uas9TBSMqkA4zjE,Data Luv,"german hip hop,german trap",59487,53
23sYU61n9f1CzYi8NJhAXS,Towkio,chicago rap,53707,53
5lXfVoQxVgC5fpjkVqvNYn,Isaiah Firebrace,"australian pop,australian talent show",50112,53
0chh7dlaUzEreDTulHiOlm,KEiiNO,"eurovision,norwegian pop",40750,53
2tMOCIpxj6jwM9e6pmwGiP,KEY!,"underground hip hop,vapor trap",35767,53
49O0SPoCoTiK2Nn2tOaHyU,Knox Fortune,chicago indie,21962,53
3OMZaRPVE5OI1IkDbZFBFU,Numidia,"dutch rap pop,rif",20349,53
6DpWtzfwV8fcwP6fXckDVu,Starrah,,19977,53
37Qsf5KCKljH7mL134xp4k,Saudi,south african hip hop,19860,53
42MRYPhQfcEXqb18dl5ERX,"Bobby ""Boris"" Pickett","halloween,novelty",14654,53
2pG0eQLB8CbmmWWmjJi4yd,Osquel,reggaeton flow,11186,53
2ipbBHbU59PKSeDXAgMpkd,Marvin Divine,russelater,9608,53
4DROs1Ye9DiLY3X8L7xvl8,Andrez Babii,rap romantico,3364,53
5gWzmnHTLNXz5CjOc0wAuK,Romy Dya,dutch pop,3190,53
1nGRqM8VNcQOcFsOnhpInD,ATR Son Son,,626,53
3WQ1s2QFvL6crxBvrVhwzj,Gabriel Diniz,"forro,sertanejo pop",1436378,52
0e68cnJyUTJu1nEuxxMSLm,Tati Zaqui,funk carioca,993491,52
2Q4r4Epfaaho06ONTHx7OS,MC's Jhowzinho & Kadinho,"brega funk,funk carioca",940868,52
1UCxzrM5WJh9ure5vCcsim,Charlie Charles,"italian hip hop,italian pop",467278,52
6AT27ojKlBuZToFIGwQZDc,Sammy & Falsetto,"perreo,reggaeton,reggaeton flow,trap latino",262538,52
0hItVPjwJLVZrFqOyIsxPf,Judy Garland,"adult standards,hollywood,lounge,torch song,vocal jazz",186231,52
4jtv7mIerRdHNQOkFtKyDW,Ados,"turkish hip hop,turkish trap pop",177363,52
1q13yHC6Syg5Y8iPLrRnCq,Joell Ortiz,"alternative hip hop,battle rap,boom bap,hardcore hip hop,southern hip hop",132940,52
5TM9R6dNoJSMq23yZQD6Ee,Don Q,nyc rap,106949,52
7xX15v6ahAkcT14kHfB9wB,True Damage,k-rap,96549,52
1CUeN4GnHAGUk9nAXPorF4,Kodie Shane,"atl hip hop,trap queen",90321,52
2c9O21YLFy4tFI9zCVhbFg,Sunday Service Choir,,88734,52
0vZAzVAFQL1gKLBPfnXMaS,Jack The Smoker,"italian hip hop,italian underground hip hop",84503,52
7MFJyevu6jq0shwDuVLymu,Justin Mylo,"edm,electro house,pop dance,pop edm",69795,52
1b4DN8Vj0dnj5cceMFsRYN,Dante Klein,pop edm,29902,52
38EmEgXkgK51MT2tPY0EoC,Bobby Helms,,20906,52
606eWexxNhc6Mj0RuCxMA9,Mila,brega funk,19470,52
3bYcjbVAN3rAuU3TMzw2mB,Marcus Mumford,british singer-songwriter,18870,52
6tt0iYnpHERj05WATWRiom,Bantu,zimdancehall,18575,52
2BBgFkNBBMln3m2G2Bm2bt,NSTASIA,alternative r&b,16510,52
7iXYHQPYLQSz3b3hbPJpk3,Towy,reggaeton flow,15606,52
6gGJH7joTDx9M3xREiAq9U,Petter Ferraz,,14825,52
3XV0lFzNs8BCTwhJTcMiBr,Blue Ivy,kids hip hop,12957,52
1qSJaftSab2kTTsj7fLxvM,DJ SpinKing,,10432,52
4H1PNuHElBLVok0lnYMrRb,Dyo,alte,4993,52
1PnnRNGfichOAfPOn5mVyx,Sorana,romanian pop,3974,52
1Dn88PoQjnQgLTOaokePFz,Bright Sparks,,3034,52
142TY556WknD1ZRV8XilJQ,Joe Janiak,,2901,52
4LFgxG38Y0l4Fo1gdQelay,The Dap-Kings Horns,,1508,52
1U0sIzpRtDkvu1hXXzxh60,Kelela,"afrofuturism,alternative r&b,art pop,electropop,escape room,experimental r&b,indie soul",258540,51
6P5Tw2kwv3BAa3iONsQe9x,Sehabe,"turkish hip hop,turkish trap pop",231285,51
3bnpcWBcvlfq4hPFJjNPbz,SAFE,"canadian hip hop,trap soul",132607,51
1AwO9pWEBSBoWdEZu28XDC,Eartha Kitt,"adult standards,lounge,torch song,vocal jazz",129669,51
65CKKZilbcSKkAPC9a5Mvh,Oumou Sangaré,"afropop,malian blues,mande pop,wassoulou,world",84640,51
1jKpNUjiz4KXgaAZD5FI9S,Zack De La Rocha,"industrial hip hop,political hip hop",65174,51
6g5SF1Yz63eoPUnJgRHfrz,Hell Raton,"italian hip hop,rap sardegna",60571,51
22JdJVovP3pV9XkGTih01c,Game of Thrones,,37539,51
7ksQJtsXSRSrI5306UwIgH,Kim Jong Wan,"korean ost,korean pop",27075,51
6RedK3o51NbUJuJxXlT4kj,88-Keys,alternative hip hop,19167,51
2YFFxNOPVf2vU3A4xA71l1,Ghetto,grime,14422,51
15NtJjjHRFybdNSMyM9smT,Nevada,eurodance,14298,51
7KUri7klyLaIFXLcuuOMCd,Stargate,norwegian pop,13455,51
3ECsaSd1fom8coUUkkFzqt,Jeon,ritmo kombina,6549,51
5M2y5A6d5QZjw9JeKClagC,Andrelli,swedish pop,4706,51
4frDtYgwXXKkbyQzjOmJG5,The Crypt-Kickers,,915,51
1E1W3to8HhGSkkIEUMwEjd,Dewain Whitmore,,517,51
15Dh5PvHQj909E0RgAe0aN,Nivea,"atl hip hop,hip pop,pop r&b,r&b,urban contemporary",547352,50
7mnAzEmgquhrVtGob81SmO,Big Shaq,london rap,321914,50
5bepW5vcdRzheNc0F8lHJ5,Esperanza Spalding,"electric bass,indie jazz,indie soul,jazz,jazz fusion,jazz pop,neo soul,vocal jazz",301488,50
36SRwzRkX5zW3ABjJrevqX,Dadá Boladão,"brega funk,funk carioca",211818,50
6tRmpYzDIjWoRHzbJO7Cpx,Fuat,"turkish hip hop,turkish trap pop",128375,50
6CqjoQyGZlnhnq5gAUz92c,Taylor Bennett,"chicago rap,drill,lgbtq+ hip hop,pop rap",112244,50
0xA8Rmfl9di0sVaPl9AyR9,DJ Yuri Martins,,100533,50
6UlNIFEuWlBqb4TvlVCekq,Kirsty MacColl,new wave pop,82745,50
14rP13jdQNgQvuPA2AkBgm,Glades,"alt z,electropop,indie electropop,indie poptimism,metropopolis,vapor soul",81194,50
5yES5e4EJpUB0tfmWi3eao,MC Rita,funk carioca,69357,50
0yApzRdrUqTGqX9MULdnmV,Thiaguinho MT,"brega funk,funk carioca",28511,50
6r2niOTnexy9xss5g8GWXH,Yasiin Bey,,16543,50
3yJLZoq3Ra2VmSW5teVgih,Walshy Fire,instrumental funk,8612,50
1TAoToVD5ZWFGxZE0Alzly,Nitro,,4690,50
3mLdH6xxrscTf2poCN9Kzy,Rio Santana,,4645,50
1igVsxmGxt1VTKPulM0EuA,Jungleboi,,2377,50
2JsDK87cAxuUlz4L4izU7A,Evlay,,1358,50
7LzTBVNarOeaDXFdzOugAI,Sly Pyper,,406,50
6g8AmloI8egfrr3dm3SnUL,TWENTY88,"alternative r&b,pop r&b,r&b",392458,49
292jMVlKq180yzi8WRaVU6,7ari,"arabic hip hop,moroccan pop,rap maroc",227201,49
6ZpOQK1OKdCybuOgMkdbUh,Beba,italian hip hop,202847,49
4PVn1b2WnnXdq80C7uaZLZ,Nause,"edm,pop dance,progressive electro house,swedish pop",195741,49
0JnDkp29FlLpGwsnub400t,Kamufle,"turkish hip hop,turkish trap pop",132845,49
3QKeYTHlgDrec7FDej6XiN,Aga B,turkish hip hop,112480,49
6xvpfMjWTougrRRtK7iikz,Mason Ramsey,"contemporary country,country",104014,49
3zrUX1hQrUB9aXcOiyQLmN,Stanaj,,60000,49
0MHgLfmQdutffmvWe5XBTN,Burl Ives,"adult standards,american folk revival",59588,49
16Nc36xAtNyQ7BMBcDsaLv,Likybo,cali rap,39806,49
79QO0Xmn1dZhvaLicS2Yrs,The Night Game,"hopebeat,indie poptimism,modern alternative rock",34015,49
6T70tWxqyIpdVbsFvPzqM3,La La Land Cast,,11205,49
09OSlbN2DUUOG9cbRWdWuT,Mansa,,8250,49
6Y20PijIkUoCtuvtkz37dO,Austyn Johnson,show tunes,4240,49
2UyyBkpzN5w3hzZBZGvRZb,Sosa Geek,brooklyn drill,3825,49
1kwi1Q7X4jPTkHTgayxKhS,Alonestar,,3119,49
34SBu2kvAUh84umN8Pi0iI,Hight,uk dance,2135,49
2V0DROfM2ieFSOcA3SHJLD,Judah,,997,49
0nFUCMGlkx1lMZnHL6ArVJ,Cameron Seely,movie tunes,568,49
7f35VZGDpomj11PXdNn5D9,Max B,trap,164497,48
0XNvr6bnNywV946ZKaJtr0,Joakim Lundell,swedish pop,128283,48
7blkMNJv8n9ceP9zlA4W2U,Shawn Hook,canadian pop,60093,48
6kYViCeiqcUZXgPVdCIKBi,Flyboy Tarantino,,54753,48
4Mt1ci7cKg2DpDS5kJ5mHS,Animus,"deep german hip hop,german hip hop",52353,48
5YP7LI1ddSh4JFYe03h7ue,Mert Şenel,turkish trap pop,52333,48
3gbaHBYDy62irTs0ZsHNmi,Wiktoria,"europop,eurovision,swedish pop",43655,48
3EWxytcxaM0tksU6v3je2Q,kiLL edward,,36436,48
0v2oB2xMS64U3lcU5DFuCY,Peven Everett,"broken beat,deep house,indie jazz,neo soul,soulful house",19529,48
0q4NrXqJnc367PieejuROJ,Vice,chicano rap,19427,48
1OY65G9NJJHsSt1lGLZU6q,NiiHWA,,8437,48
5oOyEfGd8NxAKA41zGQhoj,Snova,,5272,48
18AOdS1Qw4XXnQSiPJQr1B,Mack Maine,,4163,48
5Gejwv3xz2DpLcxVpMD6hL,Thurl Ravenscroft,movie tunes,3428,48
0tvACMjTDrW7HCo4F2wiIb,DJ RD,,2880,48
4okiIReqptfBJ5UULmWycZ,Barloe Team,,1892,48
0HS96tPggl2nwiz3gNWWI5,Mitchell Ayres & His Orchestra,,444,48
7KNe21hAKV93GU7joDCs7e,Tahribad-ı İsyan,turkish hip hop,159570,47
3OpnoUqoRIHWbsFs4Nw0NQ,Nat King Cole Trio,"adult standards,lounge,swing,vocal jazz",119905,47
5JbALDn35ZrLwVAle4xVqZ,Luca Hänni,german pop,81661,47
5Tz4zMiRWqiQVAymWZz99a,Zebra Katz,"escape room,lgbtq+ hip hop,shimmer pop,vogue",54740,47
5JUYSPkis2Mk6HUbmMqk1m,Sean Ono Lennon,beatlesque,53758,47
78DWNk8gFHU30TGITAgbM7,CMC$,vapor twitch,38378,47
5FxshnB3eJ2YDn8xN8zDKq,Hannah Kerr,"anthem worship,ccm,christian pop",31904,47
1vIuPjtFhqIPE2n9W2ePgO,Noonie Bao,swedish indie pop,12688,47
6mctsJBrfcWvWH7S8h716D,Moelogo,"afro dancehall,nigerian pop",6943,47
3kgQWNZNpp8d8JQZhuKbPP,Topo La Maskara,dominican pop,5825,47
5obQFNrkFoWB51hm1JTHMw,Jamie Principle,"chicago house,classic house,hip house",4756,47
2tYwhzzfvvDr29BbBFcHhB,Arthur Hanlon,,4213,47
1A8aoDrchH5aefQYBCfpLv,Gabriela,,1911,47
1WjexdTcXHgvlVIPCE8D1Q,Denaun,,228,47
3a5ydeAaojKa3CHWe5PVWK,MC MM,"funk carioca,funk consciente,funk ostentacao,funk paulista",845320,46
05fo024EFotg9songSENOZ,CocoRosie,"art pop,folktronica,freak folk,new weird america",316825,46
5338fdSzGNOFD4cxAxDTeq,Aaron Carter,"dance pop,post-teen pop",241218,46
14obHIpcXd2SsTyR9VBsLL,Server Uraz,"turkish hip hop,turkish trap,turkish trap pop",183315,46
2JLqTvFXmC87BksiCsBezV,Matt Terry,talent show,123061,46
14scxEoUN7Dcx1m4EQ7oHe,Ashley O,,58577,46
3Bj81IbILbuj2uEwWXMdXI,Sosamann,"atl trap,houston rap,vapor trap",45375,46
5ixB75BQR3ADoWQkcHQJTs,Gene Autry,"adult standards,cowboy western,oklahoma country,traditional country,yodeling",43344,46
431Pb5EV8KsCBGTw96ZTQ4,Dj Kass,chilean hardcore,31591,46
3elR9fj2COXgTJlJm7NtP7,YG,,22154,46
6ac253D3NynjiNAjkkR2TJ,DJ Henrique da VK,funk 150 bpm,2345,46
1r3tpVQ08jFAA2P4xzV5o4,Gaby Music,pop reggaeton,1161,46
0JXiS2FrAg3wQYJHcmZdrc,B. Swanson Quartet,,375,46
21yiGQIpkiP8edfxDipQaW,Jessica Rothe,,242,46
13kKxNPnxPeeWQaAaZwvCP,Callie Hernandez,,193,46
4FFGJ9ERSX06Sl8hD7GRVv,Sonoya Mizuno,,162,46
2jx7HzLpdKkSZkvxqXZwTR,LEA,,72,46
4RfOLIFy2xEmlWzXEVmLJn,Sjava,"afro soul,south african alternative,south african pop",342089,45
09EYYUcfEDOvj3D5f45L99,MC Ingryd,funk 150 bpm,99787,45
0GfYO21pue5u0sVEYk9HZO,Salvador Sobral,portuguese pop,99678,45
08zaslX1yBxta9zqc2yoWJ,Yeis Sensura,"turkish hip hop,turkish trap pop",74518,45
1svaANJTE5KrG16fTGDqOs,The Puppini Sisters,"easy listening,swing",56716,45
7trxpXo6hVUnoB22sbCkEd,K$upreme,vapor trap,56330,45
3m785bWzNnoLuIJP88DUN1,SAMY,"german hip hop,german underground rap",52638,45
05o1zW8b6PV6rEquXr74sB,State of Sound,"deep tropical house,swedish tropical house,tropical house",42605,45
391oLRVmoTkumiN79HkTWu,Darlene Love,brill building pop,39811,45
7oNtf1MwhHcyXRsYXE1WsG,Aazar,"electro house,electronic trap",31724,45
3k3gbUT7bF0jYmFmAKBQtU,Dan Reynolds,,24485,45
35S20clEkkSNUo23ViaslZ,Band Aid,musical advocacy,20077,45
1qskAseW7apRxJBpYAO9Yk,Felix Snow,,16882,45
3hPPNy5OBzCU1icQO7Nrok,99 Percent,,16326,45
2WOMBqEsllg2ICn7D2L8ta,Jehnny Beth,,15606,45
6ctgu4FFlnNhMgrKiIzCxp,Jillian Edwards,"acoustic pop,indiecoustica",15527,45
5G1ozOoTwFiVTKjYMj1HAJ,Big Lenbo,,9436,45
3LtYMPncqtiugGwOuuLq3h,"Baddiel, Skinner & Lightning Seeds",,7477,45
63f9vjw52BL5c3f5TSlg72,Beta Berk Bayındır,turkish hip hop,92000,44
7nKeLE1toRtW4M279iS26h,Zay Hilfigerrr,,62470,44
0Mh0QuhaJ6WIW0qrJwzMmt,BRADO,,60704,44
0ECSmon1BUiFnB33X24eLI,Baby Goth,,49708,44
0FTrIsp2Mg7Bkf8eXQrISa,PHresher,nyc rap,37952,44
1CQLPgGkfHrxNMqrXt5oWS,Robin Bengtsson,"europop,eurovision,swedish idol pop,swedish pop",27654,44
5AsWcQXw4RJFRWBbwa0ti0,Zayion McCall,,10011,44
2ei3ToTz5SL3pVp17X0Vkd,John Lindahl,,8911,44
1yFie7615gesdLbvVVpYU5,Zoe Nash,la pop,1864,44
6e64nPdtxyICfh90RJukpg,Chicago Children's Choir,"american choir,children's choir",1738,44
735L650pvygCZZlPMyHqsN,John Scott Trotter & His Orchestra,light music,261,44
6tdM5Njlln7nWkonCppW0u,MC Loma e As Gêmeas Lacração,"brega funk,funk carioca",762515,43
4UffC3o3JiLSg7pa5DpQbp,Mike Yung,pop soul,46819,43
7rpf45DdbpweG51Acze45i,Kay Starr,"adult standards,big band,brill building pop,deep adult standards,easy listening,lounge,swing,torch song,vocal jazz",35520,43
7pLntWGInZPQxc4kXxzzjB,Liz Gillies,,24883,43
11LbPHLi2sCqOVjknt0jmW,John Lundvik,,22804,43
6Z4puj0KYgtcxJrVXKmvBX,Sharaya J,"escape room,jersey club,new jersey rap",15257,43
3LzHaN3Y3gT35BudaFqVyy,Kamferdrops,,14774,43
3kv1Edgn5HlEWCuEKr1Y9x,Yugen Blakrok,"south african hip hop,spiritual hip hop",12462,43
4bvWFV51SAEocM22uiDOza,Pretty Sister,la pop,12062,43
7xoGvuN5XfZ3T4dZoJvMCr,Mirac,turkish hip hop,10558,43
5TphiK6LsT4X5NOZxq3NJB,Trio Vegabajeño,"musica jibara,puerto rican folk",9342,43
2kMDiFDvjMOoLfcZbLgA6s,MC M10,rave funk,5090,43
4L1YBxxAxQx0HG8lgPcFcJ,Damian Lemar Hudson,,4137,43
5am174Lmun3hIziU9H2p7H,Chris King,,558,43
365Q4cNnnlsQErzPsUzyXY,HUMAN(X),,527,43
7IziQIyiq8TGse0Mc1laYi,K4mo,,422,43
69UfPJgUmFFAVT740qGVZi,Ken Darby Singers,,244,43
3jfVtv9mWfW0c5b3Fx440e,Babes Wodumo,gqom,112769,42
3cqIsBnzV3BabbPWKz8Txf,Mud,glam rock,64936,42
7licaqhcEBQUzz9FownRaJ,Miquela,"ai,la pop",41283,42
2l2o6ibYa7h1w4HwaS1uZV,Jay 305,west coast trap,16047,42
1JfH8gevkDviqs50A5NO0L,Chuck D,"conscious hip hop,east coast hip hop,old school hip hop",14592,42
1Ml4OuStDoympbREURAM15,The Fontane Sisters,"deep adult standards,vocal harmony group",10562,42
2IZXxSIGhFtkHJyMh6UTln,Aiyana-Lee,,3920,42
6bwVWdQfr6ttzrGLboVkjg,Paul Rosenberg,,3658,42
6TTVdg5UOUHsyiYPHgxLaq,The WRLDFMS Tony Williams,psychedelic hip hop,3409,42
6lBN3Tzt61u8i9AJoAhKzF,Mykola Dmytrovych Leontovych,"post-romantic era,ukrainian classical",2423,42
66jpZDjMcxF3SfDfwK7GXe,Reginae Carter,,767,42
09XH5qagU5qcWhYXcQYsjX,Jackpot Scotty Wotty,,236,42
0AJUYWKztkg5dnrHDIBv47,MiC LOWRY,,45933,41
6lUWb46h9Y8H8cqpW3i0pc,Rymez,,1617,41
05kWC05qQmocVoC5Udgl6D,Supa Bwe,pop rap,28194,40
3qMyym6ov558YgVuOOscEm,Blanche,eurovision,21493,40
3c55dzx6W0ZFs0frtEgIsm,Sunstroke Project,"eurovision,moldovan pop",20338,40
39uOfkRb9XnAEW9zs3JCbb,Big Rube,atl hip hop,1152,40
6GX3y0u61X0EHZZogsQFbL,Mc Doguinha,,12397,39
7dbKeVkihtOifdiu7f3rUg,Lou Monte,novelty,7118,39
62FaS5AarFCrus8LxSVKKW,teddy<3,"la pop,transpop",6858,39
31JFnMfmvwzZGdEnXaKGek,Herve Pagez,musique guadeloupe,4826,39
7JngWflkjFnNJSz07XLV2w,Emani 22,,4684,39
0DO5d7KMv6Gn1mIbDhlyUf,Nechie,,4395,39
1iBGuNBYRKnNdKxm0kKNM0,Young Sinatra,,2732,39
6sge2FzdYxWSjWc5sBjmoy,Arrhult,scandipop,1902,39
1jP5486DmekkkTzam51qk7,"MC Kevinho, MC Kekel",,1129,39
5D9NYfOaGxFKCalJIeia1N,Atlantic Holiday,,562,39
1WdM0BAEXN9RpUdPOzEZdx,Twice As Nice,,384,39
2kuTXO1yl1horIqmc9JQnI,Quan'ta,,344,39
6FB9Zw1TSMrw3LIzIvlNGG,Nathaniel Alford,,48,39
1lEXbUjKjHQ7uc9jFfEViJ,TGT,pop r&b,111158,38
7823Dim2TzjiQQ9wRQxyi9,Wizzard,"classic uk pop,glam rock",31211,38
3nohf4qILMr5aUSOsolwxB,Jona Lewie,new wave pop,7092,38
1MHslxKWxauC559dXYEX1C,DJ Durel,,5496,38
2DzbXUAn0DiYqcgu2wDfaf,Coely,belgian hip hop,21994,37
48Z0MG7G6UQeWYibHpXgQe,Nano,,13039,37
3cWGilyM7pw2Q1bGbTXuBr,TrifeDrew,,3963,37
3OBsADexDJ29wg3OGVoAji,Zoink Gang,,915,37
0n9VWli2NkR8OqJS4dXTqw,MC Pupio,,161,37
5zLbjnuArhVlVklkT5GoQD,Nel-Denarro,,91,37
0ffoIkovMbaG01Y6U2jyAS,Andrew Andraos,,13124,36
4GCwfakdZdo3KkBNtzU5vn,MIMI,,1308,36
09BrKhoBYOu5vHVkBZ5U5X,The Flint Chozen Choir,,154,36
71sg3tAkpnG5jjfNWFX8zo,Reddz,,323,35
2apYMRrg5FxN4go0pfsCvf,Melanie Thornton,,7331,34
52G7KZspBD4cCmuRDYRAtx,Henri Rene & His Orchestra,,220,34
3VrWSWV74xyECVDt2zBy4T,The Commanders,,860,33
1v3r802Az10JtIzSPawWzw,Neil deGrasse Tyson,,6245,32
5MK52mNnvZEOzK42XetZlp,No I.D,,1105,32
6VuyrmclG2XOdkqz0AeGcs,Rick Live,,9738,29
20twLKFb2Nhd8duUH0k2DJ,Jake Gosling,,880,29
0yWuhITiYSrjzBrgT4NKsb,Forever Band,,180,29
6KfzyefHYuqfWaI5taICaN,Band Aid 30,musical advocacy,3406,28
5XnIjshjqYVE2eDVgSt9Ro,Mel & Kim,,296,28
3Ll0OyHvpoQmGP9TMQAhKV,The RattPack,,708,27
61ITlib6wNBWOiQxsk1l2J,Thalia,,11057,24
4ohRzp7ZzPQi3PzCiBrDAm,Porky Slim,,5873,24
3tEWysDnxoUDsBi1rUruzj,Esprit Ange Andraos,,4,19
6TOKWuw816UU34AE4MCZqr,Beltito,,760,18
34nVLWMJTjaMh2aSMOQHei,King Pharaoh,,4296,16
2cFCoDyEaPrw8QVnrDlPKU,Stan Kenton,,443,3