track_id,name,artist_id,artist_name,popularity,explicit,duration_ms,danceability,energy,loudness,speechiness,acousticness,instrumentalness,liveness,valence,tempo,collabs
0VjIjW4GlUZAMYd2vXMi3b,Blinding Lights,1Xyo4u8uXC1ZmMpatF05PJ,The Weeknd,91,False,200040,0.514,0.73,-5.934,0.0598,0.00146,9.54e-05,0.0897,0.334,171.005,0
02MWAaffLxlfxAUY7c5dvx,Heat Waves,4yvcSjfu4PC0CYQyLy4wSq,Glass Animals,90,False,238805,0.761,0.525,-6.9,0.0944,0.44,6.7e-06,0.0921,0.531,80.87,0
2QjOHCTQ1Jl3zawyYOpxh6,Sweater Weather,77SW9BnxLY8rJ0RciFqkHh,The Neighbourhood,88,False,240400,0.612,0.807,-2.81,0.0336,0.0495,0.0177,0.101,0.398,124.053,0
3tjFYV6RSFtuktYl3ZtYcq,Mood (feat. iann dior),"6fWVd57NKTalqvmjRd2t8Z,6ASri4ePR7RlsvIQgWPJpS","24kGoldn,iann dior",88,True,140533,0.7,0.722,-3.558,0.0369,0.221,0.0,0.272,0.756,90.989,1
6UelLqGlWMcVH1E5c4H7lY,Watermelon Sugar,6KImCVD70vtIoJWnq6nGn3,Harry Styles,88,False,174000,0.548,0.816,-4.209,0.0465,0.122,0.0,0.335,0.557,95.39,0
5nujrmhLynf4yMoMtj8AQF,Levitating (feat. DaBaby),"6M2wZ9GZgrQXHCFfjv46we,4r63FhuTkUYltbVAg5TQnk","Dua Lipa,DaBaby",87,False,203064,0.702,0.825,-3.787,0.0601,0.00883,0.0,0.0674,0.915,102.977,1
0u2P5u6lvoDfwTYjAADbn4,lovely (with Khalid),"6qqNVTkY8uBg9cP3Jd7DAH,6LuN9FCkKOj5PcnpouEgny","Billie Eilish,Khalid",87,False,200185,0.351,0.296,-10.109,0.0333,0.934,0.0,0.095,0.12,115.284,1
0v1x6rN6JHRapa03JElljE,Dynamite,3Nrfpe0tUJi4K4DXYWgMUX,BTS,87,False,199053,0.746,0.765,-4.41,0.0993,0.0112,0.0,0.0936,0.737,114.044,0
5QO79kh1waicV47BqGRL3g,Save Your Tears,1Xyo4u8uXC1ZmMpatF05PJ,The Weeknd,87,True,215626,0.68,0.826,-5.487,0.0309,0.0212,1.24e-05,0.543,0.644,118.051,0
6f3Slt0GbA2bPZlz0aIFXN,The Business,2o5jDhtHVPhrJdv3cEQ99Z,Tiësto,87,False,164000,0.798,0.62,-7.079,0.232,0.414,0.0192,0.112,0.235,120.031,0
7igeByaBM0MgGsgXtNxDJ7,positions,66CXWjxzNUsdJxJ2JdwvnR,Ariana Grande,86,True,172324,0.736,0.802,-4.759,0.0864,0.468,0.0,0.094,0.675,144.005,0
4xqrdfXkTW4T0RauPLv3WA,Heather,4Uc8Dsxct0oMqx0P6i60ea,Conan Gray,86,False,198040,0.357,0.425,-7.301,0.0333,0.584,0.0,0.322,0.27,102.078,0
0pqnGHJpmpxLKifKRmU6WP,Believer,53XhwfbYqKCa1cC15pYq2q,Imagine Dragons,86,False,204346,0.776,0.78,-4.374,0.128,0.0622,0.0,0.081,0.666,124.949,0
45bE4HXI0AwGZXfZtMp8JR,you broke me first,45dkTj5sMRSjrmBSBeiHym,Tate McRae,86,False,169265,0.667,0.373,-9.389,0.05,0.785,0.0,0.0906,0.0823,124.148,0
5E30LdtzQTGqRvNd7l6kG5,Daddy Issues,77SW9BnxLY8rJ0RciFqkHh,The Neighbourhood,86,False,260173,0.588,0.521,-9.461,0.0329,0.0678,0.149,0.123,0.337,85.012,0
4VginDwYTP2eaHJzO0QMjG,Circles,246dkjvS1zLTtiykXe5h60,Post Malone,86,False,215280,0.704,0.758,-3.537,0.0402,0.233,0.00144,0.0924,0.534,120.003,0
7qEHsqek33rTcFNT9PFqLf,Someone You Loved,4GNC7GD6oZMSxPGyXy4MNB,Lewis Capaldi,86,False,182160,0.501,0.405,-5.679,0.0319,0.751,0.0,0.105,0.446,109.891,0
0tgVpDi06FyKpA1z0VMD4v,Perfect,6eUKZXaKkcviH0Ku9w2n3V,Ed Sheeran,86,False,263400,0.599,0.448,-6.312,0.0232,0.163,0.0,0.106,0.168,95.05,0
27OeeYzk6klgBh83TSvGMA,WITHOUT YOU,2tIP7SsRs7vjIcLrU85W8J,The Kid LAROI,86,True,161384,0.662,0.413,-7.357,0.0299,0.213,0.0,0.134,0.467,93.005,0
6cx06DFPPHchuUAcTxznu9,Head & Heart (feat. MNEK),"6DgP9otnZw5z6daOntINxp,7uMh23xWiuR7zsNkuNcm2G","Joel Corry,MNEK",85,False,166028,0.734,0.874,-3.158,0.0662,0.168,1.14e-05,0.0489,0.905,122.953,1
6gBFPUFcJLzWGx4lenP6h2,goosebumps,0Y5tJX1MQlPlqiwlOH1tJY,Travis Scott,85,True,243836,0.841,0.728,-3.37,0.0484,0.0847,0.0,0.149,0.43,130.049,0
2Fxmhks0bxGSBdJ92vM42m,bad guy,6qqNVTkY8uBg9cP3Jd7DAH,Billie Eilish,85,False,194087,0.701,0.425,-10.965,0.375,0.328,0.13,0.1,0.562,135.128,0
3U4isOIWM3VvDubwSI3y7a,All of Me,5y2Xq6xcjJb2jVM54GHK3t,John Legend,85,False,269560,0.422,0.264,-7.064,0.0322,0.922,0.0,0.132,0.331,119.93,0
6ocbgoVGwYJhOv1GgI9NsF,7 rings,66CXWjxzNUsdJxJ2JdwvnR,Ariana Grande,85,True,178626,0.778,0.317,-10.732,0.334,0.592,0.0,0.0881,0.327,140.048,0
2b8fOow8UzyDFAE27YhOZM,Memories,04gDigrS5kc9YWfZHwBETP,Maroon 5,85,False,189486,0.764,0.32,-7.209,0.0546,0.837,0.0,0.0822,0.575,91.019,0
62vpWI1CHwFy7tMIcSStl8,No Role Modelz,6l3HvQ5sa6mXTsMTB19rO5,J. Cole,85,True,292986,0.692,0.521,-8.465,0.33,0.301,0.0,0.0565,0.463,100.45,0
0ct6r3EGTcMLPtrXHDvVjc,The Nights,1vCWHaC5f2uS3yhpwWbIA6,Avicii,85,False,176658,0.527,0.835,-5.298,0.0433,0.0166,0.0,0.249,0.654,125.983,0
39LLxExYz6ewLAcYrzQQyP,Levitating,6M2wZ9GZgrQXHCFfjv46we,Dua Lipa,85,False,203807,0.695,0.884,-2.278,0.0753,0.0561,0.0,0.213,0.914,103.014,0
7m9OqQk4RVRkw9JJdeAw96,Jocelyn Flores,15UsOTVnJzReFVN1VCnxy4,XXXTENTACION,85,True,119133,0.872,0.391,-9.144,0.242,0.469,4.13e-06,0.297,0.437,134.021,0
3AJwUDP919kvQ9QcozQPxg,Yellow,4gzpq5DPGxSnKTe4SA8HAU,Coldplay,85,False,266773,0.429,0.661,-7.227,0.0281,0.00239,0.000121,0.234,0.285,173.372,0
7qiZfU4dY1lWllzX7mPBI3,Shape of You,6eUKZXaKkcviH0Ku9w2n3V,Ed Sheeran,85,False,233712,0.825,0.652,-3.183,0.0802,0.581,0.0,0.0931,0.931,95.977,0
2ZRo7axmMPeSVUvDbGkJah,Hope,15UsOTVnJzReFVN1VCnxy4,XXXTENTACION,84,True,110886,0.592,0.457,-6.081,0.0603,0.661,0.000331,0.146,0.225,146.04,0
3B0irDyS69y5eAz15xV2Ee,Wake Me Up,1vCWHaC5f2uS3yhpwWbIA6,Avicii,84,False,247426,0.532,0.783,-5.697,0.0523,0.00375,0.00123,0.161,0.643,124.084,0
6Im9k8u9iIzKMrmV7BWtlF,34+35,66CXWjxzNUsdJxJ2JdwvnR,Ariana Grande,84,True,173710,0.83,0.585,-6.476,0.094,0.237,0.0,0.248,0.485,109.978,0
47EiUVwUp4C9fGccaPuUCS,DÁKITI,"4q3ewBCX7sLwd24euuV69X,0EFisYRi20PTADoJrifHrz","Bad Bunny,Jhay Cortez",84,True,205090,0.731,0.573,-10.059,0.0544,0.401,5.22e-05,0.113,0.145,109.928,1
285pBltuF7vW8TeWk8hdRR,Lucid Dreams,4MCBfE4596Uoi2O4DtmEMz,Juice WRLD,84,True,239835,0.511,0.566,-7.23,0.2,0.349,0.0,0.34,0.218,83.903,0
6ft4hAq6yde8jPZY2i5zLr,Paradise (feat. Dermot Kennedy),"0xRXCcSX89eobfrshSVdyu,5KNNVgR6LBIABRIomyCwKJ","MEDUZA,Dermot Kennedy",84,False,167903,0.632,0.595,-7.644,0.0401,0.0689,0.0,0.209,0.435,124.114,1
7BKLCZ1jbUBVqRi2FVlTVw,Closer,"69GGBxA162lTqCwzJG5jLp,26VFTg2z8YR0cCuwLzESi2","The Chainsmokers,Halsey",84,False,244960,0.748,0.524,-5.599,0.0338,0.414,0.0,0.111,0.661,95.01,1
25khomWgBVamSdKw7hzm3l,The Hills,1Xyo4u8uXC1ZmMpatF05PJ,The Weeknd,84,True,242253,0.356,0.567,-7.011,0.0798,0.0861,0.0,0.137,0.109,135.553,0
6zFMeegAMYQo0mt8rXtrli,HOLIDAY,7jVv8c5Fj3E9VhNjxT4snq,Lil Nas X,84,True,154997,0.81,0.511,-6.924,0.164,0.12,0.0,0.0832,0.837,151.947,0
7eJMfftS33KTjuF7lTsMCx,death bed (coffee for your head),"6bmlMHgSheBauioMgKv2tn,35l9BRT7MXmM8bv2WDQiyB","Powfu,beabadoobee",84,False,173333,0.726,0.431,-8.765,0.135,0.731,0.0,0.696,0.348,144.026,1
4xkOaSrkexMciUUogZKVTS,'Till I Collapse,"7dGJo4pcD2V6oG8kP0tJRR,1Oa0bMld0A3u5OTYfMzp5h","Eminem,Nate Dogg",84,True,297786,0.548,0.847,-3.237,0.186,0.0622,0.0,0.0816,0.1,171.447,1
5C0LFQARavkPpn7JgA4sLk,Every Breath You Take,5NGO30tJxFlKixkPSgXcFE,The Police,84,False,253920,0.82,0.452,-9.796,0.0348,0.543,0.00294,0.0701,0.74,117.401,0
5uCax9HTNlzGybIStD3vDh,Say You Won't Let Go,4IWBUUAFIplrNtaOHcJPRM,James Arthur,84,False,211466,0.358,0.557,-7.398,0.059,0.695,0.0,0.0902,0.494,85.043,0
1ZMiCix7XSAbfAJlEZWMCp,Falling,6KImCVD70vtIoJWnq6nGn3,Harry Styles,84,False,240133,0.567,0.267,-6.502,0.0299,0.839,1.46e-06,0.089,0.0592,110.011,0
2XIc1pqjXV3Cr2BQUGNBck,LA NOCHE DE ANOCHE,"4q3ewBCX7sLwd24euuV69X,7ltDVBr6mKbRvohxheJ9h1","Bad Bunny,ROSALÍA",84,False,203200,0.856,0.618,-4.892,0.286,0.0303,0.0,0.0866,0.391,81.993,1
3jjujdWJ72nww5eGnfs2E7,Adore You,6KImCVD70vtIoJWnq6nGn3,Harry Styles,84,False,207133,0.676,0.771,-3.675,0.0483,0.0237,7e-06,0.102,0.569,99.048,0
3GVkPk8mqxz0itaAriG1L7,Everybody Dies In Their Nightmares,15UsOTVnJzReFVN1VCnxy4,XXXTENTACION,84,True,95466,0.734,0.57,-7.066,0.133,0.847,2.14e-05,0.112,0.689,129.953,0
7w87IxuO7BDcJ3YUqCyMTT,Pumped Up Kicks,7gP3bB2nilZXLfPHJhMdvc,Foster The People,84,False,239600,0.733,0.71,-5.849,0.0292,0.145,0.115,0.0956,0.965,127.975,0
3eekarcy7kvN4yt5ZFzltW,HIGHEST IN THE ROOM,0Y5tJX1MQlPlqiwlOH1tJY,Travis Scott,84,True,175720,0.598,0.427,-8.764,0.0317,0.0546,5.83e-06,0.21,0.0605,76.469,0
4HYDUMY0xSpeBr0AMY9cUz,La Curiosidad,"2cPqdH7XMvwaBJEVjheH8g,2ydZrTy8U3kOMOzx20s3dg,7iK8PXO48WeuP03g8YR51W","Jay Wheeler,DJ Nelson,Myke Towers",84,False,219048,0.845,0.677,-4.798,0.136,0.269,0.000917,0.108,0.68,90.013,1
7ytR5pFWmSjzHJIeQkgog4,ROCKSTAR (feat. Roddy Ricch),"4r63FhuTkUYltbVAg5TQnk,757aE44tKEUQEqRuT6GnEB","DaBaby,Roddy Ricch",84,True,181733,0.746,0.69,-7.956,0.164,0.247,0.0,0.101,0.497,89.977,1
7lQ8MOhq6IN2w8EYcFNSUk,Without Me,7dGJo4pcD2V6oG8kP0tJRR,Eminem,84,True,290320,0.908,0.669,-2.827,0.0738,0.00286,0.0,0.237,0.662,112.238,0
0ofHAoxe9vBkTCp2UQIavz,Dreams - 2004 Remaster,08GQAI4eElDnROBrJRGE0X,Fleetwood Mac,84,False,257800,0.828,0.492,-9.744,0.0276,0.0644,0.00428,0.128,0.789,120.151,0
35ieKju5aLWFN5UgfJ27mL,SAD!,15UsOTVnJzReFVN1VCnxy4,XXXTENTACION,84,True,166605,0.74,0.613,-4.88,0.145,0.258,0.00372,0.123,0.473,75.023,0
1tkg4EHVoqnhR6iFEXb60y,What You Know Bout Love,0eDvMgVFoNV3TpwtrVCoTj,Pop Smoke,84,True,160000,0.709,0.548,-8.493,0.353,0.65,1.59e-06,0.133,0.543,83.995,0
1Xi84slp6FryDSCbzq4UCD,Arcade,3klZnJvYGIbWritVwQD434,Duncan Laurence,83,False,183624,0.45,0.329,-12.603,0.0441,0.818,0.00109,0.135,0.266,71.884,0
1Slwb6dOYkBlWal1PGtnNg,Thinking out Loud,6eUKZXaKkcviH0Ku9w2n3V,Ed Sheeran,83,False,281560,0.781,0.445,-6.061,0.0295,0.474,0.0,0.184,0.591,78.998,0
3bidbhpOYeV4knp8AIu8Xn,Can't Hold Us - feat. Ray Dalton,5BcAKTbp20cv7tC5VqPFoC,Macklemore & Ryan Lewis,83,False,258342,0.641,0.922,-4.457,0.0786,0.0291,0.0,0.0862,0.847,146.078,0
0fea68AdmYNygeTGI4RC18,LA CANCIÓN,"1vyhD5VmyZ7KMfW5gqLgo5,4q3ewBCX7sLwd24euuV69X","J Balvin,Bad Bunny",83,False,242573,0.754,0.646,-5.795,0.317,0.152,1.85e-05,0.108,0.429,176.089,1
75JFxkI2RXiU7L9VXzMkle,The Scientist,4gzpq5DPGxSnKTe4SA8HAU,Coldplay,83,False,309600,0.557,0.442,-7.224,0.0243,0.731,1.46e-05,0.11,0.213,146.277,0
3rq5w4bQGigXOfdN30ATJt,Do I Wanna Know?,7Ln80lUS6He07XvHI8qqHH,Arctic Monkeys,83,False,272394,0.548,0.532,-7.596,0.0323,0.186,0.000263,0.217,0.405,85.03,0
7MXVkk9YMctZqd1Srtv4MB,Starboy,"1Xyo4u8uXC1ZmMpatF05PJ,4tZwfgrHOc3mvqYlEYSvVi","The Weeknd,Daft Punk",83,True,230453,0.679,0.587,-7.015,0.276,0.141,6.35e-06,0.137,0.486,186.003,1
2tnVG71enUj33Ic2nFN6kZ,Ride It,4ofCBoyEiGSePFAG500xev,Regard,83,False,157605,0.88,0.751,-4.258,0.0874,0.177,6.43e-05,0.106,0.884,117.948,0
0e7ipj03S05BNilyu5bRzt,rockstar (feat. 21 Savage),"246dkjvS1zLTtiykXe5h60,1URnnhqYAYcrqrcwql10ft","Post Malone,21 Savage",83,True,218146,0.585,0.52,-6.136,0.0712,0.124,7.01e-05,0.131,0.129,159.801,1
26gceVsA1ybT8qsX3aYLEn,Thunder,53XhwfbYqKCa1cC15pYq2q,Imagine Dragons,83,False,187146,0.605,0.813,-4.785,0.0448,0.00702,0.114,0.145,0.238,167.997,0
1dNyRyz1QBN9kO1etUs1PI,All Girls Are The Same,4MCBfE4596Uoi2O4DtmEMz,Juice WRLD,83,True,165819,0.673,0.449,-9.727,0.298,0.169,0.00115,0.0731,0.216,161.925,0
60a0Rd6pjrkxjPbaKzXjfq,In the End,6XyY86QOPPrYVGvF9ch6wz,Linkin Park,83,False,216880,0.556,0.864,-5.87,0.0584,0.00958,0.0,0.209,0.4,105.143,0
0JP9xo3adEtGSdUEISiszL,Moonlight,15UsOTVnJzReFVN1VCnxy4,XXXTENTACION,83,True,135090,0.921,0.537,-5.723,0.0804,0.556,0.00404,0.102,0.711,128.009,0
2xLMifQCjDGFmkHkpNLD9h,SICKO MODE,0Y5tJX1MQlPlqiwlOH1tJY,Travis Scott,83,True,312820,0.834,0.73,-3.714,0.222,0.00513,0.0,0.124,0.446,155.008,0
5WtfUKzXircvW8l5aaVZWT,What A Time (feat. Niall Horan),"0ZED1XzwlLHW4ZaG4lOT6m,1Hsdzj7Dlq2I7tHP7501T4","Julia Michaels,Niall Horan",83,False,173306,0.516,0.467,-6.184,0.0302,0.662,0.0,0.0853,0.386,132.861,1
2zYzyRzz6pRmhPzyfMEC8s,Highway to Hell,711MCceyCBcFnzjGY4Q7Un,AC/DC,83,False,208400,0.574,0.913,-4.793,0.133,0.061,0.00158,0.156,0.423,115.728,0
0UyljEbX9dqI1K0sqdv6B6,SLOW DANCING IN THE DARK,3MZsBdqDrRTJihTHQrO6Dq,Joji,83,True,209273,0.515,0.479,-7.458,0.0261,0.544,0.00598,0.191,0.284,88.964,0
5lK18Pt33xNudq4qYDxIm8,Shallow,"1HY2Jd0NmPuamShAr6KMms,4VIvfOurcf0vuLRxLkGnIG","Lady Gaga,Bradley Cooper",83,False,215733,0.572,0.385,-6.362,0.0308,0.371,0.0,0.231,0.323,95.799,1
2WfaOiMkCvy7F5fcp2zZ8L,Take on Me,2jzc5TC5TVFLXQlBNiIUzE,a-ha,83,False,225280,0.573,0.902,-7.638,0.054,0.018,0.00125,0.0928,0.876,84.412,0
1zi7xx7UVEFkmKfv06H8x0,One Dance,"3TVXtAsR1Inumwj472S9r4,3tVQdUvClmAT7URs9V3rsp,77DAFfvm3O9zT5dIoG0eIO","Drake,WizKid,Kyla",83,False,173986,0.792,0.625,-5.609,0.0536,0.00776,0.0018,0.329,0.37,103.967,1
6K4t31amVTZDgR3sKmwUJJ,The Less I Know The Better,5INjqkS1o8h1imAzPqGZBb,Tame Impala,83,True,216320,0.64,0.74,-4.083,0.0284,0.0115,0.00678,0.167,0.785,116.879,0
6fxVffaTuwjgEk5h9QyRjy,Photograph,6eUKZXaKkcviH0Ku9w2n3V,Ed Sheeran,83,False,258986,0.614,0.379,-10.48,0.0476,0.607,0.000464,0.0986,0.201,107.989,0
4HBZA5flZLE435QTztThqH,Stuck with U (with Justin Bieber),"66CXWjxzNUsdJxJ2JdwvnR,1uNFoZAHBGtllmzznpCI3s","Ariana Grande,Justin Bieber",83,False,228482,0.597,0.45,-6.658,0.0418,0.223,0.0,0.382,0.537,178.765,1
24Yi9hE78yPEbZ4kxyoXAI,Roses - Imanbek Remix,"0H39MdGGX6dbnnQPt6NQkZ,5rGrDvrLOV2VV8SCFVGWlj","SAINt JHN,Imanbek",83,True,176840,0.77,0.724,-5.484,0.0495,0.0167,0.0107,0.353,0.898,121.975,1
4Oun2ylbjFKMPTiaSbbCih,WAP (feat. Megan Thee Stallion),"4kYSro6naA4h99UJvo89HB,181bsRPaVXVlUKXrxwZfHK","Cardi B,Megan Thee Stallion",83,True,187541,0.935,0.454,-7.509,0.375,0.0194,0.0,0.0824,0.357,133.073,1
48q0vSHcJdhK3IiXH8C5WJ,Why'd You Only Call Me When You're High?,7Ln80lUS6He07XvHI8qqHH,Arctic Monkeys,83,False,161123,0.691,0.631,-6.478,0.0368,0.0483,1.13e-05,0.104,0.8,92.004,0
3YJJjQPAbDT7mGpX3WtQ9A,Good Days,7tYKF4w9nC0nq9CsPZTHyP,SZA,83,True,279204,0.436,0.655,-8.37,0.0583,0.499,8.1e-06,0.688,0.412,121.002,0
2GiJYvgVaD2HtM8GqD9EgQ,Electric Love,1KP6TWI40m7p3QBTU6u2xo,BØRNS,83,False,218106,0.611,0.797,-7.627,0.0533,0.00543,0.00137,0.26,0.518,120.041,0
08mG3Y1vljYA6bvDt4Wqkj,Back In Black,711MCceyCBcFnzjGY4Q7Un,AC/DC,83,False,255493,0.31,0.7,-5.678,0.047,0.011,0.00965,0.0828,0.763,188.386,0
7FIWs0pqAYbP91WWM0vlTQ,Godzilla (feat. Juice WRLD),"7dGJo4pcD2V6oG8kP0tJRR,4MCBfE4596Uoi2O4DtmEMz","Eminem,Juice WRLD",83,True,210800,0.808,0.745,-5.26,0.342,0.145,0.0,0.292,0.829,165.995,1
79s5XnCN4TJKTVMSmOx8Ep,Dior,0eDvMgVFoNV3TpwtrVCoTj,Pop Smoke,83,True,216386,0.548,0.805,-5.732,0.351,0.212,0.000389,0.408,0.648,142.094,0
3CRDbSIZ4r5MsZ0YwxuEkn,Stressed Out,3YQKmKGau1PzlVlkL1iodx,Twenty One Pilots,83,False,202333,0.734,0.637,-5.677,0.141,0.0462,2.29e-05,0.0602,0.648,169.977,0
1xK1Gg9SxG8fy2Ya373oqb,Bandido,"7iK8PXO48WeuP03g8YR51W,2LmcxBak1alK1bf7d1beTr","Myke Towers,Juhn",83,False,232853,0.713,0.617,-4.637,0.0887,0.122,0.0,0.0962,0.682,168.021,1
7y7w4tl4MaRC2UMEj1mPtr,Come & Go (with Marshmello),"4MCBfE4596Uoi2O4DtmEMz,64KEffDW9EtZ1y2vBYgq8T","Juice WRLD,Marshmello",83,True,205484,0.625,0.814,-5.181,0.0657,0.0172,0.0,0.158,0.535,144.991,1
3H7ihDc1dqLriiWXwsc2po,Breaking Me,"0u6GtibW46tFX7koQ6uNJZ,5Wg2b4Mp42gicxEeDNawf7","Topic,A7S",83,False,166793,0.789,0.72,-5.652,0.218,0.223,0.0,0.129,0.664,122.031,1
0PvFJmanyNQMseIFrU708S,For The Night (feat. Lil Baby & DaBaby),"0eDvMgVFoNV3TpwtrVCoTj,5f7VJjfbwm532GiveGC0ZK,4r63FhuTkUYltbVAg5TQnk","Pop Smoke,Lil Baby,DaBaby",83,True,190476,0.823,0.586,-6.606,0.2,0.114,0.0,0.193,0.347,125.971,1
0y60itmpH0aPKsFiGxmtnh,Wait a Minute!,3rWZHrfrsPBxVy692yAIxF,WILLOW,83,False,196520,0.764,0.705,-5.279,0.0278,0.0371,1.94e-05,0.0943,0.672,101.003,0
7kDUspsoYfLkWnZR7qwHZl,my ex's best friend (with blackbear),"6TIYQ3jFPwQSRmorSezPxX,2cFrymmkijnjDg9SS92EPM","Machine Gun Kelly,blackbear",83,True,139460,0.731,0.675,-5.134,0.0434,0.00473,0.0,0.141,0.298,124.939,1
2gMXnyrvIjhVBUZwvLZDMP,Before You Go,4GNC7GD6oZMSxPGyXy4MNB,Lewis Capaldi,83,False,215106,0.459,0.575,-4.858,0.0573,0.604,0.0,0.0885,0.183,111.881,0
45S5WTQEGOB1VHr1Q4FuPl,Golden,6KImCVD70vtIoJWnq6nGn3,Harry Styles,83,False,208906,0.448,0.838,-5.257,0.0557,0.21,0.000131,0.131,0.254,139.863,0
1VLtjHwRWOVJiE5Py7JxoQ,Martin & Gina,6AgTAQt8XS6jRWi4sX7w49,Polo G,83,True,132832,0.832,0.534,-7.813,0.253,0.345,0.0,0.165,0.116,93.924,0
0nbXyq5TXYPCO7pr3N8S4I,The Box,757aE44tKEUQEqRuT6GnEB,Roddy Ricch,83,True,196652,0.896,0.586,-6.687,0.0559,0.104,0.0,0.79,0.642,116.971,0
5ChkMS8OtdzJeqyybCc9R5,Billie Jean,3fMbdgg4jU18AjLCKBhRSm,Michael Jackson,83,False,293826,0.92,0.654,-3.051,0.0401,0.0236,0.0158,0.0359,0.847,117.046,0
2dpaYNEQHiRxtZbfNsse99,Happier,"64KEffDW9EtZ1y2vBYgq8T,7EQ0qTo7fWT7DPxmxtSYEc","Marshmello,Bastille",82,False,214289,0.687,0.792,-2.749,0.0452,0.191,0.0,0.167,0.671,100.015,1
7a53HqqArd4b9NF4XAmlbI,Kings & Queens,4npEfmQ6YuiwW1GpUmaq3F,Ava Max,82,False,162398,0.637,0.69,-4.057,0.0405,0.00786,0.0,0.124,0.457,129.857,0
30bqVoKjX479ab90a8Pafp,Star Shopping,2kCcBybjl3SAtIcwdWpUe3,Lil Peep,82,True,142000,0.585,0.471,-9.934,0.0616,0.0967,0.0184,0.115,0.323,93.099,0
3KYOGt8IO6j8wptkG9THag,Take Me To Church,2FXC3k01G6Gw61bmprjgqS,Hozier,82,False,241688,0.566,0.664,-5.303,0.0464,0.634,0.0,0.116,0.437,128.945,0
4cluDES4hQEUhmXj6TXkSo,What Makes You Beautiful,4AK6F7OLvEQ5QYCBNiQWHq,One Direction,82,False,199986,0.726,0.787,-2.494,0.0737,0.009,0.0,0.0596,0.888,124.99,0
40riOy7x9W7GXjyGp4pjAv,Hotel California - 2013 Remaster,0ECwFtbIWEVNwjlrfc6xoL,Eagles,82,False,391376,0.579,0.508,-9.484,0.027,0.00574,0.000494,0.0575,0.609,147.125,0
003vvx7Niy0yvhvHt4a68B,Mr. Brightside,0C0XlULifJtAgn6ZNCW2eu,The Killers,82,False,222973,0.352,0.911,-5.23,0.0747,0.00121,0.0,0.0995,0.236,148.033,0
6DCZcSspjsKoFjzjrWoCdn,God's Plan,3TVXtAsR1Inumwj472S9r4,Drake,82,True,198973,0.754,0.449,-9.211,0.109,0.0332,8.29e-05,0.552,0.357,77.169,0
1mqlc0vEP9mU1kZgTi6LIQ,September,4QQgXkCYTt3BlENzhyNETg,"Earth, Wind & Fire",82,False,215093,0.693,0.911,-3.691,0.0305,0.183,0.000107,0.3,0.982,125.895,0
2tpWsVSb9UEmDRxAl1zhX1,Counting Stars,5Pwc4xIPtQLFEnJriah9YJ,OneRepublic,82,False,257266,0.664,0.705,-4.972,0.0382,0.0654,0.0,0.118,0.477,122.016,0
6o3QUC5oAE4g6WxRIFcZtb,Wishing Well,4MCBfE4596Uoi2O4DtmEMz,Juice WRLD,82,True,194621,0.65,0.613,-6.13,0.128,0.00336,0.0,0.267,0.0804,149.972,0
249gnXrbfmV8NG6jTEMSwD,Life Goes On,3Nrfpe0tUJi4K4DXYWgMUX,BTS,82,False,207481,0.566,0.716,-5.733,0.0424,0.00691,0.0,0.37,0.45,81.068,0
2374M0fQpWi3dLnB54qaLX,Africa,0PFtn5NtBbbUNbU9EAmIWF,TOTO,82,False,295893,0.671,0.373,-18.064,0.0323,0.257,8.01e-05,0.0481,0.732,92.718,0
2uaiyLKnYvazyfR0Ky3Kbk,Let Me Down Slowly,5IH6FPUwQTxPSXurCrcIov,Alec Benjamin,82,False,169353,0.649,0.548,-5.692,0.0318,0.733,0.0,0.136,0.506,150.036,0
4Hf7WnR761jpxPr5D46Bcd,Treat You Better,7n2wHs1TKAczGzO7Dd2rGr,Shawn Mendes,82,False,187973,0.624,0.803,-4.105,0.246,0.123,0.0,0.114,0.821,166.018,0
2P91MQbaiQOfbiz9VqhqKQ,I Like Me Better,5JZ7CnR6gTvEMKX4g70Amv,Lauv,82,False,197436,0.752,0.505,-7.621,0.253,0.535,2.55e-06,0.104,0.419,91.97,0
2gam98EZKrF9XuOkU13ApN,Promiscuous,"2jw70GZXlAI8QzWeY2bgRc,5Y5TRrQiqgUO4S36tzjIRZ","Nelly Furtado,Timbaland",82,False,242293,0.808,0.97,-6.098,0.0506,0.0569,6.13e-05,0.154,0.868,114.328,1
2SAqBLGA283SUiwJ3xOUVI,Laugh Now Cry Later (feat. Lil Durk),"3TVXtAsR1Inumwj472S9r4,3hcs9uc56yIGFCSy9leWe7","Drake,Lil Durk",82,True,261492,0.761,0.518,-8.871,0.134,0.244,3.47e-05,0.107,0.522,133.976,1
5Db9VIdDsN5yu3Eu7CT0i4,Stay With Me,2wY79sveU1sp5g7SokKOiI,Sam Smith,82,False,172723,0.479,0.419,-6.517,0.0389,0.568,0.000217,0.11,0.186,85.014,0
3ZFTkvIE7kyPt6Nu3PEa7V,Hips Don't Lie (feat. Wyclef Jean),"0EmeFodog0BfCgMzAIvKQp,7aBzpmFXB4WWpPl2F7RjBe","Shakira,Wyclef Jean",82,False,218093,0.778,0.824,-5.892,0.0707,0.284,0.0,0.405,0.758,100.024,1
3hB5DgAiMAQ4DzYbsMq1IT,Love Yourself,1uNFoZAHBGtllmzznpCI3s,Justin Bieber,82,False,233720,0.609,0.378,-9.828,0.438,0.835,0.0,0.28,0.515,100.418,0
7AQim7LbvFVZJE3O8TYgf2,Fuck Love (feat. Trippie Redd),"15UsOTVnJzReFVN1VCnxy4,6Xgp2XMz1fhVYe7i6yNAax","XXXTENTACION,Trippie Redd",82,True,146520,0.797,0.533,-9.74,0.0412,0.0172,0.000152,0.103,0.329,131.036,1
7GX5flRQZVHRAGd6B4TmDO,XO Tour Llif3,4O15NlyKLIASxsJ0PrXPfz,Lil Uzi Vert,82,True,182706,0.732,0.75,-6.366,0.231,0.00264,0.0,0.109,0.401,155.096,0
711MglQhnhOF3UAiAs9A59,Robbery,4MCBfE4596Uoi2O4DtmEMz,Juice WRLD,82,True,240050,0.669,0.683,-5.17,0.054,0.278,0.0,0.268,0.579,159.996,0
4ARPvK8DHLwt4oX65ZAFMw,Look At Me!,15UsOTVnJzReFVN1VCnxy4,XXXTENTACION,82,True,126345,0.763,0.726,-6.405,0.282,0.259,0.0,0.0976,0.349,139.059,0
14JzyD6FlBD5z0wV5P07YI,when the party's over,6qqNVTkY8uBg9cP3Jd7DAH,Billie Eilish,82,False,196077,0.498,0.104,-14.08,0.0621,0.979,7.86e-05,0.0895,0.205,124.001,0
7JJmb5XwzOO8jgpou264Ml,There's Nothing Holdin' Me Back,7n2wHs1TKAczGzO7Dd2rGr,Shawn Mendes,82,False,199440,0.866,0.813,-4.063,0.0554,0.38,0.0,0.0779,0.969,121.998,0
7hpJ9tATWb2vztlq99hERP,Maniac,4Uc8Dsxct0oMqx0P6i60ea,Conan Gray,82,False,185773,0.623,0.647,-5.438,0.04,0.00122,0.0,0.354,0.522,107.987,0
3Dv1eDb0MEgF93GpLXlucZ,Say So,5cj0lLjcoR7YOSnhnX0Po5,Doja Cat,82,True,237893,0.787,0.673,-4.583,0.159,0.264,3.35e-06,0.0904,0.779,110.962,0
3ZCTVFBt2Brf31RLEnCkWJ,everything i wanted,6qqNVTkY8uBg9cP3Jd7DAH,Billie Eilish,82,False,245425,0.704,0.225,-14.454,0.0994,0.902,0.657,0.106,0.243,120.006,0
1f3yAtsJtY87CTmM8RLnxf,Smells Like Teen Spirit,6olE6TJLqED3rqDCT0FyPh,Nirvana,82,False,301920,0.502,0.912,-4.556,0.0564,2.55e-05,0.000173,0.106,0.72,116.761,0
3e9HZxeyfWwjeyPAMmWSSQ,"thank u, next",66CXWjxzNUsdJxJ2JdwvnR,Ariana Grande,82,True,207320,0.717,0.653,-5.634,0.0658,0.229,0.0,0.101,0.412,106.966,0
32OlwWuMpZ6b0aN2RZOeMS,Uptown Funk (feat. Bruno Mars),"3hv9jJF3adDNsBSIQDqcjp,0du5cEVh5yTK9QJze8zA0C","Mark Ronson,Bruno Mars",82,False,269666,0.856,0.609,-7.223,0.0824,0.00801,8.15e-05,0.0344,0.928,114.988,1
3PfIrDoz19wz7qK7tYeu62,Don't Start Now,6M2wZ9GZgrQXHCFfjv46we,Dua Lipa,82,False,183290,0.793,0.793,-4.521,0.083,0.0123,0.0,0.0951,0.679,123.95,0
2rRJrJEo19S2J82BDsQ3F7,Falling,7uaIm6Pw7xplS8Dy06V6pT,Trevor Daniel,82,False,159381,0.784,0.43,-8.756,0.0364,0.123,0.0,0.0887,0.236,127.087,0
3KkXRkHbMCARz0aVfEt68P,Sunflower - Spider-Man: Into the Spider-Verse,"246dkjvS1zLTtiykXe5h60,1zNqQNIdeOUZHb8zbZRFMX","Post Malone,Swae Lee",82,False,158040,0.76,0.479,-5.574,0.0466,0.556,0.0,0.0703,0.913,89.911,1
4r9jkMEnArtWGH2rL2FZl0,A Tu Merced,4q3ewBCX7sLwd24euuV69X,Bad Bunny,82,False,175918,0.86,0.791,-4.784,0.0568,0.169,0.000106,0.106,0.887,92.023,0
6RUKPb4LETWmmr3iAEQktW,Something Just Like This,"69GGBxA162lTqCwzJG5jLp,4gzpq5DPGxSnKTe4SA8HAU","The Chainsmokers,Coldplay",82,False,247160,0.617,0.635,-6.769,0.0317,0.0498,1.44e-05,0.164,0.446,103.019,1
4bHsxqR3GMrXTxEPLuK5ue,Don't Stop Believin',0rvjqX7ttXeg3mTy8Xscbt,Journey,81,False,250986,0.5,0.748,-9.072,0.0363,0.127,0.0,0.447,0.514,118.852,0
09IStsImFySgyp0pIQdqAc,The Middle,"2qxJFvFYMEDqd7ui6kSAcq,6WY7D3jk8zTrHtmkqqo5GI,4lDBihdpMlOalxy1jkUbPl","Zedd,Maren Morris,Grey",81,False,184732,0.753,0.657,-3.061,0.0449,0.171,0.0,0.112,0.437,107.01,1
55Am8neGJkdj2ADaM3aw5H,Train Wreck,4IWBUUAFIplrNtaOHcJPRM,James Arthur,81,False,208826,0.311,0.485,-5.726,0.0365,0.701,0.0,0.0726,0.225,77.355,0
5rb9QrpfcKFHM1EUbSIurX,Yeah! (feat. Lil Jon & Ludacris),"23zg3TcAtWQy7J6upgbUnj,7sfl4Xt5KmfyDs2T3SVSMK,3ipn9JLAPI5GUEo4y4jcoi","Usher,Lil Jon,Ludacris",81,False,250373,0.894,0.791,-4.699,0.112,0.0183,0.0,0.0388,0.583,105.018,1
5P5cGNzqh6A353N3ShDK6Y,Bad Romance,1HY2Jd0NmPuamShAr6KMms,Lady Gaga,81,True,294573,0.697,0.921,-3.75,0.0391,0.00305,3.65e-05,0.0831,0.721,118.99,0
2RttW7RAu5nOAfq6YFvApB,Happier,6eUKZXaKkcviH0Ku9w2n3V,Ed Sheeran,81,False,207520,0.522,0.385,-7.355,0.0288,0.536,0.0,0.135,0.236,89.792,0
0E4Y1XIbs8GrAT1YqVy6dq,Afterglow,6eUKZXaKkcviH0Ku9w2n3V,Ed Sheeran,81,False,185486,0.641,0.324,-5.851,0.0299,0.698,0.0,0.328,0.273,110.184,0
7hDc8b7IXETo14hHIHdnhd,Passionfruit,3TVXtAsR1Inumwj472S9r4,Drake,81,True,298940,0.809,0.463,-11.377,0.0396,0.256,0.085,0.109,0.364,111.98,0
7KXjTSCq5nL1LoYtL7XAwS,HUMBLE.,2YZyLoL8N0Wb9xBt1NhZWg,Kendrick Lamar,81,True,177000,0.908,0.621,-6.638,0.102,0.000282,5.39e-05,0.0958,0.421,150.011,0
6mORGLOz79w6VsCRLWYYuK,The Night We Met,6ltzsmQQbmdoHHbLZ4ZN25,Lord Huron,81,False,208211,0.443,0.369,-9.514,0.0441,0.969,0.277,0.638,0.0989,174.107,0
7sO5G9EABYOXQKNPNiE9NR,Ric Flair Drip (& Metro Boomin),"4DdkRBBYG6Yk9Ka8tdJ9BW,0iEtIxbK0KxaSlF7G42ZOp","Offset,Metro Boomin",81,True,172800,0.88,0.428,-8.28,0.206,0.149,5.07e-05,0.114,0.333,100.007,1
52okn5MNA47tk87PeZJLEL,Let You Down,6fOMl44jA4Sp5b9PpYCkzz,NF,81,False,212120,0.662,0.714,-5.68,0.121,0.312,0.0,0.179,0.464,147.997,0
1u8c2t2Cy7UBoG4ArRcF5g,Blank Space,06HL4z0CvFAxyc27GXpf02,Taylor Swift,81,False,231826,0.76,0.703,-5.412,0.054,0.103,0.0,0.0913,0.57,95.997,0
2nLtzopw4rPReszdYBJU6h,Numb,6XyY86QOPPrYVGvF9ch6wz,Linkin Park,81,False,185586,0.496,0.863,-4.153,0.0381,0.0046,0.0,0.639,0.243,110.018,0
5RubKOuDoPn5Kj5TLVxSxY,TE MUDASTE,4q3ewBCX7sLwd24euuV69X,Bad Bunny,81,True,130013,0.811,0.637,-4.835,0.0591,0.234,0.000572,0.118,0.471,92.025,0
7B3z0ySL9Rr0XvZEAjWZzM,Sofia,3l0CmX0FuQjFxr8SK7Vqag,Clairo,81,False,188386,0.744,0.619,-9.805,0.039,0.598,0.00372,0.231,0.641,112.997,0
7CHi4DtfK4heMlQaudCuHK,Lose Control,"0xRXCcSX89eobfrshSVdyu,4EPJlUEBy49EX1wuFOvtjK,2nm38smINjms1LtczR0Cei","MEDUZA,Becky Hill,Goodboys",81,False,168387,0.598,0.526,-8.659,0.0415,0.129,0.0,0.14,0.529,123.935,1
2TH65lNHgvLxCKXM3apjxI,Callaita,"4q3ewBCX7sLwd24euuV69X,0GM7qgcRCORpGnfcN2tCiB","Bad Bunny,Tainy",81,True,250533,0.61,0.624,-4.773,0.309,0.6,2.12e-06,0.243,0.244,176.169,1
7szuecWAPwGoV1e5vGu8tl,In Your Eyes,1Xyo4u8uXC1ZmMpatF05PJ,The Weeknd,81,True,237520,0.667,0.719,-5.371,0.0346,0.00285,8.1e-05,0.0736,0.717,100.021,0
2tUBqZG2AbRi7Q0BIrVrEj,I Wanna Dance with Somebody (Who Loves Me),6XpaIBNiVzIetEPCWDvAFP,Whitney Houston,81,False,291293,0.709,0.824,-8.824,0.0453,0.207,0.000307,0.0888,0.867,118.818,0
78qd8dvwea0Gosb6Fe6j3k,Boss Bitch,5cj0lLjcoR7YOSnhnX0Po5,Doja Cat,81,False,134239,0.707,0.955,-4.593,0.222,0.127,0.0,0.202,0.575,125.989,0
4l0Mvzj72xxOpRrp6h8nHi,Lose You To Love Me,0C8ZW7ezQVs4URX5aX7Kqx,Selena Gomez,81,False,206458,0.488,0.343,-8.985,0.0436,0.556,0.0,0.21,0.0978,102.819,0
4y3OI86AEP6PQoDE6olYhO,Sucker,7gOdHgIoIKoe4i9Tta6qdD,Jonas Brothers,81,False,181026,0.842,0.734,-5.065,0.0588,0.0427,0.0,0.106,0.952,137.958,0
4u7EnebtmKWzUH433cf5Qv,Bohemian Rhapsody - Remastered 2011,1dfeR4HaWDbWqFHLkxsg1d,Queen,81,False,354320,0.414,0.404,-9.928,0.0499,0.271,0.0,0.3,0.224,71.105,0
6u7jPi22kF8CTQ3rb9DHE7,Old Town Road - Remix,"7jVv8c5Fj3E9VhNjxT4snq,60rpJ9SgigSd16DOAG7GSa","Lil Nas X,Billy Ray Cyrus",81,False,157066,0.878,0.619,-5.56,0.102,0.0533,0.0,0.113,0.639,136.041,1
5KawlOMHjWeUjQtnuRs22c,Boy With Luv (feat. Halsey),"3Nrfpe0tUJi4K4DXYWgMUX,26VFTg2z8YR0cCuwLzESi2","BTS,Halsey",81,False,229773,0.645,0.862,-4.757,0.0965,0.0923,0.0,0.192,0.798,119.991,1
4ZLzoOkj0MPWrTLvooIuaa,Get You The Moon (feat. Snøw),"4qIVPF0s71ZYW3qzhu5GkF,5fSVkkuijRIpxuvSqysYiP","Kina,Snøw",81,False,179080,0.498,0.235,-16.541,0.188,0.72,0.0,0.144,0.0895,118.917,1
3a1lNhkSLSkpJE4MSHpDu9,Congratulations,"246dkjvS1zLTtiykXe5h60,0VRj0yCOv2FXJNP47XQnx5","Post Malone,Quavo",81,True,220293,0.63,0.804,-4.183,0.0363,0.215,0.0,0.253,0.492,123.146,1
3tNE4i6TBqMdyTZxHDAn9B,Sweet but Psycho,4npEfmQ6YuiwW1GpUmaq3F,Ava Max,81,False,187436,0.72,0.706,-4.719,0.0473,0.0684,0.0,0.166,0.62,133.002,0
6moU77g9RQyMzHNuKEaQKq,It's You,4rTv3Ejc7hKMtmoBOK1B4T,Ali Gatie,81,False,212606,0.732,0.463,-6.972,0.0287,0.374,0.0,0.194,0.397,95.971,0
0TK2YIli7K1leLovkQiNik,Señorita,"7n2wHs1TKAczGzO7Dd2rGr,4nDoRrQiYLoBzwC5BhVJzF","Shawn Mendes,Camila Cabello",81,False,190960,0.759,0.54,-6.039,0.0287,0.037,0.0,0.0945,0.75,116.947,1
696DnlkuDOXcMAnKlTgXXK,ROXANNE,0vRvGUQVUjytro0xpb26bs,Arizona Zervas,81,True,163636,0.621,0.601,-5.616,0.148,0.0522,0.0,0.46,0.457,116.735,0
2kJwzbxV2ppxnQoYw4GLBZ,If the World Was Ending (feat. Julia Michaels),"66W9LaWS0DPdL7Sz8iYGYe,0ZED1XzwlLHW4ZaG4lOT6m","JP Saxe,Julia Michaels",81,False,208687,0.464,0.473,-10.086,0.129,0.866,0.0,0.109,0.604,75.801,1
5a6pdCHlWS2ekOOQ70QnAr,July,55fhWPvDiMpLnE4ZzNXZyW,Noah Cyrus,81,False,156106,0.708,0.186,-8.953,0.0422,0.868,0.0,0.0779,0.321,72.541,0
5vdp5UmvTsnMEMESIF2Ym7,Another One Bites The Dust - Remastered 2011,1dfeR4HaWDbWqFHLkxsg1d,Queen,81,False,214653,0.933,0.528,-6.472,0.161,0.112,0.312,0.163,0.754,109.967,0
1xQ6trAsedVPCdbtDAmk0c,Savage Love (Laxed - Siren Beat),"56mfhUDKa1vec6rSLZV5Eg,07YZf4WDAMNwqr4jfgOZ8y","Jawsh 685,Jason Derulo",81,True,171374,0.767,0.481,-8.52,0.0803,0.234,0.0,0.269,0.761,150.076,1
4lsHZ92XCFOQfzJFBTluk8,You Got It,3wVXTWabe3viT0jF7DfjOL,Vedo,81,True,203144,0.762,0.433,-8.937,0.187,0.143,0.0,0.118,0.394,122.074,0
2r6OAV3WsYtXuXjvJ1lIDi,Hello (feat. A Boogie Wit da Hoodie),"0eDvMgVFoNV3TpwtrVCoTj,31W5EY0aAly4Qieq6OFu6I","Pop Smoke,A Boogie Wit da Hoodie",81,True,190534,0.905,0.647,-5.065,0.107,0.0187,0.0,0.282,0.367,130.97,1
2VgJDTfkuwlm7WIHnvtRCQ,You Are The Reason,6ydoSd3N2mwgwBHtF6K7eX,Calum Scott,81,False,204326,0.329,0.234,-7.725,0.0303,0.913,0.0,0.132,0.199,170.466,0
7ef4DlsgrMEH11cDZd32M6,One Kiss (with Dua Lipa),"7CajNmpbOovFoOoasH2HaY,6M2wZ9GZgrQXHCFfjv46we","Calvin Harris,Dua Lipa",81,False,214846,0.791,0.862,-3.24,0.11,0.037,2.19e-05,0.0814,0.592,123.994,1
02kDW379Yfd5PzW5A6vuGt,Lemonade,"6MPCFvOQv5cIGfw3jODMF0,2hlmm7s2ICUX0LVIhVFlZQ,4Gso3d4CscCijv0lmajZWs,7rkW85dBwwrJtlHRDkJDAC","Internet Money,Gunna,Don Toliver,NAV",81,True,195428,0.799,0.66,-6.153,0.079,0.256,0.0,0.111,0.471,140.04,1
7dt6x5M1jzdTEt8oCbisTK,Better Now,246dkjvS1zLTtiykXe5h60,Post Malone,81,True,231266,0.68,0.578,-5.804,0.04,0.331,0.0,0.135,0.341,145.038,0
6SFStUDQZNaGPKWOx9ZiJB,2002,1zNqDE7qDGCsyzJwohVaoX,Anne-Marie,81,False,186986,0.697,0.683,-2.881,0.117,0.0372,0.0,0.137,0.603,96.133,0
7ycWLEP1GsNjVvcjawXz3z,Praise The Lord (Da Shine) (feat. Skepta),"13ubrt8QOOCPljQ2FL1Kca,2p1fiYHYiXz9qi0JJyxBzN","A$AP Rocky,Skepta",81,True,205040,0.854,0.569,-8.151,0.106,0.0609,0.0816,0.1,0.294,80.015,1
1rqqCSm0Qe4I9rUvWncaom,High Hopes,20JZFwl6HVl6yg8a4H3ZqK,Panic! At The Disco,81,False,190946,0.579,0.904,-2.729,0.0618,0.193,0.0,0.064,0.681,82.014,0
59qrUpoplZxbIZxk6X0Bm3,Take You Dancing,07YZf4WDAMNwqr4jfgOZ8y,Jason Derulo,81,False,190306,0.789,0.711,-4.248,0.041,0.0332,0.0,0.0876,0.753,112.985,0
5O2P9iiztwhomNh8xkR9lJ,Night Changes,4AK6F7OLvEQ5QYCBNiQWHq,One Direction,81,False,226600,0.672,0.52,-7.747,0.0353,0.859,0.0,0.115,0.37,120.001,0
4nVBt6MZDDP6tRVdQTgxJg,Story of My Life,4AK6F7OLvEQ5QYCBNiQWHq,One Direction,81,False,245493,0.6,0.663,-5.802,0.0477,0.225,0.0,0.119,0.286,121.07,0
0lYBSQXN6rCTvUZvg9S0lU,Let Me Love You,"540vIaP2JwjQb9dm3aArA4,1uNFoZAHBGtllmzznpCI3s","DJ Snake,Justin Bieber",81,False,205946,0.649,0.716,-5.371,0.0349,0.0863,2.63e-05,0.135,0.163,99.988,1
5rZlwNFl01HqLWBQGryKSm,Mood Swings (feat. Lil Tjay),"0eDvMgVFoNV3TpwtrVCoTj,6jGMq4yGs7aQzuGsMgVgZR","Pop Smoke,Lil Tjay",81,True,213333,0.48,0.602,-6.335,0.368,0.487,0.0,0.0848,0.269,179.798,1
57RA3JGafJm5zRtKJiKPIm,Are You Bored Yet? (feat. Clairo),"0NIPkIjTV8mB795yEIiPYL,3l0CmX0FuQjFxr8SK7Vqag","Wallows,Clairo",81,False,178000,0.682,0.683,-6.444,0.0287,0.156,2.32e-05,0.273,0.64,120.023,1
0GjEhVFGZW8afUYGChu3Rr,Dancing Queen,0LcJLqbBmaGUft1e9Mm8HV,ABBA,81,False,230400,0.543,0.87,-6.514,0.0428,0.358,0.000939,0.792,0.754,100.804,0
2KpCpk6HjXXLb7nnXoXA5O,Ni**as In Paris,"3nFkdlSjzX9mRTtwJOzDYB,5K4W6rqBFWDnAN6FQUkS6x","JAY-Z,Kanye West",81,True,219333,0.757,0.882,-6.125,0.248,0.0763,0.0,0.251,0.684,140.047,1
6C7RJEIUDqKkJRZVWdkfkH,Stronger,5K4W6rqBFWDnAN6FQUkS6x,Kanye West,81,True,311866,0.625,0.726,-7.731,0.155,0.00728,0.0,0.318,0.483,103.98,0
2Z8WuEywRWYTKe1NybPQEW,Ride,3YQKmKGau1PzlVlkL1iodx,Twenty One Pilots,81,False,214506,0.645,0.713,-5.355,0.0393,0.00835,0.0,0.113,0.566,74.989,0
6i0V12jOa3mr6uu4WYhUBr,Heathens,3YQKmKGau1PzlVlkL1iodx,Twenty One Pilots,81,False,195920,0.732,0.396,-9.348,0.0286,0.0841,3.58e-05,0.105,0.548,90.024,0
0KKkJNfGyhkQ5aFogxQAPU,That's What I Like,0du5cEVh5yTK9QJze8zA0C,Bruno Mars,81,False,206693,0.853,0.56,-4.961,0.0406,0.013,0.0,0.0944,0.86,134.066,0
3kxfsdsCpFgN412fpnW85Y,Redbone,73sIBHcqh3Z3NyqHKZ7FOL,Childish Gambino,81,True,326933,0.745,0.356,-10.425,0.0941,0.172,0.00943,0.123,0.607,160.033,0
1LeWIs2hP2r5yOQnVuYoI5,Ain't No Mountain High Enough,"3koiLjNrgRTNbOwViDipeA,75jNCko3SnEMI5gwGqrbb8","Marvin Gaye,Tammi Terrell",80,False,151666,0.663,0.6,-10.87,0.032,0.43,0.0,0.184,0.8,129.991,1
1IIKrJVP1C9N7iPtG6eOsK,Go Crazy,"7bXgB6jMjp9ATFy66eO08Z,50co4Is1HCEo8bhOyUWKpn","Chris Brown,Young Thug",80,True,176960,0.755,0.578,-8.932,0.145,0.316,0.0,0.25,0.581,94.148,1
6xy6jNeNTYwjnKTDzMyHw2,Zombie,7t0rwkOPGlDPEhaOcVtOt9,The Cranberries,80,False,306440,0.309,0.649,-8.994,0.035,0.0158,0.00595,0.367,0.313,166.915,0
02WacdrRpm4zlP8H7X6bnQ,Dancing On My Own,6ydoSd3N2mwgwBHtF6K7eX,Calum Scott,80,False,260285,0.608,0.174,-8.796,0.0332,0.851,1.92e-05,0.0855,0.193,112.175,0
4iLqG9SeJSnt0cSPICSjxv,Attention,6VuMaDnrHyPL1p4EHjYLi7,Charlie Puth,80,False,208786,0.774,0.626,-4.432,0.0432,0.0969,3.12e-05,0.0848,0.777,100.041,0
527k23H0A4Q0UJN3vGs0Da,After Party,4Gso3d4CscCijv0lmajZWs,Don Toliver,80,True,167915,0.629,0.692,-8.045,0.0376,0.00981,0.331,0.603,0.453,162.948,0
54bFM56PmE4YLRnqpW6Tha,Therefore I Am,6qqNVTkY8uBg9cP3Jd7DAH,Billie Eilish,80,False,174321,0.889,0.34,-7.773,0.0697,0.218,0.13,0.055,0.716,94.009,0
5e9TFTbltYBg2xThimr0rU,The Chain - 2004 Remaster,08GQAI4eElDnROBrJRGE0X,Fleetwood Mac,80,False,270213,0.545,0.67,-8.81,0.0496,0.009,0.000822,0.0451,0.481,151.553,0
75ZvA4QfFiZvzhj2xkaWAh,I Fall Apart,246dkjvS1zLTtiykXe5h60,Post Malone,80,True,223346,0.556,0.538,-5.408,0.0382,0.0689,0.0,0.196,0.291,143.95,0
7AzlLxHn24DxjgQX73F9fU,No Idea,4Gso3d4CscCijv0lmajZWs,Don Toliver,80,False,154424,0.652,0.631,-5.718,0.0893,0.524,0.000579,0.165,0.35,127.998,0
3EPXxR3ImUwfayaurPi3cm,Be Alright,3QSQFmccmX81fWCUSPTS7y,Dean Lewis,80,True,196373,0.553,0.586,-6.319,0.0362,0.697,0.0,0.0813,0.443,126.684,0
1kBbgxAUc4HQv7cgIayIDH,Ransom,4Ga1P7PMIsmqEZqhYZQgDo,Lil Tecca,80,True,131240,0.745,0.642,-6.257,0.287,0.0204,0.0,0.0658,0.226,179.974,0
0azC730Exh71aQlOt9Zj3y,This Is What You Came For (feat. Rihanna),"7CajNmpbOovFoOoasH2HaY,5pKCCKE2ajJHZ9KAiaK11H","Calvin Harris,Rihanna",80,False,222160,0.631,0.927,-2.787,0.0332,0.199,0.119,0.148,0.465,123.962,1
7AFASza1mXqntmGtbxXprO,changes,15UsOTVnJzReFVN1VCnxy4,XXXTENTACION,80,False,121886,0.669,0.308,-10.068,0.029,0.883,0.0,0.0984,0.52,64.934,0
2aksifNn5ph8igDOkPBA02,Love On The Brain,5pKCCKE2ajJHZ9KAiaK11H,Rihanna,80,True,224000,0.509,0.637,-4.83,0.0471,0.0717,1.08e-05,0.0789,0.378,172.006,0
4UKCKdYiLN6IMA5ZESUTL7,the remedy for a broken heart (why am I so in love),15UsOTVnJzReFVN1VCnxy4,XXXTENTACION,80,True,160184,0.699,0.304,-11.192,0.0993,0.779,0.000993,0.137,0.271,119.705,0
0VgkVdmE4gld66l8iyGjgx,Mask Off,1RyvyyTE3xzB2ZywiAwp0i,Future,80,True,204600,0.833,0.434,-8.795,0.431,0.0102,0.0219,0.165,0.281,150.062,0
3RiPr603aXAoi4GHyXx0uy,Hymn for the Weekend,4gzpq5DPGxSnKTe4SA8HAU,Coldplay,80,False,258266,0.491,0.693,-6.487,0.0377,0.211,6.92e-06,0.325,0.412,90.027,0
5yY9lUy8nbvjM1Uyo1Uqoc,Life Is Good (feat. Drake),"1RyvyyTE3xzB2ZywiAwp0i,3TVXtAsR1Inumwj472S9r4","Future,Drake",80,True,237735,0.676,0.609,-5.831,0.481,0.0706,0.0,0.152,0.508,142.037,1
1mXVgsBdtIVeCLJnSnmtdV,Too Good At Goodbyes,2wY79sveU1sp5g7SokKOiI,Sam Smith,80,False,201000,0.681,0.372,-8.237,0.0432,0.64,0.0,0.169,0.476,91.873,0
35wvL50xvKpCHEJPxLOLPI,Si Estuviésemos Juntos,4q3ewBCX7sLwd24euuV69X,Bad Bunny,80,True,169247,0.672,0.594,-6.813,0.0789,0.0626,5.14e-05,0.152,0.158,171.854,0
1rfofaqEpACxVEHIZBJe6W,Havana (feat. Young Thug),"4nDoRrQiYLoBzwC5BhVJzF,50co4Is1HCEo8bhOyUWKpn","Camila Cabello,Young Thug",80,False,217306,0.765,0.523,-4.333,0.03,0.184,3.56e-05,0.132,0.394,104.988,1
0fioLzGM8ngbD1w6fMmm45,I'm Not The Only One,2wY79sveU1sp5g7SokKOiI,Sam Smith,80,False,239316,0.453,0.496,-5.785,0.0453,0.554,2.65e-05,0.0772,0.501,80.994,0
7KA4W4McWYRpgf0fWsJZWB,See You Again (feat. Kali Uchis),"4V8LLVI7PbaPR0K2TGSxFF,1U1el3k54VvEUzo3ybLPlM","Tyler, The Creator,Kali Uchis",80,True,180386,0.558,0.559,-9.222,0.0959,0.371,7.49e-06,0.109,0.62,78.558,1
71bBFbfn2OBK5QwUJSLS44,More Than You Know,2XnBwblw31dfGnspMIwgWz,Axwell /\ Ingrosso,80,False,203000,0.642,0.733,-5.001,0.0343,0.0274,0.0,0.266,0.519,123.075,0
3VvA1wSxukMLsvXoXtlwWx,Hecha Pa' Mi,2NfSBtmWe7oPw1EmetJVso,Boza,80,False,186133,0.725,0.756,-5.013,0.0572,0.362,0.000685,0.103,0.828,100.07,0
7aiClxsDWFRQ0Kzk5KI5ku,hot girl bummer,2cFrymmkijnjDg9SS92EPM,blackbear,80,True,188343,0.778,0.559,-7.109,0.0776,0.128,0.0,0.399,0.678,129.989,0
09mEdoA6zrmBPgTEN5qXmN,Call Out My Name,1Xyo4u8uXC1ZmMpatF05PJ,The Weeknd,80,False,228373,0.461,0.593,-4.954,0.0356,0.17,0.0,0.307,0.175,134.17,0
3gdewACMIVMEWVbyb8O9sY,"Rocket Man (I Think It's Going To Be A Long, Long Time)",3PhoLpVuITZKcymswpck5b,Elton John,80,False,281613,0.601,0.532,-9.119,0.0286,0.432,6.25e-06,0.0925,0.341,136.571,0
1F2HXIJrE2Xn81OzT2zZvW,Unforgettable,"6vXTefBL93Dj5IqAWq6OTv,1zNqQNIdeOUZHb8zbZRFMX","French Montana,Swae Lee",80,True,233901,0.726,0.769,-5.043,0.123,0.0293,0.0101,0.104,0.733,97.985,1
5Ohxk2dO5COHF1krpoPigN,Sign of the Times,6KImCVD70vtIoJWnq6nGn3,Harry Styles,80,False,340706,0.516,0.595,-4.63,0.0313,0.0275,0.0,0.109,0.222,119.972,0
7yq4Qj7cqayVTp3FF9CWbm,Riptide,10exVja0key0uqUkk6LJRT,Vance Joy,80,False,204280,0.484,0.731,-6.694,0.0379,0.431,0.0,0.151,0.51,101.654,0
62aP9fBQKYKxi7PDXwcUAS,ily (i love you baby) (feat. Emilee),"1lmU3giNF3CSbkVSQmLpHQ,4ArPQ1Opcksbbf3CPwEjWE","Surf Mesa,Emilee",80,False,176546,0.674,0.774,-7.567,0.0892,0.0686,0.00188,0.393,0.33,112.05,1
78QR3Wp35dqAhFEc2qAGjE,Drip Too Hard (Lil Baby & Gunna),"5f7VJjfbwm532GiveGC0ZK,2hlmm7s2ICUX0LVIhVFlZQ","Lil Baby,Gunna",80,True,145542,0.897,0.662,-6.903,0.292,0.0852,0.0,0.534,0.389,112.511,1
1TfqLAPs4K3s2rJMoCokcS,Sweet Dreams (Are Made of This) - Remastered,"0NKDgy9j66h3DLnN8qu1bB,5MspMQqdVbdwP6ax3GXqum,7gcCQIlkkfbul5Mt0jBQkg","Eurythmics,Annie Lennox,Dave Stewart",80,False,216933,0.692,0.711,-7.498,0.0317,0.225,0.0,0.12,0.875,125.135,1
4Of7rzpRpV1mWRbhp5rAqG,Bruises,4GNC7GD6oZMSxPGyXy4MNB,Lewis Capaldi,80,False,220492,0.736,0.308,-7.83,0.0677,0.946,0.0,0.186,0.361,111.202,0
5T8EDUDqKcs6OSOwEsfqG7,Don't Stop Me Now - Remastered 2011,1dfeR4HaWDbWqFHLkxsg1d,Queen,80,False,209413,0.559,0.868,-5.276,0.17,0.0475,0.000176,0.776,0.609,156.295,0
3HVWdVOQ0ZA45FuZGSfvns,I Don't Care (with Justin Bieber),"6eUKZXaKkcviH0Ku9w2n3V,1uNFoZAHBGtllmzznpCI3s","Ed Sheeran,Justin Bieber",80,False,219946,0.798,0.675,-5.041,0.0442,0.0912,0.0,0.0894,0.842,101.956,1
1fah1uAs7HeTYDlNftKr3K,Put Your Records On,7MPGCB854Qo4alYMOPkBka,Ritt Momney,80,False,210463,0.399,0.492,-10.777,0.0538,0.058,0.00101,0.11,0.159,91.066,0
4jvjzW7Hm0yK4LvvE0Paz9,Falling Down - Bonus Track,"2kCcBybjl3SAtIcwdWpUe3,15UsOTVnJzReFVN1VCnxy4","Lil Peep,XXXTENTACION",80,True,196400,0.669,0.574,-6.442,0.0286,0.0175,0.00294,0.146,0.273,120.013,1
69bp2EbF7Q2rqc5N3ylezZ,Sorry,1uNFoZAHBGtllmzznpCI3s,Justin Bieber,80,False,200786,0.654,0.76,-3.669,0.045,0.0797,0.0,0.299,0.41,99.945,0
6MWtB6iiXyIwun0YzU6DFP,Wow.,246dkjvS1zLTtiykXe5h60,Post Malone,80,True,149546,0.833,0.539,-7.399,0.178,0.163,2.1e-06,0.101,0.385,99.947,0
5y7DaS3jAc9eZzcSOoUIwU,Una Locura,"1i8SpTcr7yvPOmcqrbnVXY,1vyhD5VmyZ7KMfW5gqLgo5,37230BxxYs9ksS7OkZw3IU","Ozuna,J Balvin,Chencho Corleone",80,False,230693,0.714,0.761,-4.596,0.0427,0.139,0.00035,0.241,0.906,168.022,1
2wrJq5XKLnmhRXHIAf9xBa,"10,000 Hours (with Justin Bieber)","7z5WFjZAIYejWy0NI5lv4T,1uNFoZAHBGtllmzznpCI3s","Dan + Shay,Justin Bieber",80,False,167693,0.654,0.63,-4.644,0.0259,0.153,0.0,0.111,0.43,89.991,1
6Gg1gjgKi2AK4e0qzsR7sd,Bandit (with YoungBoy Never Broke Again),"4MCBfE4596Uoi2O4DtmEMz,7wlFDEWiM5OoIAt8RSli8b","Juice WRLD,YoungBoy Never Broke Again",80,True,189322,0.474,0.631,-5.884,0.343,0.0687,0.0,0.132,0.425,180.051,1
2kS6td1yvmpNgZTt1q5pQq,Hayloft,0e86yPdC41PGRkLp2Q1Bph,Mother Mother,80,False,181680,0.527,0.922,-2.666,0.0728,0.00475,0.000162,0.422,0.49,95.975,0
2iUXsYOEPhVqEBwsqP70rE,Youngblood,5Rl15oVamLq7FbSb0NNBNy,5 Seconds of Summer,80,False,203417,0.596,0.854,-5.114,0.463,0.0169,0.0,0.124,0.152,120.274,0
6gi6y1xwmVszDWkUqab1qw,OUT WEST (feat. Young Thug),"7A8S43ryYdbWpJKeHRZRcq,0Y5tJX1MQlPlqiwlOH1tJY,50co4Is1HCEo8bhOyUWKpn","JACKBOYS,Travis Scott,Young Thug",80,True,157712,0.802,0.591,-4.895,0.225,0.0104,0.0,0.196,0.309,139.864,1
2RlgNHKcydI9sayD2Df2xp,Mr. Blue Sky,7jefIIksOi1EazgRTfW2Pk,Electric Light Orchestra,80,False,303373,0.388,0.338,-10.054,0.0329,0.652,3.73e-06,0.248,0.478,177.765,0
3Z8FwOEN59mRMxDCtb8N0A,Be Kind (with Halsey),"64KEffDW9EtZ1y2vBYgq8T,26VFTg2z8YR0cCuwLzESi2","Marshmello,Halsey",80,False,172761,0.63,0.633,-7.088,0.0457,0.00776,0.0,0.0541,0.452,93.995,1
2IRZnDFmlqMuOrYOLnZZyc,Going Bad (feat. Drake),"20sxb77xiYeusSH8cVdatc,3TVXtAsR1Inumwj472S9r4","Meek Mill,Drake",80,True,180522,0.889,0.496,-6.365,0.0905,0.259,0.0,0.252,0.544,86.003,1
2vBET2pmrQqafaS6zIaYta,GIRL LIKE ME,"1yxSLGMDHlW21z4YXirZDS,0EmeFodog0BfCgMzAIvKQp","Black Eyed Peas,Shakira",80,True,222522,0.964,0.486,-8.891,0.188,0.0194,0.04,0.0694,0.318,124.058,1
4uoR6qeWeuL4Qeu2qJzkuG,Hawái,1r4hJ1h58CWwUQe3MxPuau,Maluma,80,False,200197,0.787,0.728,-3.455,0.389,0.189,2.29e-05,0.0629,0.545,180.066,0
0EhpEsp4L0oRGM0vmeaN5e,UN DIA (ONE DAY) (Feat. Tainy),"1vyhD5VmyZ7KMfW5gqLgo5,6M2wZ9GZgrQXHCFfjv46we,4q3ewBCX7sLwd24euuV69X,0GM7qgcRCORpGnfcN2tCiB","J Balvin,Dua Lipa,Bad Bunny,Tainy",80,False,232253,0.571,0.693,-8.234,0.0545,0.00536,0.0,0.173,0.393,168.169,1
3d9DChrdc6BOeFsbrZ3Is0,Under the Bridge,0L8ExT028jH3ddEcZwqJJ5,Red Hot Chili Peppers,80,False,264306,0.559,0.345,-13.496,0.0459,0.0576,0.000105,0.141,0.458,84.581,0
3H3r2nKWa3Yk5gt8xgmsEt,This City,6L1XC7NrmgWRlwAeLJvVtA,Sam Fischer,80,False,194853,0.605,0.377,-6.213,0.0443,0.733,0.0,0.0808,0.519,73.877,0
4DpNNXFMMxQEKl7r0ykkWA,Play Date,63yrD80RY3RNEM2YDpUpO8,Melanie Martinez,80,True,179867,0.68,0.729,-5.077,0.0475,0.612,0.0,0.224,0.446,123.97,0
3hUxzQpSfdDqwM3ZTFQY0K,august,06HL4z0CvFAxyc27GXpf02,Taylor Swift,80,False,261922,0.532,0.623,-9.208,0.0331,0.538,7.28e-05,0.0925,0.403,89.937,0
2tFwfmceQa1Y6nRPhYbEtC,CÓMO SE SIENTE - Remix,"0EFisYRi20PTADoJrifHrz,4q3ewBCX7sLwd24euuV69X","Jhay Cortez,Bad Bunny",80,True,227520,0.807,0.606,-8.871,0.088,0.0946,0.0,0.119,0.304,92.988,1
58q2HKrzhC3ozto2nDdN4z,I Like It,"4kYSro6naA4h99UJvo89HB,4q3ewBCX7sLwd24euuV69X,1vyhD5VmyZ7KMfW5gqLgo5","Cardi B,Bad Bunny,J Balvin",80,True,253390,0.816,0.726,-3.998,0.129,0.099,0.0,0.372,0.65,136.048,1
2JvzF1RMd7lE3KmFlsyZD8,MIDDLE CHILD,6l3HvQ5sa6mXTsMTB19rO5,J. Cole,80,True,213593,0.837,0.364,-11.713,0.276,0.149,0.0,0.271,0.463,123.984,0
3fVnlF4pGqWI9flVENcT28,Wildest Dreams,06HL4z0CvFAxyc27GXpf02,Taylor Swift,80,False,220440,0.553,0.664,-7.417,0.0741,0.0709,0.0056,0.106,0.467,140.06,0
2PpruBYCo4H7WOBJ7Q2EwM,Hey Ya!,1G9G7WwrXka3Z1r7aIDjI7,Outkast,80,False,235213,0.727,0.974,-2.261,0.0664,0.103,0.000532,0.174,0.965,79.526,0
5AjINjwKyRvQJhSe2zpPHi,Pop Out (feat. Lil Tjay),"6AgTAQt8XS6jRWi4sX7w49,6jGMq4yGs7aQzuGsMgVgZR","Polo G,Lil Tjay",79,True,166560,0.861,0.621,-7.106,0.362,0.121,0.0,0.0689,0.254,83.976,1
1Cv1YLb4q0RzL6pybtaMLo,Sunday Best,4ETSs924pXMzjIeD6E9b4u,Surfaces,79,False,158571,0.878,0.525,-6.832,0.0578,0.183,0.0,0.0714,0.694,112.022,0
2eAZfqOm4EnOF9VvN50Tyc,The Way Life Goes (feat. Oh Wonder),"4O15NlyKLIASxsJ0PrXPfz,5cIc3SBFuBLVxJz58W2tU9","Lil Uzi Vert,Oh Wonder",79,True,221746,0.703,0.757,-3.612,0.05,0.617,0.0,0.106,0.696,82.008,1
0E9ZjEAyAwOXZ7wJC0PD33,In My Mind,"3v6Ji4uoWtKRkhuDUaxi9n,1OAjDaKgg00KCUYqDe68un","Dynoro,Gigi D'Agostino",79,False,184560,0.694,0.77,-5.335,0.149,0.176,1.1e-05,0.118,0.163,125.905,1
12SJpYZEdj4kzWZ8FPFg4Y,All The Stars (with SZA),"2YZyLoL8N0Wb9xBt1NhZWg,7tYKF4w9nC0nq9CsPZTHyP","Kendrick Lamar,SZA",79,True,232186,0.715,0.62,-5.428,0.0507,0.0322,0.0142,0.0881,0.456,96.812,1
1fewSx2d5KIZ04wsooEBOz,Space Cadet (feat. Gunna),"0iEtIxbK0KxaSlF7G42ZOp,2hlmm7s2ICUX0LVIhVFlZQ","Metro Boomin,Gunna",79,True,203266,0.901,0.464,-9.789,0.0645,0.368,1.71e-05,0.238,0.638,109.004,1
47EWMOElkkbMp5m9SBkx7d,IDK You Yet,6sFHvCyqklnJpXC9Nh1aag,Alexander 23,79,False,184638,0.629,0.306,-11.735,0.0424,0.884,0.0776,0.124,0.191,76.994,0
3UoULw70kMsiVXxW0L3A33,pov,66CXWjxzNUsdJxJ2JdwvnR,Ariana Grande,79,False,201882,0.487,0.534,-5.664,0.0555,0.36,0.0,0.1,0.173,131.798,0
7vGuf3Y35N4wmASOKLUVVU,Silence,"64KEffDW9EtZ1y2vBYgq8T,6LuN9FCkKOj5PcnpouEgny","Marshmello,Khalid",79,False,180822,0.52,0.761,-3.093,0.0853,0.256,4.96e-06,0.17,0.286,141.971,1
5vGLcdRuSbUhD8ScwsGSdA,Whoopty,7arQA31aZVS8yS6zUveWzb,CJ,79,True,123262,0.719,0.648,-7.6,0.125,0.2,0.0,0.127,0.66,140.201,0
0yt31hMKZMiyIEfiBiLD2N,Whatever It Takes,53XhwfbYqKCa1cC15pYq2q,Imagine Dragons,79,False,201240,0.675,0.674,-4.984,0.0305,0.0409,0.0,0.128,0.569,134.941,0
5GkQIP5mWPi4KZLLXeuFTT,motive (with Doja Cat),"66CXWjxzNUsdJxJ2JdwvnR,5cj0lLjcoR7YOSnhnX0Po5","Ariana Grande,Doja Cat",79,True,167989,0.789,0.742,-5.664,0.0652,0.0681,0.0,0.166,0.661,116.965,1
5b88tNINg4Q4nrRbrCXUmg,"Happy - From ""Despicable Me 2""",2RdwBSPQiwcmiDo9kixcl8,Pharrell Williams,79,False,232720,0.647,0.822,-4.662,0.183,0.219,0.0,0.0908,0.962,160.019,0
6nsLzJfvp5OLd4mgqUJkpq,Waiting For Love,1vCWHaC5f2uS3yhpwWbIA6,Avicii,79,False,230613,0.577,0.741,-3.83,0.0501,0.298,0.0,0.142,0.581,128.081,0
1OOtq8tRnDM8kG2gqUPjAj,Beat It,3fMbdgg4jU18AjLCKBhRSm,Michael Jackson,79,False,258040,0.779,0.867,-3.704,0.0457,0.0491,7.98e-06,0.197,0.915,138.858,0
39shmbIHICJ2Wxnk1fPSdz,Should I Stay or Should I Go - Remastered,3RGLhK1IP9jnYFH4BRFJBS,The Clash,79,False,188986,0.743,0.836,-6.465,0.116,0.0804,0.0,0.384,0.82,113.375,0
5WHTFyqSii0lmT9R21abT8,Don't Call Me Up,1MIVXf74SZHmTIp4V4paH4,Mabel,79,False,178480,0.674,0.881,-2.853,0.147,0.296,3.01e-06,0.0793,0.234,98.994,0
0cqRj7pUJDkTCEsJkx8snD,Shake It Off,06HL4z0CvFAxyc27GXpf02,Taylor Swift,79,False,219200,0.647,0.8,-5.384,0.165,0.0647,0.0,0.334,0.942,160.078,0
68EMU2RD1ECNeOeJ5qAXCV,We Don't Talk Anymore (feat. Selena Gomez),"6VuMaDnrHyPL1p4EHjYLi7,0C8ZW7ezQVs4URX5aX7Kqx","Charlie Puth,Selena Gomez",79,False,217706,0.728,0.563,-8.053,0.134,0.621,0.0,0.179,0.352,100.017,1
4R2kfaDFhslZEMJqAFNpdd,cardigan,06HL4z0CvFAxyc27GXpf02,Taylor Swift,79,False,239560,0.613,0.581,-8.588,0.0424,0.537,0.000345,0.25,0.551,130.033,0
7hDVYcQq6MxkdJGweuCtl9,ocean eyes,6qqNVTkY8uBg9cP3Jd7DAH,Billie Eilish,79,False,200379,0.511,0.363,-7.65,0.041,0.816,0.0317,0.084,0.169,144.892,0
7hxHWCCAIIxFLCzvDgnQHX,"Lemonade (feat. Gunna, Don Toliver & NAV)","6MPCFvOQv5cIGfw3jODMF0,2hlmm7s2ICUX0LVIhVFlZQ,4Gso3d4CscCijv0lmajZWs,7rkW85dBwwrJtlHRDkJDAC","Internet Money,Gunna,Don Toliver,NAV",79,True,195428,0.8,0.658,-6.142,0.079,0.25,0.0,0.111,0.462,140.042,1
5u1n1kITHCxxp8twBcZxWy,Holy (feat. Chance The Rapper),"1uNFoZAHBGtllmzznpCI3s,1anyVhU62p31KFi8MEzkbf","Justin Bieber,Chance the Rapper",79,False,212093,0.673,0.704,-8.056,0.36,0.196,0.0,0.0898,0.372,86.919,1
2RSHsoi04658QL5xgQVov3,Bad Liar,53XhwfbYqKCa1cC15pYq2q,Imagine Dragons,79,False,260773,0.383,0.637,-6.993,0.0703,0.0722,0.0,0.368,0.0827,177.913,0
2FY7b99s15jUprqC0M5NCT,Natural,53XhwfbYqKCa1cC15pYq2q,Imagine Dragons,79,False,189466,0.704,0.611,-6.112,0.0409,0.217,0.0,0.0812,0.22,100.0,0
6N22FZs2ZhPBYi3b9XPajV,Still Don't Know My Name,2feDdbD5araYcm6JhFHHw7,Labrinth,79,False,153294,0.316,0.63,-5.963,0.117,0.471,0.262,0.205,0.313,89.643,0
2aFiaMXmWsM3Vj72F9ksBl,Cake By The Ocean,6T5tfhQCknKG4UnH90qGnz,DNCE,79,True,219146,0.774,0.764,-5.445,0.0518,0.156,0.0,0.0383,0.912,118.997,0
35UUpTmrcFXNIVIN26ujXl,Relación - Remix,"77ziqFxp5gaInVrF2lj4ht,4VMYDCV2IEDYJArk749S6m,1vyhD5VmyZ7KMfW5gqLgo5,7ltDVBr6mKbRvohxheJ9h1,329e4yvIujISKGKz1BZZbO","Sech,Daddy Yankee,J Balvin,ROSALÍA,Farruko",79,False,247308,0.793,0.771,-3.417,0.0959,0.0337,1.51e-06,0.284,0.835,171.943,1
2f0pn9DkEJwAzXApnFh5cr,Someone To You,4qWnlmXWuGv2TtuxtIWlJX,BANNERS,79,False,219801,0.52,0.903,-5.497,0.042,0.00517,0.0,0.254,0.652,74.988,0
2K87XMYnUMqLcX3zvtAF4G,Drag Me Down,4AK6F7OLvEQ5QYCBNiQWHq,One Direction,79,False,192120,0.73,0.703,-5.672,0.0369,0.109,0.0,0.0657,0.595,138.113,0
5Z3GHaZ6ec9bsiI5BenrbY,Young Dumb & Broke,6LuN9FCkKOj5PcnpouEgny,Khalid,79,False,202546,0.799,0.539,-6.351,0.0421,0.199,1.66e-05,0.165,0.394,136.948,0
20McUFi8KCIVdNDLrkTDuZ,Goosebumps,2o08sCWF5yyo2G4DCiT7T9,HVME,79,True,163208,0.767,0.659,-7.429,0.0444,0.325,0.0,0.13,0.439,124.946,0
2SiXAy7TuUkycRVbbWDEpo,You Shook Me All Night Long,711MCceyCBcFnzjGY4Q7Un,AC/DC,79,False,210173,0.532,0.767,-5.509,0.0574,0.00287,0.000513,0.39,0.755,127.361,0
6CcJMwBtXByIz4zQLzFkKc,i love you,6qqNVTkY8uBg9cP3Jd7DAH,Billie Eilish,79,False,291796,0.421,0.131,-18.435,0.0382,0.952,0.00453,0.109,0.12,137.446,0
3JKgcAa7r07ocVWcV8bS0H,21,6AgTAQt8XS6jRWi4sX7w49,Polo G,79,True,163797,0.783,0.479,-10.646,0.541,0.149,0.0,0.101,0.533,176.027,0
21N4Buj4xsyLb218lYle61,Chica Ideal,"07YUOmWljBTXwIseAUd9TW,0BqURncJM5B1BBu7UM51eq","Sebastian Yatra,Guaynaa",79,False,183240,0.574,0.891,-3.665,0.157,0.0847,0.0,0.16,0.707,100.978,1
7vrJn5hDSXRmdXoR30KgF1,BICHOTA,790FomKkXshlbRYZFtlgla,KAROL G,79,True,178946,0.863,0.666,-4.158,0.152,0.212,0.000493,0.103,0.838,163.908,0
2MbdDtCv5LUVjYy9RuGTgC,"WHATS POPPIN (feat. DaBaby, Tory Lanez & Lil Wayne) - Remix","2jku7tDXc6XoB6MO2hFuqg,2LIk90788K0zvyj2JJVwkJ,4r63FhuTkUYltbVAg5TQnk,55Aa2cqylxrFIXC767Z865","Tory Lanez,Jack Harlow,DaBaby,Lil Wayne",79,True,227478,0.904,0.723,-5.224,0.26,0.0631,0.0,0.185,0.835,145.013,1
5IUtvfNvOyVYZUa6AJFrnP,Spicy (feat. Post Malone),"7c0XG5cIJTrrAgEC3ULPiq,246dkjvS1zLTtiykXe5h60","Ty Dolla $ign,Post Malone",79,True,143375,0.782,0.51,-5.724,0.0419,0.143,0.0,0.115,0.118,99.993,1
6IBcOGPsniK3Pso1wHIhew,Forever After All,718COspgdWOnwOFpJHRZHS,Luke Combs,79,False,232533,0.487,0.65,-5.195,0.0253,0.191,0.0,0.0933,0.456,151.964,0
5p7ujcrUXASCNwRaWNHR1C,Without Me,26VFTg2z8YR0cCuwLzESi2,Halsey,79,True,201660,0.752,0.488,-7.05,0.0705,0.297,9.11e-06,0.0936,0.533,136.041,0
6Ozh9Ok6h4Oi1wUSLtBseN,BOP,4r63FhuTkUYltbVAg5TQnk,DaBaby,79,True,159714,0.769,0.787,-3.909,0.367,0.189,0.0,0.129,0.836,126.77,0
4y4spB9m0Q6026KfkAvy9Q,Lonely (with benny blanco),"1uNFoZAHBGtllmzznpCI3s,5CiGnKThu5ctn9pBxv7DGa","Justin Bieber,benny blanco",79,True,149297,0.631,0.239,-7.071,0.0398,0.864,0.0,0.116,0.0927,79.859,1
6PGoSes0D9eUDeeAafB2As,LOVE. FEAT. ZACARI.,"2YZyLoL8N0Wb9xBt1NhZWg,3qBKjEOanahMxlRojwCzhI","Kendrick Lamar,Zacari",79,True,213400,0.8,0.585,-7.343,0.0924,0.264,0.0,0.153,0.779,126.058,1
4kLLWz7srcuLKA7Et40PQR,I Gotta Feeling,1yxSLGMDHlW21z4YXirZDS,Black Eyed Peas,79,False,289133,0.743,0.766,-6.375,0.0265,0.0873,0.0,0.509,0.61,127.96,0
2ekn2ttSfGqwhhate0LSR0,New Rules,6M2wZ9GZgrQXHCFfjv46we,Dua Lipa,79,False,209320,0.762,0.7,-6.021,0.0694,0.00261,1.56e-05,0.153,0.608,116.073,0
5Q0Nhxo0l2bP3pNjpGJwV1,Party In The U.S.A.,5YGY8feqx7naU7z4HrwZM6,Miley Cyrus,79,False,202066,0.652,0.698,-4.667,0.042,0.00112,0.000115,0.0886,0.47,96.021,0
3XVBdLihbNbxUwZosxcGuJ,If I Ain't Got You,3DiDSECUqqY1AuBP8qtaIa,Alicia Keys,79,False,228706,0.609,0.444,-9.129,0.106,0.603,6.86e-06,0.104,0.166,118.402,0
6RsWqX8zABZLhZydXxEFOm,Can't Feel My Face,1Xyo4u8uXC1ZmMpatF05PJ,The Weeknd,79,False,213520,0.702,0.77,-5.416,0.0482,0.124,0.0,0.103,0.593,107.951,0
7eBqSVxrzQZtK2mmgRG6lC,Murder On My Mind,1cNDP5yjU5vjeR8qMf4grg,YNW Melly,79,True,268434,0.759,0.73,-7.985,0.0516,0.145,3.06e-06,0.11,0.74,115.007,0
5f1joOtoMeyppIcJGZQvqJ,Be Like That - feat. Swae Lee & Khalid,"3oSJ7TBVCWMDMiYjXNiCKE,1zNqQNIdeOUZHb8zbZRFMX,6LuN9FCkKOj5PcnpouEgny","Kane Brown,Swae Lee,Khalid",79,False,191406,0.727,0.626,-8.415,0.0726,0.0469,2.58e-05,0.126,0.322,86.97,1
0QsvXIfqM0zZoerQfsI9lm,Don't Let Me Down,"69GGBxA162lTqCwzJG5jLp,6Dd3NScHWwnW6obMFbl1BH","The Chainsmokers,Daya",79,False,208373,0.542,0.859,-5.651,0.197,0.16,0.00466,0.137,0.403,159.797,1
5hVghJ4KaYES3BFUATCYn0,EARFQUAKE,4V8LLVI7PbaPR0K2TGSxFF,"Tyler, The Creator",79,True,190066,0.554,0.498,-8.866,0.0685,0.23,5.98e-06,0.795,0.413,79.635,0
6XHVuErjQ4XNm6nDPVCxVX,No Guidance (feat. Drake),"7bXgB6jMjp9ATFy66eO08Z,3TVXtAsR1Inumwj472S9r4","Chris Brown,Drake",79,True,260640,0.696,0.454,-6.756,0.153,0.123,0.0,0.155,0.136,92.928,1
3KJ3opyV29269SXkPrc19l,120,4q3ewBCX7sLwd24euuV69X,Bad Bunny,79,True,151506,0.636,0.656,-5.542,0.0676,0.451,7.97e-06,0.287,0.439,171.918,0
4kflIGfjdZJW4ot2ioixTB,Someone Like You,4dpARuHxo51G3z768sgnrY,Adele,79,False,285240,0.559,0.33,-8.251,0.0285,0.892,0.0,0.0975,0.285,135.109,0
6Qyc6fS4DsZjB2mRW9DsQs,Iris,2sil8z5kiy4r76CRTXxBCA,The Goo Goo Dolls,79,False,289533,0.315,0.715,-8.072,0.0362,0.00125,7.97e-06,0.0942,0.497,155.925,0
2dOTkLZFbpNXrhc24CnTFd,Titanium (feat. Sia),"1Cs0zKBU1kc0i8ypK3B9ai,5WUlDfRSoLAfcVSX1WnrxN","David Guetta,Sia",79,False,245040,0.604,0.787,-3.674,0.103,0.0679,0.15,0.127,0.301,126.062,1
7129iqBafaphfc3WPCGC0L,7 Years,25u4wHJWxCA9vO0CzxAbK7,Lukas Graham,79,False,237300,0.742,0.479,-5.83,0.0551,0.29,0.0,0.391,0.346,119.951,0
017PF4Q3l4DBUiWoXk4OWT,Break My Heart,6M2wZ9GZgrQXHCFfjv46we,Dua Lipa,79,False,221820,0.73,0.729,-3.434,0.0884,0.167,1.39e-06,0.349,0.467,113.011,0
0RLLvYBopDwooCyvnTwgYu,F.N,6jGMq4yGs7aQzuGsMgVgZR,Lil Tjay,79,True,224000,0.567,0.515,-10.265,0.247,0.354,0.0,0.078,0.321,120.1,0
6Pgmqg15yVexuOgtzuxwoX,Dancing in My Room,0bBz5bRBkExaej2HxtVfCw,347aidan,79,True,180138,0.98,0.413,-11.052,0.101,0.671,7.95e-05,0.17,0.764,119.993,0
5jvgec3P4jyoZUPTy2pWDR,Line Without a Hook,0ZUvK7zGdXLd78mQr3t1Tw,Ricky Montgomery,79,False,249586,0.432,0.652,-4.969,0.0285,0.262,0.0,0.258,0.507,190.028,0
1Tt4sE4pXi57mTD1GCzsqm,Needed Me,5pKCCKE2ajJHZ9KAiaK11H,Rihanna,79,True,191600,0.671,0.314,-8.091,0.244,0.11,0.0,0.0825,0.296,110.898,0
4rPkN1FMzQyFNP9cLUGIIB,Love Again,6M2wZ9GZgrQXHCFfjv46we,Dua Lipa,79,False,258004,0.659,0.667,-4.668,0.0339,0.00173,2.85e-05,0.1,0.468,115.982,0
3p6hnejEQYXkiTO1lAzVc0,Euphoria,3Nrfpe0tUJi4K4DXYWgMUX,BTS,79,False,228615,0.637,0.799,-4.519,0.0338,0.394,0.0,0.0921,0.562,104.995,0
1j4kHkkpqZRBwE0A4CN4Yv,Dusk Till Dawn - Radio Edit,"5ZsFI1h6hIdQRw2ti0hz81,5WUlDfRSoLAfcVSX1WnrxN","ZAYN,Sia",79,False,239000,0.258,0.437,-6.593,0.039,0.101,1.27e-06,0.106,0.0967,180.043,1
7EmGUiUaOSGDnUUQUDrOXC,Wolves,"0C8ZW7ezQVs4URX5aX7Kqx,64KEffDW9EtZ1y2vBYgq8T","Selena Gomez,Marshmello",79,False,197993,0.715,0.802,-4.647,0.0394,0.139,0.0,0.177,0.327,124.989,1
7k4t7uLgtOxPwTpFmtJNTY,Tusa,"790FomKkXshlbRYZFtlgla,0hCNtLu0JehylgoiP8L4Gh","KAROL G,Nicki Minaj",79,False,200960,0.803,0.715,-3.28,0.298,0.295,0.000134,0.0574,0.574,101.085,1
1gihuPhrLraKYrJMAEONyc,Feel So Close - Radio Edit,7CajNmpbOovFoOoasH2HaY,Calvin Harris,79,False,206413,0.707,0.924,-2.842,0.031,0.000972,0.00703,0.204,0.919,127.937,0
08bNPGLD8AhKpnnERrAc6G,FRIENDS,"64KEffDW9EtZ1y2vBYgq8T,1zNqDE7qDGCsyzJwohVaoX","Marshmello,Anne-Marie",79,True,202620,0.626,0.88,-2.384,0.0504,0.205,0.0,0.128,0.534,95.079,1
41wtwzCZkXwpnakmwJ239F,Si Veo a Tu Mamá,4q3ewBCX7sLwd24euuV69X,Bad Bunny,79,False,170971,0.9,0.603,-5.313,0.0646,0.402,4.81e-06,0.134,0.824,129.928,0
69vlMrzHwATKzupwNcUPyK,La Santa,"4q3ewBCX7sLwd24euuV69X,4VMYDCV2IEDYJArk749S6m","Bad Bunny,Daddy Yankee",79,True,206420,0.744,0.868,-4.524,0.047,0.0326,0.0,0.0822,0.586,93.037,1
0ono6UCNVZ1XqOm6j78Blu,Filter,3Nrfpe0tUJi4K4DXYWgMUX,BTS,79,False,180220,0.781,0.762,-5.188,0.0626,0.0222,0.0,0.121,0.86,110.042,0
5OCJzvD7sykQEKHH7qAC3C,God is a woman,66CXWjxzNUsdJxJ2JdwvnR,Ariana Grande,79,True,197546,0.602,0.658,-5.934,0.0558,0.0233,6e-05,0.237,0.268,145.031,0
2DEZmgHKAvm41k4J3R2E9Y,Safaera,"4q3ewBCX7sLwd24euuV69X,4IMAo2UQchVFyPH24PAjUs,12vb80Km0Ew53ABfJOepVz","Bad Bunny,Jowell & Randy,Ñengo Flow",79,True,295176,0.607,0.829,-4.074,0.379,0.0103,0.0,0.107,0.685,96.172,1
3QzAOrNlsabgbMwlZt7TAY,Ballin' (with Roddy Ricch),"0YinUQ50QDB7ZxSCLyQ40k,757aE44tKEUQEqRuT6GnEB","Mustard,Roddy Ricch",79,True,180434,0.809,0.545,-6.678,0.0735,0.392,0.0,0.151,0.244,97.008,1
1jaTQ3nqY3oAAYyCTbIvnM,WHATS POPPIN,2LIk90788K0zvyj2JJVwkJ,Jack Harlow,79,True,139741,0.923,0.604,-6.671,0.245,0.017,0.0,0.272,0.826,145.062,0
39Yp9wwQiSRIDOvrVg7mbk,THE SCOTTS,"2PaZWGu5T5nHjY2xxAkFsT,0Y5tJX1MQlPlqiwlOH1tJY,0fA0VVWsXO9YnASrzqfmYu","THE SCOTTS,Travis Scott,Kid Cudi",79,True,165977,0.716,0.537,-7.648,0.0514,0.233,0.0,0.157,0.28,129.979,1
4wVOKKEHUJxHCFFNUWDn0B,Chicago Freestyle (feat. Giveon),"3TVXtAsR1Inumwj472S9r4,4fxd5Ee7UefO4CUXgwJ7IP","Drake,Giveon",79,True,220487,0.735,0.449,-7.507,0.347,0.629,0.0,0.113,0.0397,122.947,1
1VGzxJnVQND7Cg5H5wGj14,YEAH RIGHT,3MZsBdqDrRTJihTHQrO6Dq,Joji,78,True,174357,0.672,0.588,-9.573,0.133,0.619,0.241,0.0992,0.204,169.033,0
2BJSMvOGABRxokHKB0OI8i,Shoota (feat. Lil Uzi Vert),"699OTQXzgjhIYAHMy9RyPD,4O15NlyKLIASxsJ0PrXPfz","Playboi Carti,Lil Uzi Vert",78,True,153800,0.673,0.649,-8.433,0.196,0.188,0.0,0.122,0.47,153.075,1
7wrDRQgHlvDnimrRHfQZxt,Psycho (feat. Ty Dolla $ign),"246dkjvS1zLTtiykXe5h60,7c0XG5cIJTrrAgEC3ULPiq","Post Malone,Ty Dolla $ign",78,True,221440,0.748,0.546,-8.134,0.106,0.59,0.0,0.112,0.413,140.005,1
6NfrH0ANGmgBXyxgV2PeXt,La Difícil,4q3ewBCX7sLwd24euuV69X,Bad Bunny,78,True,163084,0.685,0.848,-4.561,0.0858,0.0861,7.14e-06,0.0783,0.761,179.87,0
5JqZ3oqF00jkT81foAFvqg,Prisoner (feat. Dua Lipa),"5YGY8feqx7naU7z4HrwZM6,6M2wZ9GZgrQXHCFfjv46we","Miley Cyrus,Dua Lipa",78,False,169333,0.781,0.67,-3.912,0.0452,0.0103,0.0,0.0761,0.595,127.99,1
2Bs4jQEGMycglOfWPBqrVG,Steal My Girl,4AK6F7OLvEQ5QYCBNiQWHq,One Direction,78,False,228133,0.536,0.768,-5.948,0.0347,0.00433,0.0,0.114,0.545,77.217,0
0OyQns5ayNK2OVaES0Vb8t,Righteous,4MCBfE4596Uoi2O4DtmEMz,Juice WRLD,78,True,242180,0.707,0.622,-6.951,0.031,0.0397,0.0,0.149,0.223,142.942,0
0prNGof3XqfTvNDxHonvdK,Scars To Your Beautiful,2wUjUUtkb5lvLKcGKsKqsR,Alessia Cara,78,False,230226,0.573,0.739,-5.74,0.129,0.0285,0.0,0.111,0.451,97.085,0
1s9DTymg5UQrdorZf43JQm,Fell In Luv (feat. Bryson Tiller),"699OTQXzgjhIYAHMy9RyPD,2EMAnMvWE2eb56ToJVfCWs","Playboi Carti,Bryson Tiller",78,True,206333,0.657,0.668,-6.208,0.136,0.0273,0.0,0.32,0.227,162.997,1
5SWnsxjhdcEDc7LJjq9UHk,Runnin,"1URnnhqYAYcrqrcwql10ft,0iEtIxbK0KxaSlF7G42ZOp","21 Savage,Metro Boomin",78,True,195906,0.819,0.626,-4.574,0.202,0.00748,0.101,0.167,0.415,143.01,1
41zXlQxzTi6cGAjpOXyLYH,idontwannabeyouanymore,6qqNVTkY8uBg9cP3Jd7DAH,Billie Eilish,78,False,203569,0.483,0.412,-8.461,0.0402,0.737,0.0,0.116,0.247,170.163,0
6SAKXCj5jyF6IgPCPbZ5ra,Armed And Dangerous,4MCBfE4596Uoi2O4DtmEMz,Juice WRLD,78,True,169999,0.736,0.67,-6.702,0.311,0.186,0.0,0.114,0.845,130.032,0
6EDO9iiTtwNv6waLwa1UUq,POPSTAR (feat. Drake),"0QHgL1lAIqAw0HtD7YldmP,3TVXtAsR1Inumwj472S9r4","DJ Khaled,Drake",78,True,200221,0.8,0.56,-4.818,0.261,0.057,0.0,0.134,0.45,163.071,1
2t8yVaLvJ0RenpXUIAC52d,a lot,1URnnhqYAYcrqrcwql10ft,21 Savage,78,True,288624,0.837,0.636,-7.643,0.086,0.0395,0.00125,0.342,0.274,145.972,0
51Of5p3lKZeOg6itfs4og4,Lovefool,7ACEUD7UsmmXrnj4OLt8f9,twocolors,78,False,190487,0.677,0.766,-6.896,0.0568,0.0219,6.81e-06,0.129,0.198,123.062,0
5p1ex0pXv6jSPJ6QbumQpD,Piece Of Your Heart,"0xRXCcSX89eobfrshSVdyu,2nm38smINjms1LtczR0Cei","MEDUZA,Goodboys",78,False,152913,0.677,0.744,-6.806,0.0295,0.0404,0.00016,0.074,0.631,124.08,1
4SFknyjLcyTLJFPKD2m96o,How You Like That,41MozSoPIsD1dJM0CLPjZF,BLACKPINK,78,False,182956,0.812,0.761,-5.222,0.0812,0.0465,0.000135,0.0601,0.344,130.032,0
0k7wmahjkn389wAZdz19Cv,Drankin N Smokin,"1RyvyyTE3xzB2ZywiAwp0i,4O15NlyKLIASxsJ0PrXPfz","Future,Lil Uzi Vert",78,True,213520,0.752,0.658,-6.297,0.342,0.0421,0.0,0.0927,0.387,151.951,1
4rHZZAmHpZrA3iH5zx8frV,Mirrors,31TPClRtHm23RisEBtV3X7,Justin Timberlake,78,False,484146,0.574,0.512,-6.664,0.0503,0.234,0.0,0.0946,0.512,76.899,0
4evmHXcjt3bTUHD1cvny97,Beautiful People (feat. Khalid),"6eUKZXaKkcviH0Ku9w2n3V,6LuN9FCkKOj5PcnpouEgny","Ed Sheeran,Khalid",78,False,197866,0.64,0.648,-8.113,0.187,0.124,0.0,0.0802,0.548,92.977,1
24ySl2hOPGCDcxBxFIqWBu,Rain On Me (with Ariana Grande),"1HY2Jd0NmPuamShAr6KMms,66CXWjxzNUsdJxJ2JdwvnR","Lady Gaga,Ariana Grande",78,False,182200,0.672,0.855,-3.764,0.0397,0.021,0.0,0.323,0.646,123.056,1
0AUyNF6iFxMNQsNx2nhtrw,Blood // Water,4ZgQDCtRqZlhLswVS6MHN4,grandson,78,False,216720,0.51,0.882,-5.659,0.159,0.00158,0.00206,0.0764,0.653,154.029,0
2fQrGHiQOvpL9UgPvtYy6G,Bank Account,1URnnhqYAYcrqrcwql10ft,21 Savage,78,True,220306,0.884,0.346,-8.228,0.351,0.0151,7.04e-06,0.0871,0.376,75.016,0
3cFsmM51N5zMAuu1nNY4Tw,No Lie,"3Isy6kedDrgPYoTS1dazA9,6M2wZ9GZgrQXHCFfjv46we","Sean Paul,Dua Lipa",78,False,221176,0.741,0.891,-2.824,0.119,0.0437,0.0,0.256,0.449,102.002,1
6xcJyGpfZbuuiequtnlKt4,BUTTERFLY EFFECT,0Y5tJX1MQlPlqiwlOH1tJY,Travis Scott,78,False,190557,0.764,0.628,-5.851,0.0503,0.053,0.0,0.114,0.196,140.963,0
2fuCquhmrzHpu5xcA1ci9x,Under Pressure - Remastered 2011,"1dfeR4HaWDbWqFHLkxsg1d,0oSGxfWSnnOXhD2fKuz2Gy","Queen,David Bowie",78,False,248440,0.671,0.712,-7.815,0.0476,0.429,0.0,0.103,0.462,113.805,1
3zHq9ouUJQFQRf3cm1rRLu,"Love Me Like You Do - From ""Fifty Shades Of Grey""",0X2BH1fck6amBIoJhDVmmJ,Ellie Goulding,78,False,252534,0.262,0.606,-6.646,0.0484,0.247,0.0,0.125,0.275,189.857,0
1VdZ0vKfR5jneCmWIUAMxK,The A Team,6eUKZXaKkcviH0Ku9w2n3V,Ed Sheeran,78,False,258373,0.642,0.289,-9.918,0.0367,0.669,0.0,0.18,0.407,84.996,0
0PDUDa38GO8lMxLCRc4lL1,PILLOWTALK,5ZsFI1h6hIdQRw2ti0hz81,ZAYN,78,True,202746,0.584,0.7,-4.275,0.0456,0.117,0.0,0.0939,0.438,124.944,0
6vBdBCoOhKHiYDDOcorfNo,Goodbyes (feat. Young Thug),"246dkjvS1zLTtiykXe5h60,50co4Is1HCEo8bhOyUWKpn","Post Malone,Young Thug",78,True,174853,0.58,0.653,-3.818,0.0745,0.447,0.0,0.111,0.175,150.231,1
5J7teKIJGtqVypgYI6sqXj,Una Vez,"4q3ewBCX7sLwd24euuV69X,0Q8NcsJwoCbZOHHW63su5S","Bad Bunny,Mora",78,True,232496,0.55,0.598,-5.402,0.0831,0.132,2.58e-06,0.0955,0.543,83.836,1
2qT1uLXPVPzGgFOx4jtEuo,no tears left to cry,66CXWjxzNUsdJxJ2JdwvnR,Ariana Grande,78,False,205920,0.699,0.713,-5.507,0.0594,0.04,3.11e-06,0.294,0.354,121.993,0
11kDth1aKUEUMq9r1pqyds,5% TINT,0Y5tJX1MQlPlqiwlOH1tJY,Travis Scott,78,True,196138,0.712,0.481,-5.415,0.0487,0.173,0.0,0.241,0.062,140.0,0
2rPHUAeUPbNgTmK18FPTiZ,GO (feat. Juice WRLD),"2tIP7SsRs7vjIcLrU85W8J,4MCBfE4596Uoi2O4DtmEMz","The Kid LAROI,Juice WRLD",78,True,181688,0.487,0.74,-4.973,0.0944,0.157,0.0,0.612,0.522,73.779,1
2gTdDMpNxIRFSiu7HutMCg,I Think I'm OKAY (with YUNGBLUD & Travis Barker),"6TIYQ3jFPwQSRmorSezPxX,6Ad91Jof8Niiw0lGLLi3NW,4exLIFE8sISLr28sqG1qNX","Machine Gun Kelly,YUNGBLUD,Travis Barker",78,True,169397,0.628,0.744,-4.718,0.0379,0.0257,0.0,0.313,0.277,119.921,1
22LAwLoDA5b4AaGSkg6bKW,Blueberry Faygo,5zctI4wO9XSKS8XwcnqEHk,Lil Mosey,78,True,162546,0.774,0.554,-7.909,0.0383,0.207,0.0,0.132,0.349,99.034,0
4aWmUDTfIPGksMNLV2rQP2,Despacito,"4V8Sr092TqfHkfAA5fXXqG,4VMYDCV2IEDYJArk749S6m","Luis Fonsi,Daddy Yankee",78,False,229360,0.66,0.786,-4.757,0.17,0.209,0.0,0.112,0.846,177.833,1
5w9c2J52mkdntKOmRLeM2m,Con Calma,"4VMYDCV2IEDYJArk749S6m,3uZFBSsMiooimnprFL9jD1","Daddy Yankee,Snow",78,False,193226,0.737,0.86,-2.652,0.0593,0.11,1.94e-06,0.0574,0.656,93.989,1
6pyzBTIjcO2AMkKE6x2Otb,Stayin Alive,1LZEQNv7sE11VDY3SdxQeN,Bee Gees,78,False,285373,0.703,0.826,-7.179,0.0341,0.0322,0.00629,0.179,0.945,103.564,0
0SqqAgdovOE24BzxIClpjw,Yo Perreo Sola,4q3ewBCX7sLwd24euuV69X,Bad Bunny,78,False,172127,0.86,0.758,-5.16,0.0695,0.021,6.54e-05,0.344,0.453,97.014,0
18uwL0vNUanqZH0ro2QcOP,comethru,3gIRvgZssIb9aiirIg0nI3,Jeremy Zucker,78,False,181613,0.795,0.178,-11.991,0.0574,0.607,0.0,0.623,0.608,93.982,0
0bzbvANY6oETSJLc0wlVGY,Lover,06HL4z0CvFAxyc27GXpf02,Taylor Swift,78,False,221306,0.359,0.543,-7.582,0.0915,0.492,1.57e-05,0.118,0.453,68.504,0
152lZdxL1OR0ZMW6KquMif,Location,6LuN9FCkKOj5PcnpouEgny,Khalid,78,False,219080,0.736,0.449,-11.462,0.425,0.33,0.000162,0.0898,0.326,80.126,0
6vN77lE9LK6HP2DewaN6HZ,Yes Indeed,"5f7VJjfbwm532GiveGC0ZK,3TVXtAsR1Inumwj472S9r4","Lil Baby,Drake",78,True,142273,0.963,0.346,-9.309,0.53,0.0355,0.0,0.108,0.562,119.957,1
4pbJqGIASGPr0ZpGpnWkDn,We Will Rock You - Remastered 2011,1dfeR4HaWDbWqFHLkxsg1d,Queen,78,False,122066,0.692,0.497,-7.316,0.119,0.676,0.0,0.259,0.475,81.308,0
6PCUP3dWmTjcTtXY02oFdT,Castle on the Hill,6eUKZXaKkcviH0Ku9w2n3V,Ed Sheeran,78,False,261153,0.461,0.834,-4.868,0.0989,0.0232,1.14e-05,0.14,0.471,135.007,0
1Av69kr9JitqPWo7WJLS5q,Can We Kiss Forever?,"4qIVPF0s71ZYW3qzhu5GkF,7KHA7OOevgTDFhlym0oEyP","Kina,Adriana Proenza",78,False,187931,0.493,0.13,-18.725,0.0369,0.898,0.0223,0.0941,0.119,109.852,1
4pvb0WLRcMtbPGmtejJJ6y,exile (feat. Bon Iver),"06HL4z0CvFAxyc27GXpf02,4LEiUm1SRbFMgfqnQTwUbQ","Taylor Swift,Bon Iver",78,False,285634,0.298,0.38,-8.426,0.0287,0.778,5.62e-05,0.11,0.152,75.602,1
0y1QJc3SJVPKJ1OvFmFqe6,Way down We Go,7jdFEYD2LTYjfwxOdlVjmc,KALEO,78,False,213706,0.489,0.505,-8.022,0.117,0.579,0.000333,0.104,0.337,163.255,0
1WP1r7fuvRqZRnUaTi2I1Q,Stitches,7n2wHs1TKAczGzO7Dd2rGr,Shawn Mendes,78,False,206880,0.746,0.754,-6.681,0.067,0.0152,0.0,0.0486,0.764,149.882,0
7N3PAbqfTjSEU1edb2tY8j,Jump - 2015 Remaster,2cnMpRsOVqtPMfq7YiFE6K,Van Halen,78,False,241599,0.572,0.835,-6.219,0.0317,0.171,0.000377,0.0702,0.795,129.981,0
5DxXgozhkPLgrbKFY91w0c,Vete,4q3ewBCX7sLwd24euuV69X,Bad Bunny,78,True,192024,0.886,0.672,-4.394,0.188,0.0363,8.78e-06,0.101,0.526,91.976,0
5ruzrDWcT0vuJIOMW7gMnW,The Adults Are Talking,0epOFNiUfyON9EYx7Tpr6V,The Strokes,78,False,309053,0.593,0.749,-5.67,0.0475,0.0113,0.106,0.314,0.649,164.959,0
5bJ1DrEM4hNCafcDd1oxHx,Self Care,4LLpKhyESsyAXpc4laK94U,Mac Miller,78,True,345133,0.52,0.538,-8.109,0.206,0.367,0.00187,0.119,0.177,141.894,0
5ry2OE6R2zPQFDO85XkgRb,Money In The Grave (Drake ft. Rick Ross),"3TVXtAsR1Inumwj472S9r4,1sBkRIssrMs1AbVkOJbc7a","Drake,Rick Ross",78,True,205426,0.831,0.502,-4.045,0.046,0.101,0.0,0.122,0.101,100.541,1
4TZy1wLyHec06pwgFYDh1a,Mercy,7n2wHs1TKAczGzO7Dd2rGr,Shawn Mendes,78,False,208733,0.469,0.68,-4.921,0.117,0.137,0.0,0.11,0.374,147.734,0
5qqabIl2vWzo9ApSC317sa,Wonderwall - Remastered,2DaxqgrOhkeH0fpeiQq2f4,Oasis,78,False,258773,0.378,0.896,-4.066,0.0407,0.000452,0.0,0.194,0.469,174.302,0
29fRTIKsJhLUJoldM89GZS,You Need To Calm Down,06HL4z0CvFAxyc27GXpf02,Taylor Swift,78,False,171360,0.768,0.678,-5.604,0.0505,0.00838,0.0,0.0596,0.706,85.025,0
7vRriwrloYVaoAe3a9wJHe,"i hate u, i love u (feat. olivia o'brien)","3iri9nBFs9e4wN7PLIetAw,1QRj3hoop9Mv5VvHQkwPEp","gnash,Olivia O'Brien",78,True,251033,0.492,0.275,-13.4,0.3,0.687,0.0,0.101,0.18,92.6,1
26QApq0cuO9brJigr0C0W4,HACIENDO QUE ME AMAS,4q3ewBCX7sLwd24euuV69X,Bad Bunny,78,True,217768,0.584,0.411,-7.147,0.0838,0.869,4.47e-05,0.0955,0.412,169.934,0
3NdDpSvN911VPGivFlV5d0,I Don’t Wanna Live Forever (Fifty Shades Darker),"5ZsFI1h6hIdQRw2ti0hz81,06HL4z0CvFAxyc27GXpf02","ZAYN,Taylor Swift",78,False,247160,0.735,0.451,-8.374,0.0585,0.0631,1.3e-05,0.325,0.0862,117.973,1
2Z8yfpFX0ZMavHkcIeHiO1,Monster (Shawn Mendes & Justin Bieber),"7n2wHs1TKAczGzO7Dd2rGr,1uNFoZAHBGtllmzznpCI3s","Shawn Mendes,Justin Bieber",78,False,178994,0.652,0.383,-7.076,0.0516,0.0676,0.0,0.0828,0.549,145.765,1
1JRK7srBWUtAW7dPabKBwJ,Teeth,5Rl15oVamLq7FbSb0NNBNy,5 Seconds of Summer,78,False,204887,0.755,0.448,-2.993,0.0405,0.0508,3.87e-06,0.11,0.431,139.028,0
6Nle9hKrkL1wQpwNfEkxjh,Chanel,2h93pZq0e7k5yf4dywlkpM,Frank Ocean,78,True,210285,0.776,0.503,-5.732,0.237,0.874,0.0,0.112,0.473,110.134,0
0ri0Han4IRJhzvERHOZTMr,At My Worst,1W7FNibLa0O0b572tB2w7t,Pink Sweat$,78,False,170344,0.813,0.415,-5.926,0.0349,0.777,0.0,0.131,0.667,91.921,0
4R8BJggjosTswLxtkw8V7P,No Me Conoce - Remix,"0EFisYRi20PTADoJrifHrz,1vyhD5VmyZ7KMfW5gqLgo5,4q3ewBCX7sLwd24euuV69X","Jhay Cortez,J Balvin,Bad Bunny",78,False,309120,0.806,0.786,-3.831,0.0741,0.145,0.0,0.0935,0.58,91.973,1
0afhq8XCExXpqazXczTSve,Galway Girl,6eUKZXaKkcviH0Ku9w2n3V,Ed Sheeran,78,False,170826,0.624,0.876,-3.374,0.1,0.0735,0.0,0.327,0.781,99.943,0
76cy1WJvNGJTj78UqeA5zr,IDGAF,6M2wZ9GZgrQXHCFfjv46we,Dua Lipa,78,True,217946,0.836,0.544,-5.975,0.0943,0.0403,0.0,0.0824,0.51,97.028,0
33gwZOGJWEZ7dRWPqPxBEZ,Wolves (feat. Post Malone),"0c173mlxpT3dSFRgMO8XPh,246dkjvS1zLTtiykXe5h60","Big Sean,Post Malone",78,True,199758,0.724,0.675,-5.267,0.0867,0.0978,9.41e-06,0.351,0.325,160.048,1
6WkJ2OK163XXS2oARUC9JM,Dancin (feat. Luvli) - Krono Remix,"77qukKzmdI5BeMBR7WGUrN,17TFSnqADESRM8BPSaM5aB,6dqohi36avY0M9urnyhITr","Aaron Smith,Krono,Luvli",78,False,198053,0.72,0.741,-6.529,0.0287,0.101,1.41e-05,0.289,0.357,119.896,1
5cpJFiNwYyWwFLH0V6B3N8,Del Mar,"1i8SpTcr7yvPOmcqrbnVXY,5cj0lLjcoR7YOSnhnX0Po5,5WUlDfRSoLAfcVSX1WnrxN","Ozuna,Doja Cat,Sia",78,True,214506,0.759,0.636,-5.585,0.0369,0.0224,0.000143,0.166,0.536,109.976,1
1H7KnK26kc1YyellpbINEn,The Woo (feat. 50 Cent & Roddy Ricch),"0eDvMgVFoNV3TpwtrVCoTj,3q7HBObVc0L8jNeTe5Gofh,757aE44tKEUQEqRuT6GnEB","Pop Smoke,50 Cent,Roddy Ricch",78,True,201600,0.49,0.618,-5.655,0.104,0.0221,3.77e-06,0.259,0.286,99.7,1
6HZILIRieu8S0iqY8kIKhj,DNA.,2YZyLoL8N0Wb9xBt1NhZWg,Kendrick Lamar,78,True,185946,0.638,0.523,-6.664,0.357,0.00454,0.0,0.0842,0.422,139.913,0
3pzjHKrQSvXGHQ98dx18HI,What Do You Mean?,1uNFoZAHBGtllmzznpCI3s,Justin Bieber,78,False,205680,0.845,0.567,-8.118,0.0956,0.59,0.00142,0.0811,0.793,125.02,0
5nCthAh3jt4xKuLJAifAaR,Harleys In Hawaii,6jJ0s89eD6GaHleKKya26X,Katy Perry,78,False,185815,0.722,0.757,-6.207,0.132,0.185,6.32e-06,0.126,0.721,140.094,0
3pXF1nA74528Edde4of9CC,Don't,2EMAnMvWE2eb56ToJVfCWs,Bryson Tiller,78,True,198293,0.765,0.356,-5.556,0.195,0.223,0.0,0.0963,0.189,96.991,0
2SL6oP2YAEQbqsrkOzRGO4,Venom - Music From The Motion Picture,7dGJo4pcD2V6oG8kP0tJRR,Eminem,78,True,269554,0.749,0.794,-5.063,0.064,0.0193,0.0,0.543,0.46,135.959,0
4llK75pXNWZz6KAho2Gp16,She Will Be Loved - Radio Mix,04gDigrS5kc9YWfZHwBETP,Maroon 5,78,False,259453,0.651,0.663,-5.569,0.0281,0.228,0.0,0.0994,0.465,102.0,0
3Du2K5dLzmduCNp6uwuaL0,Sorry Not Sorry,6S2OmqARrzebs0tKUEyXyp,Demi Lovato,77,True,203760,0.702,0.635,-6.917,0.265,0.0223,0.0,0.283,0.873,144.004,0
27u7t9d7ZQoyjsCROHuZJ3,Tick Tock (feat. 24kGoldn),"6MDME20pz9RveH9rEXvrOM,1MIVXf74SZHmTIp4V4paH4,6fWVd57NKTalqvmjRd2t8Z","Clean Bandit,Mabel,24kGoldn",77,False,178373,0.779,0.705,-3.895,0.0344,0.369,7.91e-06,0.124,0.946,101.022,1
0bMbDctzMmTyK2j74j3nF3,"Alone, Pt. II","7vk5e3vY1uw9plTHJAMwjN,4npEfmQ6YuiwW1GpUmaq3F","Alan Walker,Ava Max",77,False,179052,0.67,0.668,-4.306,0.0422,0.536,0.0,0.133,0.608,88.033,1
2aPTvyE09vUCRwVvj0I8WK,Sundress,13ubrt8QOOCPljQ2FL1Kca,A$AP Rocky,77,True,158205,0.721,0.707,-6.364,0.0595,0.181,3.68e-06,0.143,0.743,125.005,0
6Bg7MznA9X0dIhlAsLyBYj,Ghost Town,"5K4W6rqBFWDnAN6FQUkS6x,2HPaUgqeutzr3jx5a9WyDV","Kanye West,PARTYNEXTDOOR",77,True,271386,0.572,0.543,-4.251,0.0287,0.0954,0.0,0.329,0.329,83.364,1
1iSqfoUFnQwV0QW1EfUit8,Suicidal,1cNDP5yjU5vjeR8qMf4grg,YNW Melly,77,True,222997,0.735,0.369,-9.682,0.0688,0.334,0.0,0.126,0.235,140.004,0
0F7FA14euOIX8KcbEturGH,Old Town Road,7jVv8c5Fj3E9VhNjxT4snq,Lil Nas X,77,False,113000,0.907,0.53,-6.112,0.127,0.0578,2.23e-06,0.101,0.507,135.998,0
7bJwvubZZaoGE1AGEfu8Fi,One Last Time,66CXWjxzNUsdJxJ2JdwvnR,Ariana Grande,77,False,197266,0.624,0.618,-4.868,0.0322,0.115,3.3e-06,0.104,0.122,125.036,0
5nA67Y0XX9JipZwYxX7Gl7,This Town,1Hsdzj7Dlq2I7tHP7501T4,Niall Horan,77,False,232852,0.687,0.409,-7.751,0.0311,0.71,0.0,0.126,0.16,111.861,0
0FZ4Dmg8jJJAPJnvBIzD9z,ZEZE (feat. Travis Scott & Offset),"46SHBwWsqBkxI7EeeBEQG7,4DdkRBBYG6Yk9Ka8tdJ9BW,0Y5tJX1MQlPlqiwlOH1tJY","Kodak Black,Offset,Travis Scott",77,True,228759,0.861,0.603,-5.788,0.176,0.0521,0.0,0.0924,0.504,98.043,1
6Qs4SXO9dwPj5GKvVOv8Ki,Dancing With A Stranger (with Normani),"2wY79sveU1sp5g7SokKOiI,2cWZOOzeOm4WmBJRnD5R7I","Sam Smith,Normani",77,False,171029,0.741,0.52,-7.513,0.0656,0.45,1.97e-06,0.222,0.347,102.998,1
3CYH422oy1cZNoo0GTG1TK,Psycho,1z4g3DjTBBZKhvAroFlhOM,Red Velvet,77,False,210560,0.664,0.666,-2.203,0.0446,0.193,0.0,0.0854,0.405,139.987,0
2Cd9iWfcOpGDHLz6tVA3G4,Waka Waka (This Time for Africa) [The Official 2010 FIFA World Cup (TM) Song] (feat. Freshlyground),"0EmeFodog0BfCgMzAIvKQp,7AcV1lk8Zrgo1691PDWEle","Shakira,Freshlyground",77,False,202626,0.766,0.873,-6.381,0.143,0.00627,0.0,0.0764,0.743,126.988,1
4vUmTMuQqjdnvlZmAH61Qk,South of the Border (feat. Camila Cabello & Cardi B),"6eUKZXaKkcviH0Ku9w2n3V,4nDoRrQiYLoBzwC5BhVJzF,4kYSro6naA4h99UJvo89HB","Ed Sheeran,Camila Cabello,Cardi B",77,False,204466,0.857,0.621,-6.376,0.0825,0.148,0.0,0.0865,0.668,97.989,1
6WbADFqMvR8N5u0BvtsWQE,Without You (feat. Sandro Cavazza),"1vCWHaC5f2uS3yhpwWbIA6,5JYo7gm2dkyLLlWHjxS7Dy","Avicii,Sandro Cavazza",77,True,181672,0.652,0.855,-4.832,0.0441,0.00179,0.0,0.0404,0.279,134.009,1
0Rx0DJI556Ix5gBny6EWmn,Paradise,4GvEc3ANtPPjt1ZJllr5Zl,Bazzi,77,True,169038,0.844,0.644,-6.273,0.0479,0.0828,0.0,0.113,0.591,122.061,0
5TXDeTFVRVY7Cvt0Dw4vWW,Revenge,15UsOTVnJzReFVN1VCnxy4,XXXTENTACION,77,True,120026,0.746,0.251,-16.169,0.259,0.782,0.00203,0.106,0.18,139.999,0
2FBUoWkIuQXwayw2RNo5l6,Hotline Bling,3TVXtAsR1Inumwj472S9r4,Drake,77,False,267066,0.903,0.62,-8.094,0.0587,0.00347,0.000119,0.0504,0.539,134.96,0
0ada5XsQGLPUVbmTCkAP49,Hate The Other Side (with Marshmello & The Kid Laroi),"4MCBfE4596Uoi2O4DtmEMz,64KEffDW9EtZ1y2vBYgq8T,2tIP7SsRs7vjIcLrU85W8J,6AgTAQt8XS6jRWi4sX7w49","Juice WRLD,Marshmello,The Kid LAROI,Polo G",77,True,160212,0.701,0.65,-6.313,0.104,0.291,0.0,0.112,0.647,90.003,1
1rgnBhdG2JDFTbYkYRZAku,Dance Monkey,2NjfBq1NflQcKSeiDooVjY,Tones And I,77,False,209438,0.826,0.593,-6.401,0.0976,0.688,0.000161,0.17,0.541,98.083,0
5AEtlRudpgdT5FtNiuly6Y,"Let Me Go (with Alesso, Florida Georgia Line & watt)","5p7f24Rk5HkUZsaS3BLG5F,4AVFqumd2ogHFlRbKIjp1t,3b8QkneNDz4JHKKKlLgYZg,4olE3I5QU0dvSR7LIpqTXc","Hailee Steinfeld,Alesso,Florida Georgia Line,WATT",77,False,174800,0.659,0.717,-4.202,0.0581,0.0393,0.0,0.0769,0.71,103.036,1
6uiz2UTi8yaPVd9A1OxxTW,i'm so tired...,"5JZ7CnR6gTvEMKX4g70Amv,3WGpXCj9YhhfX11TToZcXP","Lauv,Troye Sivan",77,False,162586,0.599,0.733,-7.058,0.203,0.176,0.0,0.242,0.534,102.211,1
1cTZMwcBJT0Ka3UJPXOeeN,Nice For What,3TVXtAsR1Inumwj472S9r4,Drake,77,True,210746,0.567,0.913,-6.471,0.0736,0.0934,0.000124,0.114,0.792,93.35,0
6QgjcU0zLnzq5OrUoSZ3OK,Feel It Still,4kI8Ie27vjvonwaB2ePh8T,Portugal. The Man,77,False,163253,0.801,0.795,-5.115,0.0504,0.0417,0.000113,0.0717,0.754,79.028,0
7BqBn9nzAq8spo5e7cZ0dJ,Just the Way You Are,0du5cEVh5yTK9QJze8zA0C,Bruno Mars,77,False,220733,0.637,0.843,-5.413,0.0432,0.0151,0.0,0.0876,0.434,109.012,0
25zlnOAzbVoOzIeXSvQFf1,Got It On Me,0eDvMgVFoNV3TpwtrVCoTj,Pop Smoke,77,True,164579,0.688,0.647,-7.258,0.19,0.00815,1.65e-05,0.095,0.195,88.834,0
41MCdlvXOl62B7Kv86Bb1v,Empty,4MCBfE4596Uoi2O4DtmEMz,Juice WRLD,77,True,248431,0.745,0.561,-4.869,0.0807,0.0758,0.0,0.133,0.449,77.557,0
6sn8WaooLLVhQvU96wtEAm,Save That Shit,2kCcBybjl3SAtIcwdWpUe3,Lil Peep,77,True,231546,0.534,0.583,-8.672,0.0288,0.0262,0.0,0.421,0.145,105.997,0
3npzogdOEiVsieXmmhBepL,The Bones,6WY7D3jk8zTrHtmkqqo5GI,Maren Morris,77,False,197293,0.612,0.57,-6.642,0.0347,0.279,0.0,0.0963,0.335,77.004,0
07rmSXN6vNoquX1AsWd9pP,Lalala,"6USMTwO0MNDnKte5a5h0xx,41X1TR6hrK8Q2ZCpp2EqCz","Y2K,bbno$",77,True,160626,0.843,0.391,-7.899,0.0845,0.181,0.0,0.137,0.496,129.972,1
0tICYNayWWhH9GPeFrfjfD,This Girl (Kungs Vs. Cookin' On 3 Burners),"7keGfmQR4X5w0two1xKZ7d,726MxZBpkxnnoKl6aN7mmj","Kungs,Cookin' On 3 Burners",77,False,195546,0.793,0.729,-4.77,0.0394,0.08,3.1e-05,0.317,0.488,121.972,1
4OZEu0Vwq0RB2LAq14v99n,Middle,"540vIaP2JwjQb9dm3aArA4,0CjWKoS55T7DOt0HJuwF1H","DJ Snake,Bipolar Sunshine",77,False,220573,0.611,0.7,-5.331,0.0436,0.0199,0.0,0.0549,0.213,104.981,1
1y4jsQt7MjnZhiD1L6qFBC,Cradles,7gXb99Sf9nNmpNYeAgIQFG,Sub Urban,77,False,209829,0.534,0.589,-1.865,0.325,0.256,6.02e-05,0.176,0.632,78.616,0
3O8X1DE9btbzy4UH9cSX9a,Borderline,5INjqkS1o8h1imAzPqGZBb,Tame Impala,77,False,237800,0.598,0.71,-6.839,0.0272,0.0476,1.77e-05,0.1,0.726,97.976,0
7iDa6hUg2VgEL1o1HjmfBn,Meant to Be (feat. Florida Georgia Line),"64M6ah0SkkRsnPGtGiRAbb,3b8QkneNDz4JHKKKlLgYZg","Bebe Rexha,Florida Georgia Line",77,False,163870,0.643,0.783,-6.458,0.0856,0.047,0.0,0.083,0.579,154.084,1
1k1Bqnv2R0uJXQN4u6LKYt,Ain't No Sunshine,1ThoqLcyIYvZn7iWbj8fsj,Bill Withers,77,False,125093,0.527,0.415,-11.451,0.122,0.457,1.72e-05,0.117,0.515,78.169,0
3zKST4nk4QJE77oLjUZ0Ng,Hey Brother,1vCWHaC5f2uS3yhpwWbIA6,Avicii,77,False,255093,0.545,0.78,-4.867,0.0436,0.0309,4.64e-05,0.0828,0.458,125.014,0
25ZAibhr3bdlMCLmubZDVt,QUE PRETENDES,"1vyhD5VmyZ7KMfW5gqLgo5,4q3ewBCX7sLwd24euuV69X","J Balvin,Bad Bunny",77,False,222346,0.639,0.791,-4.443,0.253,0.0275,0.0,0.362,0.939,92.603,1
7e89621JPkKaeDSTQ3avtg,Sweet Home Alabama,4MVyzYMgTwdP7Z49wAZHx0,Lynyrd Skynyrd,77,False,283800,0.596,0.605,-12.145,0.0255,0.181,0.000331,0.0863,0.886,97.798,0
0q75NwOoFiARAVp4EXU4Bs,Love Galore (feat. Travis Scott),"7tYKF4w9nC0nq9CsPZTHyP,0Y5tJX1MQlPlqiwlOH1tJY","SZA,Travis Scott",77,True,275080,0.795,0.594,-6.2,0.0748,0.112,0.0,0.162,0.409,135.002,1
1lzr43nnXAijIGYnCT8M8H,It Wasn't Me,"5EvFsr3kj42KNv97ZEnqij,67wCYxOq4A1ohAs7jWYaOJ","Shaggy,Rik Rok",77,False,227600,0.853,0.606,-4.596,0.0713,0.0561,0.0,0.313,0.654,94.759,1
7IWkJwX9C0J7tHurTD7ViL,When We Were Young,4dpARuHxo51G3z768sgnrY,Adele,77,False,290900,0.381,0.594,-5.97,0.0486,0.348,0.0,0.0925,0.273,143.86,0
5iFwAOB2TFkPJk8sMlxP8g,Make You Mine,4vxaQs6vK54nK89J1VtLex,PUBLIC,77,False,232906,0.606,0.799,-4.452,0.0261,0.0128,0.0,0.15,0.638,103.014,0
4kV4N9D1iKVxx1KLvtTpjS,"break up with your girlfriend, i'm bored",66CXWjxzNUsdJxJ2JdwvnR,Ariana Grande,77,True,190440,0.726,0.554,-5.29,0.0917,0.0421,0.0,0.106,0.335,169.999,0
3JjnGLK8IxkNLvo8Lb3KOM,18,4AK6F7OLvEQ5QYCBNiQWHq,One Direction,77,False,248360,0.681,0.582,-7.76,0.0313,0.22,0.0,0.119,0.221,124.038,0
4EivmOT13NMpNSfTKn9p4s,Like That (feat. Gucci Mane),"5cj0lLjcoR7YOSnhnX0Po5,13y7CgLHjMVRMDqxdx0Xdo","Doja Cat,Gucci Mane",77,True,163173,0.879,0.498,-6.027,0.18,0.239,0.0,0.0967,0.405,106.044,1
0YHUITU3w6ws1v8ehT264g,Shout Out to My Ex,3e7awlrlDSwF3iM0WBjGMp,Little Mix,77,False,246240,0.774,0.739,-4.022,0.0952,0.0316,5.95e-06,0.119,0.823,126.002,0
5tVA6TkbaAH9QMITTQRrNv,Free Fallin',2UZMlIwnkgAEDBsw1Rejkn,Tom Petty,77,False,256000,0.623,0.449,-13.333,0.0253,0.212,0.0,0.0613,0.572,84.383,0
6oJ6le65B3SEqPwMRNXWjY,Higher Love,"23fqKkggKUBHNkbKtXEls4,6XpaIBNiVzIetEPCWDvAFP","Kygo,Whitney Houston",77,False,228267,0.693,0.678,-7.159,0.0324,0.0151,5.71e-06,0.101,0.404,103.952,1
60iSKGrGazRzICtMjADNSM,Hold Me While You Wait,4GNC7GD6oZMSxPGyXy4MNB,Lewis Capaldi,77,False,205686,0.688,0.53,-5.507,0.0333,0.443,0.0,0.0995,0.162,106.958,0
3bH4HzoZZFq8UpZmI2AMgV,New Light,0hEurMDQu99nJRq8pTxO14,John Mayer,77,False,217426,0.828,0.689,-7.878,0.0326,0.325,0.0384,0.0808,0.853,123.931,0
6VzcQuzTNTMFnJ6rBSaLH9,Fine Line,6KImCVD70vtIoJWnq6nGn3,Harry Styles,77,False,377960,0.306,0.347,-8.5,0.0334,0.172,0.00013,0.0485,0.0511,120.996,0
0Ryd8975WihbObpp5cPW1t,boyfriend (with Social House),"66CXWjxzNUsdJxJ2JdwvnR,5UjifI1TYefXWn9GdqDOHl","Ariana Grande,Social House",77,True,186106,0.4,0.795,-3.731,0.461,0.119,0.0,0.159,0.702,190.097,1
2bgcUk2A3jjKbCJ7KPquTi,Mi Niña,"3E6xrwgnVfYCrCs0ePERDz,7iK8PXO48WeuP03g8YR51W,0n6sKrG0xKAf8xmdqeNGke","Wisin,Myke Towers,Los Legendarios",77,False,213313,0.823,0.821,-3.402,0.166,0.31,4.28e-06,0.143,0.791,99.999,1
4tCtwWceOPWzenK2HAIJSb,Work from Home (feat. Ty Dolla $ign),"1l8Fu6IkuTP0U5QetQJ5Xt,7c0XG5cIJTrrAgEC3ULPiq","Fifth Harmony,Ty Dolla $ign",77,False,214480,0.803,0.585,-5.861,0.0432,0.103,3.94e-06,0.0644,0.593,105.017,1
2rbDhOo9Fh61Bbu23T2qCk,Always Remember Us This Way,1HY2Jd0NmPuamShAr6KMms,Lady Gaga,77,False,210200,0.553,0.502,-5.972,0.0409,0.299,0.0,0.764,0.296,129.976,0
2Vx8E3K5icPZR7OCklWBXX,Nonstop,3TVXtAsR1Inumwj472S9r4,Drake,77,True,238614,0.909,0.405,-8.133,0.14,0.0306,0.00698,0.105,0.455,154.984,0
5tz69p7tJuGPeMGwNTxYuV,1-800-273-8255,"4xRYI6VqpkE3UwrDrAZL8L,2wUjUUtkb5lvLKcGKsKqsR,6LuN9FCkKOj5PcnpouEgny","Logic,Alessia Cara,Khalid",77,True,250173,0.62,0.574,-7.788,0.0479,0.569,0.0,0.19,0.357,100.023,1
1Knctxx9vGZxpZfF66BIEa,Legends,4MCBfE4596Uoi2O4DtmEMz,Juice WRLD,77,True,191840,0.594,0.798,-5.244,0.0844,0.115,0.0,0.143,0.381,142.049,0
4ofwffwvvnbSkrMSCKQDaC,Shotgun,2ysnwxxNtSgbb9t1m2Ur4j,George Ezra,77,False,201287,0.673,0.735,-4.733,0.0457,0.286,0.0,0.242,0.754,115.744,0
6zeeWid2sgw4lap2jV61PZ,Better,6LuN9FCkKOj5PcnpouEgny,Khalid,77,False,229320,0.596,0.552,-10.278,0.097,0.0765,0.334,0.104,0.112,97.949,0
43lYaovU2FoeuBMNusVVVW,10 Freaky Girls (with 21 Savage),"0iEtIxbK0KxaSlF7G42ZOp,1URnnhqYAYcrqrcwql10ft","Metro Boomin,21 Savage",77,True,208293,0.81,0.353,-9.931,0.31,0.588,0.0,0.102,0.0727,88.031,1
0KR2W3St74th8z3LS94Ffh,Scared to Be Lonely,"60d24wfXkVzDSfLS6hyCjZ,6M2wZ9GZgrQXHCFfjv46we","Martin Garrix,Dua Lipa",77,False,220883,0.568,0.583,-6.81,0.0636,0.0741,0.0,0.396,0.196,137.865,1
4vLBnQtece15fFhqWxZvJP,Your New Boyfriend,2XzXLjXRSeFtsic4ieyLJy,Wilbur Soot,77,False,239667,0.546,0.453,-13.04,0.121,0.382,3.9e-05,0.106,0.74,104.532,0
1VSuFS7PahCN3SWbOcQ98m,forget me too (feat. Halsey),"6TIYQ3jFPwQSRmorSezPxX,26VFTg2z8YR0cCuwLzESi2","Machine Gun Kelly,Halsey",77,True,171620,0.654,0.875,-4.845,0.0744,0.000417,0.0086,0.194,0.522,99.975,1
6b8Be6ljOzmkOmFslEb23P,24K Magic,0du5cEVh5yTK9QJze8zA0C,Bruno Mars,77,False,225983,0.818,0.803,-4.282,0.0797,0.034,0.0,0.153,0.632,106.97,0
73nAK3HgQK8dak83Y2WQ8F,Vida de Rico,28gNT5KBp7IjEOQoevXf9N,Camilo,77,False,187426,0.824,0.457,-5.428,0.0543,0.167,0.0,0.041,0.95,87.977,0
29tc0GbW0pTSBZSCZF3NWk,Lean Wit Me,4MCBfE4596Uoi2O4DtmEMz,Juice WRLD,77,True,175755,0.665,0.651,-5.515,0.156,0.0414,0.0,0.0896,0.237,163.935,0
6i7zAdNhzUN2k1HcrBxPHG,Head Shoulders Knees & Toes (feat. Norma Jean Martine),"4AKwRarlmsUlLjIwt38NLw,2h6hAChW74hB9HvrNoK1RY,2fsk4VlJdNF6G8cCMDrrzB","Ofenbach,Quarterhead,Norma Jean Martine",77,False,156960,0.798,0.828,-5.36,0.193,0.0247,2.55e-06,0.121,0.6,124.962,1
1QV6tiMFM6fSOKOGLMHYYg,Poker Face,1HY2Jd0NmPuamShAr6KMms,Lady Gaga,77,False,237200,0.851,0.806,-4.62,0.0787,0.118,1.64e-06,0.121,0.787,118.999,0
4S4Mfvv03M1cHgIOJcbUCL,In My Room,2h93pZq0e7k5yf4dywlkpM,Frank Ocean,77,True,133680,0.861,0.647,-7.425,0.0675,0.594,0.661,0.114,0.67,158.037,0
7ndTONDDRFGiPnnhOzOXxq,La Nota,"0tmwSHipWxN12fsoLcFU3B,1mcTU81TzQhprhouKaTkpq,7iK8PXO48WeuP03g8YR51W","Manuel Turizo,Rauw Alejandro,Myke Towers",77,False,216107,0.736,0.632,-4.939,0.0648,0.18,0.0,0.349,0.503,92.03,1
4Lt6GXGzYsa1tgkv3nGSTm,Love Not War (The Tampa Beat),"07YZf4WDAMNwqr4jfgOZ8y,1XynjLPAyPi8SZAx8LHN0Z","Jason Derulo,Nuka",77,False,192921,0.738,0.85,-3.049,0.0642,0.105,0.0,0.23,0.865,98.013,1
04DwTuZ2VBdJCCC5TROn7L,In the Name of Love,"60d24wfXkVzDSfLS6hyCjZ,64M6ah0SkkRsnPGtGiRAbb","Martin Garrix,Bebe Rexha",77,False,195706,0.49,0.485,-6.237,0.0406,0.0592,0.0,0.337,0.196,133.889,1
07FkzikE6FuHIa8Ma7zJGc,Lie,6fOMl44jA4Sp5b9PpYCkzz,NF,77,False,209213,0.513,0.661,-6.419,0.24,0.161,0.0,0.246,0.179,94.791,0
7nD2JPaxIKUdxd2UWgnaGL,Toda Remix - Remix,"2DspEsT7UXGKd2VaaedgG4,1mcTU81TzQhprhouKaTkpq,1pQWsZQehhS4wavwh7Fnxd,6w3SkAHYPsQ1bxV7VDlG5y,1Ts9of7VPZElwPQnqnDSfW","Alex Rose,Rauw Alejandro,Lenny Tavárez,Cazzu,Lyanno",77,False,367680,0.512,0.451,-7.222,0.131,0.161,0.0,0.0672,0.368,80.04,1
26w9NTiE9NGjW1ZvIOd1So,BOOKER T,4q3ewBCX7sLwd24euuV69X,Bad Bunny,77,True,156430,0.883,0.6,-7.188,0.37,0.114,7.94e-06,0.0931,0.691,113.903,0
0d2iYfpKoM0QCKvcLCkBao,Eastside (with Halsey & Khalid),"5CiGnKThu5ctn9pBxv7DGa,26VFTg2z8YR0cCuwLzESi2,6LuN9FCkKOj5PcnpouEgny","benny blanco,Halsey,Khalid",77,False,173799,0.56,0.68,-7.648,0.321,0.555,0.0,0.116,0.319,89.391,1
0DYNL4xbYWgNzppUamtyR4,"F*CK YOU, GOODBYE (feat. Machine Gun Kelly)","2tIP7SsRs7vjIcLrU85W8J,6TIYQ3jFPwQSRmorSezPxX","The Kid LAROI,Machine Gun Kelly",77,True,144860,0.721,0.632,-6.695,0.0358,0.0693,0.0,0.291,0.296,92.057,1
7vFoFDWqTX0mHzLfrF1Cfy,Cheerleader - Felix Jaehn Remix Radio Edit,"5MouCg6ta7zAxsfMEbc1uh,4bL2B6hmLlMWnUEZnorEtG","OMI,Felix Jaehn",77,False,180565,0.782,0.685,-6.237,0.0309,0.166,1.18e-05,0.16,0.603,118.016,1
5tf1VVWniHgryyumXyJM7w,Sugar (feat. Francesco Yates),"3t5xRXzsuZmMDkQzgOX35S,5X1JzPIIonP3u9lA580pPT","Robin Schulz,Francesco Yates",77,False,219043,0.636,0.815,-5.098,0.0581,0.0185,0.0,0.163,0.636,123.063,1
7bCfHiRcfUjG0YVVNUL7Ve,E-GIRLS ARE RUINING MY LIFE!,"7yntSJ6uojO3z6GFUVwhAW,0x7qiZJaal6j8qS7yCydFk","CORPSE,Savage Ga$p",77,True,105176,0.614,0.937,-7.443,0.115,0.00161,0.00136,0.103,0.386,84.98,1
3yOlyBJuViE2YSGn3nVE1K,My Oh My (feat. DaBaby),"4nDoRrQiYLoBzwC5BhVJzF,4r63FhuTkUYltbVAg5TQnk","Camila Cabello,DaBaby",77,False,170746,0.724,0.491,-6.024,0.0296,0.018,1.29e-05,0.0887,0.383,105.046,1
17Fd6Yb7mSbinKG8LoWfFl,I Took A Pill In Ibiza - Seeb Remix,"2KsP6tYLJlTBvSUxnwlVWa,5iNrZmtVMtYev5M9yoWpEq","Mike Posner,Seeb",77,True,197933,0.663,0.713,-6.647,0.112,0.0353,7.68e-06,0.0843,0.69,101.965,1
116H0KvKr2Zl4RPuVBruDO,MIA (feat. Drake),"4q3ewBCX7sLwd24euuV69X,3TVXtAsR1Inumwj472S9r4","Bad Bunny,Drake",77,False,210367,0.817,0.539,-6.349,0.0621,0.0141,0.000496,0.099,0.158,97.062,1
6ECp64rv50XVz93WvxXMGF,This Love,04gDigrS5kc9YWfZHwBETP,Maroon 5,77,False,206200,0.712,0.862,-4.612,0.0378,0.0525,0.0,0.093,0.809,95.051,0
15OjBeqNX3bShsGYQbteRv,La Tóxica,329e4yvIujISKGKz1BZZbO,Farruko,77,False,180520,0.659,0.701,-4.107,0.164,0.0882,0.0,0.0866,0.623,91.97,0
6De0lHrwBfPfrhorm9q1Xl,Me Rehúso,5H1nN1SzW0qNeUEZvuXjAj,Danny Ocean,77,False,205714,0.744,0.804,-6.327,0.0677,0.0231,0.0,0.0494,0.426,104.823,0
6Ep6BzIOB9tz3P4sWqiiAB,Radioactive,53XhwfbYqKCa1cC15pYq2q,Imagine Dragons,77,False,186813,0.473,0.777,-3.698,0.059,0.119,7.87e-05,0.671,0.21,136.249,0
1rIKgCH4H52lrvDcz50hS8,Lush Life,1Xylc3o4UrD53lo9CvFvVg,Zara Larsson,77,False,201122,0.694,0.712,-3.923,0.046,0.132,0.0,0.211,0.799,98.023,0
33SNO8AaciGbNaQFkxvPrW,Kiwi,6KImCVD70vtIoJWnq6nGn3,Harry Styles,77,False,176386,0.375,0.93,-2.631,0.0561,0.00064,0.0,0.318,0.491,147.124,0
4DuUwzP4ALMqpquHU0ltAB,Tyler Herro,2LIk90788K0zvyj2JJVwkJ,Jack Harlow,76,True,156497,0.794,0.756,-7.16,0.136,0.11,0.0,0.247,0.775,123.066,0
4Y0TtDriFlN3XZoQx6PYsu,"Don't Give Up On Me - (From ""Five Feet Apart"")",2oX42qP5ineK3hrhBECLmj,Andy Grammer,76,False,196187,0.641,0.537,-5.452,0.0282,0.0875,9.05e-06,0.115,0.0681,112.864,0
2VjtYe7gpfUi2OkGxR2O2z,Look What You Made Me Do,06HL4z0CvFAxyc27GXpf02,Taylor Swift,76,False,211853,0.767,0.671,-6.416,0.142,0.21,1.12e-05,0.129,0.474,128.072,0
0bAkKNCQfWkexHFn7fIKns,In My Feelings,3TVXtAsR1Inumwj472S9r4,Drake,76,True,217925,0.735,0.482,-9.445,0.139,0.00623,0.0144,0.448,0.315,181.995,0
07KXEDMj78x68D884wgVEm,High Fashion (feat. Mustard),"757aE44tKEUQEqRuT6GnEB,0YinUQ50QDB7ZxSCLyQ40k","Roddy Ricch,Mustard",76,True,220486,0.831,0.499,-8.442,0.114,0.269,0.0,0.3,0.511,97.956,1
7fEoXCZTZFosUFvFQg1BmW,Took Her To The O,6QtgPSJPSzcnn7dPZ4VINp,King Von,76,True,196179,0.82,0.592,-7.002,0.29,0.0149,4.71e-06,0.121,0.4,159.98,0
4McRlwqJQIERlJFiJEgbP0,Total Eclipse of the Heart,0SD4eZCN4Kr0wQk56hCdh2,Bonnie Tyler,76,False,267360,0.435,0.712,-6.173,0.0668,0.213,0.0,0.314,0.151,131.251,0
1bWEngw5tAF7vWByrf5Oy5,bloody valentine,6TIYQ3jFPwQSRmorSezPxX,Machine Gun Kelly,76,True,205158,0.52,0.856,-4.228,0.0806,0.000193,0.0,0.157,0.47,160.083,0
5N5k9nd479b1xpDZ4usjrg,Promises (with Sam Smith),"7CajNmpbOovFoOoasH2HaY,2wY79sveU1sp5g7SokKOiI,3KedxarmBCyFBevnqQHy3P","Calvin Harris,Sam Smith,Jessie Reyez",76,False,213309,0.781,0.768,-5.991,0.0394,0.0119,4.91e-06,0.325,0.486,123.07,1
3TLwAp3uX1nKsVxrDhNPOL,Love Me,4Ga1P7PMIsmqEZqhYZQgDo,Lil Tecca,76,True,117013,0.714,0.532,-6.837,0.271,0.675,0.0,0.138,0.831,204.096,0
6ZRuF2n1CQxyxxAAWsKJOy,Nights Like This (feat. Ty Dolla $ign),"0cGUm45nv7Z6M6qdXYQGTX,7c0XG5cIJTrrAgEC3ULPiq","Kehlani,Ty Dolla $ign",76,True,201787,0.61,0.725,-5.131,0.15,0.367,0.0,0.154,0.291,146.163,1
6bnF93Rx87YqUBLSgjiMU8,Heartless,1Xyo4u8uXC1ZmMpatF05PJ,The Weeknd,76,True,198266,0.537,0.746,-5.507,0.15,0.0236,1.01e-06,0.156,0.252,170.062,0
4RJz8NfIe09gpKMiRUWKhJ,Parce (feat. Justin Quiles),"1r4hJ1h58CWwUQe3MxPuau,1pQWsZQehhS4wavwh7Fnxd,14zUHaJZo1mnYtn6IBRaRP","Maluma,Lenny Tavárez,Justin Quiles",76,False,248345,0.691,0.739,-3.09,0.229,0.422,3.95e-06,0.11,0.884,83.897,1
5uDASfU19gDxSjW8cnCaBp,Chill Bill (feat. J. Davi$ & Spooks),"2hWs22BmQkK4czFtDLnar2,1rs3y69kDwkIdGJcOYngQt,5ewJHfiGNQJjmKHzLjcojz","Rob $tone,J. Davi$,Spooks",76,True,177184,0.886,0.427,-10.028,0.145,0.0312,0.00099,0.0906,0.23,108.034,1
3j84U36KvLeXNDPv4t5pI8,Pure Water (with Migos),"0YinUQ50QDB7ZxSCLyQ40k,6oMuImdp5ZcFhWP0ESe6mG","Mustard,Migos",76,True,192470,0.682,0.559,-5.545,0.127,0.174,0.0,0.344,0.137,202.015,1
7D7EH7MGyNHWSkqrszerI1,BEBÉ,"28gNT5KBp7IjEOQoevXf9N,2oQX8QiMXOyuqbcZEFsZfm","Camilo,El Alfa",76,False,198706,0.862,0.72,-4.048,0.0379,0.487,1.19e-06,0.0604,0.965,129.972,1
4mHgYpuGHu99Mw69E83CP2,Taking A Walk,6Xgp2XMz1fhVYe7i6yNAax,Trippie Redd,76,True,121680,0.767,0.538,-6.044,0.052,0.68,0.0,0.192,0.343,81.031,0
3g0mEQx3NTanacLseoP0Gw,Takeaway,"69GGBxA162lTqCwzJG5jLp,45eNHdiiabvmbp4erw26rg,1cZQSpDsxgKIX2yW5OR9Ot","The Chainsmokers,ILLENIUM,Lennon Stella",76,False,209880,0.528,0.511,-8.144,0.0324,0.126,0.0,0.101,0.351,100.1,1
6kls8cSlUyHW2BUOkDJIZE,Hate Me (with Juice WRLD),"0X2BH1fck6amBIoJhDVmmJ,4MCBfE4596Uoi2O4DtmEMz","Ellie Goulding,Juice WRLD",76,False,186223,0.657,0.768,-4.628,0.0507,0.108,0.0,0.144,0.759,75.025,1
5eDvChP4WAPPrtaQeI9MhT,Beer Never Broke My Heart,718COspgdWOnwOFpJHRZHS,Luke Combs,76,False,186733,0.54,0.863,-4.483,0.0481,0.0138,0.0,0.0871,0.64,77.0,0
40YcuQysJ0KlGQTeGUosTC,"Me, Myself & I","02kJSzxNuaWGqwubyUba0Z,64M6ah0SkkRsnPGtGiRAbb","G-Eazy,Bebe Rexha",76,True,251466,0.756,0.674,-6.518,0.0959,0.0184,0.0,0.158,0.389,111.995,1
5hTpBe8h35rJ67eAWHQsJx,Caroline,3Gm5F95VdRxW3mqCn8RPBJ,Aminé,76,True,209640,0.94,0.335,-10.179,0.505,0.17,0.0,0.262,0.707,120.04,0
1iCJrfkx5U4DtmkazBSYVG,ON,3Nrfpe0tUJi4K4DXYWgMUX,BTS,76,False,246380,0.583,0.817,-5.146,0.0987,0.118,0.0,0.338,0.438,105.936,0
0sY6ZUTh4yoctD8VIXz339,champagne problems,06HL4z0CvFAxyc27GXpf02,Taylor Swift,76,True,244000,0.462,0.24,-12.077,0.0377,0.92,0.0,0.113,0.32,171.319,0
6vsV4D8BM6PioRr1UOx0n2,you should see me in a crown,6qqNVTkY8uBg9cP3Jd7DAH,Billie Eilish,76,False,180952,0.697,0.552,-10.271,0.196,0.479,0.127,0.147,0.278,75.235,0
2usxQITOSDqvkYiI0oIwao,You should be sad,26VFTg2z8YR0cCuwLzESi2,Halsey,76,True,205473,0.591,0.585,-6.35,0.0277,0.143,0.0,0.109,0.324,110.94,0
35RJhm1pEovTBwnNR0zWad,GREECE (feat. Drake),"0QHgL1lAIqAw0HtD7YldmP,3TVXtAsR1Inumwj472S9r4","DJ Khaled,Drake",76,True,218901,0.695,0.343,-10.798,0.0432,0.0743,1.04e-06,0.107,0.229,85.84,1
4VuS959DSpr82t3qBqCrWG,Supermarket Flowers,6eUKZXaKkcviH0Ku9w2n3V,Ed Sheeran,76,False,221106,0.589,0.242,-10.517,0.0442,0.914,0.0,0.0887,0.257,89.749,0
5KCbr5ndeby4y4ggthdiAb,Wonder,7n2wHs1TKAczGzO7Dd2rGr,Shawn Mendes,76,False,172692,0.333,0.637,-4.904,0.0581,0.131,1.8e-05,0.149,0.132,139.898,0
7wBJfHzpfI3032CSD7CE2m,STARGAZING,0Y5tJX1MQlPlqiwlOH1tJY,Travis Scott,76,True,270714,0.487,0.789,-3.69,0.044,0.00947,4.05e-06,0.189,0.0564,150.007,0
4nK5YrxbMGZstTLbvj6Gxw,Supalonely,"0Cp8WN4V8Tu4QJQwCN5Md4,6sHCvZe1PHrOAuYlwTLNH4","BENEE,Gus Dapperton",76,True,223480,0.863,0.631,-4.689,0.0534,0.305,3.04e-05,0.123,0.817,128.977,1
1qOLh0tI7trd1zdDKxYZTe,Starving,"5p7f24Rk5HkUZsaS3BLG5F,4lDBihdpMlOalxy1jkUbPl,2qxJFvFYMEDqd7ui6kSAcq","Hailee Steinfeld,Grey,Zedd",76,False,181880,0.636,0.633,-4.23,0.126,0.371,0.0,0.102,0.512,99.721,1
4F6yN5FsFW10Ucx7cLCzBh,Ready (feat. Gunna),"5f7VJjfbwm532GiveGC0ZK,2hlmm7s2ICUX0LVIhVFlZQ","Lil Baby,Gunna",76,True,213287,0.793,0.395,-5.578,0.385,0.277,1.4e-05,0.109,0.129,77.027,1
4ZRrLHqzhGRXYj2qcB4s5S,Tattoo - Remix with Camilo,"1mcTU81TzQhprhouKaTkpq,28gNT5KBp7IjEOQoevXf9N","Rauw Alejandro,Camilo",76,False,222680,0.848,0.637,-5.132,0.156,0.0413,0.0,0.0521,0.698,96.988,1
1BxfuPKGuaTgP7aM0Bbdwr,Cruel Summer,06HL4z0CvFAxyc27GXpf02,Taylor Swift,76,False,178426,0.552,0.702,-5.707,0.157,0.117,2.06e-05,0.105,0.564,169.994,0
5yuShbu70mtHXY0yLzCQLQ,Go Flex,246dkjvS1zLTtiykXe5h60,Post Malone,76,True,179613,0.665,0.498,-8.185,0.0832,0.228,0.0,0.0757,0.127,81.967,0
3wwo0bJvDSorOpNfzEkfXx,Let Me Know (I Wonder Why Freestyle),4MCBfE4596Uoi2O4DtmEMz,Juice WRLD,76,True,215380,0.635,0.537,-7.895,0.0832,0.172,0.0,0.418,0.383,125.028,0
79jX8RM5CgPqDKdGEKNW9K,In My Blood,7n2wHs1TKAczGzO7Dd2rGr,Shawn Mendes,76,False,211360,0.628,0.715,-7.097,0.0541,0.0524,0.0,0.119,0.429,139.991,0
7uoFMmxln0GPXQ0AcCBXRq,Snowman,5WUlDfRSoLAfcVSX1WnrxN,Sia,76,False,165906,0.716,0.512,-6.257,0.0331,0.483,0.0,0.0928,0.326,104.957,0
6JV2JOEocMgcZxYSZelKcc,"CAN'T STOP THE FEELING! (from DreamWorks Animation's ""TROLLS"")",31TPClRtHm23RisEBtV3X7,Justin Timberlake,76,False,236001,0.666,0.83,-5.715,0.0751,0.0123,0.0,0.191,0.702,113.03,0
1CUVN2kn7mW5FjkqXTR2W1,Perfect Strangers,"1HBjj22wzbscIZ9sEb5dyf,4kYGAK2zu9EAomwj3hXkXy","Jonas Blue,JP Cooper",76,False,196613,0.742,0.819,-5.307,0.0487,0.372,0.0,0.277,0.709,117.986,1
4HFpIAtiojlAuYNmITpYGn,Truth Hurts,56oDRnqbIiwx4mymNEv7dS,Lizzo,76,True,173325,0.715,0.624,-3.046,0.114,0.11,0.0,0.123,0.412,158.087,0
2Rk4JlNc2TPmZe2af99d45,ME! (feat. Brendon Urie of Panic! At The Disco),"06HL4z0CvFAxyc27GXpf02,6eYFryfcEu3QSq59D62wZQ,20JZFwl6HVl6yg8a4H3ZqK","Taylor Swift,Brendon Urie,Panic! At The Disco",76,False,193000,0.61,0.83,-4.105,0.0571,0.033,0.0,0.118,0.728,182.162,1
4pUCKHjJ4Ijewc37rRrvHn,Kill This Love,41MozSoPIsD1dJM0CLPjZF,BLACKPINK,76,False,191050,0.738,0.861,-4.141,0.237,0.32,0.00175,0.325,0.58,131.974,0
0tMSssfxAL2oV8Vri0mFHE,listen before i go,6qqNVTkY8uBg9cP3Jd7DAH,Billie Eilish,76,False,242652,0.319,0.0561,-23.023,0.045,0.935,0.00384,0.388,0.082,79.764,0
5B03nSG8pLE48jh7kmasuL,Levels - Radio Edit,1vCWHaC5f2uS3yhpwWbIA6,Avicii,76,False,199906,0.579,0.887,-5.961,0.0334,0.0484,0.828,0.294,0.472,126.041,0
4wNIkl5XGiAACjFBlDWuSd,What A Man Gotta Do,7gOdHgIoIKoe4i9Tta6qdD,Jonas Brothers,76,False,180644,0.852,0.698,-7.206,0.0629,0.00839,1.03e-06,0.0773,0.324,113.039,0
37ZtpRBkHcaq6hHy0X98zn,I CAN'T STOP ME,7n2Ycct7Beij7Dj7meI4X0,TWICE,76,False,205493,0.657,0.88,-3.672,0.102,0.121,0.0,0.463,0.769,150.084,0
66W1rVTnEv86dIkFhoiElg,Secrets,"4ofCBoyEiGSePFAG500xev,5KKpBU5eC2tJDzf0wmlRp2","Regard,RAYE",76,True,176766,0.848,0.768,-5.386,0.0373,0.0412,0.000785,0.195,0.777,118.961,1
7r9ZhitdQBONTFOiJW5mr8,Reloj,"1mcTU81TzQhprhouKaTkpq,2R21vXR83lH98kGeO99Y66","Rauw Alejandro,Anuel AA",76,True,231594,0.823,0.537,-2.639,0.209,0.176,3.98e-06,0.123,0.615,175.946,1
1kusepF3AacIEtUTYrw4GV,Paper Planes,0QJIPDAEDILuo8AIq3pMuU,M.I.A.,76,False,205200,0.447,0.848,-6.175,0.222,0.033,7.45e-05,0.722,0.485,172.247,0
27SdWb2rFzO6GWiYDBTD9j,Cheap Thrills,5WUlDfRSoLAfcVSX1WnrxN,Sia,76,False,211666,0.628,0.698,-5.608,0.105,0.0472,0.00143,0.0907,0.732,89.976,0
06s3QtMJVXw1AJX3UfvZG1,Hasta Que Dios Diga,"2R21vXR83lH98kGeO99Y66,4q3ewBCX7sLwd24euuV69X","Anuel AA,Bad Bunny",76,True,246000,0.691,0.765,-4.727,0.111,0.464,3.29e-06,0.203,0.855,174.021,1
4S2uhQE8L9V6p7rj7SiauJ,Suicidal (Remix) [feat. Juice WRLD],"1cNDP5yjU5vjeR8qMf4grg,4MCBfE4596Uoi2O4DtmEMz","YNW Melly,Juice WRLD",76,True,225857,0.655,0.441,-5.245,0.0629,0.474,0.0,0.099,0.273,139.957,1
3V8UKqhEK5zBkBb6d6ub8i,Te Boté - Remix,"5hdhHgpxyniooUiQVaPxQ0,1fux65HMCBvfJHqlBc4Nno,4q3ewBCX7sLwd24euuV69X,1TtXnWcUs0FCkaZDPGYHdf,1i8SpTcr7yvPOmcqrbnVXY,1SupJlEpv7RS2tPNRaHViT","Nio Garcia,Casper Magico,Bad Bunny,Darell,Ozuna,Nicky Jam",76,True,417920,0.903,0.675,-3.445,0.214,0.542,1.28e-05,0.0595,0.442,96.507,1
0H4ugk6rhnXmTl47ayy9O5,Daechwita,5RmQ8k4l3HZ8JoPb4mNsML,Agust D,76,True,225668,0.65,0.827,-4.014,0.0599,0.0229,0.0,0.121,0.223,144.995,0
4w8niZpiMy6qz1mntFA5uM,"Taki Taki (with Selena Gomez, Ozuna & Cardi B)","540vIaP2JwjQb9dm3aArA4,0C8ZW7ezQVs4URX5aX7Kqx,1i8SpTcr7yvPOmcqrbnVXY,4kYSro6naA4h99UJvo89HB","DJ Snake,Selena Gomez,Ozuna,Cardi B",76,True,212500,0.842,0.801,-4.167,0.228,0.157,4.82e-06,0.0642,0.617,95.881,1
3nS9a01VvXHQriLqJYwRqG,DOLLAZ ON MY HEAD (feat. Young Thug),"2hlmm7s2ICUX0LVIhVFlZQ,50co4Is1HCEo8bhOyUWKpn","Gunna,Young Thug",76,True,197760,0.825,0.458,-7.47,0.0577,0.114,0.0,0.102,0.161,145.115,1
1daDRI9ahBonbWD8YcxOIB,Angels Like You,5YGY8feqx7naU7z4HrwZM6,Miley Cyrus,76,False,196453,0.672,0.642,-4.035,0.0313,0.0981,0.0,0.1,0.494,121.981,0
7uzmGiiJyRfuViKKK3lVmR,Mine,4GvEc3ANtPPjt1ZJllr5Zl,Bazzi,76,True,131064,0.71,0.789,-3.874,0.0722,0.0161,2.77e-06,0.451,0.717,142.929,0
7C1trmcQQ5n5RNy4l6ziCv,Some Say - Felix Jaehn Remix,"7nqlScm2smydSRl13eaP8E,4bL2B6hmLlMWnUEZnorEtG","Nea,Felix Jaehn",76,False,186878,0.682,0.7,-5.591,0.0397,0.406,0.0,0.174,0.637,120.03,1
5stPVcRqb4qixbafP9e8lt,Hola - Remix,"0KPX4Ucy9dk82uj4GpKesn,1pQWsZQehhS4wavwh7Fnxd,37230BxxYs9ksS7OkZw3IU,2LmcxBak1alK1bf7d1beTr,3fZk3Gm5dN5v5yfYMQ04Bx","Dalex,Lenny Tavárez,Chencho Corleone,Juhn,Dímelo Flow",76,False,249520,0.654,0.672,-5.98,0.311,0.471,0.0,0.0781,0.343,181.857,1
5kRPPEWFJIMox5qIkQkiz5,Sweet Creature,6KImCVD70vtIoJWnq6nGn3,Harry Styles,76,False,224866,0.427,0.262,-8.541,0.0276,0.746,0.0,0.068,0.228,104.085,0
4kfm1uI9QGaoN9qm6CkAMn,What I've Done,6XyY86QOPPrYVGvF9ch6wz,Linkin Park,76,False,205613,0.623,0.93,-5.285,0.0324,0.0141,1.64e-06,0.138,0.287,120.119,0
5sNESr6pQfIhL3krM8CtZn,Numb / Encore,"3nFkdlSjzX9mRTtwJOzDYB,6XyY86QOPPrYVGvF9ch6wz","JAY-Z,Linkin Park",76,True,205733,0.687,0.793,-4.254,0.166,0.0603,0.0,0.582,0.751,107.045,1
3pm4XtcsRIFFtH2UErk62R,CANCIÓN CON YANDEL,"0eHQ9o50hj6ZDNBt6Ys1sD,4q3ewBCX7sLwd24euuV69X","Yandel,Bad Bunny",76,True,209180,0.75,0.741,-4.43,0.402,0.447,0.0,0.121,0.495,79.968,1
0k664IuFwVP557Gnx7RhIl,Juice,56oDRnqbIiwx4mymNEv7dS,Lizzo,76,True,195144,0.767,0.889,-2.988,0.0963,0.00611,0.0,0.402,0.843,119.93,0
1xzBco0xcoJEDXktl7Jxrr,Mo Bamba,2RDOrhPqAM4jzTRCEb19qX,Sheck Wes,76,True,183906,0.729,0.625,-5.266,0.0315,0.194,0.00986,0.248,0.261,146.034,0
6sDQ4uiWw9OdVrCXFLSlZt,Rap God,7dGJo4pcD2V6oG8kP0tJRR,Eminem,76,True,363521,0.712,0.838,-2.679,0.313,0.403,0.0,0.809,0.607,148.138,0
4SSnFejRGlZikf02HLewEF,bury a friend,6qqNVTkY8uBg9cP3Jd7DAH,Billie Eilish,76,False,193143,0.905,0.389,-14.505,0.332,0.74,0.162,0.106,0.196,120.046,0
0ecC8p17cDNlxHXkuYqeR6,Surrender,2WxjxdeF7GGdcCK276qViY,Natalie Taylor,76,False,183103,0.39,0.448,-8.57,0.0276,0.8,0.182,0.107,0.077,144.89,0
2xt2piJx6jlFkjS77YiqpL,Like a Stone,2ziB7fzrXBoh1HUPS6sVFn,Audioslave,76,False,293960,0.614,0.568,-5.477,0.0276,0.00797,0.0,0.0997,0.516,107.849,0
50Td3qilgs8BLtv8mHyT1t,Control,03d2mJXSMtuPI0nIvLnhoS,Zoe Wees,76,False,230880,0.599,0.465,-4.95,0.0314,0.643,1.57e-06,0.149,0.0678,113.82,0
3vsNteZn6E5qBSSBO78W7b,You're Beautiful,7KMqksf0UMdyA0UCf4R3ux,James Blunt,76,True,209493,0.674,0.547,-7.316,0.0276,0.625,1.54e-05,0.0927,0.423,81.997,0
4ja2gzrNh9VNigzoXfmbwD,Mariposa,0imE3buPhAowREqCrr4CYe,Peach Tree Rascals,76,False,210000,0.676,0.525,-5.88,0.028,0.617,0.0,0.356,0.421,112.011,0
4dASQiO1Eoo3RJvt74FtXB,"Sucker for Pain (with Wiz Khalifa, Imagine Dragons, Logic & Ty Dolla $ign feat. X Ambassadors)","55Aa2cqylxrFIXC767Z865,137W8MRPWKqSmrBGDBFSop,53XhwfbYqKCa1cC15pYq2q,3NPpFNZtSTHheNBaWC82rB,4xRYI6VqpkE3UwrDrAZL8L,7c0XG5cIJTrrAgEC3ULPiq","Lil Wayne,Wiz Khalifa,Imagine Dragons,X Ambassadors,Logic,Ty Dolla $ign",76,True,243490,0.502,0.786,-4.378,0.317,0.255,0.0,0.65,0.739,169.021,1
14WWzenpaEgQZlqPq2nk4v,Work,"5pKCCKE2ajJHZ9KAiaK11H,3TVXtAsR1Inumwj472S9r4","Rihanna,Drake",76,True,219320,0.725,0.534,-6.238,0.0946,0.0752,0.0,0.0919,0.558,91.974,1
6n3HGiq4v35D6eFOSwqYuo,Teenage Fever,3TVXtAsR1Inumwj472S9r4,Drake,76,True,219692,0.766,0.283,-10.33,0.0846,0.111,0.0172,0.115,0.144,97.04,0
63SevszngYpZOwf63o61K4,Nevermind,3EOEK57CV77D4ovYVcmiyt,Dennis Lloyd,76,False,156600,0.6,0.688,-8.339,0.201,0.159,1.29e-05,0.409,0.0793,99.977,0
0VhgEqMTNZwYL1ARDLLNCX,Can I Be Him,4IWBUUAFIplrNtaOHcJPRM,James Arthur,76,False,246880,0.696,0.543,-6.164,0.0489,0.308,0.0,0.0939,0.479,107.969,0
1e1JKLEDKP7hEQzJfNAgPl,Magnolia,699OTQXzgjhIYAHMy9RyPD,Playboi Carti,76,True,181812,0.791,0.582,-7.323,0.286,0.0114,0.0,0.35,0.443,162.991,0
58zsLZPvfflaiIbNWoA22O,Human,4f9iBmdUOhQWeP7dcAn1pf,Rag'n'Bone Man,76,False,200186,0.602,0.707,-4.097,0.302,0.393,0.0,0.165,0.554,75.087,0
3jT2LKH0RSbQ8jIUNFzXm5,PTSD,"5QdEbQJ3ylBnc3gsIASAT5,4O15NlyKLIASxsJ0PrXPfz,4MCBfE4596Uoi2O4DtmEMz,1anyVhU62p31KFi8MEzkbf","G Herbo,Lil Uzi Vert,Juice WRLD,Chance the Rapper",76,True,232064,0.883,0.808,-3.158,0.183,0.0317,0.0,0.207,0.805,119.012,1
4R9ATNRRl1uth17i5qDCc0,I.F.L.Y.,4GvEc3ANtPPjt1ZJllr5Zl,Bazzi,76,True,165714,0.812,0.519,-4.823,0.0385,0.379,0.0,0.13,0.554,104.954,0
40mjsnRjCpycdUw3xhS20g,GATTI,"7A8S43ryYdbWpJKeHRZRcq,0eDvMgVFoNV3TpwtrVCoTj,0Y5tJX1MQlPlqiwlOH1tJY","JACKBOYS,Pop Smoke,Travis Scott",76,True,181144,0.594,0.676,-5.808,0.344,0.135,0.0,0.163,0.472,143.477,1
4jAIqgrPjKLTY9Gbez25Qb,Lights Up,6KImCVD70vtIoJWnq6nGn3,Harry Styles,76,False,172213,0.575,0.621,-8.165,0.032,0.0392,0.0045,0.141,0.27,101.987,0
4o6BgsqLIBViaGVbx5rbRk,You Make My Dreams (Come True),77tT1kLj6mCWtFNqiOmP9H,Daryl Hall & John Oates,76,False,190626,0.751,0.501,-12.151,0.0551,0.234,0.112,0.0467,0.902,167.057,0
1tNJrcVe6gwLEiZCtprs1u,3 Nights,6USv9qhCn6zfxlBQIYJ9qs,Dominic Fike,76,False,177666,0.815,0.518,-6.594,0.0897,0.223,0.0,0.104,0.877,151.891,0
11EnQRgRMJwMAesfkB5pnu,Se Te Nota (with Guaynaa),"6i3DxIlAqnDkwELLw4aVrx,0BqURncJM5B1BBu7UM51eq","Lele Pons,Guaynaa",76,False,155825,0.905,0.686,-3.152,0.0664,0.0907,0.0,0.266,0.963,103.013,1
5jW3rF4URMdK7tO2xjS5EI,Tal Vez,3vQ0GE3mI0dAaxIMYe5g7z,Paulo Londra,76,False,263899,0.855,0.649,-2.443,0.151,0.25,0.0,0.0801,0.741,161.986,0
0A1hoCfMLkiAgvhWkkucJa,Body,181bsRPaVXVlUKXrxwZfHK,Megan Thee Stallion,76,True,171067,0.914,0.732,-6.1,0.241,0.0166,0.0,0.107,0.469,94.066,0
167NczpNbRF7oWakJaY3Hh,Slow Hands,1Hsdzj7Dlq2I7tHP7501T4,Niall Horan,76,False,188174,0.728,0.426,-6.69,0.0509,0.0142,0.0,0.0546,0.844,85.908,0
059bcIhyc2SBwm6sw2AZzd,Te Vi,"4bw2Am3p9ji3mYsXNXtQcd,1aWJsBQa67l72j1VT3D6Ow","Piso 21,Micro TDH",76,False,231848,0.877,0.777,-4.246,0.117,0.0446,3.46e-05,0.0863,0.706,102.02,1
127QTOFJsJQp5LbJbu3A1y,Toosie Slide,3TVXtAsR1Inumwj472S9r4,Drake,76,True,247058,0.834,0.454,-9.75,0.201,0.321,6.15e-06,0.114,0.837,81.618,0
0oufSLnKQDoBFX5mgkDCgR,Trust,3tlXnStJ1fFhdScmQeLpuG,Brent Faiyaz,76,True,158420,0.764,0.394,-8.559,0.154,0.224,8.71e-05,0.119,0.471,92.011,0
6NFyWDv5CjfwuzoCkw47Xf,Delicate,06HL4z0CvFAxyc27GXpf02,Taylor Swift,76,False,232253,0.75,0.404,-10.178,0.0682,0.216,0.000357,0.0911,0.0499,95.045,0
3AzjcOeAmA57TIOr9zF1ZW,Physical,6M2wZ9GZgrQXHCFfjv46we,Dua Lipa,76,False,193829,0.647,0.844,-3.756,0.0457,0.0137,0.000658,0.102,0.746,146.967,0
7w9bgPAmPTtrkt2v16QWvQ,"Lose Yourself - From ""8 Mile"" Soundtrack",7dGJo4pcD2V6oG8kP0tJRR,Eminem,76,True,322226,0.701,0.728,-4.554,0.255,0.00971,0.00115,0.361,0.0591,171.388,0
6b2RcmUt1g9N9mQ3CbjX2Y,How Do You Sleep?,2wY79sveU1sp5g7SokKOiI,Sam Smith,76,False,202204,0.477,0.682,-4.931,0.0925,0.153,0.0,0.0763,0.345,110.567,0
2ksOAxtIxY8yElEWw8RhgK,China,"2R21vXR83lH98kGeO99Y66,4VMYDCV2IEDYJArk749S6m,790FomKkXshlbRYZFtlgla,1vyhD5VmyZ7KMfW5gqLgo5,1i8SpTcr7yvPOmcqrbnVXY","Anuel AA,Daddy Yankee,KAROL G,J Balvin,Ozuna",76,False,301714,0.786,0.808,-3.702,0.0882,0.0846,0.000289,0.0822,0.609,105.027,1
5hvwx5i67IwnCkjl9VHkNv,Diamonds,2wY79sveU1sp5g7SokKOiI,Sam Smith,76,False,213869,0.653,0.667,-6.764,0.0423,0.154,0.0,0.107,0.556,104.181,0
0n2moJpAEWHwaPYYjkzMDl,Blue & Grey,3Nrfpe0tUJi4K4DXYWgMUX,BTS,76,False,254950,0.547,0.605,-6.755,0.0415,0.42,0.0,0.125,0.364,121.953,0
6Knv6wdA0luoMUuuoYi2i1,My House,0jnsk9HBra6NMjO2oANoPY,Flo Rida,76,False,192190,0.688,0.702,-4.792,0.0499,0.0215,0.0,0.128,0.74,94.006,0
1f38Gx6xQz6r4H1jGVNBJo,Loco Contigo (feat. J. Balvin & Tyga),"540vIaP2JwjQb9dm3aArA4,1vyhD5VmyZ7KMfW5gqLgo5,5LHRHt1k9lMyONurDHEdrp","DJ Snake,J Balvin,Tyga",76,False,185194,0.822,0.743,-3.04,0.0567,0.285,2.31e-06,0.102,0.355,96.025,1
30VrBsh1STRBoIrhQOAwzK,Disturbia,5pKCCKE2ajJHZ9KAiaK11H,Rihanna,76,False,238626,0.703,0.813,-4.517,0.0574,0.0884,0.0,0.219,0.717,124.904,0
6GnhWMhgJb7uyiiPEiEkDA,Weekend (feat. Miguel),"4LLpKhyESsyAXpc4laK94U,360IAlyVv4PCEVjgyMZrxK","Mac Miller,Miguel",76,True,208080,0.843,0.435,-8.442,0.178,0.47,0.0,0.147,0.19,120.058,1
5T7ZFtCcOgkpjxcuaeZbw0,Best Song Ever,4AK6F7OLvEQ5QYCBNiQWHq,One Direction,76,False,200106,0.652,0.877,-2.986,0.0465,0.0227,0.0,0.0789,0.486,118.491,0
2afCBiru10AFckfOa49wIa,You & I,4AK6F7OLvEQ5QYCBNiQWHq,One Direction,76,False,237933,0.574,0.329,-6.829,0.0274,0.22,0.0,0.0986,0.356,130.993,0
2MlOUXmcofMackX3bxfSwi,Jerusalema (feat. Nomcebo Zikode),"523y9KSneKh6APd1hKxLuF,4cfKtwkefMW3aiXtxfw8w6","Master KG,Nomcebo Zikode",76,False,342612,0.88,0.483,-7.012,0.0505,0.0185,8.68e-06,0.0607,0.827,124.009,1
3b0EOvScbZUc0qJx0E1L2z,I Want You Back,2iE18Oxc8YSumAU232n4rW,The Jackson 5,76,False,176333,0.639,0.548,-13.534,0.0394,0.29,9.68e-05,0.366,0.887,98.359,0
1wJRveJZLSb1rjhnUHQiv6,Swervin (feat. 6ix9ine),"31W5EY0aAly4Qieq6OFu6I,7gZfnEnfiaHzxARJ2LeXrf","A Boogie Wit da Hoodie,6ix9ine",76,True,189486,0.581,0.662,-5.239,0.303,0.0153,0.0,0.111,0.434,93.023,1
3lIxtCaROdRDuTnNBDm3n2,She's My Collar (feat. Kali Uchis),"3AA28KZvwAUcZuOKwyblJQ,1U1el3k54VvEUzo3ybLPlM","Gorillaz,Kali Uchis",76,False,209560,0.726,0.815,-5.886,0.0313,0.00799,0.081,0.112,0.462,140.158,1
72C7aUQECOhNtnD0AC36ua,They Don't Know About Us,4AK6F7OLvEQ5QYCBNiQWHq,One Direction,76,False,200400,0.512,0.754,-6.031,0.0549,0.135,0.0,0.0881,0.336,147.89,0
2lCkncy6bIB0LTMT7kvrD1,Azul,1vyhD5VmyZ7KMfW5gqLgo5,J Balvin,76,False,205933,0.843,0.836,-2.474,0.0695,0.0816,0.00138,0.0532,0.65,94.018,0
75lcPkAkUsKWHGBlGM476R,1400 / 999 Freestyle,"6Xgp2XMz1fhVYe7i6yNAax,4MCBfE4596Uoi2O4DtmEMz","Trippie Redd,Juice WRLD",76,True,175954,0.825,0.572,-6.067,0.0864,0.0079,0.0,0.113,0.568,141.991,1
0xUvi7wldroBzaZCengPa5,24 (feat. Lil Baby),"3Rx4PJ7SP6unkOk5elPUK7,5f7VJjfbwm532GiveGC0ZK","Money Man,Lil Baby",76,True,182857,0.868,0.638,-7.746,0.0736,0.146,0.0565,0.0931,0.459,126.03,1
27a1mYSG5tYg7dmEjWBcmL,CAN'T SAY,0Y5tJX1MQlPlqiwlOH1tJY,Travis Scott,76,True,198408,0.702,0.708,-5.366,0.0547,0.201,0.0,0.118,0.713,147.98,0
4umIPjkehX1r7uhmGvXiSV,Intentions (feat. Quavo),"1uNFoZAHBGtllmzznpCI3s,0VRj0yCOv2FXJNP47XQnx5","Justin Bieber,Quavo",76,False,212866,0.806,0.546,-6.637,0.0575,0.3,0.0,0.102,0.874,147.986,1
7KbF6AdprOXEEHlsq11Z6d,11 PM,1r4hJ1h58CWwUQe3MxPuau,Maluma,76,False,175733,0.777,0.712,-4.84,0.277,0.217,0.0,0.091,0.68,95.692,0
6cy3ki60hLwimwIje7tALf,RITMO (Bad Boys For Life),"1yxSLGMDHlW21z4YXirZDS,1vyhD5VmyZ7KMfW5gqLgo5","Black Eyed Peas,J Balvin",76,True,221714,0.721,0.716,-7.037,0.0657,0.0334,0.00084,0.237,0.667,104.994,1
73SpzrcaHk0RQPFP73vqVR,No Time To Die,6qqNVTkY8uBg9cP3Jd7DAH,Billie Eilish,76,False,242265,0.38,0.219,-13.273,0.0358,0.917,0.0104,0.0827,0.0517,73.537,0
7kSLdGdXLey7pzLsWpdg1h,Little Things,4AK6F7OLvEQ5QYCBNiQWHq,One Direction,76,False,219040,0.707,0.222,-11.716,0.0329,0.788,0.0,0.205,0.556,110.095,0
7rPLZ8Krm6CZIbraFUlnWZ,Make You Feel My Love,4dpARuHxo51G3z768sgnrY,Adele,75,False,212040,0.325,0.18,-10.647,0.0311,0.91,0.000633,0.113,0.0997,72.416,0
7d6XJZjnm7iWcKwYL9z5kC,Noticed,5zctI4wO9XSKS8XwcnqEHk,Lil Mosey,75,True,165000,0.699,0.558,-7.622,0.0603,0.462,0.0,0.116,0.493,79.992,0
2toVe5hfuIi97ytDPDbQFt,Taste (feat. Offset),"5LHRHt1k9lMyONurDHEdrp,4DdkRBBYG6Yk9Ka8tdJ9BW","Tyga,Offset",75,True,229210,0.866,0.613,-6.385,0.151,0.0293,0.0,0.104,0.359,98.001,1
2OKo7g3KfmCt3kyLvUAL0g,The Search,6fOMl44jA4Sp5b9PpYCkzz,NF,75,False,248040,0.789,0.786,-4.788,0.297,0.596,0.0,0.0997,0.39,119.957,0
6FuGJB290AQMAHTfjOYVaK,"Mood (Remix) feat. Justin Bieber, J Balvin & iann dior","6fWVd57NKTalqvmjRd2t8Z,1uNFoZAHBGtllmzznpCI3s,1vyhD5VmyZ7KMfW5gqLgo5,6ASri4ePR7RlsvIQgWPJpS","24kGoldn,Justin Bieber,J Balvin,iann dior",75,True,192745,0.721,0.745,-3.508,0.0366,0.151,1.24e-06,0.372,0.699,90.988,1
2QqJTIlGKRLJC3onkavYEz,Flex (feat. Juice WRLD),"6AgTAQt8XS6jRWi4sX7w49,4MCBfE4596Uoi2O4DtmEMz","Polo G,Juice WRLD",75,True,163902,0.752,0.673,-5.792,0.153,0.0538,0.0,0.133,0.35,164.009,1
0dA2Mk56wEzDgegdC6R17g,Stay,"2qxJFvFYMEDqd7ui6kSAcq,2wUjUUtkb5lvLKcGKsKqsR","Zedd,Alessia Cara",75,False,210090,0.679,0.634,-5.024,0.0654,0.232,0.0,0.115,0.498,102.013,1
2Yer0p7uB2lVBUAtANuuQp,Magic In The Hamptons (feat. Lil Yachty),"5UjifI1TYefXWn9GdqDOHl,6icQOAFXDZKsumw3YXyusw","Social House,Lil Yachty",75,False,164640,0.769,0.479,-5.339,0.0385,0.66,0.0,0.0914,0.803,96.051,1
2gwkD6igEhQbDQegRCcdoB,Suge,4r63FhuTkUYltbVAg5TQnk,DaBaby,75,True,163320,0.876,0.662,-6.482,0.426,0.0608,0.0,0.127,0.844,75.445,0
5qHirGR7M9tdm6C17DlzSY,REEL IT IN,3Gm5F95VdRxW3mqCn8RPBJ,Aminé,75,True,121346,0.754,0.342,-8.677,0.0991,0.073,0.0,0.193,0.423,128.981,0
0GzuHFG4Ql6DoyxFRnIk3F,Hawái - Remix,"1r4hJ1h58CWwUQe3MxPuau,1Xyo4u8uXC1ZmMpatF05PJ","Maluma,The Weeknd",75,False,200481,0.766,0.788,-3.128,0.312,0.105,5.81e-06,0.142,0.609,179.984,1
1vvNmPOiUuyCbgWmtc6yfm,My Way,7CajNmpbOovFoOoasH2HaY,Calvin Harris,75,False,219159,0.818,0.913,-3.06,0.0426,0.093,3.69e-05,0.161,0.536,119.986,0
1aLNpg2kKvUncflV8xE5AA,Linger,7t0rwkOPGlDPEhaOcVtOt9,The Cranberries,75,False,274706,0.438,0.428,-14.861,0.0263,0.0841,4.63e-05,0.138,0.209,94.864,0
3jbT1Y5MoPwEIpZndDDwVq,Adicto (with Anuel AA & Ozuna),"0GM7qgcRCORpGnfcN2tCiB,2R21vXR83lH98kGeO99Y66,1i8SpTcr7yvPOmcqrbnVXY","Tainy,Anuel AA,Ozuna",75,False,270740,0.734,0.836,-4.803,0.0735,0.017,1.64e-05,0.179,0.623,80.002,1
6U0FIYXCQ3TGrk4tFpLrEA,SUGAR,1Bl6wpkWCQ4KVgnASpvzzA,BROCKHAMPTON,75,True,204533,0.453,0.538,-8.212,0.0638,0.449,0.0,0.19,0.516,122.973,0
2FXd6kKCtBIc6UfN1gH1pA,FANCY,7n2Ycct7Beij7Dj7meI4X0,TWICE,75,False,213880,0.697,0.874,-2.15,0.045,0.0122,0.0,0.627,0.775,132.022,0
6kex4EBAj0WHXDKZMEJaaF,Swalla (feat. Nicki Minaj & Ty Dolla $ign),"07YZf4WDAMNwqr4jfgOZ8y,0hCNtLu0JehylgoiP8L4Gh,7c0XG5cIJTrrAgEC3ULPiq","Jason Derulo,Nicki Minaj,Ty Dolla $ign",75,True,216408,0.696,0.817,-3.862,0.109,0.075,0.0,0.187,0.782,98.064,1
1jr1BnpXymcf2i97mTR8tJ,Walk It Talk It,"6oMuImdp5ZcFhWP0ESe6mG,3TVXtAsR1Inumwj472S9r4","Migos,Drake",75,True,276147,0.909,0.631,-5.447,0.205,0.0717,0.0,0.108,0.394,145.968,1
2VYb3Fb5iK5Y8HGZ8oEEkp,Violent Crimes,5K4W6rqBFWDnAN6FQUkS6x,Kanye West,75,True,215320,0.665,0.417,-6.731,0.524,0.374,0.0,0.186,0.04,110.111,0
2yZax79pOrYuyIFVW2cZY2,Carry On,15UsOTVnJzReFVN1VCnxy4,XXXTENTACION,75,True,129720,0.735,0.197,-13.378,0.537,0.768,0.000276,0.296,0.383,147.899,0
2pmhboG1a2XfDiTvMwO8sd,Panini,7jVv8c5Fj3E9VhNjxT4snq,Lil Nas X,75,False,114893,0.703,0.594,-6.146,0.0752,0.342,0.0,0.123,0.475,153.848,0
3eR23VReFzcdmS7TYCrhCe,It Ain't Me (with Selena Gomez),"23fqKkggKUBHNkbKtXEls4,0C8ZW7ezQVs4URX5aX7Kqx","Kygo,Selena Gomez",75,False,220780,0.64,0.533,-6.596,0.0706,0.119,0.0,0.0864,0.515,99.968,1
4pLwZjInHj3SimIyN9SnOz,Side To Side,"66CXWjxzNUsdJxJ2JdwvnR,0hCNtLu0JehylgoiP8L4Gh","Ariana Grande,Nicki Minaj",75,True,226160,0.648,0.738,-5.883,0.247,0.0408,0.0,0.292,0.603,159.145,1
40oKW22ZNNkEdZLJTScaQI,Roll in Peace (feat. XXXTENTACION),"46SHBwWsqBkxI7EeeBEQG7,15UsOTVnJzReFVN1VCnxy4","Kodak Black,XXXTENTACION",75,True,213132,0.747,0.524,-6.807,0.245,0.0306,0.0,0.2,0.363,140.053,1
5QTxFnGygVM4jFQiBovmRo,(Don't Fear) The Reaper,00tVTdpEhQQw1bqdu8RCx2,Blue Öyster Cult,75,False,308120,0.333,0.927,-8.55,0.0733,0.0029,0.000208,0.297,0.385,141.466,0
6gxKUmycQX7uyMwJcweFjp,We Paid (feat. 42 Dugg),"5f7VJjfbwm532GiveGC0ZK,45gHcnDnMC15sgx3VL7ROG","Lil Baby,42 Dugg",75,True,181929,0.926,0.542,-5.064,0.293,0.135,0.0,0.0877,0.564,135.14,1
4xqIYGwwZTEem9U8A42SPF,Broke In A Minute,2jku7tDXc6XoB6MO2hFuqg,Tory Lanez,75,True,132023,0.929,0.7,-5.595,0.0906,0.144,0.0,0.349,0.802,120.009,0
0ffweDHrg4bZqdG4IfGYuo,Pied Piper,3Nrfpe0tUJi4K4DXYWgMUX,BTS,75,False,245620,0.583,0.712,-4.942,0.0326,0.2,0.0,0.268,0.776,94.051,0
7kjEqI6eZ7YlFrGhxixnlN,ANTES QUE SE ACABE,4q3ewBCX7sLwd24euuV69X,Bad Bunny,75,False,221186,0.693,0.549,-6.098,0.0577,0.505,4.73e-05,0.324,0.473,139.988,0
1jgu8MFTEGdL1wjw9gZj5y,Fly Away,2NjfBq1NflQcKSeiDooVjY,Tones And I,75,False,178156,0.805,0.515,-6.201,0.0915,0.223,0.0,0.238,0.488,124.969,0
05CwHjIk71RXVU40boRMnR,Call You Mine,"69GGBxA162lTqCwzJG5jLp,64M6ah0SkkRsnPGtGiRAbb","The Chainsmokers,Bebe Rexha",75,False,217640,0.591,0.702,-5.59,0.0289,0.225,0.0,0.414,0.501,104.003,1
27rdGxbavYJeBphck5MZAF,Nothing Breaks Like a Heart (feat. Miley Cyrus),"3hv9jJF3adDNsBSIQDqcjp,5YGY8feqx7naU7z4HrwZM6","Mark Ronson,Miley Cyrus",75,False,217466,0.601,0.794,-5.844,0.0671,0.00987,1.36e-06,0.388,0.244,114.066,1
1hz7SRTGUNAtIQ46qiNv2p,"GONE, GONE / THANK YOU",4V8LLVI7PbaPR0K2TGSxFF,"Tyler, The Creator",75,True,375386,0.518,0.492,-8.436,0.193,0.216,0.0012,0.146,0.471,78.848,0
4vVTI94F9uJ8lHNDWKv0i2,Eenie Meenie,"6S0dmVVn4udvppDhZIWxCr,1uNFoZAHBGtllmzznpCI3s","Sean Kingston,Justin Bieber",75,False,201946,0.72,0.607,-4.168,0.0322,0.0543,0.0,0.113,0.828,121.223,1
364dI1bYnvamSnBJ8JcNzN,Intentions,"1uNFoZAHBGtllmzznpCI3s,0VRj0yCOv2FXJNP47XQnx5","Justin Bieber,Quavo",75,False,212868,0.811,0.553,-6.644,0.0552,0.317,0.0,0.105,0.86,148.014,1
0TrPqhAMoaKUFLR7iYDokf,Know Your Worth,"6LuN9FCkKOj5PcnpouEgny,6nS5roXSAGhTGr34W6n7Et","Khalid,Disclosure",75,False,181436,0.79,0.694,-7.726,0.0708,0.145,0.00252,0.281,0.508,103.007,1
3RauEVgRgj1IuWdJ9fDs70,The Man,06HL4z0CvFAxyc27GXpf02,Taylor Swift,75,False,190360,0.777,0.658,-5.191,0.054,0.0767,0.0,0.0901,0.633,110.048,0
5RqR4ZCCKJDcBLIn4sih9l,Party Girl,1XLWox9w1Yvbodui0SRhUQ,StaySolidRocky,75,False,147800,0.728,0.431,-9.966,0.0622,0.749,0.0,0.0996,0.629,130.022,0
0pYacDCZuRhcrwGUA5nTBe,eight(Prod.&Feat. SUGA of BTS),"3HqSLMAZ3g3d5poNaI7GOU,0ebNdVaOfp6N0oZ1guIxM8","IU,SUGA",75,False,167573,0.676,0.869,-1.573,0.0423,0.115,0.0,0.132,0.594,120.029,1
4y5bvROuBDPr5fuwXbIBZR,Paper Rings,06HL4z0CvFAxyc27GXpf02,Taylor Swift,75,False,222400,0.811,0.719,-6.553,0.0497,0.0129,1.36e-05,0.0742,0.865,103.979,0
74lnM5V6ecvoTPV0fvptx9,Nuketown (feat. Juice WRLD),"2rhFzFmezpnW82MNqEKVry,4MCBfE4596Uoi2O4DtmEMz","Ski Mask The Slump God,Juice WRLD",75,True,166400,0.808,0.617,-9.32,0.442,0.113,0.0,0.734,0.632,149.962,1
7Feaw9WAEREY0DUOSXJLOM,Summer Days (feat. Macklemore & Patrick Stump of Fall Out Boy),"60d24wfXkVzDSfLS6hyCjZ,3JhNCzhSMTxs9WLGJJxWOY,4UXqAaa6dQYAk18Lv7PEgX","Martin Garrix,Macklemore,Fall Out Boy",75,True,163804,0.661,0.723,-6.976,0.0566,0.179,1.23e-05,0.14,0.316,113.778,1
3qnoOm4fwZPBS116f5hpgF,All Mine,5K4W6rqBFWDnAN6FQUkS6x,Kanye West,75,True,145506,0.925,0.308,-6.562,0.338,0.125,0.0,0.0933,0.265,122.099,0
5NNlUMcOEOdoOIwwaWXv0k,Cold (feat. Future),"04gDigrS5kc9YWfZHwBETP,1RyvyyTE3xzB2ZywiAwp0i","Maroon 5,Future",75,True,234308,0.703,0.715,-6.285,0.114,0.139,0.0,0.0456,0.497,99.924,1
2p8IUWQDrpjuFltbdgLOag,After Hours,1Xyo4u8uXC1ZmMpatF05PJ,The Weeknd,75,False,361026,0.664,0.572,-6.099,0.0305,0.0811,0.00604,0.121,0.143,108.959,0
4WzhjxvLP95y7AMDy0Atwb,Out Of Love,2wUjUUtkb5lvLKcGKsKqsR,Alessia Cara,75,False,227693,0.481,0.267,-9.249,0.0339,0.8,0.0,0.249,0.137,117.64,0
13EW51DKru044OJDJ9Bm8o,TRAGIC (feat. Youngboy Never Broke Again & Internet Money),"2tIP7SsRs7vjIcLrU85W8J,7wlFDEWiM5OoIAt8RSli8b,6MPCFvOQv5cIGfw3jODMF0","The Kid LAROI,YoungBoy Never Broke Again,Internet Money",75,True,153147,0.779,0.642,-6.321,0.116,0.0383,0.0,0.2,0.388,82.363,1
0QIjsbm2fh1cJ45XO9eGqq,Wake Up in the Sky,"13y7CgLHjMVRMDqxdx0Xdo,0du5cEVh5yTK9QJze8zA0C,46SHBwWsqBkxI7EeeBEQG7","Gucci Mane,Bruno Mars,Kodak Black",75,True,204664,0.8,0.578,-5.144,0.0485,0.00381,0.0,0.359,0.367,143.01,1
4wdZdkEugVVorAfzqRqC6N,Candy Paint,246dkjvS1zLTtiykXe5h60,Post Malone,75,True,227533,0.672,0.684,-5.468,0.158,0.604,0.0,0.081,0.428,180.008,0
2FVpOsjT1iquZ3SpCjZ9Ne,Telepathy,3Nrfpe0tUJi4K4DXYWgMUX,BTS,75,False,202313,0.787,0.669,-4.333,0.0428,0.00782,0.0,0.123,0.57,104.994,0
6LsAAHotRLMOHfCsSfYCsz,If I Can't Have You,7n2wHs1TKAczGzO7Dd2rGr,Shawn Mendes,75,False,190800,0.692,0.809,-4.198,0.0602,0.524,0.0,0.147,0.864,123.911,0
4dVpf9jZjcORqGTLUaeYj9,Plain Jane,5dHt1vcEm9qb8fCyLcB3HL,A$AP Ferg,75,True,173600,0.797,0.844,-5.482,0.275,0.0651,0.0,0.087,0.52,170.142,0
3QCU8BT0zDS9LPVfEhRFEE,ALWAYS DO,2tIP7SsRs7vjIcLrU85W8J,The Kid LAROI,75,True,151704,0.762,0.426,-6.865,0.113,0.0442,0.0,0.0858,0.582,167.827,0
1x5sYLZiu9r5E43kMlt9f8,Symphony (feat. Zara Larsson),"6MDME20pz9RveH9rEXvrOM,1Xylc3o4UrD53lo9CvFvVg","Clean Bandit,Zara Larsson",75,False,212459,0.707,0.629,-4.581,0.0563,0.259,1.6e-05,0.138,0.457,122.863,1
0bRXwKfigvpKZUurwqAlEh,Lovely Day,1ThoqLcyIYvZn7iWbj8fsj,Bill Withers,75,False,254560,0.692,0.651,-8.267,0.0324,0.292,0.00241,0.105,0.706,97.923,0
4SJHHpKhcuXwDsCsPqshXj,El Efecto,"1mcTU81TzQhprhouKaTkpq,37230BxxYs9ksS7OkZw3IU","Rauw Alejandro,Chencho Corleone",75,False,217142,0.849,0.781,-4.635,0.159,0.406,0.0,0.0801,0.893,84.041,1
4jcxBTrNvyqMJdMDyyjdYV,Dime Cómo Quieres,"0XwVARXT135rw8lyw1EeWP,3abT87tqQ4Q5PA5nw6CYyH","Christian Nodal,Ángela Aguilar",75,False,171360,0.839,0.667,-3.961,0.031,0.322,0.0,0.244,0.878,124.889,1
4sPmO7WMQUAf45kwMOtONw,Hello,4dpARuHxo51G3z768sgnrY,Adele,75,False,295502,0.481,0.451,-6.095,0.0347,0.336,0.0,0.0872,0.289,157.966,0
7sQKy5vlPQllr0k9IjYJv3,Sigues Con El,"3fZk3Gm5dN5v5yfYMQ04Bx,4SsVbpTthjScTS7U2hmr1X,77ziqFxp5gaInVrF2lj4ht","Dímelo Flow,Arcangel,Sech",75,False,226532,0.883,0.668,-2.957,0.113,0.11,0.000529,0.0734,0.676,87.972,1
6fmQjRuo7XvRFCK2qex5hQ,Mi Cuarto,7f02bxFbZIOVdSbYRNYvLT,Jerry Di,75,False,197586,0.854,0.525,-4.426,0.214,0.819,0.0,0.146,0.63,97.054,0
0Jlcvv8IykzHaSmj49uNW8,the 1,06HL4z0CvFAxyc27GXpf02,Taylor Swift,75,True,210251,0.777,0.357,-6.942,0.0522,0.757,7.28e-06,0.108,0.172,139.883,0
51NFxnQvaosfDDutk0tams,bellyache,6qqNVTkY8uBg9cP3Jd7DAH,Billie Eilish,75,False,179172,0.695,0.573,-8.597,0.106,0.46,0.0734,0.482,0.408,99.939,0
69uxyAqqPIsUyTO8txoP2M,Adventure of a Lifetime,4gzpq5DPGxSnKTe4SA8HAU,Coldplay,75,False,263786,0.638,0.924,-3.887,0.036,0.00205,0.000175,0.149,0.53,111.995,0
4j4w4CXm6BSr0s25wAWrrX,Bichiyal,"4q3ewBCX7sLwd24euuV69X,0Y30TbA4p8SAfCzy2AFBa8","Bad Bunny,Yaviah",75,True,196500,0.737,0.766,-4.242,0.0458,0.31,6.63e-06,0.114,0.662,93.956,1
5CFJRZRq6sdKKtRwNPWbYv,Show Out (with Skepta & Pop Smoke),"0fA0VVWsXO9YnASrzqfmYu,2p1fiYHYiXz9qi0JJyxBzN,0eDvMgVFoNV3TpwtrVCoTj","Kid Cudi,Skepta,Pop Smoke",75,True,174960,0.619,0.589,-6.531,0.124,0.43,0.000392,0.378,0.158,143.896,1
3NLnwwAQbbFKcEcV8hDItk,Perfect,4AK6F7OLvEQ5QYCBNiQWHq,One Direction,75,False,230333,0.647,0.823,-5.231,0.0762,0.0598,0.0,0.119,0.396,99.933,0
04ZTP5KsCypmtCmQg5tH9R,I'm a Mess,64M6ah0SkkRsnPGtGiRAbb,Bebe Rexha,75,False,195519,0.63,0.694,-6.257,0.0253,0.00281,0.0,0.0719,0.216,97.005,0
30KctD1WsHKTIYczXjip5a,Tequila Shots,0fA0VVWsXO9YnASrzqfmYu,Kid Cudi,75,True,193293,0.712,0.556,-7.214,0.0531,0.084,5.04e-05,0.527,0.22,90.494,0
7yHEDfrJNd0zWOfXwydNH0,Into You,66CXWjxzNUsdJxJ2JdwvnR,Ariana Grande,75,False,244453,0.636,0.727,-5.852,0.106,0.0161,1.12e-06,0.151,0.358,107.988,0
3ITvHA9zhZZdBJsOsAUegF,Amorfoda,4q3ewBCX7sLwd24euuV69X,Bad Bunny,75,True,153887,0.742,0.432,-7.539,0.0615,0.984,5.78e-05,0.0796,0.252,148.005,0
4Q34FP1AT7GEl9oLgNtiWj,Mr. Right Now (feat. Drake),"1URnnhqYAYcrqrcwql10ft,0iEtIxbK0KxaSlF7G42ZOp,3TVXtAsR1Inumwj472S9r4","21 Savage,Metro Boomin,Drake",75,True,193838,0.647,0.667,-5.563,0.304,0.231,0.0,0.133,0.704,172.08,1
2GGMabyHXnJmjY6CXhhB2e,Money,4kYSro6naA4h99UJvo89HB,Cardi B,75,True,183527,0.95,0.59,-6.508,0.29,0.00534,0.0,0.11,0.219,130.003,0
7x4ASXYEKfQBCewcZhK776,"Ay, DiOs Mío!",790FomKkXshlbRYZFtlgla,KAROL G,75,False,189653,0.718,0.712,-4.366,0.174,0.512,0.00121,0.104,0.531,180.034,0
6O6M7pJLABmfBRoGZMu76Y,Roses,"69GGBxA162lTqCwzJG5jLp,6jsjhAEteAlY0vCiLvMLBA","The Chainsmokers,ROZES",75,False,226738,0.716,0.806,-7.602,0.0466,0.0361,0.00413,0.244,0.347,100.033,1
1oHNvJVbFkexQc0BpQp7Y4,Starships,0hCNtLu0JehylgoiP8L4Gh,Nicki Minaj,75,True,210626,0.747,0.716,-2.457,0.075,0.135,0.0,0.251,0.751,125.008,0
4TgxFMOn5yoESW6zCidCXL,Savage Love (Laxed – Siren Beat) [BTS Remix],"56mfhUDKa1vec6rSLZV5Eg,07YZf4WDAMNwqr4jfgOZ8y,3Nrfpe0tUJi4K4DXYWgMUX","Jawsh 685,Jason Derulo,BTS",75,True,184905,0.758,0.598,-5.695,0.0868,0.16,0.0,0.295,0.658,149.836,1
77Y7tccX9Hx5iClDr39uy9,Hollywood's Bleeding,246dkjvS1zLTtiykXe5h60,Post Malone,75,False,156266,0.405,0.646,-3.206,0.0476,0.331,0.0,0.103,0.17,130.218,0
44pxxRrhiDGuHYP5HjadGF,Take What You Want (feat. Ozzy Osbourne & Travis Scott),"246dkjvS1zLTtiykXe5h60,6ZLTlhejhndI4Rh53vYhrY,0Y5tJX1MQlPlqiwlOH1tJY","Post Malone,Ozzy Osbourne,Travis Scott",75,False,229573,0.495,0.811,-2.649,0.0571,0.102,0.0,0.132,0.241,139.925,1
2nC3QhMI9reBIOWutbU3Tj,Moral of the Story,6P5NO5hzJbuOqSdyPB7SJM,Ashe,75,True,201083,0.572,0.406,-8.624,0.0427,0.587,4.48e-06,0.102,0.265,119.812,0
4Yxc55NX3tAXC2mHRAhtcW,"All I Want - From ""High School Musical: The Musical: The Series""",1McMsnEElThX1knmY4oliG,Olivia Rodrigo,75,False,177322,0.376,0.43,-6.585,0.0328,0.0902,0.0,0.0912,0.129,77.599,0
6SQLk9HSNketfgs2AyIiMs,She,6KImCVD70vtIoJWnq6nGn3,Harry Styles,75,False,362653,0.535,0.521,-5.942,0.0272,0.000532,0.371,0.19,0.457,140.026,0
50a8bKqlwDEqeiEknrzkTO,ball w/o you,1URnnhqYAYcrqrcwql10ft,21 Savage,75,True,195046,0.892,0.633,-7.471,0.0902,0.0467,0.000189,0.139,0.459,137.994,0
3aA6xB0tOilDDX17fIJ0Bl,Freak,5cj0lLjcoR7YOSnhnX0Po5,Doja Cat,75,True,284480,0.688,0.716,-5.702,0.0385,0.0969,0.0,0.0989,0.373,116.912,0
4K06PO78fW4mnBVenxGNob,Conversations,4MCBfE4596Uoi2O4DtmEMz,Juice WRLD,75,True,181661,0.747,0.622,-5.825,0.0838,0.176,0.0,0.151,0.57,159.93,0
0zzVTGyRrWpQu8Fr28NRAv,OK Not To Be OK,"64KEffDW9EtZ1y2vBYgq8T,6S2OmqARrzebs0tKUEyXyp","Marshmello,Demi Lovato",75,False,159862,0.743,0.837,-5.025,0.0649,0.0172,0.0,0.0743,0.263,103.072,1
6ap9lSRJ0iLriGLqoJ44cq,CITY OF ANGELS,6fWVd57NKTalqvmjRd2t8Z,24kGoldn,75,False,112493,0.686,0.541,-4.993,0.0493,0.042,0.0,0.0675,0.724,120.082,0
0Xh6R6XLoTDRBYriQRgkHj,Memories (feat. Kid Cudi),"1Cs0zKBU1kc0i8ypK3B9ai,0fA0VVWsXO9YnASrzqfmYu","David Guetta,Kid Cudi",75,False,210853,0.547,0.92,-3.939,0.259,0.00192,7.63e-06,0.257,0.372,129.994,1
50PWlIBU7PlGGwzgN8TiFJ,Million Reasons,1HY2Jd0NmPuamShAr6KMms,Lady Gaga,75,False,205280,0.668,0.449,-7.897,0.0451,0.477,0.0,0.107,0.154,129.889,0
0qaWEvPkts34WF68r8Dzx9,Turn Me On (feat. Vula),"7i9j813KFoSBMldGqlh2Z1,5nki7yRhxgM509M5ADlN1p,6YqhcZlSE8ugUcmoHLw9gz","Riton,Oliver Heldens,Vula",75,False,208473,0.737,0.828,-4.711,0.0396,0.0149,0.000588,0.0862,0.517,124.051,1
5knuzwU65gJK7IF5yJsuaW,Rockabye (feat. Sean Paul & Anne-Marie),"6MDME20pz9RveH9rEXvrOM,3Isy6kedDrgPYoTS1dazA9,1zNqDE7qDGCsyzJwohVaoX","Clean Bandit,Sean Paul,Anne-Marie",75,False,251088,0.72,0.763,-4.068,0.0523,0.406,0.0,0.18,0.742,101.965,1
0AUvWawuP0ibk4SQ3sIZjk,Daisy,3PyJHH2wyfQK3WZrk9rpmP,Ashnikko,75,True,146523,0.834,0.663,-6.143,0.133,0.235,0.0,0.372,0.774,121.876,0
0VE4kBnHJUgtMf0dy6DRmW,Getaway Car,06HL4z0CvFAxyc27GXpf02,Taylor Swift,75,False,233626,0.562,0.689,-6.745,0.127,0.00465,2.23e-06,0.0888,0.351,172.054,0
3YU6vJbjYUG0tiJyXf9x5V,Him & I (with Halsey),"02kJSzxNuaWGqwubyUba0Z,26VFTg2z8YR0cCuwLzESi2","G-Eazy,Halsey",75,True,268866,0.589,0.731,-6.343,0.0868,0.0534,0.0,0.308,0.191,87.908,1
7KhHA3mzt7A3LFlOJEAKpI,On My Way,"7vk5e3vY1uw9plTHJAMwjN,74KM79TiuVKeVCqs8QtB0B,329e4yvIujISKGKz1BZZbO","Alan Walker,Sabrina Carpenter,Farruko",75,False,193797,0.509,0.689,-4.929,0.102,0.0209,0.0,0.301,0.297,170.087,1
27ycaQnQAxaPiyeg3nr2aB,Midnight Sky,5YGY8feqx7naU7z4HrwZM6,Miley Cyrus,75,False,223279,0.705,0.814,-5.466,0.0346,0.00115,0.00312,0.203,0.259,110.0,0
4OBZT9EnhYIV17t4pGw7ig,Best Part (feat. Daniel Caesar),"3Y7RZ31TRPVadSFVy1o8os,20wkVLutqVOYrc0kxFs7rA","H.E.R.,Daniel Caesar",75,False,209400,0.473,0.371,-10.219,0.0405,0.795,0.0,0.109,0.413,75.208,1
5iwz1NiezX7WWjnCgY5TH4,Calma - Remix,"4QVBYiagIaa6ZGSPMbybpy,329e4yvIujISKGKz1BZZbO","Pedro Capó,Farruko",75,False,238200,0.826,0.773,-4.218,0.0524,0.323,0.0,0.143,0.761,126.899,1
2cYnZNzFRFK0H7vSNxPsUq,Ella Quiere Beber - Remix,"2R21vXR83lH98kGeO99Y66,5lwmRuXgjX8xIwlnauTZIP","Anuel AA,Romeo Santos",75,False,219357,0.751,0.665,-3.083,0.124,0.265,0.0,0.0515,0.698,95.239,1
0mfCH4nfpshBQR9ueZP5eP,Girls Need Love (with Drake) - Remix,"57LYzLEk2LcFghVwuWbcuS,3TVXtAsR1Inumwj472S9r4","Summer Walker,Drake",75,True,222374,0.656,0.432,-9.481,0.217,0.443,0.0,0.132,0.0897,97.022,1
3Fj47GNK2kUF0uaEDgXLaD,wish you were gay,6qqNVTkY8uBg9cP3Jd7DAH,Billie Eilish,75,False,221543,0.853,0.351,-10.198,0.241,0.39,9.38e-06,0.752,0.282,118.028,0
7hynhxDoDpgMIV12JuVtNa,UN PESO,"1vyhD5VmyZ7KMfW5gqLgo5,4q3ewBCX7sLwd24euuV69X,5QzDzXfXC5lepOBeQXBiVO","J Balvin,Bad Bunny,Marciano Cantero",75,False,277106,0.627,0.675,-7.125,0.213,0.125,0.0,0.0784,0.961,79.31,1
3K4HG9evC7dg3N0R9cYqk4,One Step Closer,6XyY86QOPPrYVGvF9ch6wz,Linkin Park,75,False,157333,0.492,0.969,-4.419,0.0491,0.0014,1.32e-06,0.0787,0.538,95.136,0
6mAN61JH0dzyZpWslS11jy,Fantasias,"1mcTU81TzQhprhouKaTkpq,329e4yvIujISKGKz1BZZbO","Rauw Alejandro,Farruko",75,False,199711,0.879,0.703,-4.219,0.0701,0.143,0.0,0.0569,0.788,94.004,1
2qG5sZ7Si6sdK74qLxedYM,Con Altura,"7ltDVBr6mKbRvohxheJ9h1,1vyhD5VmyZ7KMfW5gqLgo5,1oMiDFyAgmIzw9ZBQYHOJI","ROSALÍA,J Balvin,El Guincho",75,False,161626,0.882,0.689,-4.027,0.124,0.39,0.00325,0.0501,0.746,97.963,1
6eT7xZZlB2mwyzJ2sUKG6w,White Iverson,246dkjvS1zLTtiykXe5h60,Post Malone,75,True,256533,0.675,0.562,-7.678,0.0352,0.233,0.0,0.0816,0.309,130.098,0
23OXdR7YuUBVWh5hSnYJau,Chlorine,3YQKmKGau1PzlVlkL1iodx,Twenty One Pilots,75,False,324466,0.609,0.674,-7.388,0.0548,0.0735,0.06,0.345,0.315,90.009,0
6IRdLKIyS4p7XNiP8r6rsx,all the good girls go to hell,6qqNVTkY8uBg9cP3Jd7DAH,Billie Eilish,75,False,168839,0.726,0.444,-8.922,0.372,0.283,0.143,0.177,0.569,185.044,0
7aGyRfJWtLqgJaZoG9lJhE,Mad at Disney,3QJUFtGBGL05vo0kCJZsmT,salem ilese,75,False,136838,0.738,0.621,-7.313,0.0486,0.424,7.39e-06,0.692,0.715,113.968,0
2hwOoMtWPtTSSn6WHV7Vp5,Blue World,4LLpKhyESsyAXpc4laK94U,Mac Miller,75,True,209440,0.742,0.553,-8.98,0.419,0.389,0.0,0.0694,0.508,84.931,0
2EoOZnxNgtmZaD8uUmz2nD,Black Hole Sun,5xUf6j4upBrXZPg6AI4MRK,Soundgarden,75,False,318586,0.35,0.828,-5.373,0.041,0.000217,0.000161,0.0774,0.147,105.435,0
56uXDJRCuoS7abX3SkzHKQ,Myron,4O15NlyKLIASxsJ0PrXPfz,Lil Uzi Vert,75,True,224954,0.771,0.654,-6.976,0.298,0.055,0.0,0.214,0.573,155.047,0
3ngc7rGlfeFaskU90EWl4R,You Say,40LHVA5BTQp9RxHOQ9JPYj,Lauren Daigle,75,False,274693,0.494,0.637,-6.381,0.0333,0.669,0.0,0.0882,0.1,147.924,0
4K8cyoCDovlc4FvtUr2Hfx,Nada,"5DUlefCLzVRzNWaNURTFpK,5xSx2FM8mQnrfgM1QsHniB","Cali Y El Dandee,Danna Paola",75,False,174026,0.684,0.808,-2.737,0.061,0.0518,1.02e-05,0.0858,0.712,173.905,1
1DWZUa5Mzf2BwzpHtgbHPY,Good News,4LLpKhyESsyAXpc4laK94U,Mac Miller,75,False,342040,0.794,0.32,-12.92,0.173,0.853,0.134,0.112,0.241,174.088,0
6tCssnvTUREcperDOUTqvA,WANNABE,2KC9Qb60EaY0kW4eH68vr3,ITZY,75,False,191242,0.809,0.911,-4.41,0.0617,0.00795,0.000179,0.181,0.64,122.035,0
1ThmUihH9dF8EV08ku5AXN,Faucet Failure,2rhFzFmezpnW82MNqEKVry,Ski Mask The Slump God,75,True,145626,0.935,0.552,-9.373,0.335,0.111,0.0,0.0952,0.615,99.993,0
6K5BsR04ijf3FHNzjbaagD,Si Se Da - Remix,"7iK8PXO48WeuP03g8YR51W,329e4yvIujISKGKz1BZZbO,4SsVbpTthjScTS7U2hmr1X,77ziqFxp5gaInVrF2lj4ht,1pgDilWYDWLoOgGjf1iHNu","Myke Towers,Farruko,Arcangel,Sech,Zion",75,True,332240,0.817,0.672,-5.612,0.299,0.441,0.0,0.13,0.774,93.999,1
7rpNuuoMbid56XkDsx2FjE,Black And White,1Hsdzj7Dlq2I7tHP7501T4,Niall Horan,75,False,193089,0.443,0.582,-6.02,0.0482,0.0301,0.0,0.127,0.239,147.589,0
5hnbE5BF2e8BCk9OMR1UVC,Mikrokosmos,3Nrfpe0tUJi4K4DXYWgMUX,BTS,75,False,224225,0.58,0.858,-5.212,0.114,0.125,0.0,0.0502,0.475,174.039,0
3BUQFs6aFWh7EFNmI8bfL7,Johnny B. Goode,293zczrfYafIItmnmM3coR,Chuck Berry,75,False,161560,0.516,0.798,-9.049,0.083,0.738,0.000128,0.305,0.969,168.195,0
6gdLyYNuhWBzqwlOFSsXC7,Better Together,718COspgdWOnwOFpJHRZHS,Luke Combs,75,False,219573,0.552,0.225,-11.501,0.0477,0.827,0.0,0.111,0.67,138.002,0
1sgDyuLooyvEML4oHspNza,Lose Somebody,"23fqKkggKUBHNkbKtXEls4,5Pwc4xIPtQLFEnJriah9YJ","Kygo,OneRepublic",75,False,199549,0.58,0.586,-6.883,0.0357,0.344,0.0,0.0755,0.507,147.988,1
2AIWoHr9DF6y4KALCBKWQS,IDOL,3Nrfpe0tUJi4K4DXYWgMUX,BTS,75,False,222732,0.734,0.855,-3.211,0.118,0.00481,0.0,0.123,0.422,126.035,0
7abpmGpF7PGep2rDU68GBR,Tuesday (feat. Danelle Sandoval),"4ON1ruy5ijE7ZPQthbrkgI,7Dz9goFmVZZqvJxZoKg7pF","Burak Yeter,Danelle Sandoval",74,False,241874,0.841,0.639,-6.052,0.0688,0.0156,0.0654,0.0545,0.675,99.002,1
02q0ZnV2L4XByzEvWZJqBC,Spring Day,3Nrfpe0tUJi4K4DXYWgMUX,BTS,74,False,274097,0.539,0.846,-3.192,0.0354,0.0063,1.68e-06,0.13,0.46,106.992,0
1f5cbQtDrykjarZVrShaDI,Drowning (feat. Kodak Black),"31W5EY0aAly4Qieq6OFu6I,46SHBwWsqBkxI7EeeBEQG7","A Boogie Wit da Hoodie,Kodak Black",74,True,209269,0.839,0.81,-5.274,0.0568,0.501,0.0,0.117,0.814,129.014,1
55CHeLEfn5iJ0IIkgaa4si,Savage,181bsRPaVXVlUKXrxwZfHK,Megan Thee Stallion,74,True,155497,0.843,0.741,-5.609,0.334,0.0252,0.0,0.096,0.68,168.983,0
343YBumqHu19cGoGARUTsd,Fake Love,3TVXtAsR1Inumwj472S9r4,Drake,74,True,210937,0.928,0.481,-9.35,0.287,0.105,0.0,0.176,0.613,134.007,0
7L8hkKW4hnemNfuOfEZcle,Epiphany,3Nrfpe0tUJi4K4DXYWgMUX,BTS,74,False,240361,0.509,0.558,-6.369,0.0276,0.29,0.0,0.131,0.327,135.879,0
7M2tXmeS15NAzEn7ABFeBg,Homicide (feat. Eminem),"4xRYI6VqpkE3UwrDrAZL8L,7dGJo4pcD2V6oG8kP0tJRR","Logic,Eminem",74,True,245386,0.694,0.759,-5.667,0.398,0.137,0.0,0.167,0.77,140.055,1
0rIAC4PXANcKmitJfoqmVm,Motivation,2cWZOOzeOm4WmBJRnD5R7I,Normani,74,False,193837,0.599,0.887,-3.967,0.0984,0.0192,1.21e-06,0.3,0.881,170.918,0
5cQB9fbuQCz4muQUFkv3rR,Serendipity (Full Length Edition),3Nrfpe0tUJi4K4DXYWgMUX,BTS,74,False,276707,0.347,0.578,-7.525,0.0626,0.445,0.0,0.231,0.226,86.73,0
5qN1G8fSHq4Sv5FRoOkNGu,Por Eso Vine,3vQ0GE3mI0dAaxIMYe5g7z,Paulo Londra,74,False,178534,0.76,0.646,-5.048,0.433,0.233,0.0,0.0905,0.625,188.009,0
4qKcDkK6siZ7Jp1Jb4m0aL,Look Alive (feat. Drake),"4TEJudQY2pXxVHPE3gD2EU,3TVXtAsR1Inumwj472S9r4","BlocBoy JB,Drake",74,True,181263,0.922,0.581,-7.495,0.27,0.00104,5.86e-05,0.105,0.595,140.022,1
6klLvorLoo1sxvZcjJIY8I,Make No Sense,7wlFDEWiM5OoIAt8RSli8b,YoungBoy Never Broke Again,74,True,148629,0.876,0.733,-4.478,0.333,0.0208,0.0,0.0999,0.962,154.904,0
6mICuAdrwEjh6Y6lroV2Kg,Chantaje (feat. Maluma),"0EmeFodog0BfCgMzAIvKQp,1r4hJ1h58CWwUQe3MxPuau","Shakira,Maluma",74,False,195840,0.852,0.773,-2.921,0.0776,0.187,3.05e-05,0.159,0.907,102.034,1
60SdxE8apGAxMiRrpbmLY0,Lucky You (feat. Joyner Lucas),"7dGJo4pcD2V6oG8kP0tJRR,6C1ohJrd5VydigQtaGy5Wa","Eminem,Joyner Lucas",74,True,244679,0.876,0.786,-4.884,0.306,0.0627,0.0,0.127,0.575,153.068,1
5YSHygGN9D0mID1NsVd5my,Reminds Me Of You,"4MCBfE4596Uoi2O4DtmEMz,2tIP7SsRs7vjIcLrU85W8J","Juice WRLD,The Kid LAROI",74,True,158032,0.613,0.631,-6.965,0.12,0.0663,0.0,0.169,0.33,149.992,1
10GJQkjRJcZhGTLagFOC62,Most Girls,5p7f24Rk5HkUZsaS3BLG5F,Hailee Steinfeld,74,False,204400,0.756,0.572,-7.019,0.0763,0.0478,0.0,0.0853,0.417,102.986,0
4hPpVbbakQNv8YTHYaOJP4,One Thing Right,"64KEffDW9EtZ1y2vBYgq8T,3oSJ7TBVCWMDMiYjXNiCKE","Marshmello,Kane Brown",74,False,181823,0.659,0.625,-2.253,0.045,0.0644,0.0,0.582,0.442,88.042,1
6fujklziTHa8uoM5OQSfIo,Black Beatles,"7iZtZyCzp3LItcw1wtPI3D,13y7CgLHjMVRMDqxdx0Xdo","Rae Sremmurd,Gucci Mane",74,True,291893,0.794,0.632,-6.163,0.0649,0.142,0.0,0.128,0.355,145.926,1
1ZAyjvIk9YiD76yYy0TEG6,Plug Walk,1pPmIToKXyGdsCF6LmqLmI,Rich The Kid,74,True,175229,0.876,0.519,-6.531,0.143,0.202,0.0,0.108,0.158,94.981,0
5q2JbCNi4FcnglgPfxcV65,Sola,"2R21vXR83lH98kGeO99Y66,4VMYDCV2IEDYJArk749S6m,21451j1KhjAiaYKflxBjr1,329e4yvIujISKGKz1BZZbO,3E6xrwgnVfYCrCs0ePERDz","Anuel AA,Daddy Yankee,Zion & Lennox,Farruko,Wisin",74,False,307910,0.639,0.869,-4.024,0.147,0.27,0.0,0.0802,0.767,169.801,1
1lXQskY1Op1KzFG4GVcVpe,Criminal,"1GDbiv3spRmZ1XdM1jQbT7,1i8SpTcr7yvPOmcqrbnVXY","Natti Natasha,Ozuna",74,False,232549,0.822,0.794,-3.821,0.0689,0.0416,6.02e-05,0.139,0.837,79.983,1
4ak7xjvBeBOcJGWFDX9w5n,Rodeo,"7jVv8c5Fj3E9VhNjxT4snq,4kYSro6naA4h99UJvo89HB","Lil Nas X,Cardi B",74,True,158706,0.706,0.679,-5.614,0.0324,0.139,6.98e-05,0.465,0.657,140.081,1
78SeXVRJ7KCqVmOwTiFjnI,"Nathy Peluso: Bzrp Music Sessions, Vol. 36","716NhGYqD1jl2wI1Qkgq36,3VHAySZQPlfGlNLslzXYpN","Bizarrap,Nathy Peluso",74,False,171215,0.65,0.655,-3.71,0.405,0.25,0.0,0.0691,0.735,94.059,1
39N9RPD9MRb5WmoLzNzPeA,X,"1SupJlEpv7RS2tPNRaHViT,1vyhD5VmyZ7KMfW5gqLgo5","Nicky Jam,J Balvin",74,False,172854,0.595,0.773,-4.736,0.0549,0.0364,0.00108,0.334,0.711,180.073,1
7MRyJPksH3G2cXHN8UKYzP,American Girl,4tX2TplrkIP4v05BNC903e,Tom Petty and the Heartbreakers,74,False,214733,0.55,0.824,-5.988,0.0334,0.448,0.000127,0.366,0.777,114.512,0
5v9N8Rx3QsFvr50cxyQcA3,Love$ick (feat. A$AP Rocky),"5Q81rlcTFh3k6DQJXPdsot,13ubrt8QOOCPljQ2FL1Kca","Mura Masa,A$AP Rocky",74,True,192160,0.665,0.771,-5.124,0.14,0.126,0.00449,0.27,0.732,88.835,1
6uAm7pG66O1XesXS9bpHSF,Good as Hell,56oDRnqbIiwx4mymNEv7dS,Lizzo,74,False,159735,0.684,0.905,-3.187,0.0765,0.285,0.0,0.525,0.492,95.985,0
45Egmo7icyopuzJN0oMEdk,Love Lies (with Normani),"6LuN9FCkKOj5PcnpouEgny,2cWZOOzeOm4WmBJRnD5R7I","Khalid,Normani",74,False,201707,0.708,0.648,-5.626,0.0449,0.0956,0.0,0.134,0.338,143.955,1
0ZLuW8uOXdFNWcI40C0OC2,"Whats Poppin (feat. DaBaby, Tory Lanez & Lil Wayne) [Remix] - Bonus Track","2LIk90788K0zvyj2JJVwkJ,2jku7tDXc6XoB6MO2hFuqg,4r63FhuTkUYltbVAg5TQnk,55Aa2cqylxrFIXC767Z865","Jack Harlow,Tory Lanez,DaBaby,Lil Wayne",74,True,227478,0.904,0.723,-5.224,0.26,0.0631,0.0,0.185,0.835,145.013,1
2QpGZOhTCHHiKmpSO9FW4h,Follow God,5K4W6rqBFWDnAN6FQUkS6x,Kanye West,74,False,104591,0.529,0.9,-3.503,0.418,0.000248,1.21e-05,0.0426,0.434,180.291,0
0vWUhCPxpJOJR5urYbZypB,Hypnotized,"2WBJQGf1bT1kxuoqziH5g4,4FrXHrpbDLNyO3pbVv8RmF","Purple Disco Machine,Sophie and the Giants",74,False,195657,0.69,0.813,-5.084,0.0997,0.0968,0.000324,0.109,0.704,108.078,1
7lAK3oHbfEnvUQWosrMMpR,YOSEMITE,0Y5tJX1MQlPlqiwlOH1tJY,Travis Scott,74,True,150043,0.785,0.554,-6.571,0.0409,0.283,3.4e-06,0.116,0.144,128.047,0
0CokSRCu5hZgPxcZBaEzVE,Glorious (feat. Skylar Grey),"3JhNCzhSMTxs9WLGJJxWOY,4utLUGcTvOJFr6aqIJtYWV","Macklemore,Skylar Grey",74,True,220454,0.731,0.794,-5.126,0.0522,0.0323,2.59e-05,0.112,0.356,139.994,1
3NfxSdJnVdon1axzloJgba,I Say a Little Prayer,7nwUJBm0HE4ZxD3f5cy5ok,Aretha Franklin,74,False,216773,0.592,0.355,-14.051,0.0352,0.478,0.0,0.0585,0.499,133.032,0
4VUwkH455At9kENOfzTqmF,Beautiful (feat. Camila Cabello),"4GvEc3ANtPPjt1ZJllr5Zl,4nDoRrQiYLoBzwC5BhVJzF","Bazzi,Camila Cabello",74,False,180000,0.638,0.717,-4.722,0.0337,0.346,0.0,0.105,0.249,100.027,1
3JHpk0DOTOzyh0777JFAky,Diosa,7iK8PXO48WeuP03g8YR51W,Myke Towers,74,True,214013,0.801,0.745,-3.733,0.063,0.398,0.00603,0.153,0.245,104.965,0
2qG81jL9UIP54uS8gYyP4k,Who (feat. BTS),"5JZ7CnR6gTvEMKX4g70Amv,3Nrfpe0tUJi4K4DXYWgMUX","Lauv,BTS",74,False,180413,0.632,0.345,-8.0,0.0349,0.551,0.0,0.104,0.0818,141.641,1
1IF5UcqRO42D12vYwceOY6,From the Dining Table,6KImCVD70vtIoJWnq6nGn3,Harry Styles,74,False,211960,0.671,0.156,-16.288,0.0371,0.804,0.0518,0.113,0.201,94.08,0
02itaCXOdC54J0ISjqqFAp,All Around The World (La La La),"6cEuCEZu7PAE9ZSzLLc2oQ,5wTdspmxzb8V4ZjvDodpBo","R3HAB,A Touch Of Class",74,False,147840,0.733,0.859,-5.03,0.033,0.479,0.0645,0.105,0.52,124.948,1
1pqnQ41XbfKjaFu6M0eGJp,Agua (with J Balvin),"0GM7qgcRCORpGnfcN2tCiB,1vyhD5VmyZ7KMfW5gqLgo5","Tainy,J Balvin",74,False,159665,0.76,0.658,-5.275,0.275,0.162,0.0,0.195,0.565,100.202,1
0Xek5rqai2jcOWCYWJfVCF,Enemies (feat. DaBaby),"246dkjvS1zLTtiykXe5h60,4r63FhuTkUYltbVAg5TQnk","Post Malone,DaBaby",74,True,196760,0.542,0.674,-4.169,0.21,0.0588,0.0,0.0955,0.667,76.388,1
4b4KcovePX8Ke2cLIQTLM0,All Night,"7gAppWoH7pcYmphCVTXkzs,4YXycRbyyAE0wozTk7QMEq","The Vamps,Matoma",74,False,197640,0.544,0.809,-5.098,0.0363,0.0038,0.0,0.323,0.448,145.017,1
5bcTCxgc7xVfSaMV3RuVke,"Feels (feat. Pharrell Williams, Katy Perry & Big Sean)","7CajNmpbOovFoOoasH2HaY,2RdwBSPQiwcmiDo9kixcl8,6jJ0s89eD6GaHleKKya26X,0c173mlxpT3dSFRgMO8XPh,4A0TivfinfALCAMJqqjZIk","Calvin Harris,Pharrell Williams,Katy Perry,Big Sean,Funk Wav",74,True,223413,0.893,0.745,-3.105,0.0571,0.0642,0.0,0.0943,0.872,101.018,1
0Q2n5yzl2XRqYbV77tZNYp,GOODMORNINGTOKYO!,5TbLOwv8BNnik3f03NZJlt,TOKYO’S REVENGE,74,True,150115,0.907,0.539,-7.782,0.36,0.0408,0.0,0.253,0.664,124.918,0
33ZXjLCpiINn8eQIDYEPTD,"Shook Ones, Pt. II",6O2zJ0tId7g07yzHtX0yap,Mobb Deep,74,True,325506,0.763,0.786,-6.472,0.229,0.0146,0.0114,0.0817,0.504,93.857,0
7oJrVhiTPZGBXWPwhxjy9S,Lust,7d3WFRME3vBY2cgoP38RDo,Lil Skies,74,True,156000,0.718,0.767,-5.641,0.166,0.138,0.0,0.114,0.519,160.084,0
4Ws314Ylb27BVsvlZOy30C,Lovesick Girls,41MozSoPIsD1dJM0CLPjZF,BLACKPINK,74,False,194765,0.654,0.707,-5.661,0.0664,0.00559,0.0,0.0873,0.448,127.97,0
6rz0dTA0PdhXImFV5EjM0w,Hide (feat. Seezyn),"4MCBfE4596Uoi2O4DtmEMz,1jIVEaq8GmqMYb8nFNAZgb","Juice WRLD,Seezyn",74,False,205800,0.715,0.639,-5.017,0.0752,0.0622,0.0,0.157,0.151,149.996,1
59J5nzL1KniFHnU120dQzt,wokeuplikethis*,"699OTQXzgjhIYAHMy9RyPD,4O15NlyKLIASxsJ0PrXPfz","Playboi Carti,Lil Uzi Vert",74,True,235535,0.785,0.62,-6.667,0.254,0.0138,0.0,0.15,0.478,78.477,1
0Gl5s8IhMmQE5YQwM8Qx1J,Never Enough,0LyOADBjj28cbvJWTXUEGA,Loren Allred,74,False,207786,0.277,0.394,-8.903,0.0336,0.423,0.0,0.0952,0.227,86.777,0
3ruoIF2UnoXdzK8mR61ebq,Rich Nigga Shit (feat. Young Thug),"1URnnhqYAYcrqrcwql10ft,0iEtIxbK0KxaSlF7G42ZOp,50co4Is1HCEo8bhOyUWKpn","21 Savage,Metro Boomin,Young Thug",74,True,190331,0.825,0.733,-5.625,0.0969,0.349,0.0,0.112,0.62,97.974,1
1AnkdcHl86kEhDvhaKDuIe,Stay High,4MCBfE4596Uoi2O4DtmEMz,Juice WRLD,74,True,168684,0.745,0.5,-6.184,0.136,0.439,0.0,0.0943,0.433,76.968,0
7EiZI6JVHllARrX9PUvAdX,Low Life (feat. The Weeknd),"1RyvyyTE3xzB2ZywiAwp0i,1Xyo4u8uXC1ZmMpatF05PJ","Future,The Weeknd",74,True,313546,0.722,0.331,-7.789,0.0726,0.337,0.282,0.146,0.102,143.961,1
1a7WZZZH7LzyvorhpOJFTe,Wasted (feat. Lil Uzi Vert),"4MCBfE4596Uoi2O4DtmEMz,4O15NlyKLIASxsJ0PrXPfz","Juice WRLD,Lil Uzi Vert",74,True,258475,0.742,0.579,-5.024,0.202,0.0381,0.0,0.0952,0.502,144.994,1
1fCeXjoRExPP2qwSBh2aST,Black & White,4MCBfE4596Uoi2O4DtmEMz,Juice WRLD,74,True,186945,0.776,0.736,-4.612,0.247,0.0802,0.0,0.159,0.233,147.946,0
73F87Sqh6jQWucOOvz1WFx,"Genius (feat. Sia, Diplo, and Labrinth)","5WUlDfRSoLAfcVSX1WnrxN,5fMUXHkw8R8eOP2RNVYEZX,2feDdbD5araYcm6JhFHHw7,6IZ4ctovY9dl7bgHClAvKJ","Sia,Diplo,Labrinth,LSD",74,False,213706,0.622,0.621,-4.924,0.129,0.0864,9.8e-05,0.121,0.567,158.946,1
224EVTFiLsdQignUFLvDeH,Pa Mí - Remix,"0KPX4Ucy9dk82uj4GpKesn,11YLRSsZA3YVuQQtHXKTlz,4m6ubhNsdwF4psNf3R8kwR,77ziqFxp5gaInVrF2lj4ht,2LRoIwlKmHjgvigdNGBHNo,6w3SkAHYPsQ1bxV7VDlG5y,1pQWsZQehhS4wavwh7Fnxd","Dalex,Rafa Pabön,KHEA,Sech,Feid,Cazzu,Lenny Tavárez",74,True,360960,0.688,0.62,-8.029,0.22,0.753,5.27e-06,0.158,0.727,170.018,1
3TnhQSRwT3AVMdXw5JPq0x,Nena Maldición (feat. Lenny Tavárez),"3vQ0GE3mI0dAaxIMYe5g7z,1pQWsZQehhS4wavwh7Fnxd","Paulo Londra,Lenny Tavárez",74,False,228874,0.762,0.631,-4.837,0.0544,0.178,0.0,0.146,0.379,118.969,1
6IZvVAP7VPPnsGX6bvgkqg,PRIDE.,2YZyLoL8N0Wb9xBt1NhZWg,Kendrick Lamar,74,True,275253,0.665,0.535,-7.056,0.0572,0.0786,1.68e-05,0.154,0.37,138.842,0
5icOoE6VgqFKohjWWNp0Ac,Here With Me,"64KEffDW9EtZ1y2vBYgq8T,3CjlHNtplJyTf9npxaPl5w","Marshmello,CHVRCHES",74,False,156346,0.791,0.565,-3.933,0.0439,0.0623,0.0,0.156,0.181,99.961,1
4WjH9Bzt3kx7z8kl0awxh4,Lean On (feat. MØ & DJ Snake),"738wLrAtLtCtFOLvQBXOXp,0bdfiayQAKewqEvaU6rXCv,540vIaP2JwjQb9dm3aArA4","Major Lazer,MØ,DJ Snake",74,False,176561,0.723,0.809,-3.081,0.0625,0.00346,0.00123,0.565,0.274,98.007,1
6xdLJrVj4vIXwhuG8TMopk,Crazy Little Thing Called Love - Remastered 2011,1dfeR4HaWDbWqFHLkxsg1d,Queen,74,False,163373,0.599,0.761,-6.887,0.0421,0.713,4.74e-06,0.349,0.712,77.015,0
7JDWhC422Gtk1Bq0mL3OTC,feel something,1o2NpYGqHiCq7FoiYdyd1x,Bea Miller,74,True,180161,0.74,0.415,-8.914,0.0707,0.242,0.000156,0.319,0.156,136.029,0
3QwBODjSEzelZyVjxPOHdq,Otra vez (feat. J Balvin),"21451j1KhjAiaYKflxBjr1,1vyhD5VmyZ7KMfW5gqLgo5","Zion & Lennox,J Balvin",74,False,209453,0.832,0.772,-5.429,0.1,0.0559,0.000486,0.44,0.704,96.016,1
6iYMfxznTBlcVOgRHab2W0,"Sunflower, Vol. 6",6KImCVD70vtIoJWnq6nGn3,Harry Styles,74,False,221826,0.566,0.846,-6.904,0.035,0.000564,0.000795,0.121,0.86,160.02,0
2AkmdLbVKS1steeZdy8H1l,I Want To Break Free - Single Remix,1dfeR4HaWDbWqFHLkxsg1d,Queen,74,False,258013,0.795,0.435,-8.927,0.0324,0.0841,0.00026,0.0763,0.596,108.95,0
7Bar1kLTmsRmH6FCKKMEyU,Hit Different,"7tYKF4w9nC0nq9CsPZTHyP,0KuF7reCTOZwV7YJnHQqgr,2RdwBSPQiwcmiDo9kixcl8,7c0XG5cIJTrrAgEC3ULPiq","SZA,The Neptunes,Pharrell Williams,Ty Dolla $ign",74,True,202007,0.679,0.516,-6.371,0.0452,0.199,0.0,0.0965,0.716,120.074,1
7fa9MBXhVfQ8P8Df9OEbD8,Girls Like You (feat. Cardi B) - Cardi B Version,"04gDigrS5kc9YWfZHwBETP,4kYSro6naA4h99UJvo89HB","Maroon 5,Cardi B",74,True,235545,0.851,0.541,-6.825,0.0505,0.568,0.0,0.13,0.448,124.959,1
7b8YOVV5quZcSKEijDgyWB,DDU-DU DDU-DU,41MozSoPIsD1dJM0CLPjZF,BLACKPINK,74,False,211350,0.671,0.859,-3.922,0.0833,0.0313,0.0,0.267,0.39,139.931,0
2kqnQCChvRpDRAasIwc4Rh,Maria,7bmYpVgQub656uNTu6qGNQ,Hwa Sa,74,False,199026,0.667,0.745,-2.96,0.0621,0.238,2.06e-06,0.255,0.482,128.972,0
0JAZWvvqttGFm4UMDsPQXC,Despeinada,"1i8SpTcr7yvPOmcqrbnVXY,28gNT5KBp7IjEOQoevXf9N","Ozuna,Camilo",74,False,224186,0.734,0.775,-3.855,0.0614,0.186,0.000542,0.123,0.72,166.039,1
5WoaF1B5XIEnWfmb5NZikf,Sky Walker (feat. Travis Scott),"360IAlyVv4PCEVjgyMZrxK,0Y5tJX1MQlPlqiwlOH1tJY","Miguel,Travis Scott",74,True,259333,0.674,0.506,-10.532,0.0434,0.173,0.0,0.0866,0.183,145.965,1
6lhZLbb0czULpjb2kFryPS,Let's Love,"1Cs0zKBU1kc0i8ypK3B9ai,5WUlDfRSoLAfcVSX1WnrxN","David Guetta,Sia",74,False,200645,0.662,0.868,-4.025,0.0341,0.00882,0.00244,0.584,0.353,92.998,1
6wQlQrTY5mVS8EGaFZVwVF,Smile (with The Weeknd),"4MCBfE4596Uoi2O4DtmEMz,1Xyo4u8uXC1ZmMpatF05PJ","Juice WRLD,The Weeknd",74,True,196180,0.694,0.685,-6.535,0.133,0.224,0.0,0.124,0.306,158.831,1
0P6AWOA4LG1XOctzaVu5tt,The Weekend - Funk Wav Remix,"7tYKF4w9nC0nq9CsPZTHyP,7CajNmpbOovFoOoasH2HaY,4A0TivfinfALCAMJqqjZIk","SZA,Calvin Harris,Funk Wav",74,False,171805,0.775,0.573,-4.933,0.0585,0.495,0.0,0.126,0.667,101.925,1
3KUGAgxo3b81X5bWoOp0U8,Back Door,2dIgFjalVxs4ThymZ67YCE,Stray Kids,74,False,189286,0.82,0.842,-3.853,0.272,0.157,0.0,0.112,0.653,107.952,0
7wFybC8jBH3zE139OpCtpG,Lost in the Fire (feat. The Weeknd),"3hteYQFiMFbJY7wS0xDymP,1Xyo4u8uXC1ZmMpatF05PJ","Gesaffelstein,The Weeknd",74,True,202093,0.663,0.675,-12.159,0.0359,0.0863,0.00133,0.117,0.176,101.004,1
1H38sYlpu36Qoibsb9lMG4,Bad At Love,26VFTg2z8YR0cCuwLzESi2,Halsey,74,False,181279,0.669,0.75,-3.55,0.0346,0.0624,0.0,0.088,0.549,118.251,0
2ygvZOXrIeVL4xZmAWJT2C,my future,6qqNVTkY8uBg9cP3Jd7DAH,Billie Eilish,74,False,208155,0.444,0.309,-10.956,0.062,0.795,0.132,0.352,0.0875,104.745,0
5itOtNx0WxtJmi1TQ3RuRd,Giant (with Rag'n'Bone Man),"7CajNmpbOovFoOoasH2HaY,4f9iBmdUOhQWeP7dcAn1pf","Calvin Harris,Rag'n'Bone Man",74,False,229184,0.807,0.887,-4.311,0.0361,0.016,0.000503,0.0811,0.606,122.015,1
7bad461siaxECNlaYsmIo6,Love Story,06HL4z0CvFAxyc27GXpf02,Taylor Swift,74,False,236266,0.616,0.738,-3.941,0.0311,0.153,0.0,0.0769,0.3,118.994,0
2IOFZdYYkFxEHVz1w34PoL,Cherry,6KImCVD70vtIoJWnq6nGn3,Harry Styles,74,False,259186,0.53,0.512,-9.261,0.0259,0.615,0.00453,0.129,0.411,95.946,0
5de9Ho64dovuQI8Uhn5gPD,I Don't Wanna Do This Anymore,15UsOTVnJzReFVN1VCnxy4,XXXTENTACION,74,True,87560,0.433,0.778,-7.681,0.041,0.843,0.0,0.139,0.764,114.208,0
4pXW6ZAHBz7ODXTRKklWrM,Mamichula - con Nicki Nicole,"2x7PC78TmgqpEIjaGAZ0Oz,2UZIAOlrnyZmyzt1nuXr9y,716NhGYqD1jl2wI1Qkgq36,5szJHKg5xeUlQ9pTqzdpic,0shHIQr8VamXbzM66kwGQo","Trueno,Nicki Nicole,Bizarrap,Taiu,TATOOL",74,False,219201,0.696,0.678,-5.893,0.0735,0.582,2.22e-06,0.134,0.346,91.985,1
1lCRw5FEZ1gPDNPzy1K4zW,We Are The Champions - Remastered 2011,1dfeR4HaWDbWqFHLkxsg1d,Queen,74,False,179200,0.268,0.459,-6.94,0.0346,0.378,0.0,0.118,0.175,64.177,0
2ooF4088y5L72c4YTEJQoB,YuNg BrAtZ,15UsOTVnJzReFVN1VCnxy4,XXXTENTACION,74,True,101851,0.755,0.695,-5.963,0.26,0.0179,0.0,0.107,0.493,128.063,0
0fySG6A6qLE8IvDpayb5bM,VIBEZ,4r63FhuTkUYltbVAg5TQnk,DaBaby,74,True,144935,0.768,0.652,-2.708,0.307,0.113,0.0,0.107,0.777,154.187,0
0JjM9bKm4wrwohMslcm892,Still Be Friends (feat. Tory Lanez & Tyga),"02kJSzxNuaWGqwubyUba0Z,2jku7tDXc6XoB6MO2hFuqg,5LHRHt1k9lMyONurDHEdrp","G-Eazy,Tory Lanez,Tyga",74,True,213307,0.803,0.759,-4.692,0.0494,0.00509,0.0,0.0921,0.284,104.0,1
6piAUJJQFD8oHDUr0b7l7q,VALENTINO,6fWVd57NKTalqvmjRd2t8Z,24kGoldn,74,True,179133,0.746,0.717,-4.841,0.179,0.199,0.0,0.132,0.523,150.964,0
1mohfLaTJtB2RplHLQVM70,La Jeepeta - Remix,"5hdhHgpxyniooUiQVaPxQ0,2R21vXR83lH98kGeO99Y66,7iK8PXO48WeuP03g8YR51W,1GKIlPFdcewHtpDVCQ8zmJ,3Wb38LDP3N4tkobValgE9D","Nio Garcia,Anuel AA,Myke Towers,Brray,Juanka",74,True,345240,0.815,0.715,-4.65,0.207,0.3,4.83e-06,0.091,0.786,176.007,1
5TxRUOsGeWeRl3xOML59Ai,ARE WE STILL FRIENDS?,4V8LLVI7PbaPR0K2TGSxFF,"Tyler, The Creator",74,True,265480,0.216,0.497,-8.025,0.0371,0.128,2.39e-06,0.111,0.313,187.308,0
4at3d5QWnlibMVN75ECDrp,Pretty Little Fears (feat. J. Cole),"4IVAbR2w4JJNJDDRFP3E83,6l3HvQ5sa6mXTsMTB19rO5","6LACK,J. Cole",74,True,240341,0.61,0.458,-11.336,0.36,0.696,0.000103,0.0852,0.246,192.099,1
2xyx0o4xNOLLjBSbOOdcbA,Playing Games (with Bryson Tiller) - Extended Version,"57LYzLEk2LcFghVwuWbcuS,2EMAnMvWE2eb56ToJVfCWs","Summer Walker,Bryson Tiller",74,True,143226,0.726,0.408,-6.606,0.0614,0.603,0.0,0.225,0.459,115.918,1
4PklAHGXT5ityno3IA8SKd,Go Stupid,"6AgTAQt8XS6jRWi4sX7w49,44IvvHRk2XF243QLA2VOa8,0ErzCpIMyLcjPiwT4elrtZ,0NWbwDZY1VkRqFafuQm6wk","Polo G,Stunna 4 Vegas,NLE Choppa,Mike WiLL Made-It",74,True,165726,0.92,0.833,-3.18,0.253,0.0277,0.0,0.0596,0.645,141.034,1
6hmhG1b4LEyNuashVvuIAo,Never Forget You,"1Xylc3o4UrD53lo9CvFvVg,7uMh23xWiuR7zsNkuNcm2G","Zara Larsson,MNEK",74,False,213427,0.583,0.732,-5.728,0.0457,0.00312,9.86e-06,0.269,0.276,145.992,1
0or0gNaKAXYYCsOrpvRzAu,Liability,163tK9Wjr9P9DmM0AVK7lm,Lorde,74,False,171727,0.534,0.218,-11.16,0.111,0.923,0.0,0.0944,0.345,76.715,0
7mWFF4gPADjTQjC97CgFVt,Baila Baila Baila - Remix,"1i8SpTcr7yvPOmcqrbnVXY,4VMYDCV2IEDYJArk749S6m,1vyhD5VmyZ7KMfW5gqLgo5,329e4yvIujISKGKz1BZZbO,2R21vXR83lH98kGeO99Y66","Ozuna,Daddy Yankee,J Balvin,Farruko,Anuel AA",74,False,235284,0.785,0.572,-7.504,0.123,0.0598,0.0,0.218,0.49,100.016,1
5CLGzJsGqhCEECcpnFQA8x,"These Days (feat. Jess Glynne, Macklemore & Dan Caplen)","4WN5naL3ofxrVBgFpguzKo,4ScCswdRlyA23odg9thgIO,3JhNCzhSMTxs9WLGJJxWOY,2U3FuHYvL3vhkbDAXm24Ep","Rudimental,Jess Glynne,Macklemore,Dan Caplen",74,False,210772,0.653,0.809,-4.057,0.0474,0.194,0.0,0.165,0.55,92.213,1
2h4cmbyb6S7e8igDZIITJU,3 Headed Goat (feat. Lil Baby & Polo G),"3hcs9uc56yIGFCSy9leWe7,5f7VJjfbwm532GiveGC0ZK,6AgTAQt8XS6jRWi4sX7w49","Lil Durk,Lil Baby,Polo G",74,True,169531,0.837,0.482,-8.608,0.365,0.268,0.0,0.0991,0.444,143.01,1
1c0hsvHLELX6y8qymnpLKL,Soltera - Remix,"47MpMsUfWtgyIIBEFOr4FE,4VMYDCV2IEDYJArk749S6m,4q3ewBCX7sLwd24euuV69X","Lunay,Daddy Yankee,Bad Bunny",74,False,266086,0.795,0.783,-4.271,0.0432,0.361,0.0,0.437,0.799,92.01,1
51ChrwmUPDJvedPQnIU8Ls,Dive,6eUKZXaKkcviH0Ku9w2n3V,Ed Sheeran,74,False,238440,0.761,0.386,-6.158,0.0399,0.355,0.0,0.0953,0.526,134.943,0
3Z0oQ8r78OUaHvGPiDBR3W,Into the Unknown,"73Np75Wv2tju61Eo9Zw4IR,1WgXqy2Dd70QQOU7Ay074N","Idina Menzel,AURORA",74,False,194848,0.323,0.405,-8.533,0.0413,0.849,0.000544,0.138,0.274,145.104,1
0CZ8lquoTX2Dkg7Ak2inwA,1950,6beUvFUlKliUYJdLOXNj9C,King Princess,74,True,225133,0.6,0.535,-7.043,0.107,0.648,4.7e-06,0.162,0.269,71.912,0
3QH8rQGNFX8VLbCgZ7uPTS,Fly To My Room,3Nrfpe0tUJi4K4DXYWgMUX,BTS,74,False,222242,0.764,0.526,-7.355,0.212,0.0484,0.0,0.0718,0.588,114.91,0
01TnVDiet1DFTsyWKUKovl,NUMB,15UsOTVnJzReFVN1VCnxy4,XXXTENTACION,74,False,186267,0.414,0.416,-8.024,0.0251,0.1,0.179,0.131,0.196,159.91,0
4w47S36wQGBhGg073q3nt7,TKN (feat. Travis Scott),"7ltDVBr6mKbRvohxheJ9h1,0Y5tJX1MQlPlqiwlOH1tJY","ROSALÍA,Travis Scott",74,False,129370,0.776,0.509,-6.266,0.467,0.192,1.49e-06,0.115,0.485,94.634,1
3wYRLYuO1M88d8woWUIxct,Ignorantes,"4q3ewBCX7sLwd24euuV69X,77ziqFxp5gaInVrF2lj4ht","Bad Bunny,Sech",74,True,210606,0.85,0.536,-5.161,0.0599,0.267,3.89e-05,0.0996,0.505,96.029,1
50ZC4PM7hywH27RcCfViau,Elegí (feat. Dímelo Flow),"1mcTU81TzQhprhouKaTkpq,0KPX4Ucy9dk82uj4GpKesn,1pQWsZQehhS4wavwh7Fnxd,3fZk3Gm5dN5v5yfYMQ04Bx","Rauw Alejandro,Dalex,Lenny Tavárez,Dímelo Flow",74,False,197721,0.824,0.631,-2.791,0.0809,0.237,0.000116,0.0531,0.678,171.965,1
5EbtodsuLbxrFDH6j5avVS,El Mismo Aire - con Pablo Alborán,"28gNT5KBp7IjEOQoevXf9N,5M9Bb4adKAgrOFOhc05Y50","Camilo,Pablo Alborán",74,False,188213,0.483,0.492,-6.591,0.295,0.603,0.0,0.323,0.66,144.511,1
3ndCsZfq8OVwwkz9mmZvUz,Stay,3Nrfpe0tUJi4K4DXYWgMUX,BTS,74,False,204800,0.582,0.693,-5.048,0.0465,0.114,0.0,0.13,0.341,125.904,0
7lthOBXNue2IvedLRfkod8,HOME,3Nrfpe0tUJi4K4DXYWgMUX,BTS,74,False,234177,0.633,0.799,-4.625,0.0429,0.0142,0.0,0.194,0.535,142.991,0
4cxMGhkinTocPSVVKWIw0d,Losin Control,1z7b1Pr1rSlvWRzsW3HOrS,Russ,74,True,237506,0.759,0.245,-6.545,0.138,0.515,0.000154,0.102,0.209,96.992,0
2yLa0QULdQr0qAIvVwN6B5,...Ready For It?,06HL4z0CvFAxyc27GXpf02,Taylor Swift,73,False,208186,0.613,0.764,-6.509,0.136,0.0527,0.0,0.197,0.417,160.015,0
4svZDCRz4cJoneBpjpx8DJ,I Did Something Bad,06HL4z0CvFAxyc27GXpf02,Taylor Swift,73,False,238253,0.696,0.602,-6.156,0.159,0.0679,2.11e-05,0.0696,0.305,82.989,0
6LcauUZjF1eXQrgqMUecHX,Ayy Macarena,5LHRHt1k9lMyONurDHEdrp,Tyga,73,True,131606,0.816,0.629,-5.568,0.226,0.133,0.0,0.0692,0.714,96.493,0
03mMSLEJCPoGJwQhHpN5y0,Treat People With Kindness,6KImCVD70vtIoJWnq6nGn3,Harry Styles,73,False,197346,0.653,0.869,-3.725,0.0382,0.128,2.2e-05,0.046,0.697,122.017,0
0kN8xEmgMW9mh7UmDYHlJP,Versace on the Floor,0du5cEVh5yTK9QJze8zA0C,Bruno Mars,73,False,261240,0.578,0.574,-6.209,0.0454,0.196,0.0,0.083,0.301,174.152,0
1KSqYYJFyfTecXFk9M0prc,Escápate Conmigo (feat. Ozuna),"3E6xrwgnVfYCrCs0ePERDz,1i8SpTcr7yvPOmcqrbnVXY","Wisin,Ozuna",73,False,232786,0.744,0.859,-3.166,0.0795,0.0256,6.27e-05,0.0881,0.787,91.977,1
5Z8HZM6iQMhhqyPcCGY5g9,Hot (feat. Gunna),"50co4Is1HCEo8bhOyUWKpn,2hlmm7s2ICUX0LVIhVFlZQ","Young Thug,Gunna",73,True,193026,0.855,0.651,-8.044,0.235,0.063,0.0,0.0772,0.559,111.997,1
1TEEi8aHzb4tGcLJdsepb1,My Time,3Nrfpe0tUJi4K4DXYWgMUX,BTS,73,False,234457,0.674,0.64,-5.139,0.0339,0.151,0.0,0.0925,0.664,99.908,0
4guBZjUyrGoHsTahO3IHdj,Did It Again,4Ga1P7PMIsmqEZqhYZQgDo,Lil Tecca,73,True,116240,0.686,0.561,-9.929,0.191,0.185,0.0,0.114,0.186,148.775,0
0OnfGJsCc1m9utfUYqid6O,Don’t Blame Me,06HL4z0CvFAxyc27GXpf02,Taylor Swift,73,False,236413,0.615,0.534,-6.719,0.0386,0.106,1.76e-05,0.0607,0.193,135.917,0
2WsuSYJNXGKXVYkHPnq2yp,Ransom (with Juice WRLD) - Remix,"4Ga1P7PMIsmqEZqhYZQgDo,4MCBfE4596Uoi2O4DtmEMz","Lil Tecca,Juice WRLD",73,True,171253,0.684,0.671,-6.424,0.289,0.0119,0.0,0.0769,0.45,179.987,1
1nocRtwyNPVtGcIJqfgdzZ,Tutu,"28gNT5KBp7IjEOQoevXf9N,4QVBYiagIaa6ZGSPMbybpy","Camilo,Pedro Capó",73,False,178613,0.731,0.832,-2.592,0.0503,0.273,0.0,0.0665,0.94,146.013,1
4eWQlBRaTjPPUlzacqEeoQ,Never Be the Same,4nDoRrQiYLoBzwC5BhVJzF,Camila Cabello,73,False,226973,0.637,0.713,-4.333,0.0747,0.181,0.000637,0.137,0.243,129.923,0
1bhUWB0zJMIKr9yVPrkEuI,Perfect Duet (Ed Sheeran & Beyoncé),"6eUKZXaKkcviH0Ku9w2n3V,6vWDO969PvNqNYHIOW5v0m","Ed Sheeran,Beyoncé",73,False,259550,0.587,0.299,-7.365,0.0263,0.779,0.0,0.123,0.356,94.992,1
7BlBVFwvbWvcwNcUarQmjk,"Yo x Ti, Tu x Mi","7ltDVBr6mKbRvohxheJ9h1,1i8SpTcr7yvPOmcqrbnVXY","ROSALÍA,Ozuna",73,False,201040,0.78,0.759,-3.292,0.225,0.462,0.000868,0.143,0.579,91.952,1
14rWuS6yllHOdfZ8sZsZUj,Feel Special,7n2Ycct7Beij7Dj7meI4X0,TWICE,73,False,206866,0.709,0.959,-1.339,0.0603,0.0296,0.00188,0.107,0.644,128.983,0
6OZh916QF8XNunWaP97WEZ,Fast Car,"1HBjj22wzbscIZ9sEb5dyf,2zzpznMuhKlKlqh1ma7Sms","Jonas Blue,Dakota",73,False,212424,0.459,0.587,-6.983,0.0785,0.453,0.0,0.307,0.581,113.901,1
0JcNysfWVWaMS7R6vzGB2k,Robarte un Beso,"4vhNDa5ycK0ST968ek7kRr,07YUOmWljBTXwIseAUd9TW","Carlos Vives,Sebastian Yatra",73,False,194742,0.742,0.859,-4.942,0.0482,0.0824,0.0,0.359,0.652,95.046,1
1mCsF9Tw4AkIZOjvZbZZdT,Break My Stride,3bmFPbLMiLxtR9tFrTcKcP,Matthew Wilder,73,False,184480,0.917,0.588,-11.047,0.0607,0.195,0.0,0.0914,0.828,110.077,0
5hDAT527wXWNBnJlujhuUs,Stuck In A Dream (feat. Gunna),"5zctI4wO9XSKS8XwcnqEHk,2hlmm7s2ICUX0LVIhVFlZQ","Lil Mosey,Gunna",73,True,123560,0.753,0.652,-5.943,0.0753,0.444,0.0,0.117,0.745,139.962,1
5UEnHoDYpsxlfzWLZIc7LD,River (feat. Ed Sheeran),"7dGJo4pcD2V6oG8kP0tJRR,6eUKZXaKkcviH0Ku9w2n3V","Eminem,Ed Sheeran",73,True,221013,0.757,0.748,-5.794,0.473,0.17,0.0,0.0759,0.693,90.052,1
7rwX0O3RlxqqIjQM8evm5E,Solita,"1i8SpTcr7yvPOmcqrbnVXY,2T1aUibqR2QC2sINIDQOAK,64aJYyrXljOodnUG6jvhRD,4q3ewBCX7sLwd24euuV69X,3E6xrwgnVfYCrCs0ePERDz,6P6GTRTigHBp8ZesNtpCKH","Ozuna,Mambo Kingz,DJ Luian,Bad Bunny,Wisin,Almighty",73,False,311726,0.807,0.633,-6.016,0.0929,0.0564,0.0,0.107,0.325,138.038,1
3Vo4wInECJQuz9BIBMOu8i,Finesse - Remix; feat. Cardi B,"0du5cEVh5yTK9QJze8zA0C,4kYSro6naA4h99UJvo89HB","Bruno Mars,Cardi B",73,False,217288,0.704,0.859,-4.877,0.0996,0.0185,0.0,0.0215,0.926,105.115,1
0OI7AFifLSoGzpb8bdBLLV,"Home (with Machine Gun Kelly, X Ambassadors & Bebe Rexha)","6TIYQ3jFPwQSRmorSezPxX,3NPpFNZtSTHheNBaWC82rB,64M6ah0SkkRsnPGtGiRAbb","Machine Gun Kelly,X Ambassadors,Bebe Rexha",73,False,202804,0.653,0.718,-5.232,0.213,0.00413,0.0,0.0537,0.216,82.034,1
0RoA7ObU6phWpqhlC9zH4Z,A Million Dreams,"2cQr2KbzdRtIFlfbHGnNsL,5F1aoppMtU3OMiltO8ymJ2,2LAqcqAQ8KPTsl1HBgBrqM","Ziv Zaifman,Hugh Jackman,Michelle Williams",73,False,269453,0.265,0.312,-11.689,0.0569,0.243,0.0,0.0893,0.0998,54.747,1
0Oqc0kKFsQ6MhFOLBNZIGX,Doin' Time,00FQb4jTyendYWaN8pK0wa,Lana Del Rey,73,True,202192,0.641,0.559,-11.132,0.0355,0.404,0.00402,0.0937,0.523,144.982,0
4wopYJ5wpYOM6ogm2Jugnw,"fuck, i'm lonely (with Anne-Marie)","5JZ7CnR6gTvEMKX4g70Amv,1zNqDE7qDGCsyzJwohVaoX","Lauv,Anne-Marie",73,True,198973,0.806,0.558,-6.46,0.0683,0.482,0.0,0.0618,0.678,95.016,1
3B7udSGy2PfgoCniMSb523,"I See Fire - From ""The Hobbit - The Desolation Of Smaug""",6eUKZXaKkcviH0Ku9w2n3V,Ed Sheeran,73,False,300840,0.581,0.0549,-20.514,0.0397,0.559,0.0,0.0718,0.234,152.037,0
3Ga6eKrUFf12ouh9Yw3v2D,Downtown,"7FNnA9vBm6EKceENgCGRMb,1vyhD5VmyZ7KMfW5gqLgo5","Anitta,J Balvin",73,False,193456,0.775,0.679,-4.985,0.135,0.18,7.26e-05,0.068,0.619,166.008,1
0md12GKBGH8ZuLG2fTfGUz,Dreams,7t0rwkOPGlDPEhaOcVtOt9,The Cranberries,73,False,271560,0.551,0.643,-13.091,0.0353,0.00313,0.00385,0.421,0.514,128.661,0
4Z1fbYp0HuxLBje4MOZcSD,Twist And Shout - Remastered 2009,3WrFJ7ztbogyGnTHbHJFl2,The Beatles,73,False,155226,0.482,0.849,-9.198,0.0452,0.641,7.74e-06,0.0414,0.937,124.631,0
7s25THrKz86DM225dOYwnr,Respect,7nwUJBm0HE4ZxD3f5cy5ok,Aretha Franklin,73,False,147600,0.805,0.558,-5.226,0.041,0.164,2.2e-05,0.0546,0.965,114.95,0
7f5trao56t7sB7f14QDTmp,Juicy,"5cj0lLjcoR7YOSnhnX0Po5,5LHRHt1k9lMyONurDHEdrp","Doja Cat,Tyga",73,True,203093,0.785,0.652,-2.607,0.0668,0.102,0.0,0.0697,0.484,170.024,1
6cZH4rX1KTt1aJ3Ql6Ynja,Me and My Guitar,31W5EY0aAly4Qieq6OFu6I,A Boogie Wit da Hoodie,73,True,161764,0.644,0.587,-6.736,0.353,0.473,0.0,0.0759,0.68,173.972,0
5KBARWIxeMGkvUax9VtVC9,My Type,6cK3NBO6uP7hh0oyuVELFl,Saweetie,73,True,126446,0.899,0.811,-6.294,0.258,0.000677,0.0,0.0672,0.587,105.038,0
5mey7CLLuFToM2P68Qu1gF,Andas En Mi Cabeza,"5NS0854TqZQVoRmJKSWtFZ,4VMYDCV2IEDYJArk749S6m","Chino & Nacho,Daddy Yankee",73,False,247493,0.68,0.954,-1.823,0.119,0.0244,0.0,0.112,0.521,104.029,1
6lruHh1jF7ezgbLv72xYmf,FML,0vRvGUQVUjytro0xpb26bs,Arizona Zervas,73,True,223000,0.822,0.575,-5.95,0.0934,0.113,0.0,0.106,0.616,100.087,0
0uUNN1nSoUx1A4fkDCWDQ7,So Am I,4npEfmQ6YuiwW1GpUmaq3F,Ava Max,73,False,183026,0.682,0.656,-4.67,0.0435,0.0737,0.0,0.353,0.607,130.089,0
1cVlW9WQiGlFdWUXFdFZGh,Pa' Olvidarme De Ella,"4bw2Am3p9ji3mYsXNXtQcd,0XwVARXT135rw8lyw1EeWP","Piso 21,Christian Nodal",73,True,227233,0.728,0.542,-5.195,0.0514,0.259,0.0,0.136,0.637,90.016,1
0YammaEkYSeo9vQYZ1OwS6,Say My Name,"1Cs0zKBU1kc0i8ypK3B9ai,64M6ah0SkkRsnPGtGiRAbb,1vyhD5VmyZ7KMfW5gqLgo5","David Guetta,Bebe Rexha,J Balvin",73,False,198946,0.703,0.66,-5.119,0.123,0.137,0.0,0.192,0.79,95.031,1
0HMjXBAZmSYOTTi33WpMso,History,4AK6F7OLvEQ5QYCBNiQWHq,One Direction,73,False,187426,0.655,0.699,-4.421,0.0493,0.0352,0.0,0.064,0.802,86.704,0
0AkQbXGN4KG34TS7xLrM68,Kiss You,4AK6F7OLvEQ5QYCBNiQWHq,One Direction,73,False,182866,0.63,0.934,-2.559,0.0589,0.0186,0.0,0.324,0.905,89.992,0
7noud145AHZGg74vpWOsCa,Trip,7HkdQ0gt53LP4zmHsL0nap,Ella Mai,73,False,213993,0.717,0.605,-5.68,0.075,0.214,0.0,0.138,0.387,81.047,0
6aGjEZ7kq3YXgD0EDt80O5,Live While We're Young,4AK6F7OLvEQ5QYCBNiQWHq,One Direction,73,False,200213,0.658,0.837,-2.063,0.0543,0.0629,0.0,0.0969,0.936,126.015,0
6H0AwSQ20mo62jGlPGB8S6,It's A Vibe,"17lzZA2AlOHwCwFALHttmp,7c0XG5cIJTrrAgEC3ULPiq,2iojnBLj0qIMiKPvVhLnsH,5ZS223C6JyBfXasXxrRqOk","2 Chainz,Ty Dolla $ign,Trey Songz,Jhené Aiko",73,True,210200,0.822,0.502,-7.38,0.148,0.0312,0.000887,0.114,0.525,73.003,1
12mGwph2YzDIlChtq3EdXP,Alone,64KEffDW9EtZ1y2vBYgq8T,Marshmello,73,False,273802,0.636,0.953,-3.74,0.0353,0.0244,0.0164,0.108,0.397,142.011,0
1HXy5I3HTWq8OvxCn0z7G7,Heaven,3oSJ7TBVCWMDMiYjXNiCKE,Kane Brown,73,False,179506,0.677,0.556,-6.544,0.0306,0.263,0.0,0.105,0.521,80.006,0
3aW0ds4A4tSQDIp75FqWTo,FAKE LOVE,3Nrfpe0tUJi4K4DXYWgMUX,BTS,73,False,242333,0.557,0.719,-4.515,0.0372,0.00267,0.0,0.306,0.344,77.501,0
3Be7CLdHZpyzsVijme39cW,What's Love Got to Do with It,"23fqKkggKUBHNkbKtXEls4,1zuJe6b1roixEKMOtyrEak","Kygo,Tina Turner",73,False,208156,0.75,0.664,-5.908,0.154,0.275,0.0,0.0632,0.617,105.023,1
0ug5NqcwcFR2xrfTkc7k8e,Style,06HL4z0CvFAxyc27GXpf02,Taylor Swift,73,False,231000,0.588,0.791,-5.595,0.0402,0.00245,0.00258,0.118,0.487,94.933,0
4rDbp1vnvEhieiccprPMdI,Somebody To Love - Remastered 2011,1dfeR4HaWDbWqFHLkxsg1d,Queen,73,False,296480,0.406,0.698,-7.024,0.0624,0.186,0.0,0.233,0.333,109.266,0
15kQGEy89K8deJcZVFEn0N,This Feeling,"69GGBxA162lTqCwzJG5jLp,3RqBeV12Tt7A8xH3zBDDUF","The Chainsmokers,Kelsea Ballerini",73,False,197946,0.539,0.651,-5.304,0.0432,0.0651,0.0,0.0662,0.474,105.159,1
6nO3tr47nr2P7f3hXb8JIo,Champion (feat. Travis Scott),"7rkW85dBwwrJtlHRDkJDAC,0Y5tJX1MQlPlqiwlOH1tJY","NAV,Travis Scott",73,True,195053,0.642,0.782,-3.395,0.0477,0.381,0.0,0.108,0.396,162.005,1
19a3JfW8BQwqHWUMbcqSx8,Famous,5K4W6rqBFWDnAN6FQUkS6x,Kanye West,73,True,196040,0.465,0.735,-3.715,0.117,0.0711,0.0,0.0975,0.409,173.935,0
2KvHC9z14GSl4YpkNMX384,Do Not Disturb,3TVXtAsR1Inumwj472S9r4,Drake,73,True,283550,0.618,0.693,-5.943,0.45,0.246,0.0,0.112,0.454,170.982,0
1gng5xQBiYCVDkHS0IKLyk,Estamos Bien,4q3ewBCX7sLwd24euuV69X,Bad Bunny,73,False,208079,0.801,0.548,-5.98,0.134,0.804,4.45e-06,0.098,0.452,120.119,0
2rb5MvYT7ZIxbKW5hfcHx8,Mi Gente,"1vyhD5VmyZ7KMfW5gqLgo5,4RSyJzf7ef6Iu2rnLdabNq","J Balvin,Willy William",73,False,185040,0.543,0.677,-4.915,0.0993,0.0148,6.21e-06,0.13,0.294,103.809,1
3Tc57t9l2O8FwQZtQOvPXK,my strange addiction,6qqNVTkY8uBg9cP3Jd7DAH,Billie Eilish,73,False,179889,0.939,0.305,-10.952,0.354,0.35,0.000169,0.105,0.563,100.029,0
5N4erncE7kuUccm7zEmwzk,Electricity (with Dua Lipa),"2X97ZAqRKRMYFIDqtvGgGc,6M2wZ9GZgrQXHCFfjv46we,5fMUXHkw8R8eOP2RNVYEZX,3hv9jJF3adDNsBSIQDqcjp","Silk City,Dua Lipa,Diplo,Mark Ronson",73,False,238173,0.588,0.67,-6.439,0.0473,0.0104,3.33e-06,0.338,0.505,118.159,1
7oVEtyuv9NBmnytsCIsY5I,BURN IT DOWN,6XyY86QOPPrYVGvF9ch6wz,Linkin Park,73,False,230253,0.585,0.972,-4.45,0.0534,0.0143,0.0,0.0707,0.585,110.006,0
4H7WNRErSbONkM06blBoGc,Stay,246dkjvS1zLTtiykXe5h60,Post Malone,73,True,204426,0.507,0.48,-5.418,0.0266,0.449,0.0,0.147,0.35,86.046,0
54DmTIv86D3sYdiawjULQ0,Dis-ease,3Nrfpe0tUJi4K4DXYWgMUX,BTS,73,False,239722,0.731,0.845,-5.352,0.132,0.0132,0.0,0.0782,0.484,101.085,0
4GEQd6D1NeNjpf0pbOgJSO,Mama,"1HBjj22wzbscIZ9sEb5dyf,5exS0bytCYdixgv02DaCm3","Jonas Blue,William Singe",73,False,184133,0.742,0.791,-4.277,0.0479,0.105,0.0,0.0533,0.534,104.059,1
0qYTZCo5Bwh1nsUFGZP3zn,Felices los 4,1r4hJ1h58CWwUQe3MxPuau,Maluma,73,False,230000,0.755,0.789,-4.502,0.146,0.231,0.0,0.351,0.737,93.973,0
1yHdZ9S6rBlNPH3LDNMy2P,Life's A Mess (feat. Halsey),"4MCBfE4596Uoi2O4DtmEMz,26VFTg2z8YR0cCuwLzESi2","Juice WRLD,Halsey",73,True,202193,0.636,0.448,-8.969,0.0359,0.335,0.0,0.17,0.186,143.124,1
31UjYv5vLsDkzchJOtUMtW,HP,1r4hJ1h58CWwUQe3MxPuau,Maluma,73,True,184435,0.837,0.791,-3.157,0.0773,0.252,1.14e-06,0.188,0.618,91.98,0
3TZ7NHkMT82AhwuYsd00Hz,Your eyes tell,3Nrfpe0tUJi4K4DXYWgMUX,BTS,73,False,245146,0.449,0.491,-6.433,0.029,0.279,0.0,0.0654,0.258,139.923,0
3MmCFghNjzZMn3HKqbVizn,Blood On My Jeans,4MCBfE4596Uoi2O4DtmEMz,Juice WRLD,73,True,154767,0.868,0.55,-6.417,0.226,0.183,0.0,0.109,0.464,117.943,0
0gbBzIqrECJOEPvQJIBFs5,Green Light,163tK9Wjr9P9DmM0AVK7lm,Lorde,73,False,234652,0.616,0.714,-7.792,0.0982,0.0162,1.23e-05,0.0817,0.24,128.924,0
0PG9fbaaHFHfre2gUVo7AN,Please Me,"4kYSro6naA4h99UJvo89HB,0du5cEVh5yTK9QJze8zA0C","Cardi B,Bruno Mars",73,True,200889,0.747,0.57,-6.711,0.081,0.0642,0.0,0.0832,0.65,133.992,1
4hQ6UGyWQIGJmHSo0J88JW,Back To You - From 13 Reasons Why – Season 2 Soundtrack,0C8ZW7ezQVs4URX5aX7Kqx,Selena Gomez,73,False,207904,0.601,0.724,-4.856,0.0486,0.0945,1.68e-06,0.12,0.508,102.061,0
1uA914Md6wsy9NDryyBypH,Man Of The Year,4MCBfE4596Uoi2O4DtmEMz,Juice WRLD,73,True,136408,0.621,0.695,-5.124,0.0911,0.00584,0.0,0.086,0.298,173.966,0
11cDEev79fPKi6uJCjUhu8,Who Do You Love,"69GGBxA162lTqCwzJG5jLp,5Rl15oVamLq7FbSb0NNBNy","The Chainsmokers,5 Seconds of Summer",73,True,226733,0.51,0.835,-4.673,0.0447,0.00791,0.0,0.219,0.435,140.024,1
6juLaduD4STCUDWT0AYun4,MORE,"4gOc8TsQed9eqnqJct2c5v,2kRfqPViCqYdSGhYSM9R0Q,2AfmfGFbe0A0WsTYm0SDTx,6fs2or0cKLEM2xohWq8SoX,0tRFWXqKBBQcu5oFVOgVzX,4TqlcgMFDryY96KWcvrhTv,47mIJdHORyRerp4os813jD","K/DA,Madison Beer,(G)I-DLE,Lexie Liu,Jaira Burns,Seraphine,League of Legends",73,False,217088,0.66,0.787,-4.592,0.032,0.00257,0.0,0.323,0.199,142.018,1
3IPJg1sdqLj12kFIndaonN,No Hay Nadie Más,07YUOmWljBTXwIseAUd9TW,Sebastian Yatra,73,False,199733,0.695,0.379,-9.096,0.0339,0.861,0.0,0.106,0.808,105.108,0
11KJSRSgaDxqydKYiD2Jew,Too Good,"3TVXtAsR1Inumwj472S9r4,5pKCCKE2ajJHZ9KAiaK11H","Drake,Rihanna",73,True,263373,0.804,0.648,-7.805,0.117,0.0573,3.49e-05,0.102,0.392,117.983,1
2habSXqcJGExM6JJyskY7O,Malibu,5YGY8feqx7naU7z4HrwZM6,Miley Cyrus,73,False,231906,0.565,0.782,-6.413,0.0506,0.0577,4.16e-05,0.0757,0.4,140.004,0
3GtnId3Cm1Xa6joCj08nzW,Jeans,14zUHaJZo1mnYtn6IBRaRP,Justin Quiles,73,True,185840,0.807,0.656,-4.395,0.105,0.0165,0.0,0.0693,0.89,83.943,0
6mQLN3zRtAp6ovjusyYKrV,Rewrite The Stars (with James Arthur & Anne-Marie),"4IWBUUAFIplrNtaOHcJPRM,1zNqDE7qDGCsyzJwohVaoX","James Arthur,Anne-Marie",73,False,218293,0.67,0.743,-4.993,0.0393,0.237,0.0,0.465,0.571,125.944,1
6HlE9t71z9DjGi7KqSyEpA,Deep End,6trIghKwHRUyxwvm66HLHH,Fousheé,73,True,141223,0.711,0.592,-7.136,0.23,0.758,0.0,0.156,0.535,124.749,0
2NRGaA1GyCmTYfm2GRPkUe,Fine China,"1RyvyyTE3xzB2ZywiAwp0i,4MCBfE4596Uoi2O4DtmEMz","Future,Juice WRLD",73,True,141586,0.656,0.542,-7.358,0.323,0.0484,0.0,0.106,0.551,166.11,1
2jyjhRf6DVbMPU5zxagN2h,Let Her Go,0gadJ2b9A4SKsB1RFkBb66,Passenger,73,False,252866,0.509,0.538,-7.335,0.0572,0.385,0.0,0.104,0.244,75.089,0
5rYpwP1dHWGVMrSZbTmt3e,Life is Beautiful,2kCcBybjl3SAtIcwdWpUe3,Lil Peep,73,True,207586,0.533,0.638,-9.411,0.0636,0.0385,0.000932,0.0758,0.324,135.056,0
13hvHEstJ4sNbzdroPrPI3,Kiss and Make Up,"6M2wZ9GZgrQXHCFfjv46we,41MozSoPIsD1dJM0CLPjZF","Dua Lipa,BLACKPINK",73,False,189173,0.675,0.729,-4.383,0.146,0.0557,0.0,0.189,0.63,99.986,1
4jVBIpuOiMj1crqd8LoCrJ,FRANCHISE (feat. Young Thug & M.I.A.),"0Y5tJX1MQlPlqiwlOH1tJY,50co4Is1HCEo8bhOyUWKpn,0QJIPDAEDILuo8AIq3pMuU","Travis Scott,Young Thug,M.I.A.",73,True,202794,0.835,0.699,-5.405,0.277,0.00671,0.0,0.195,0.547,154.981,1
1s2B5cndbqK8rPJEIcKJRQ,Vaina Loca,"1i8SpTcr7yvPOmcqrbnVXY,0tmwSHipWxN12fsoLcFU3B","Ozuna,Manuel Turizo",73,False,176133,0.754,0.805,-4.249,0.0752,0.315,0.0,0.203,0.555,93.983,1
1bRpSCFv6P2OUhciByeRYR,Jangueo,"2DspEsT7UXGKd2VaaedgG4,11YLRSsZA3YVuQQtHXKTlz","Alex Rose,Rafa Pabön",73,False,259600,0.861,0.678,-4.157,0.0536,0.253,2.42e-05,0.106,0.723,103.994,1
5psEZhQu6lukjhavJo4AbC,SO DONE,2tIP7SsRs7vjIcLrU85W8J,The Kid LAROI,73,False,126521,0.719,0.598,-6.254,0.077,0.232,0.0,0.115,0.303,142.592,0
43V1z6QToNNWNldV4FEG6r,Body,"6t1gpxYbY8OlLA7D2RiikQ,5uEeqYFuIChoWKy34jp8xE","Loud Luxury,Brando",73,False,163216,0.752,0.764,-4.399,0.038,0.0476,9.44e-05,0.0543,0.582,121.958,1
278kSqsZIiYp8p3QjYAqa8,NI BIEN NI MAL,4q3ewBCX7sLwd24euuV69X,Bad Bunny,73,True,236215,0.826,0.449,-8.33,0.0674,0.556,1.85e-05,0.273,0.337,128.028,0
5I8oEqbk2ZBmQfXCrZbUFb,Fallin' All In You,7n2wHs1TKAczGzO7Dd2rGr,Shawn Mendes,73,False,235746,0.853,0.477,-6.697,0.0362,0.401,0.0,0.111,0.8,92.03,0
3Ol2xnObFdKV9pmRD2t9x8,Look Back at It,31W5EY0aAly4Qieq6OFu6I,A Boogie Wit da Hoodie,73,True,179449,0.791,0.587,-5.075,0.0413,0.407,0.0,0.148,0.536,96.057,0
0OMRAvrtLWE2TvcXorRiB9,La Gozadera (feat. Marc Anthony),"2cy1zPcrFcXAJTP0APWewL,4wLXwxDeWQ8mtUIRPxGiD6","Gente De Zona,Marc Anthony",73,False,203160,0.616,0.989,-1.698,0.0483,0.166,0.0,0.172,0.902,95.036,1
1a5Yu5L18qNxVhXx38njON,Hear Me Now (feat. Marcos Zeeba),"0NGAZxHanS9e0iNHpR8f2W,7qPLO2XOUaRrRxkvLZ3AEK,5veVxxPm1vzgi6pO2iVA8L,2Mb6xKUfphTNZ7PiDudasm","Alok,Zeeba,Bruno Martini,Marcos Zeeba",73,False,194840,0.788,0.43,-7.757,0.0419,0.537,0.00261,0.0936,0.461,121.996,1
4QIyEq7TcTdAcxjI2AFlAK,FEFE,"7gZfnEnfiaHzxARJ2LeXrf,0hCNtLu0JehylgoiP8L4Gh,3CbYyyd8wH3RT6t0jwpdzC","6ix9ine,Nicki Minaj,Murda Beatz",73,True,179404,0.931,0.387,-9.127,0.412,0.088,0.0,0.136,0.376,125.978,1
3DD2VHxnv7C9Hew8s7Zgjf,Not Shy,2KC9Qb60EaY0kW4eH68vr3,ITZY,73,False,177728,0.776,0.911,-3.08,0.131,0.155,2.59e-06,0.268,0.56,101.027,0
6ZfXA2xakAvphXOSOJ3u1W,When I Look At You,5YGY8feqx7naU7z4HrwZM6,Miley Cyrus,73,False,248586,0.459,0.545,-4.874,0.0282,0.142,0.0,0.105,0.194,137.941,0
1NDxZ7cFAo481dtYWdrUnR,Pretty Girl - Cheat Codes X CADE Remix,"0uGk2czvcpWQA383Im6ajf,7DMveApC7UnC2NPfPvlHSU,0CEK8AzyeD5ZUdUloB6yQV","Maggie Lindemann,Cheat Codes,CADE",73,True,193613,0.703,0.868,-4.661,0.0291,0.15,0.132,0.104,0.733,121.03,1
34LI7rwi9H8w2S5KTHnv1M,Quiéreme Mientras Se Pueda,0tmwSHipWxN12fsoLcFU3B,Manuel Turizo,73,False,191945,0.793,0.782,-3.945,0.0582,0.447,0.0,0.124,0.81,143.86,0
4QIo4oxwzzafcBWkKjDpXY,xanny,6qqNVTkY8uBg9cP3Jd7DAH,Billie Eilish,73,False,243725,0.521,0.125,-17.832,0.239,0.751,0.00207,0.265,0.0528,111.554,0
6MjNilJCVKJq0LfFvo5jWJ,Fast,4MCBfE4596Uoi2O4DtmEMz,Juice WRLD,73,True,208517,0.623,0.608,-5.937,0.0434,0.426,0.0,0.105,0.263,84.98,0
1m69ELEgE6k5ZWsap40ozt,Se Preparó,1i8SpTcr7yvPOmcqrbnVXY,Ozuna,73,False,188080,0.739,0.821,-4.233,0.0852,0.222,9.6e-06,0.311,0.693,171.077,0
4MXhiYIRDMGAuvZc5IFTwC,ASTROTHUNDER,0Y5tJX1MQlPlqiwlOH1tJY,Travis Scott,73,True,142969,0.7,0.46,-8.111,0.0661,0.142,4.81e-05,0.111,0.286,151.901,0
7vgv8KZBSo0TPzyIWG9yzV,Salt,4npEfmQ6YuiwW1GpUmaq3F,Ava Max,73,False,180283,0.693,0.835,-3.242,0.0623,0.131,0.0,0.073,0.743,128.057,0
7mldq42yDuxiUNn08nvzHO,Body Like A Back Road,2kucQ9jQwuD8jWdtR9Ef38,Sam Hunt,73,False,165386,0.732,0.458,-7.225,0.0311,0.447,0.0,0.136,0.661,98.938,0
6OaVWaGfhXn70ZJfdVcabn,NO BYSTANDERS,0Y5tJX1MQlPlqiwlOH1tJY,Travis Scott,73,True,218283,0.731,0.811,-3.225,0.0712,0.0204,0.0,0.411,0.426,147.045,0
5KqldkCunQ2rWxruMEtGh0,The Gambler,4tw2Lmn9tTPUv7Gy7mVPI4,Kenny Rogers,73,False,214880,0.671,0.501,-13.119,0.0594,0.342,0.0,0.194,0.86,87.04,0
2alc8VZAzDgdAsL2QMk3hu,Skechers,3O5HD95HTEPgoPFOjAb7yV,DripReport,73,True,106000,0.903,0.327,-9.727,0.0877,0.26,0.011,0.108,0.274,100.008,0
4HDCLYli2SUdkq9OjmvhSD,BELIEVE IT,"2HPaUgqeutzr3jx5a9WyDV,5pKCCKE2ajJHZ9KAiaK11H","PARTYNEXTDOOR,Rihanna",73,True,183219,0.43,0.7,-5.35,0.264,0.0902,0.0,0.216,0.731,158.373,1
4OafepJy2teCjYJbvFE60J,breathin,66CXWjxzNUsdJxJ2JdwvnR,Ariana Grande,73,True,198160,0.568,0.656,-5.413,0.0433,0.0211,1.37e-05,0.213,0.364,100.049,0
0DiDStADDVh3SvAsoJAFMk,Only Human,7gOdHgIoIKoe4i9Tta6qdD,Jonas Brothers,73,False,183000,0.795,0.496,-5.883,0.0722,0.108,0.0,0.0645,0.874,94.01,0
2x0RZdkZcD8QRI53XT4GI5,SOS (feat. Aloe Blacc),"1vCWHaC5f2uS3yhpwWbIA6,0id62QV2SZZfvBn9xpmuCl","Avicii,Aloe Blacc",73,False,157202,0.802,0.645,-6.181,0.0715,0.272,0.0,0.119,0.376,100.001,1
5PYQUBXc7NYeI1obMKSJK0,Never Really Over,6jJ0s89eD6GaHleKKya26X,Katy Perry,73,False,223523,0.77,0.882,-4.792,0.0602,0.194,0.0,0.316,0.385,99.991,0
3Uo7WG0vmLQ07WB4BDwy7D,willow,06HL4z0CvFAxyc27GXpf02,Taylor Swift,73,False,214706,0.392,0.579,-9.195,0.164,0.835,0.00179,0.145,0.549,80.961,0
3gD4J3RUHy4OUuZ3qAiaiG,Caramelo,1i8SpTcr7yvPOmcqrbnVXY,Ozuna,73,False,217546,0.728,0.806,-3.766,0.0623,0.0531,0.000301,0.153,0.698,168.084,0
7lgA34nFXxjqQgyLkPUcLv,Jenny (I Wanna Ruin Our Friendship),7avo0PmlW8O1YLEt9DnWQT,Studio Killers,73,False,215280,0.668,0.799,-5.701,0.0333,0.00305,0.0148,0.277,0.563,133.929,0
4lMOQR1rRW5hJgJXOtKraL,Relación,77ziqFxp5gaInVrF2lj4ht,Sech,73,False,184254,0.805,0.562,-3.117,0.105,0.125,4.96e-06,0.148,0.767,172.094,0
1wZqJM5FGDEl3FjHDxDyQd,Come and See Me (feat. Drake),"2HPaUgqeutzr3jx5a9WyDV,3TVXtAsR1Inumwj472S9r4","PARTYNEXTDOOR,Drake",73,True,235477,0.717,0.347,-10.265,0.0636,0.0511,2.43e-06,0.087,0.0589,84.987,1
4bTZeO72FwMa6wKOiqoynL,Otro Trago - Remix,"77ziqFxp5gaInVrF2lj4ht,1i8SpTcr7yvPOmcqrbnVXY,2R21vXR83lH98kGeO99Y66,1TtXnWcUs0FCkaZDPGYHdf,1SupJlEpv7RS2tPNRaHViT","Sech,Ozuna,Anuel AA,Darell,Nicky Jam",73,True,287773,0.725,0.79,-2.331,0.197,0.0711,1.14e-06,0.0602,0.763,175.988,1
2kJu14V7hbZw3I4K8L8SXb,Stupid Love,1HY2Jd0NmPuamShAr6KMms,Lady Gaga,73,False,193533,0.676,0.815,-4.294,0.0625,0.00146,0.00041,0.275,0.796,117.973,0
4RVtBlHFKj51Ipvpfv5ER4,Drown (feat. Clinton Kane),"60d24wfXkVzDSfLS6hyCjZ,7okSU80WTrn4LXlyXYbX3P","Martin Garrix,Clinton Kane",73,False,174062,0.573,0.739,-5.455,0.0581,0.212,0.0,0.175,0.363,120.077,1
0Qh38w01QRXK6KHIv0e3hb,What About Us,1KCSPY1glIKqW2TotWuXOR,P!nk,73,False,269600,0.491,0.588,-6.177,0.0506,0.0281,2.01e-06,0.0906,0.193,113.608,0
7sOfmPd18RWp3FoCzpa7Kw,Soliá,4q3ewBCX7sLwd24euuV69X,Bad Bunny,73,True,159282,0.71,0.81,-5.507,0.0854,0.117,0.000132,0.154,0.184,92.041,0
6MF4tRr5lU8qok8IKaFOBE,Under The Sun (with J. Cole & Lute feat. DaBaby),"1iNqsUDUraNWrj00bqssQG,6l3HvQ5sa6mXTsMTB19rO5,75WcpJKWXBV3o3cfluWapK,4r63FhuTkUYltbVAg5TQnk","Dreamville,J. Cole,Lute,DaBaby",73,True,202040,0.691,0.64,-6.441,0.369,0.511,0.0,0.409,0.163,138.672,1
3kW4z2pIj5VY5fLjBrMRL5,P2,4O15NlyKLIASxsJ0PrXPfz,Lil Uzi Vert,73,True,234626,0.775,0.72,-5.353,0.193,0.0236,0.0,0.114,0.49,155.086,0
2CvOqDpQIMw69cCzWqr5yr,Halo,6vWDO969PvNqNYHIOW5v0m,Beyoncé,73,False,261160,0.422,0.712,-5.907,0.1,0.273,0.0,0.051,0.471,78.454,0
7zVCrzzEJU7u24sbJPXA5W,What Ifs (feat. Lauren Alaina),"3oSJ7TBVCWMDMiYjXNiCKE,1v3tdpIdBSW14rHUfiEVOv","Kane Brown,Lauren Alaina",73,False,188253,0.612,0.799,-4.603,0.0275,0.00898,0.0,0.172,0.687,125.976,1
6lOWoTqVnAWXchddtTH31W,Leave a Light On,7z2avKuuiMAT4XZJFv8Rvh,Tom Walker,73,False,185863,0.586,0.624,-5.946,0.113,0.0153,1.78e-06,0.133,0.267,68.976,0
5xS9hkTGfxqXyxX6wWWTt4,Mary Jane's Last Dance,4tX2TplrkIP4v05BNC903e,Tom Petty and the Heartbreakers,73,False,273600,0.451,0.669,-9.033,0.0651,0.0267,0.0,0.153,0.523,169.632,0
7gSQv1OHpkIoAdUiRLdmI6,I Won't Back Down,2UZMlIwnkgAEDBsw1Rejkn,Tom Petty,73,False,178360,0.765,0.476,-13.487,0.0329,0.0504,2.76e-06,0.165,0.965,114.02,0
4ZTTUAjJCd4NMZmIU7RB4c,Midnight (feat. Liam Payne),"4AVFqumd2ogHFlRbKIjp1t,5pUo3fmmHT8bhCyHE52hA6","Alesso,Liam Payne",73,False,220140,0.587,0.648,-6.927,0.0439,0.0561,0.0,0.115,0.281,144.028,1
1XnpzbOGptRwfJhZgLbmSr,Pretty Savage,41MozSoPIsD1dJM0CLPjZF,BLACKPINK,73,False,201122,0.701,0.556,-7.42,0.0414,0.00886,0.000122,0.106,0.333,152.045,0
6g0Orsxv6glTJCt4cHsRsQ,Formation,6vWDO969PvNqNYHIOW5v0m,Beyoncé,73,True,206080,0.896,0.621,-6.857,0.237,0.00532,0.0,0.196,0.818,121.966,0
4Km5HrUvYTaSUfiSGPJeQR,Bad and Boujee (feat. Lil Uzi Vert),"6oMuImdp5ZcFhWP0ESe6mG,4O15NlyKLIASxsJ0PrXPfz","Migos,Lil Uzi Vert",73,True,343150,0.927,0.665,-5.313,0.244,0.061,0.0,0.123,0.175,127.076,1
5fROvzNghPid8mbKNDYvpJ,YO VISTO ASÍ,4q3ewBCX7sLwd24euuV69X,Bad Bunny,73,False,191526,0.688,0.881,-4.889,0.0474,0.0947,0.0,0.0804,0.677,123.013,0
1Ej96GIBCTvgH7tNX1r3qr,Otro Trago,"77ziqFxp5gaInVrF2lj4ht,1TtXnWcUs0FCkaZDPGYHdf","Sech,Darell",73,True,225933,0.746,0.7,-4.669,0.341,0.136,0.000159,0.11,0.619,176.044,1
6qCsKKS7Ol63SJW3LOIX5R,Plastic Hearts,5YGY8feqx7naU7z4HrwZM6,Miley Cyrus,73,False,205733,0.551,0.756,-4.948,0.0652,0.0511,0.0,0.0765,0.618,175.984,0
6KBYefIoo7KydImq1uUQlL,Bodak Yellow,4kYSro6naA4h99UJvo89HB,Cardi B,73,True,223712,0.926,0.703,-6.337,0.103,0.0659,0.0,0.231,0.485,125.022,0
3XiNC94b4Tq1xwv70sQJGN,Sanguine Paradise,4O15NlyKLIASxsJ0PrXPfz,Lil Uzi Vert,73,True,243976,0.729,0.603,-6.736,0.0666,0.0948,0.0,0.113,0.207,134.972,0
15xWRPHQMeqgdkGzInx3PY,Falling Like The Stars,4IWBUUAFIplrNtaOHcJPRM,James Arthur,73,False,212720,0.296,0.351,-9.538,0.0352,0.823,1.45e-06,0.11,0.19,177.06,0
2RVrdr062uLFxXwIxwdXPH,Te Amo,"4bw2Am3p9ji3mYsXNXtQcd,3vQ0GE3mI0dAaxIMYe5g7z","Piso 21,Paulo Londra",73,False,201122,0.849,0.724,-4.139,0.0665,0.0204,5.98e-06,0.235,0.63,98.005,1
6Hgh47WXVKtXN5zGOu0hjI,OTW,"6LuN9FCkKOj5PcnpouEgny,4IVAbR2w4JJNJDDRFP3E83,7c0XG5cIJTrrAgEC3ULPiq","Khalid,6LACK,Ty Dolla $ign",73,True,263013,0.652,0.678,-6.183,0.0541,0.183,3.26e-05,0.106,0.28,72.989,1
6TqXcAFInzjp0bODyvrWEq,Talk (feat. Disclosure),"6LuN9FCkKOj5PcnpouEgny,6nS5roXSAGhTGr34W6n7Et","Khalid,Disclosure",73,False,197573,0.9,0.4,-8.575,0.127,0.0516,0.0,0.0599,0.346,135.984,1
0mjAU3yKR1QnXnHtjGJqTM,Rescue Me,5Pwc4xIPtQLFEnJriah9YJ,OneRepublic,73,False,158899,0.759,0.605,-7.737,0.0433,0.156,0.0,0.694,0.64,121.049,0
0VKkyBKCXyR99navhVRqcP,La player (Bandolera),21451j1KhjAiaYKflxBjr1,Zion & Lennox,73,False,249608,0.769,0.838,-5.238,0.0633,0.16,0.0,0.0935,0.602,93.996,0
2zDj4WjbNDmrRL6Z4YjjCA,Amigos Con Derechos,"0vR2qb8m9WHeZ5ByCbimq2,1r4hJ1h58CWwUQe3MxPuau","Reik,Maluma",73,False,227480,0.686,0.807,-3.324,0.0613,0.0481,0.0,0.0652,0.63,183.971,1
68mrW6gXHgupgSiDHgaDi5,Polvo,"1SupJlEpv7RS2tPNRaHViT,7iK8PXO48WeuP03g8YR51W","Nicky Jam,Myke Towers",73,False,211130,0.763,0.621,-6.169,0.066,0.0105,2.94e-06,0.106,0.582,82.042,1
74j34STf8L6uADnTN69ohv,El Efecto - Remix,"1mcTU81TzQhprhouKaTkpq,37230BxxYs9ksS7OkZw3IU,4QrBoWLm2WNlPdbFhmlaUZ,6w9ToX5slZ4uIdmD17hJ3c,1Ts9of7VPZElwPQnqnDSfW,0KPX4Ucy9dk82uj4GpKesn","Rauw Alejandro,Chencho Corleone,KEVVO,Bryant Myers,Lyanno,Dalex",73,True,289898,0.771,0.769,-3.504,0.0694,0.18,1.57e-05,0.345,0.931,167.969,1
3lCbsHaN1wCxyDzcNN2x4N,Si Me Tomo Una Cerveza,"48R2gYdPKtfnfKAzhSVPUx,7n3wAgh1j3RRbxYzfZTQDF","Migrantes,Alico",73,False,182198,0.721,0.612,-6.899,0.0563,0.186,0.0,0.156,0.86,85.081,1
5kfNriitmkNE8mUbZ7gbq8,Saturday Nights,6LuN9FCkKOj5PcnpouEgny,Khalid,72,False,210666,0.551,0.44,-8.559,0.0985,0.606,3.02e-05,0.11,0.341,167.923,0
01z2fBGB8Hl3Jd3zXe4IXR,Come Back to Earth,4LLpKhyESsyAXpc4laK94U,Mac Miller,72,False,161840,0.272,0.238,-12.148,0.0349,0.89,0.00925,0.275,0.119,83.507,0
3cNjgVBKTJ1SvKhunrCdVy,Please Don't Go,36jaGQtMj5UWD0eO1fCVdD,Joel Adams,72,False,210580,0.513,0.768,-4.868,0.0587,0.0118,1.94e-05,0.294,0.235,84.264,0
5Id5B3dxJZhPcV9GzgYZZe,Quizas,"2kqUKsTuEj1lPbm6BSn1AU,77ziqFxp5gaInVrF2lj4ht,0KPX4Ucy9dk82uj4GpKesn,14zUHaJZo1mnYtn6IBRaRP,1pQWsZQehhS4wavwh7Fnxd,2LRoIwlKmHjgvigdNGBHNo,3E6xrwgnVfYCrCs0ePERDz,1pgDilWYDWLoOgGjf1iHNu","Rich Music LTD,Sech,Dalex,Justin Quiles,Lenny Tavárez,Feid,Wisin,Zion",72,True,216066,0.727,0.815,-2.454,0.153,0.0258,0.0,0.231,0.677,176.075,1
4S8d14HvHb70ImctNgVzQQ,I Love It (& Lil Pump),"5K4W6rqBFWDnAN6FQUkS6x,3wyVrVrFCkukjdVIdirGVY","Kanye West,Lil Pump",72,True,127946,0.901,0.522,-8.304,0.33,0.0114,0.0,0.259,0.329,104.053,1
6rPO02ozF3bM7NnOV4h6s2,Despacito - Remix,"4V8Sr092TqfHkfAA5fXXqG,4VMYDCV2IEDYJArk749S6m,1uNFoZAHBGtllmzznpCI3s","Luis Fonsi,Daddy Yankee,Justin Bieber",72,False,228826,0.653,0.816,-4.353,0.167,0.228,0.0,0.0967,0.816,178.085,1
2LBqCSwhJGcFQeTHMVGwy3,Die For You,1Xyo4u8uXC1ZmMpatF05PJ,The Weeknd,72,False,260253,0.586,0.525,-7.163,0.0615,0.111,0.0,0.134,0.508,133.629,0
5nzhL67GpF9szXWg5y509A,Close Friends (Lil Baby & Gunna),5f7VJjfbwm532GiveGC0ZK,Lil Baby,72,True,203881,0.676,0.578,-4.669,0.375,0.0509,0.0,0.0796,0.698,158.896,0
5iUQMwxUPdJBFeGkePtM66,Dang! (feat. Anderson .Paak),"4LLpKhyESsyAXpc4laK94U,3jK9MiCrA42lLAdMGUZpwa","Mac Miller,Anderson .Paak",72,True,305350,0.836,0.67,-6.907,0.23,0.00826,0.000355,0.0837,0.556,107.018,1
2FvD20Z8aoWIePi7PoN8sG,TOES (feat. Lil Baby & Moneybagg Yo),"4r63FhuTkUYltbVAg5TQnk,5f7VJjfbwm532GiveGC0ZK,3tJoFztHeIJkJWMrx0td2f","DaBaby,Lil Baby,Moneybagg Yo",72,True,136366,0.816,0.582,-4.141,0.341,0.0794,5.84e-06,0.0916,0.542,160.004,1
13HVjjWUZFaWilh2QUJKsP,Let It Go,4EzkuveR9pLvDVFNx6foYD,James Bay,72,False,260533,0.546,0.311,-10.396,0.0288,0.818,1.65e-05,0.107,0.246,147.464,0
7p4vHnYXkxlzvfePJVpcTr,Feels Like Summer,73sIBHcqh3Z3NyqHKZ7FOL,Childish Gambino,72,False,297404,0.55,0.596,-8.214,0.134,0.162,0.00481,0.0805,0.253,165.736,0
4zRZAmBQP8vhNPf9i9opXt,8 Letters,2jnIB6XdLvnJUeNTy5A0J2,Why Don't We,72,False,190026,0.607,0.478,-5.702,0.031,0.649,0.0,0.0928,0.255,88.979,0
66wkCYWlXzSTQAfnsPBptt,My Favorite Part,"4LLpKhyESsyAXpc4laK94U,66CXWjxzNUsdJxJ2JdwvnR","Mac Miller,Ariana Grande",72,False,216000,0.861,0.33,-7.194,0.0526,0.627,1.93e-06,0.14,0.718,95.016,1
6fYkv8bGKiZl4Y3LYrFfAZ,Simple,3b8QkneNDz4JHKKKlLgYZg,Florida Georgia Line,72,False,185200,0.375,0.889,-3.704,0.0991,0.0848,0.0,0.136,0.881,199.669,0
5lXcSvHRVjQJ3LB2rLKQog,Superstition,7guDJrEfX3qb6FEbdPA5qi,Stevie Wonder,72,False,266133,0.65,0.658,-10.908,0.085,0.0887,0.00403,0.0526,0.883,100.541,0
6wyr4ReB05D9sJB1Rsmcqo,Chicken Noodle Soup (feat. Becky G),"0b1sIQumIAsNbqAoIClSpy,4obzFoKoKRHIphyHzJ35G3","j-hope,Becky G",72,False,235497,0.826,0.817,-4.081,0.0921,0.00502,1.09e-05,0.294,0.168,97.053,1
314ZkcV7oLWG8yWE7LABvH,Make It Right (feat. Lauv),"3Nrfpe0tUJi4K4DXYWgMUX,5JZ7CnR6gTvEMKX4g70Amv","BTS,Lauv",72,False,226321,0.584,0.685,-7.811,0.425,0.0304,0.0,0.189,0.345,97.551,1
1iQDltZqI7BXnHrFy4Qo1k,Trampoline (with ZAYN),"3KwmxIhSe9UTSEF37kwngR,5ZsFI1h6hIdQRw2ti0hz81","SHAED,ZAYN",72,False,184280,0.619,0.459,-5.782,0.0334,0.56,0.0,0.137,0.498,126.803,1
27GmP9AWRs744SzKcpJsTZ,Jumpman,"3TVXtAsR1Inumwj472S9r4,1RyvyyTE3xzB2ZywiAwp0i","Drake,Future",72,True,205879,0.852,0.553,-7.286,0.187,0.0559,0.0,0.332,0.656,142.079,1
4wFjTWCunQFKtukqrNijEt,MotorSport,"6oMuImdp5ZcFhWP0ESe6mG,0hCNtLu0JehylgoiP8L4Gh,4kYSro6naA4h99UJvo89HB","Migos,Nicki Minaj,Cardi B",72,True,303076,0.904,0.518,-5.32,0.183,0.0305,0.0,0.325,0.188,137.996,1
1lxswgIpzV6HhENRvkflES,Chillax (feat. Ky-Mani Marley),"329e4yvIujISKGKz1BZZbO,1XTGADISSMRf8B4TcVGYUC","Farruko,Ky-Mani Marley",72,False,197840,0.827,0.646,-4.727,0.0766,0.0724,0.0,0.247,0.512,92.057,1
0OGNtqKkjI7FCE9HZ4Khgo,Power Over Me,5KNNVgR6LBIABRIomyCwKJ,Dermot Kennedy,72,False,206960,0.42,0.843,-4.231,0.121,0.0519,0.0,0.106,0.491,173.827,0
7C39RtGhnEw7cyf0Pyw7PV,Saint-Tropez,246dkjvS1zLTtiykXe5h60,Post Malone,72,True,150866,0.617,0.684,-3.618,0.0439,0.0545,0.0,0.104,0.295,132.113,0
2BSbCCbaSCzkOEZa6N5901,Flaws And Sins,4MCBfE4596Uoi2O4DtmEMz,Juice WRLD,72,True,218348,0.709,0.662,-4.55,0.0766,0.00966,0.0,0.108,0.439,150.046,0
7qEKqBCD2vE5vIBsrUitpD,ilomilo,6qqNVTkY8uBg9cP3Jd7DAH,Billie Eilish,72,False,156370,0.855,0.423,-15.044,0.0585,0.724,0.469,0.0896,0.572,120.02,0
6VrCmhRBFnuGKmtNfk4jDs,Spotlight,"64KEffDW9EtZ1y2vBYgq8T,2kCcBybjl3SAtIcwdWpUe3","Marshmello,Lil Peep",72,False,177600,0.546,0.822,-4.483,0.151,0.0145,0.0,0.742,0.615,150.06,1
2EEeOnHehOozLq4aS0n6SL,iSpy (feat. Lil Yachty),"4qBgvVog0wzW75IQ48mU7v,6icQOAFXDZKsumw3YXyusw","KYLE,Lil Yachty",72,True,253106,0.746,0.653,-6.745,0.289,0.378,0.0,0.229,0.672,75.016,1
24snQ8Ew7aIKYCt0ulXHvx,Pineapple,790FomKkXshlbRYZFtlgla,KAROL G,72,False,180960,0.782,0.671,-4.815,0.062,0.0508,2.49e-06,0.388,0.667,94.981,0
6KUE0HSSudAp9AOycaF6SH,Make It Right,3Nrfpe0tUJi4K4DXYWgMUX,BTS,72,False,226321,0.638,0.703,-7.874,0.444,0.0104,0.0,0.132,0.261,105.766,0
1k1CJlU1eAEpAbNK0TVeKD,Que Mas Pues - Remix,"77ziqFxp5gaInVrF2lj4ht,14zUHaJZo1mnYtn6IBRaRP,1r4hJ1h58CWwUQe3MxPuau,1SupJlEpv7RS2tPNRaHViT,329e4yvIujISKGKz1BZZbO,0KPX4Ucy9dk82uj4GpKesn,1pQWsZQehhS4wavwh7Fnxd","Sech,Justin Quiles,Maluma,Nicky Jam,Farruko,Dalex,Lenny Tavárez",72,True,305962,0.648,0.661,-5.027,0.195,0.121,2.33e-06,0.12,0.813,113.363,1
4lJNen4SMTIJMahALc3DcB,"Thunderclouds (feat. Sia, Diplo, and Labrinth)","5WUlDfRSoLAfcVSX1WnrxN,5fMUXHkw8R8eOP2RNVYEZX,2feDdbD5araYcm6JhFHHw7,6IZ4ctovY9dl7bgHClAvKJ","Sia,Diplo,Labrinth,LSD",72,False,187026,0.69,0.714,-5.948,0.0338,0.0077,7.23e-05,0.191,0.489,112.009,1
0utlOiJy2weVl9WTkcEWHy,Neighbors,6l3HvQ5sa6mXTsMTB19rO5,J. Cole,72,True,216520,0.898,0.283,-12.335,0.356,0.319,0.000383,0.11,0.469,138.97,0
7wvYmO5QscgIDDT0eNwbYX,Lost In Japan,7n2wHs1TKAczGzO7Dd2rGr,Shawn Mendes,72,False,201200,0.726,0.708,-6.908,0.356,0.303,0.0,0.348,0.417,105.084,0
2CRbiMK0W14l71SpDKqKZM,Loca - Remix,"4m6ubhNsdwF4psNf3R8kwR,4q3ewBCX7sLwd24euuV69X,1bAftSH8umNcGZ0uyV7LMg,6w3SkAHYPsQ1bxV7VDlG5y","KHEA,Bad Bunny,Duki,Cazzu",72,True,346460,0.795,0.751,-3.661,0.0675,0.337,0.0,0.0983,0.537,113.033,1
2bPGTMB5sFfFYQ2YvSmup0,DEUTSCHLAND,6wWVKhxIU2cEi0K81v7HvP,Rammstein,72,False,322339,0.521,0.895,-5.242,0.0442,5.54e-05,0.349,0.0985,0.237,120.117,0
2093eVNfimjmNjU1gk1ES7,Unsainted,05fG473iIaoy82BF1aGhL8,Slipknot,72,True,260773,0.427,0.944,-2.885,0.0565,0.000197,0.0159,0.0625,0.248,101.078,0
7DcvwMAiqKJQD1rrdfxSDx,The London (feat. J. Cole & Travis Scott),"50co4Is1HCEo8bhOyUWKpn,6l3HvQ5sa6mXTsMTB19rO5,0Y5tJX1MQlPlqiwlOH1tJY","Young Thug,J. Cole,Travis Scott",72,True,200106,0.796,0.586,-6.946,0.147,0.0247,0.0,0.132,0.179,97.981,1
1UVuZnfWsGvS9TzZTVIkdv,Personal,28y6CyJNkGNjJQKrlx4AmN,HRVY,72,False,198040,0.751,0.547,-5.566,0.13,0.112,0.0,0.0282,0.876,138.971,0
132ALUzVLmqYB4UsBj5qD6,Adan y Eva,3vQ0GE3mI0dAaxIMYe5g7z,Paulo Londra,72,False,256971,0.767,0.709,-4.47,0.336,0.323,0.0,0.0745,0.72,171.993,0
0rFQ5cKYJ9WtHSKp9sxVYt,Heartless (feat. Morgan Wallen),"5fMUXHkw8R8eOP2RNVYEZX,4oUHIQIBe0LHzYfvXNW4QM","Diplo,Morgan Wallen",72,True,169226,0.764,0.555,-6.414,0.0604,0.275,0.0,0.0824,0.255,111.004,1
0wbnC9AUenxp613TYaJsGK,Narcos,6oMuImdp5ZcFhWP0ESe6mG,Migos,72,True,255378,0.936,0.585,-6.914,0.125,0.0142,0.0,0.132,0.242,124.991,0
5MPPttjfGap2C6j6eKcO6J,Baby (Lil Baby feat. DaBaby),"6i392l38cR3uBPF0DbNs7S,5f7VJjfbwm532GiveGC0ZK,4r63FhuTkUYltbVAg5TQnk","Quality Control,Lil Baby,DaBaby",72,True,142417,0.97,0.463,-7.259,0.366,0.0957,0.0,0.151,0.46,108.003,1
0qc4QlcCxVTGyShurEv1UU,Post Malone (feat. RANI),"20gsENnposVs2I4rQ5kvrf,3SYnDj7btg9gFY7ps8m5d5","Sam Feldt,RANI",72,False,174444,0.59,0.642,-3.87,0.122,0.0771,0.0,0.105,0.651,107.356,1
6jA8JUuPCGYjFcgw0AoM5T,Me Niego (feat. Ozuna & Wisin),"0vR2qb8m9WHeZ5ByCbimq2,1i8SpTcr7yvPOmcqrbnVXY,3E6xrwgnVfYCrCs0ePERDz","Reik,Ozuna,Wisin",72,False,221653,0.777,0.779,-4.449,0.0972,0.0543,0.0,0.636,0.768,94.023,1
4Clmg1g8n2yBYG13Z1oSdG,Baila Conmigo (feat. Kelly Ruiz),"2TWBei99x2tV70bdYbWdAf,00CMSJdbf36zOzKB3z8JrR,0cCNT5RyWndpS7Zx7ISEDw","Dayvi,Victor Cardenas,Kelly Ruíz",72,False,189817,0.745,0.972,-3.506,0.0774,0.00903,0.465,0.297,0.556,128.031,1
5rLyYxZNzca00ENADO9m54,When I Grow Up,6fOMl44jA4Sp5b9PpYCkzz,NF,72,False,196800,0.817,0.814,-3.985,0.185,0.32,0.0,0.152,0.247,109.994,0
4ZT9FnbFu1PaBfV3itxiqT,I,7d3WFRME3vBY2cgoP38RDo,Lil Skies,72,True,181890,0.649,0.453,-7.28,0.085,0.627,0.0,0.116,0.431,99.183,0
2cKovq3l6OJjhVVDbVKOsr,The Other Side,"5F1aoppMtU3OMiltO8ymJ2,6U1dBXJhC8gXFjamvFTmHg","Hugh Jackman,Zac Efron",72,False,214373,0.638,0.795,-8.45,0.302,0.00433,0.00139,0.153,0.31,153.99,1
5sbooPcNgIE22DwO0VNGUJ,POP/STARS,"4gOc8TsQed9eqnqJct2c5v,2kRfqPViCqYdSGhYSM9R0Q,2AfmfGFbe0A0WsTYm0SDTx,0tRFWXqKBBQcu5oFVOgVzX,47mIJdHORyRerp4os813jD","K/DA,Madison Beer,(G)I-DLE,Jaira Burns,League of Legends",72,False,191100,0.566,0.769,-4.342,0.0872,0.0183,0.0,0.108,0.385,170.036,1
6wmAHw1szh5RCKSRjiXhPe,How Long,6VuMaDnrHyPL1p4EHjYLi7,Charlie Puth,72,False,200853,0.845,0.561,-5.253,0.0778,0.211,3.49e-06,0.0383,0.811,109.974,0
2wVDWtLKXunswWecARNILj,SOLO,250b0Wlc5Vk0CoUsaCY84M,JENNIE,72,False,169566,0.751,0.642,-5.165,0.087,0.0861,0.0,0.0953,0.388,95.045,0
4RVbK6cV0VqWdpCDcx3hiT,Reborn,2hPgGN4uhvXAxiXQBIXOmE,KIDS SEE GHOSTS,72,True,324674,0.585,0.597,-7.499,0.037,0.339,0.0404,0.195,0.227,100.051,0
0FuTx2s3YH1ppmtiM6l0zI,September Song,4kYGAK2zu9EAomwj3hXkXy,JP Cooper,72,False,220290,0.623,0.654,-5.675,0.0372,0.0545,0.0,0.0838,0.401,95.921,0
1ndyl3wJCFs872XZ3ztPk6,"DJ No Pare (feat. Zion, Dalex, Lenny Tavárez) - Remix","14zUHaJZo1mnYtn6IBRaRP,1GDbiv3spRmZ1XdM1jQbT7,329e4yvIujISKGKz1BZZbO,0KPX4Ucy9dk82uj4GpKesn,1pQWsZQehhS4wavwh7Fnxd,1pgDilWYDWLoOgGjf1iHNu","Justin Quiles,Natti Natasha,Farruko,Dalex,Lenny Tavárez,Zion",72,False,258600,0.743,0.709,-3.922,0.0879,0.0451,5.18e-06,0.0809,0.831,170.001,1
3EikYy40GMSp8l5mDV6IQo,Foot Fungus,2rhFzFmezpnW82MNqEKVry,Ski Mask The Slump God,72,True,129546,0.881,0.623,-9.662,0.119,0.257,1.5e-06,0.0964,0.745,88.953,0
577YBGuskWkVDCxZrLRB4v,Pure Cocaine,5f7VJjfbwm532GiveGC0ZK,Lil Baby,72,True,154023,0.964,0.487,-6.071,0.421,0.00127,6.57e-06,0.115,0.107,127.05,0
6gTJaPuj8DT8RjuDJyBgzP,Don't,6eUKZXaKkcviH0Ku9w2n3V,Ed Sheeran,72,False,219840,0.806,0.608,-7.008,0.0659,0.0113,0.0,0.635,0.849,95.049,0
6mapJIPnQ23RTAevUoE0DL,Swang,7iZtZyCzp3LItcw1wtPI3D,Rae Sremmurd,72,True,208120,0.681,0.314,-9.319,0.0581,0.2,9.82e-06,0.1,0.166,139.992,0
630sXRhIcfwr2e4RdNtjKN,Rewrite The Stars,"6U1dBXJhC8gXFjamvFTmHg,6sCbFbEjbYepqswM1vWjjs","Zac Efron,Zendaya",72,False,217440,0.684,0.619,-7.005,0.0386,0.0716,0.0,0.122,0.284,125.046,1
7FjZU7XFs7P9jHI9Z0yRhK,So Close,"5jAMCwdNHWr7JThxtMuEyy,4bL2B6hmLlMWnUEZnorEtG,0rlKkLkpsCnJbZethGBfAk,5mYakBbBzPMQTfkVMIgiDM","NOTD,Felix Jaehn,Captain Cuts,Georgia Ku",72,False,190302,0.7,0.872,-5.896,0.0666,0.121,7.08e-06,0.103,0.761,125.03,1
5W83ErFkO3aKAIS1WMi6u0,Secreto,"2R21vXR83lH98kGeO99Y66,790FomKkXshlbRYZFtlgla","Anuel AA,KAROL G",72,False,258800,0.807,0.803,-4.156,0.126,0.602,0.00853,0.136,0.706,91.987,1
2YzmfPLqUx5CJOaw5ThsBV,Plain Jane REMIX (feat. Nicki Minaj),"5dHt1vcEm9qb8fCyLcB3HL,0hCNtLu0JehylgoiP8L4Gh","A$AP Ferg,Nicki Minaj",72,True,202636,0.791,0.839,-4.284,0.266,0.0588,6.26e-05,0.259,0.383,170.113,1
4kWO6O1BUXcZmaxitpVUwp,Jackie Chan,"2o5jDhtHVPhrJdv3cEQ99Z,5vQfv3s2Z2SRdPZKr82ABw,0bdJZl7TDeiymDYzMJnVh2,246dkjvS1zLTtiykXe5h60","Tiësto,Dzeko,Preme,Post Malone",72,True,215759,0.747,0.834,-2.867,0.045,0.374,0.0,0.0586,0.687,128.005,1
7BwxbmYFy0l3ROHDjV2c14,Culpable O No - Miénteme Como Siempre,2nszmSgqreHSdJA3zWPyrW,Luis Miguel,72,False,237240,0.54,0.367,-14.238,0.0277,0.0367,0.0,0.0433,0.252,70.276,0
0FQhAHyHGsrbSHvDURmFPn,my boy,6qqNVTkY8uBg9cP3Jd7DAH,Billie Eilish,72,False,170852,0.692,0.394,-8.745,0.207,0.472,0.000191,0.117,0.324,89.936,0
0WqIKmW4BTrj3eJFmnCKMv,Crazy In Love (feat. Jay-Z),"6vWDO969PvNqNYHIOW5v0m,3nFkdlSjzX9mRTtwJOzDYB","Beyoncé,JAY-Z",72,False,235933,0.664,0.758,-6.583,0.21,0.00238,0.0,0.0598,0.701,99.259,1
1TEL6MlSSVLSdhOSddidlJ,needy,66CXWjxzNUsdJxJ2JdwvnR,Ariana Grande,72,True,171573,0.647,0.309,-7.948,0.0366,0.78,7.41e-06,0.202,0.195,87.045,0
37F0uwRSrdzkBiuj0D5UHI,Reminder,1Xyo4u8uXC1ZmMpatF05PJ,The Weeknd,72,True,218880,0.706,0.505,-6.923,0.193,0.142,0.0,0.164,0.388,160.053,0
6kPJZM97LwdG9QIsT7khp6,Solo (feat. Demi Lovato),"6MDME20pz9RveH9rEXvrOM,6S2OmqARrzebs0tKUEyXyp","Clean Bandit,Demi Lovato",72,False,222653,0.737,0.636,-4.546,0.0437,0.0441,6.66e-05,0.35,0.565,105.005,1
3Q3myFA7q4Op95DOpHplaY,do re mi,2cFrymmkijnjDg9SS92EPM,blackbear,72,True,212027,0.745,0.593,-6.35,0.0526,0.00522,5.25e-06,0.123,0.17,111.002,0
22eADXu8DfOAUEDw4vU8qy,Ahora Dice,"0qTZZWLzuD59Un5r1speHm,1vyhD5VmyZ7KMfW5gqLgo5,1i8SpTcr7yvPOmcqrbnVXY,4SsVbpTthjScTS7U2hmr1X","Chris Jedi,J Balvin,Ozuna,Arcangel",72,False,270493,0.708,0.693,-5.516,0.138,0.246,0.0,0.129,0.427,143.965,1
2uiOyiRxtNix52dpeaDQPM,Mean It,"5JZ7CnR6gTvEMKX4g70Amv,49tQo2QULno7gxHutgccqF","Lauv,LANY",72,False,232853,0.746,0.45,-8.543,0.0872,0.0407,0.0,0.172,0.336,95.998,1
1MgV7FIyNxIG7WzMRJV5HC,my tears ricochet,06HL4z0CvFAxyc27GXpf02,Taylor Swift,72,False,255893,0.456,0.263,-10.63,0.0332,0.806,0.0,0.0749,0.111,129.86,0
72Q0FQQo32KJloivv5xge2,"I'm the One (feat. Justin Bieber, Quavo, Chance the Rapper & Lil Wayne)","0QHgL1lAIqAw0HtD7YldmP,1uNFoZAHBGtllmzznpCI3s,0VRj0yCOv2FXJNP47XQnx5,1anyVhU62p31KFi8MEzkbf,55Aa2cqylxrFIXC767Z865","DJ Khaled,Justin Bieber,Quavo,Chance the Rapper,Lil Wayne",72,True,288600,0.599,0.667,-4.267,0.0367,0.0533,0.0,0.134,0.817,80.984,1
43NqTeL8pgBxKHPMiJKUP5,Girl,7iK8PXO48WeuP03g8YR51W,Myke Towers,72,True,186426,0.733,0.708,-4.957,0.0937,0.0325,0.000327,0.324,0.694,93.021,0
3AEZUABDXNtecAOSC1qTfo,Reggaetón Lento (Bailemos),0eecdvMrqBftK0M1VKhaF4,CNCO,72,False,222560,0.761,0.838,-3.073,0.0502,0.4,0.0,0.176,0.71,93.974,0
6zEgnpM0qYmHLDnh8WPejL,Amarillo,1vyhD5VmyZ7KMfW5gqLgo5,J Balvin,72,False,157733,0.641,0.857,-5.725,0.301,0.013,0.00534,0.0695,0.961,122.728,0
7o4gBbTM6UBLkOYPw9xMCz,Moonwalking in Calabasas (feat. Blueface) - Remix,"0WK3H9OErSn5zKOkOV5egm,3Fl1V19tmjt57oBdxXKAjJ","DDG,Blueface",72,True,170232,0.928,0.341,-10.196,0.103,0.0614,0.0,0.162,0.745,129.966,1
1PSBzsahR2AKwLJgx8ehBj,Bad Things (with Camila Cabello),"6TIYQ3jFPwQSRmorSezPxX,4nDoRrQiYLoBzwC5BhVJzF","Machine Gun Kelly,Camila Cabello",72,False,239293,0.697,0.691,-4.757,0.146,0.214,0.0,0.185,0.305,137.853,1
6gpcs5eMhJwax4mIfKDYQk,Slide (feat. Frank Ocean & Migos),"7CajNmpbOovFoOoasH2HaY,2h93pZq0e7k5yf4dywlkpM,6oMuImdp5ZcFhWP0ESe6mG","Calvin Harris,Frank Ocean,Migos",72,True,230813,0.736,0.795,-3.299,0.0545,0.498,1.21e-06,0.254,0.511,104.066,1
6F609ICg9Spjrw1epsAnpa,Controlla,3TVXtAsR1Inumwj472S9r4,Drake,72,True,245226,0.607,0.476,-11.076,0.249,0.0773,0.0,0.113,0.347,122.976,0
44WLOqH7QayQOQdeUHeKUK,We are Bulletproof : the Eternal,3Nrfpe0tUJi4K4DXYWgMUX,BTS,72,False,261542,0.526,0.575,-5.215,0.0309,0.225,0.0,0.108,0.19,84.047,0
4cSSL3YafYjM3yjgFO1vJg,Walk Em Down (feat. Roddy Ricch),"757aE44tKEUQEqRuT6GnEB,0ErzCpIMyLcjPiwT4elrtZ","Roddy Ricch,NLE Choppa",72,True,173288,0.867,0.744,-5.171,0.227,0.268,0.0,0.0713,0.645,84.005,1
2bjwRfXMk4uRgOD9IBYl9h,Portland,"3TVXtAsR1Inumwj472S9r4,0VRj0yCOv2FXJNP47XQnx5,0Y5tJX1MQlPlqiwlOH1tJY","Drake,Quavo,Travis Scott",72,True,236614,0.925,0.443,-8.216,0.264,0.0172,0.0,0.276,0.35,136.078,1
73h4oe03sZy8bXfQLfnqMv,Who's Laughing Now,4npEfmQ6YuiwW1GpUmaq3F,Ava Max,72,False,180348,0.648,0.641,-5.521,0.0389,0.00565,3.63e-06,0.109,0.505,184.021,0
653UwNHjuC0AwlbU07ao2Y,Sweet Melody,3e7awlrlDSwF3iM0WBjGMp,Little Mix,72,False,213693,0.448,0.824,-4.249,0.057,0.0739,0.0,0.113,0.419,119.965,0
5hcisvFMidkMJlElTO9Qmw,Sensualidad,"4q3ewBCX7sLwd24euuV69X,3MHaV05u0io8fQbZ2XPtlC,1vyhD5VmyZ7KMfW5gqLgo5,2T1aUibqR2QC2sINIDQOAK,64aJYyrXljOodnUG6jvhRD","Bad Bunny,Prince Royce,J Balvin,Mambo Kingz,DJ Luian",72,False,297485,0.807,0.681,-6.268,0.0983,0.423,0.0,0.0962,0.676,140.006,1
6fwdbPMwP1zVStm8FybmkO,X (feat. Future),"1URnnhqYAYcrqrcwql10ft,0iEtIxbK0KxaSlF7G42ZOp,1RyvyyTE3xzB2ZywiAwp0i","21 Savage,Metro Boomin,Future",72,True,258880,0.835,0.413,-9.81,0.396,0.373,0.00133,0.101,0.111,149.004,1
5OOkp4U9P9oL23maHFHL1h,Panda,7pFeBzX627ff0VnN6bxPR4,Desiigner,72,True,246761,0.576,0.766,-4.943,0.449,0.028,1.68e-06,0.366,0.236,144.833,0
4BHzQ9C00ceJxfG16AlNWb,Send My Love (To Your New Lover),4dpARuHxo51G3z768sgnrY,Adele,72,False,223078,0.69,0.524,-8.39,0.103,0.0415,3.16e-06,0.17,0.562,164.023,0
5JiH89mHrv9oWHlD0T326z,To Be So Lonely,6KImCVD70vtIoJWnq6nGn3,Harry Styles,72,False,192080,0.758,0.436,-7.269,0.0418,0.618,1.61e-05,0.335,0.605,104.959,0
7w05lsU2VLSeiT8Nukrv5M,Friends,3Nrfpe0tUJi4K4DXYWgMUX,BTS,72,False,199338,0.55,0.747,-5.211,0.0407,0.0668,0.0,0.0536,0.648,79.98,0
0hNduWmlWmEmuwEFcYvRu1,Sunset Lover,6gK1Uct5FEdaUWRWpU4Cl2,Petit Biscuit,72,False,237792,0.783,0.467,-9.474,0.0503,0.729,0.809,0.109,0.236,90.838,0
4Gt2kh3QbAGU6yquOWn4aW,Fake,"5JZ7CnR6gTvEMKX4g70Amv,4Uc8Dsxct0oMqx0P6i60ea","Lauv,Conan Gray",72,True,146375,0.703,0.657,-5.363,0.0783,0.139,0.0,0.093,0.455,82.96,1
43it4kot08akLzFIEMhXNN,La Bicicleta,"4vhNDa5ycK0ST968ek7kRr,0EmeFodog0BfCgMzAIvKQp","Carlos Vives,Shakira",72,False,229509,0.746,0.961,-2.243,0.13,0.206,1.84e-06,0.329,0.951,179.984,1
0SuG9kyzGRpDqrCWtgD6Lq,Give Me Love,6eUKZXaKkcviH0Ku9w2n3V,Ed Sheeran,72,False,526386,0.526,0.328,-9.864,0.0461,0.694,0.0,0.112,0.11,116.068,0
1OAh8uOEOvTDqkKFsKksCi,Wild Thoughts (feat. Rihanna & Bryson Tiller),"0QHgL1lAIqAw0HtD7YldmP,5pKCCKE2ajJHZ9KAiaK11H,2EMAnMvWE2eb56ToJVfCWs","DJ Khaled,Rihanna,Bryson Tiller",72,True,204173,0.671,0.672,-3.094,0.0688,0.0329,0.0,0.118,0.632,97.979,1
22fRl49GSpRdu3J2EPj1i6,Benz Truck (гелик),2kCcBybjl3SAtIcwdWpUe3,Lil Peep,72,True,159986,0.602,0.762,-6.149,0.0347,0.0498,0.00819,0.121,0.112,92.02,0
0bYg9bo50gSsH3LtXe2SQn,All I Want for Christmas Is You,4iHNK0tOyZPYnBU7nGAgpQ,Mariah Carey,72,False,241106,0.336,0.627,-7.463,0.0384,0.164,0.0,0.0708,0.35,150.273,0
3kwgqoBqTwoAH4nT29TYrq,Nobody's Love,04gDigrS5kc9YWfZHwBETP,Maroon 5,72,False,211253,0.486,0.567,-6.456,0.0379,0.31,0.0,0.0949,0.154,93.68,0
63wx9vdskaXbYxyDx4oJCZ,B.S. (feat. H.E.R.),"5ZS223C6JyBfXasXxrRqOk,3Y7RZ31TRPVadSFVy1o8os","Jhené Aiko,H.E.R.",72,True,212866,0.617,0.525,-10.426,0.12,0.554,1.1e-06,0.135,0.377,135.781,1
1zsG4eaZmkA1dvjDDsAGLK,Échame La Culpa,"4V8Sr092TqfHkfAA5fXXqG,6S2OmqARrzebs0tKUEyXyp","Luis Fonsi,Demi Lovato",72,False,173800,0.724,0.895,-3.617,0.0411,0.0322,0.0,0.097,0.64,96.022,1
5dONhl6aXFuN86UBdayF6W,Olivia,4AK6F7OLvEQ5QYCBNiQWHq,One Direction,72,False,177973,0.64,0.681,-5.362,0.0334,0.0438,0.0,0.166,0.676,118.062,0
5G2c6FsfTzgYUzageCmfXY,One Thing,4AK6F7OLvEQ5QYCBNiQWHq,One Direction,72,False,197600,0.713,0.718,-3.806,0.0278,0.00233,0.0,0.0838,0.656,126.999,0
0Tel1fmuCxEFV6wBLXsEdk,Kiss Me,6eUKZXaKkcviH0Ku9w2n3V,Ed Sheeran,72,False,280853,0.589,0.227,-16.67,0.0498,0.64,0.00469,0.0248,0.182,74.993,0
75pQqzwgCjUOSSy5CpmAjy,Pero Ya No,4q3ewBCX7sLwd24euuV69X,Bad Bunny,72,False,160638,0.882,0.612,-6.103,0.118,0.0475,5.07e-06,0.182,0.742,147.982,0
0w5Bdu51Ka25Pf3hojsKHh,Hard Times,74XFHRwlV6OrjEM0A2NCMF,Paramore,72,False,182693,0.695,0.818,-5.379,0.0334,0.00647,4.87e-06,0.0219,0.916,119.965,0
25oOaleife6E2MIKmFkPvg,Relationship (feat. Future),"50co4Is1HCEo8bhOyUWKpn,1RyvyyTE3xzB2ZywiAwp0i","Young Thug,Future",72,True,215306,0.842,0.597,-6.336,0.0627,0.00252,0.0,0.124,0.298,145.992,1
05RgAMGypEvqhNs5hPCbMS,Panama - 2015 Remaster,2cnMpRsOVqtPMfq7YiFE6K,Van Halen,72,False,210226,0.526,0.978,-5.436,0.108,0.00122,4.75e-05,0.0744,0.451,141.167,0
3S0OXQeoh0w6AY8WQVckRW,I'm Yours,4phGZZrJZRo4ElhRtViYdl,Jason Mraz,72,False,242186,0.686,0.457,-8.322,0.0468,0.595,0.0,0.105,0.718,150.953,0
7DM4BPaS7uofFul3ywMe46,Vente Pa' Ca (feat. Maluma),"7slfeZO9LsJbWgpkIoXBUJ,1r4hJ1h58CWwUQe3MxPuau","Ricky Martin,Maluma",72,False,259195,0.663,0.92,-4.07,0.226,0.00431,1.69e-05,0.101,0.533,99.935,1
17S4XrLvF5jlGvGCJHgF51,Learning To Fly,4tX2TplrkIP4v05BNC903e,Tom Petty and the Heartbreakers,72,False,242106,0.651,0.766,-9.935,0.0299,0.206,0.00103,0.362,0.949,116.74,0
3Ys2PYl1wyPKQIwyqhP9cQ,Stay Gold,3Nrfpe0tUJi4K4DXYWgMUX,BTS,72,False,243266,0.723,0.634,-5.415,0.0542,0.0892,0.0,0.0787,0.582,129.017,0
6SwRhMLwNqEi6alNPVG00n,LOYALTY. FEAT. RIHANNA.,"2YZyLoL8N0Wb9xBt1NhZWg,5pKCCKE2ajJHZ9KAiaK11H","Kendrick Lamar,Rihanna",72,True,227360,0.658,0.535,-8.983,0.0573,0.0265,0.0,0.2,0.419,110.684,1
4z6wo6PJG4Fve45OXK6D9m,Infeliz,"4SsVbpTthjScTS7U2hmr1X,4q3ewBCX7sLwd24euuV69X","Arcangel,Bad Bunny",72,False,221103,0.713,0.798,-3.147,0.219,0.366,4.3e-06,0.246,0.721,176.073,1
7gHs73wELdeycvS48JfIos,Faded,7vk5e3vY1uw9plTHJAMwjN,Alan Walker,72,False,212626,0.589,0.651,-5.097,0.0306,0.0291,3.2e-06,0.111,0.166,90.011,0
41L3O37CECZt3N7ziG2z7l,Yummy,1uNFoZAHBGtllmzznpCI3s,Justin Bieber,72,False,210426,0.687,0.514,-6.612,0.0897,0.366,0.0,0.116,0.494,145.921,0
4Hpib09wXgD84w4uwTPnYD,Tap In,6cK3NBO6uP7hh0oyuVELFl,Saweetie,72,True,139413,0.954,0.696,-7.117,0.204,0.00576,0.000498,0.0754,0.432,100.036,0
6DUdDIRgLqCGq1DwkNWQTN,Borro Cassette,1r4hJ1h58CWwUQe3MxPuau,Maluma,72,False,207306,0.73,0.701,-5.885,0.106,0.132,0.0,0.151,0.785,175.95,0
4C6BlqqMwjFzOXzqpTeoWR,Ponte Pa' Mi,14zUHaJZo1mnYtn6IBRaRP,Justin Quiles,72,False,202373,0.878,0.713,-4.566,0.0948,0.0581,0.0,0.0822,0.615,92.028,0
4B1rpPmQXwj78wk6aIGwwU,Two Ghosts,6KImCVD70vtIoJWnq6nGn3,Harry Styles,72,False,229813,0.386,0.407,-7.095,0.0268,0.234,1.86e-06,0.0999,0.456,69.387,0
0Odu228D0yGcFySGuxU4rY,The Take (feat. Chris Brown),"2jku7tDXc6XoB6MO2hFuqg,7bXgB6jMjp9ATFy66eO08Z","Tory Lanez,Chris Brown",72,True,221492,0.464,0.547,-8.137,0.339,0.0511,0.0,0.155,0.423,67.003,1
3YeJXuRSNS5FYwOsDu44kD,Dark Knight Dummo (Feat. Travis Scott),"6Xgp2XMz1fhVYe7i6yNAax,0Y5tJX1MQlPlqiwlOH1tJY","Trippie Redd,Travis Scott",72,True,256162,0.28,0.821,-2.864,0.111,0.167,0.0,0.139,0.254,181.444,1
2CPqh63wRVscbceKcPxwvv,The Ocean (feat. Shy Martin),"6lB8vOoI4DRrrVxXwuV19c,7eCmccnRwPmRnWPw61x6jM","Mike Perry,SHY Martin",72,False,183414,0.632,0.575,-6.478,0.029,0.0225,1.81e-06,0.104,0.188,90.037,1
57VeLYXrvNxe8Vs18K2M9W,Way Out (feat. Big Sean),"2LIk90788K0zvyj2JJVwkJ,0c173mlxpT3dSFRgMO8XPh","Jack Harlow,Big Sean",72,True,168906,0.945,0.582,-8.357,0.0719,0.114,0.0,0.103,0.907,108.025,1
14wf185UxfNbSy8dwt4r4q,MAMACITA,"1yxSLGMDHlW21z4YXirZDS,1i8SpTcr7yvPOmcqrbnVXY,1OB278sOZVSFx5vXqYha83","Black Eyed Peas,Ozuna,J. Rey Soul",72,True,249142,0.894,0.635,-6.929,0.0473,0.193,0.00105,0.0823,0.428,105.013,1
6r46lnXFbE9fr2d3KNaGbe,Imitadora,5lwmRuXgjX8xIwlnauTZIP,Romeo Santos,72,False,234828,0.737,0.709,-6.889,0.045,0.333,0.0,0.289,0.556,125.997,0
5v4GgrXPMghOnBBLmveLac,Savage Remix (feat. Beyoncé),"6vWDO969PvNqNYHIOW5v0m,181bsRPaVXVlUKXrxwZfHK","Beyoncé,Megan Thee Stallion",72,True,242000,0.822,0.743,-4.772,0.28,0.016,0.0,0.127,0.636,84.459,1
099tjv6oy2opbpCOA3nBwX,Dream Girl - Remix,"4NEThNYJ3WyNcJWcmpjq88,1mcTU81TzQhprhouKaTkpq","Ir Sais,Rauw Alejandro",72,True,192452,0.767,0.643,-5.225,0.101,0.216,0.000104,0.0806,0.536,169.99,1
19OXtYzrJyCrQvTbfukt4H,Madrid (feat. Myke Towers),"1r4hJ1h58CWwUQe3MxPuau,7iK8PXO48WeuP03g8YR51W","Maluma,Myke Towers",72,True,198569,0.764,0.741,-3.617,0.101,0.239,0.0,0.107,0.802,170.081,1
1FP9s72rDYty6mfoOEYKnE,All We Got (feat. KIDDO),"3t5xRXzsuZmMDkQzgOX35S,5pXe6yFchq1oyYK3rq2A8i","Robin Schulz,KIDDO",72,True,190218,0.504,0.76,-4.246,0.0426,0.286,0.0,0.151,0.64,183.933,1
4GUj9MfPPkjpZskxb45uiX,ANGELS & DEMONS,6Y64EaNqpqcZYTgs4c76gF,jxdn,72,True,160119,0.554,0.8,-3.936,0.0395,0.119,0.0,0.629,0.463,115.056,0
4slSrbTK1sNK4I1mDYEthf,Rover (feat. DTG),"71jSVPQ6yskfyvWeiwvT5s,6kZWqUZqptyxb8Ki5DyBAg","S1mba,DTG",72,True,167916,0.613,0.624,-6.66,0.206,0.496,0.0,0.283,0.804,62.948,1
0fIffclhgJC5h8AdMMVvkp,Welcome To The Party,0eDvMgVFoNV3TpwtrVCoTj,Pop Smoke,72,True,214960,0.637,0.723,-5.547,0.091,0.0134,7.87e-05,0.196,0.228,143.013,0
0FktnzDqjClqU6iqOZVEs2,BYE ME FUI,4q3ewBCX7sLwd24euuV69X,Bad Bunny,72,True,178000,0.712,0.599,-6.342,0.112,0.412,2.15e-05,0.103,0.588,179.788,0
5m5aY6S9ttfIG157xli2Rs,Alô Ambev (Segue Sua Vida) - Ao Vivo,487N2T9nIPEHrlTZLL3SQs,Zé Neto & Cristiano,72,False,169593,0.695,0.872,-3.65,0.0868,0.334,0.0,0.954,0.646,121.843,0
0Z0kNthq0sS4lvGz9SSlBF,7 Summers,4oUHIQIBe0LHzYfvXNW4QM,Morgan Wallen,72,False,210506,0.625,0.775,-5.199,0.0248,0.431,5.23e-05,0.12,0.588,101.961,0
1r1fPuhj9H4VdXr7OK6FL5,CASTLE OF GLASS,6XyY86QOPPrYVGvF9ch6wz,Linkin Park,72,False,205400,0.615,0.911,-3.584,0.0278,0.0686,0.00188,0.0908,0.685,108.0,0
24NuEDgyRIljwSyY0lsr7b,Black Swan,3Nrfpe0tUJi4K4DXYWgMUX,BTS,72,False,198260,0.719,0.758,-5.167,0.0851,0.137,0.0,0.129,0.49,147.023,0
3hbTkJ0yFzHbawnKyhvTQj,Sálvame,"7cjh6y0V9SsyCrWSXTzwOs,0TeVa4xdLB8vdzjsvKH6Ri,6kaefrHSdAvxhhCVDFTCEL,6ModsWtBph2rE6zCTVxvZt,0aMqt2uGLuHj4eI8oXgVzN,5O8cudluftNZ6PCwRzvYxo,0veZkZPeWoJQ9gt6VAXlkN","RBD,Anahí,Dulce María,Maite Perroni,Christian Chávez,Christopher von Uckermann,Alfonso Herrera",72,False,224973,0.473,0.657,-6.278,0.024,0.0454,2.41e-06,0.068,0.294,74.996,1
4Q3N4Ct4zCuIHuZ65E3BD4,Tunnel Vision,46SHBwWsqBkxI7EeeBEQG7,Kodak Black,72,True,268186,0.497,0.489,-7.724,0.294,0.0576,9.91e-05,0.122,0.231,171.853,0
0Snbzbd74RLfL0i4nn1vU5,Favorito,28gNT5KBp7IjEOQoevXf9N,Camilo,72,False,211613,0.611,0.851,-2.982,0.0598,0.229,0.0,0.232,0.823,178.032,0
2AlYncTpVHKwHb55F9lF6O,Deep End Freestyle,"6EPlBSH2RSiettczlz7ihV,6trIghKwHRUyxwvm66HLHH","Sleepy Hallow,Fousheé",72,True,115200,0.868,0.479,-6.687,0.445,0.703,0.0,0.102,0.776,133.928,1
6Ed1q0X8oSKSm4IIhiQbYg,Daylight,"3MZsBdqDrRTJihTHQrO6Dq,5fMUXHkw8R8eOP2RNVYEZX","Joji,Diplo",72,True,163905,0.528,0.749,-7.571,0.0479,0.00488,9.6e-05,0.0949,0.729,163.944,1
2LsbizbOeNa4x6qsi2jAMb,La flaca,5B6H1Dq77AV1LZWrbNsuH5,Jarabe De Palo,72,False,261200,0.871,0.481,-9.068,0.0383,0.52,5.54e-05,0.0809,0.664,103.063,0
1Vej0qeQ3ioKwpI6FUbRv1,Papercut,6XyY86QOPPrYVGvF9ch6wz,Linkin Park,72,False,184866,0.524,0.939,-3.994,0.113,0.00022,0.0,0.623,0.661,150.184,0
2Xqd0wUttjueBfdcltADOv,No Limit,"02kJSzxNuaWGqwubyUba0Z,13ubrt8QOOCPljQ2FL1Kca,4kYSro6naA4h99UJvo89HB","G-Eazy,A$AP Rocky,Cardi B",72,True,245386,0.838,0.771,-3.791,0.244,0.0117,0.0,0.0853,0.405,175.957,1
40KuvsFD0zpUFuCcmt5Xm0,Ex Bitch,15UsOTVnJzReFVN1VCnxy4,XXXTENTACION,72,True,121671,0.835,0.462,-6.227,0.155,0.513,0.0,0.0875,0.702,78.99,0
3qmvK8QARSPkFTuKeIXSbs,Bleed It Out,6XyY86QOPPrYVGvF9ch6wz,Linkin Park,72,True,166373,0.542,0.932,-4.896,0.05,0.0747,0.0,0.613,0.698,140.135,0
57BrRMwf9LrcmuOsyGilwr,Crawling,6XyY86QOPPrYVGvF9ch6wz,Linkin Park,72,False,208960,0.58,0.702,-5.565,0.0337,0.0466,3.2e-06,0.536,0.299,105.076,0
0SGkqnVQo9KPytSri1H6cF,Bounce Back,0c173mlxpT3dSFRgMO8XPh,Big Sean,72,True,222360,0.78,0.575,-5.628,0.139,0.106,0.0,0.129,0.273,81.502,0
0VTfHLWzaUUb2Lbw84xOdX,Walk Em Down (feat. Roddy Ricch),"0ErzCpIMyLcjPiwT4elrtZ,757aE44tKEUQEqRuT6GnEB","NLE Choppa,Roddy Ricch",71,True,173288,0.867,0.744,-5.171,0.227,0.268,0.0,0.0713,0.645,84.005,1
4F7A0DXBrmUAkp32uenhZt,Party Monster,1Xyo4u8uXC1ZmMpatF05PJ,The Weeknd,71,True,249213,0.573,0.63,-8.389,0.105,0.189,2.31e-05,0.259,0.218,77.525,0
4AlihYDqxXshKhvh5tnMfP,00:00 (Zero O’Clock),3Nrfpe0tUJi4K4DXYWgMUX,BTS,71,False,250295,0.566,0.548,-6.456,0.0579,0.0802,0.0,0.11,0.196,157.999,0
10hMM5nsZQf66ldBlgWBfG,All For Us - from the HBO Original Series Euphoria,"2feDdbD5araYcm6JhFHHw7,6sCbFbEjbYepqswM1vWjjs","Labrinth,Zendaya",71,False,192986,0.348,0.652,-7.145,0.0931,0.0165,0.000264,0.33,0.172,70.956,1
205HNJ73cgpC0LAOnuQiWT,Bande organisée,"5RaQ9nmVGoTye2SI76x3yw,0oeiA5U9u1U45Gos5cywUU,2IoSLl3tqYMq9DzR0d6NJN,3IW7ScrzXmPvZhB27hmfgy,2kXKa3aAFngGz2P4GjG5w2,6W5uA6CNMf3hd2j4a2XWCx,7FXX45sHqoQoCwqtG0ZV8H,6zrOXBaNn0DqJeXxgC2eyH,19u3RGWKsjmbg9eI6zAiNp","Kofs,Soso Maness,Elams,Jul,SCH,Naps,Solda,Houari,13 Organisé",71,True,356346,0.901,0.939,-2.762,0.274,0.117,0.0,0.0643,0.805,142.948,1
2uu2aGqA2UblCg581Q7l1g,Caramelo - Remix,"1i8SpTcr7yvPOmcqrbnVXY,790FomKkXshlbRYZFtlgla,7iK8PXO48WeuP03g8YR51W","Ozuna,KAROL G,Myke Towers",71,False,233160,0.754,0.796,-3.743,0.139,0.062,8.6e-05,0.204,0.62,168.045,1
22An65gG31JLf9n18qjdhZ,BAD!,15UsOTVnJzReFVN1VCnxy4,XXXTENTACION,71,False,94245,0.78,0.492,-3.4,0.0671,0.0643,0.0313,0.174,0.374,143.983,0
3op7HNwLli54MBjFGzIlZO,Louder than bombs,3Nrfpe0tUJi4K4DXYWgMUX,BTS,71,False,217404,0.643,0.667,-6.993,0.152,0.0433,0.0,0.0904,0.485,145.999,0
1XRgIKC5TPwo7nWGyKqgG0,I Get the Bag (feat. Migos),"13y7CgLHjMVRMDqxdx0Xdo,6oMuImdp5ZcFhWP0ESe6mG","Gucci Mane,Migos",71,True,233087,0.89,0.633,-5.475,0.168,0.0232,0.000343,0.0993,0.425,139.948,1
1xfXXujIlLZAx5wpu46Nyk,Moon,3Nrfpe0tUJi4K4DXYWgMUX,BTS,71,False,208589,0.703,0.646,-6.658,0.0596,0.0104,0.0,0.191,0.64,141.87,0
0CLnkxpa3M4eA3HeGaERat,Gorgeous,06HL4z0CvFAxyc27GXpf02,Taylor Swift,71,False,209680,0.794,0.537,-6.865,0.169,0.079,4.98e-06,0.227,0.418,92.022,0
0qJeyYAgv6UpvewUxRXAhb,Rags2Riches 2 (feat. Lil Baby),"45TgXXqMDdF8BkjA83OM7z,5f7VJjfbwm532GiveGC0ZK","Rod Wave,Lil Baby",71,True,235987,0.874,0.443,-9.628,0.241,0.147,0.0,0.124,0.298,118.004,1
7kt9e9LFSpN1zQtYEl19o1,this is me trying,06HL4z0CvFAxyc27GXpf02,Taylor Swift,71,False,195097,0.515,0.476,-9.843,0.0328,0.314,4.74e-05,0.171,0.412,135.886,0
4v094LQ9eF10k2O2Te2ngK,Too Much To Ask,1Hsdzj7Dlq2I7tHP7501T4,Niall Horan,71,True,223043,0.519,0.554,-6.412,0.0385,0.381,0.0,0.115,0.194,153.676,0
5ovVcYo2MvjVydFwFyaaqy,I Should Probably Go To Bed,7z5WFjZAIYejWy0NI5lv4T,Dan + Shay,71,False,171826,0.721,0.277,-7.128,0.0365,0.634,0.0,0.112,0.309,131.935,0
2xmrfQpmS2iJExTlklLoAL,I Miss You (feat. Julia Michaels),"6MDME20pz9RveH9rEXvrOM,0ZED1XzwlLHW4ZaG4lOT6m","Clean Bandit,Julia Michaels",71,False,205986,0.638,0.658,-6.318,0.0456,0.245,3.77e-06,0.0919,0.33,105.076,1
67XyC1GdSkKb9sbRRkUDXS,Shotta Flow (Feat. Blueface) [Remix],"0ErzCpIMyLcjPiwT4elrtZ,3Fl1V19tmjt57oBdxXKAjJ","NLE Choppa,Blueface",71,True,176631,0.894,0.511,-4.768,0.42,0.0251,0.0,0.14,0.568,120.08,1
1EWkw4Fa6IlnsAihLUlFFM,WRONG (feat. Lil Mosey),"2tIP7SsRs7vjIcLrU85W8J,5zctI4wO9XSKS8XwcnqEHk","The Kid LAROI,Lil Mosey",71,True,183567,0.389,0.768,-4.765,0.256,0.038,0.0,0.119,0.334,90.146,1
0UvCh63URrLFcPkKt99hHd,Don't Look Back In Anger - Remastered,2DaxqgrOhkeH0fpeiQq2f4,Oasis,71,False,289560,0.327,0.938,-3.237,0.0645,0.0708,3.79e-06,0.148,0.326,162.937,0
6EpRaXYhGOB3fj4V2uDkMJ,Strip That Down (feat. Quavo),"5pUo3fmmHT8bhCyHE52hA6,0VRj0yCOv2FXJNP47XQnx5","Liam Payne,Quavo",71,False,202061,0.869,0.485,-5.595,0.0545,0.246,0.0,0.0765,0.527,106.028,1
0RFFFGtPn6a58RHY3ccVYX,Si Tu Novio Te Deja Sola,"1vyhD5VmyZ7KMfW5gqLgo5,4q3ewBCX7sLwd24euuV69X","J Balvin,Bad Bunny",71,True,243560,0.716,0.461,-9.455,0.0614,0.545,0.0,0.102,0.535,121.99,1
693iqPOQvhI7PobtR8CC8v,Bonita,"1vyhD5VmyZ7KMfW5gqLgo5,4IMAo2UQchVFyPH24PAjUs","J Balvin,Jowell & Randy",71,False,265746,0.782,0.868,-1.715,0.04,0.0106,0.00252,0.29,0.884,96.042,1
7ge7BHazYbVKi8qyZUX1Bm,Emotionally Scarred,5f7VJjfbwm532GiveGC0ZK,Lil Baby,71,True,197529,0.585,0.641,-4.269,0.133,0.0286,0.0,0.316,0.266,88.284,0
6VsvKPJ4xjVNKpI8VVZ3SV,invisible string,06HL4z0CvFAxyc27GXpf02,Taylor Swift,71,False,252880,0.653,0.452,-11.143,0.055,0.838,7.73e-05,0.108,0.45,83.433,0
3e0ZGE7Gp034iLknjQk4QW,Can I,3TVXtAsR1Inumwj472S9r4,Drake,71,True,189289,0.643,0.178,-8.56,0.0588,0.484,0.0108,0.122,0.0674,85.042,0
1LiN0Z98FkR1t0m8KmLcAH,Amanece,"2R21vXR83lH98kGeO99Y66,77iZVjeYoYSl5P0K9mIiUE","Anuel AA,Haze",71,False,190004,0.79,0.631,-5.549,0.0425,0.437,0.0,0.158,0.889,94.039,1
1aKuG1GG76xPLUkjBbQo3W,UGH!,3Nrfpe0tUJi4K4DXYWgMUX,BTS,71,False,225012,0.72,0.824,-5.086,0.128,0.0394,0.0,0.0509,0.333,165.998,0
645YBsxhFPSOKxGep3uHLv,Love Maze,3Nrfpe0tUJi4K4DXYWgMUX,BTS,71,False,221529,0.636,0.876,-4.652,0.0617,0.0487,0.0,0.0728,0.759,149.932,0
6xZ4Q2k2ompmDppyeESIY8,Level of Concern,3YQKmKGau1PzlVlkL1iodx,Twenty One Pilots,71,False,220051,0.754,0.583,-7.34,0.0432,0.32,0.00015,0.144,0.77,122.012,0
4bEcoz1OcfMgUbp2ft8ieQ,911 / Mr. Lonely (feat. Frank Ocean & Steve Lacy),"4V8LLVI7PbaPR0K2TGSxFF,2h93pZq0e7k5yf4dywlkpM,57vWImR43h4CaDao012Ofp","Tyler, The Creator,Frank Ocean,Steve Lacy",71,True,255653,0.48,0.61,-7.042,0.305,0.0456,0.0,0.313,0.297,90.034,1
5EId1m4DNwTf3at31w8bPJ,El Farsante,1i8SpTcr7yvPOmcqrbnVXY,Ozuna,71,False,233826,0.735,0.703,-4.249,0.0611,0.2,0.0,0.259,0.323,120.007,0
6tZ3b7ik1QDXFAZlXib0YZ,Kevin’s Heart,6l3HvQ5sa6mXTsMTB19rO5,J. Cole,71,True,200309,0.829,0.527,-6.644,0.367,0.482,0.0,0.631,0.475,116.079,0
4lzxJ4jCuFDXXGkE1LmpKR,Verte Ir,"64aJYyrXljOodnUG6jvhRD,2T1aUibqR2QC2sINIDQOAK,2R21vXR83lH98kGeO99Y66,1SupJlEpv7RS2tPNRaHViT,1TtXnWcUs0FCkaZDPGYHdf,00XhexlJEXQstHimpZN910","DJ Luian,Mambo Kingz,Anuel AA,Nicky Jam,Darell,Brytiago",71,False,267500,0.857,0.647,-4.152,0.0984,0.391,1.2e-06,0.0842,0.553,95.982,1
5WNYg3usc6H8N3MBEp4zVk,Boredom (feat. Rex Orange County & Anna of the North),"4V8LLVI7PbaPR0K2TGSxFF,7pbDxGE6nQSZVfiFdq9lOL,1mSJCvDX0W7Dn7S9C6vmvI","Tyler, The Creator,Rex Orange County,Anna of the North",71,True,320720,0.559,0.578,-9.54,0.151,0.79,0.000522,0.324,0.239,79.938,1
10Igtw8bSDyyFs7KIsKngZ,Freaky Friday (feat. Chris Brown),"1tqhsYv8yBBdwANFNzHtcr,7bXgB6jMjp9ATFy66eO08Z","Lil Dicky,Chris Brown",71,True,216631,0.755,0.599,-5.042,0.224,0.147,0.0,0.109,0.755,133.123,1
6fWa5CRgy0z30OeGZyMBvD,Heart On Ice,45TgXXqMDdF8BkjA83OM7z,Rod Wave,71,True,159669,0.733,0.389,-8.468,0.0738,0.0513,0.0,0.141,0.244,157.878,0
6AzKhCHOms83jvNVLsz0Bt,Djadja (feat. Maluma) - Remix,"7IlRNXHjoOCgEAWN5qYksg,1r4hJ1h58CWwUQe3MxPuau","Aya Nakamura,Maluma",71,False,166850,0.791,0.682,-7.328,0.158,0.175,0.0,0.0926,0.672,98.031,1
5QZKcQDp0tCcvMdyqEciBV,Tommy Lee (feat. Post Malone),"1MXZ0hsGic96dWRDKwAwdr,246dkjvS1zLTtiykXe5h60","Tyla Yaweh,Post Malone",71,True,224638,0.457,0.621,-5.923,0.138,0.218,0.0,0.0944,0.634,85.359,1
4mxWSdf71VFO52qFeY0fZt,What Lovers Do (feat. SZA),"04gDigrS5kc9YWfZHwBETP,7tYKF4w9nC0nq9CsPZTHyP","Maroon 5,SZA",71,False,199849,0.795,0.608,-5.222,0.0694,0.0767,2.92e-06,0.0853,0.386,110.001,1
0UQwlF2pRkr1lMN6kNNUj3,La Boca,"2wkoKEfS6dXwThbyTnZWFU,28gNT5KBp7IjEOQoevXf9N","Mau y Ricky,Camilo",71,False,206279,0.618,0.795,-1.8,0.113,0.0655,0.0,0.309,0.76,185.901,1
6v0lAdFF4haL8xjBIUjtOw,Te Robaré,"1SupJlEpv7RS2tPNRaHViT,1i8SpTcr7yvPOmcqrbnVXY","Nicky Jam,Ozuna",71,False,201818,0.673,0.752,-3.572,0.0561,0.241,4.51e-05,0.0813,0.797,175.997,1
7rvyVWja33WG9R97oeJAjx,Envy Me,0HkcYmcjrBR3SCw9Ld5VZk,Calboy,71,True,120133,0.74,0.488,-7.664,0.27,0.234,0.0,0.241,0.584,149.042,0
0r9d60ZYPAlFHq8qnUtkXN,Madura (feat. Bad Bunny),"00me4Ke1LsvMxt5kydlMyU,4q3ewBCX7sLwd24euuV69X","Cosculluela,Bad Bunny",71,False,190909,0.878,0.555,-7.639,0.202,0.138,1.34e-06,0.151,0.751,88.029,1
4CNcRgjGw1v9VQaTaytdnD,Tell Me U Luv Me (with Trippie Redd),"4MCBfE4596Uoi2O4DtmEMz,6Xgp2XMz1fhVYe7i6yNAax","Juice WRLD,Trippie Redd",71,True,180129,0.609,0.757,-5.605,0.119,0.299,0.0,0.63,0.379,128.022,1
5Gj1wG8b12VQdEd3hUuSwo,Freedom,"23fqKkggKUBHNkbKtXEls4,6Gk5hoM7eW8NSCYhICMDHw","Kygo,Zak Abel",71,False,198635,0.715,0.635,-6.591,0.0791,0.127,0.0,0.0862,0.39,112.887,1
7rTzrRdc5UbvLr0gwI1J3E,Out Of Love (feat. Internet Money),"4Ga1P7PMIsmqEZqhYZQgDo,6MPCFvOQv5cIGfw3jODMF0","Lil Tecca,Internet Money",71,True,153626,0.732,0.654,-6.136,0.045,0.102,0.0,0.215,0.369,138.049,1
2H3wWrnO758y0fPH7Ilerg,Depression & Obsession,15UsOTVnJzReFVN1VCnxy4,XXXTENTACION,71,True,144733,0.769,0.156,-10.7,0.035,0.585,0.015,0.102,0.527,105.95,0
3eJMSq78dDaFb7VvhNFnq6,ADMV,1r4hJ1h58CWwUQe3MxPuau,Maluma,71,False,193699,0.565,0.39,-4.959,0.0556,0.817,0.0,0.126,0.708,163.781,0
5H4mXWKcicuLKDn4Jy0sK7,Time Flies,3TVXtAsR1Inumwj472S9r4,Drake,71,True,192931,0.864,0.477,-5.786,0.224,0.201,0.0,0.182,0.5,86.46,0
0ERbK7qVqveCaBWIiYCrl3,Bella y Sensual,"5lwmRuXgjX8xIwlnauTZIP,4VMYDCV2IEDYJArk749S6m,1SupJlEpv7RS2tPNRaHViT","Romeo Santos,Daddy Yankee,Nicky Jam",71,False,204700,0.635,0.713,-6.909,0.0937,0.228,0.0,0.0506,0.749,179.864,1
4vaxvNDaLSoD36iZX515ug,Betrayed,3EXdLajEO02ziZ90P90bSW,Lil Xan,71,True,187173,0.821,0.434,-9.194,0.118,0.434,0.0,0.128,0.241,120.012,0
4f8Mh5wuWHOsfXtzjrJB3t,I THINK,4V8LLVI7PbaPR0K2TGSxFF,"Tyler, The Creator",71,True,212013,0.826,0.579,-8.241,0.0801,0.00881,0.0,0.129,0.431,121.075,0
5PTG6rrL6EPFD9E2QMI2pl,JAPAN,0WOxhx4hikIsyF3CRPLC8W,Famous Dex,71,True,142000,0.733,0.678,-7.771,0.438,0.121,0.0,0.344,0.841,175.985,0
0jdny0dhgjUwoIp5GkqEaA,Praying,6LqNN22kT3074XbTVUrhzX,Kesha,71,False,230266,0.543,0.39,-7.202,0.0322,0.489,0.0,0.111,0.303,73.415,0
5XqCz18k96K8tx6DAYM97i,PA' ROMPERLA,"4q3ewBCX7sLwd24euuV69X,33ScadVnbm2X8kkUqOkC6Z","Bad Bunny,Don Omar",71,True,194200,0.772,0.83,-5.019,0.0599,0.016,0.0,0.0843,0.697,94.011,1
56f5qnyAlZdlz8wrUDA50h,Desconocidos,"2wkoKEfS6dXwThbyTnZWFU,0tmwSHipWxN12fsoLcFU3B,28gNT5KBp7IjEOQoevXf9N","Mau y Ricky,Manuel Turizo,Camilo",71,True,204563,0.719,0.753,-4.891,0.179,0.118,4.21e-06,0.212,0.675,174.107,1
6WbTTAGKrQtCQvmc5BuYfh,Girls in the Hood,181bsRPaVXVlUKXrxwZfHK,Megan Thee Stallion,71,True,154323,0.821,0.863,-3.159,0.353,0.00824,0.0,0.0377,0.874,180.013,0
2Jh3UqxnHJMyzMzku4uOtE,Feeling,4MCBfE4596Uoi2O4DtmEMz,Juice WRLD,71,True,201920,0.712,0.515,-6.004,0.0857,0.234,0.0,0.205,0.563,160.0,0
48XfojJC87VKLlUotYV0Gm,The Truth Untold,"3Nrfpe0tUJi4K4DXYWgMUX,77AiFEVeAVj2ORpC85QVJs","BTS,Steve Aoki",71,False,242292,0.57,0.422,-7.561,0.0422,0.372,0.0,0.127,0.169,113.007,1
1j6xOGusnyXq3l6IryKF3G,Déjala Que Vuelva (feat. Manuel Turizo),"4bw2Am3p9ji3mYsXNXtQcd,0tmwSHipWxN12fsoLcFU3B","Piso 21,Manuel Turizo",71,False,220116,0.681,0.788,-4.323,0.0785,0.0482,0.0,0.0753,0.839,170.019,1
6vWEAOUSxohKxhp0K1BsxL,Mixed Personalities (feat. Kanye West),"1cNDP5yjU5vjeR8qMf4grg,5K4W6rqBFWDnAN6FQUkS6x","YNW Melly,Kanye West",71,True,230400,0.661,0.44,-9.104,0.0803,0.457,0.0,0.128,0.352,149.937,1
0b9oOr2ZgvyQu88wzixux9,This Is America,73sIBHcqh3Z3NyqHKZ7FOL,Childish Gambino,71,True,225773,0.854,0.463,-6.159,0.137,0.117,0.0,0.354,0.549,120.024,0
2DGa7iaidT5s0qnINlwMjJ,The Spectre,7vk5e3vY1uw9plTHJAMwjN,Alan Walker,71,False,193787,0.654,0.711,-7.437,0.0383,0.0214,0.00191,0.0903,0.198,127.957,0
7pdF27mSDuPWhppnHAmWHa,whoa (mind in awe),15UsOTVnJzReFVN1VCnxy4,XXXTENTACION,71,False,157776,0.735,0.525,-2.939,0.0441,0.653,0.918,0.101,0.369,160.147,0
5lcIegmdblnWqT9nS9EhZj,Up Up And Away,4MCBfE4596Uoi2O4DtmEMz,Juice WRLD,71,True,147547,0.661,0.665,-6.356,0.053,0.538,0.0,0.0981,0.486,75.059,0
0rTV5WefWd1J3OwIheTzxM,Talk,"6LuN9FCkKOj5PcnpouEgny,6nS5roXSAGhTGr34W6n7Et","Khalid,Disclosure",71,False,197487,0.9,0.4,-8.443,0.124,0.0501,0.0,0.0876,0.338,136.001,1
7knLcYCOSaURD0d7HUULFM,COMO UN BEBÉ,"1vyhD5VmyZ7KMfW5gqLgo5,4q3ewBCX7sLwd24euuV69X,4TAoP0f9OuWZUesao43xUW","J Balvin,Bad Bunny,Mr Eazi",71,False,218826,0.825,0.807,-5.753,0.0949,0.0732,4.79e-06,0.138,0.816,103.053,1
1nYeVF5vIBxMxfPoL0SIWg,Hallucinate,6M2wZ9GZgrQXHCFfjv46we,Dua Lipa,71,False,208505,0.627,0.69,-5.396,0.139,0.033,0.0,0.0742,0.627,122.053,0
3L0IKstjUgDFVQAbQIRZRv,R.I.P.,699OTQXzgjhIYAHMy9RyPD,Playboi Carti,71,True,192026,0.725,0.725,-6.067,0.159,0.0119,0.0,0.086,0.515,140.003,0
5EgYDyMDCi8X0zDydTF7Rb,Heartbeat (BTS World Original Soundtrack),3Nrfpe0tUJi4K4DXYWgMUX,BTS,71,False,253303,0.437,0.716,-4.306,0.05,0.39,0.0,0.208,0.307,170.094,0
2zjGJ0dChMR0KxBZS15aqo,"Baguettes in the Face (feat. NAV, Playboi Carti & A Boogie Wit da Hoodie)","0YinUQ50QDB7ZxSCLyQ40k,7rkW85dBwwrJtlHRDkJDAC,699OTQXzgjhIYAHMy9RyPD,31W5EY0aAly4Qieq6OFu6I","Mustard,NAV,Playboi Carti,A Boogie Wit da Hoodie",71,True,174100,0.883,0.525,-8.054,0.0633,0.189,0.0,0.0971,0.312,99.978,1
2Eeur20xVqfUoM3Q7EFPFt,the last great american dynasty,06HL4z0CvFAxyc27GXpf02,Taylor Swift,71,True,230999,0.686,0.662,-8.505,0.0413,0.467,0.0023,0.109,0.706,147.922,0
4NqQaovM14WR2hNPMFxgjb,25/8,4q3ewBCX7sLwd24euuV69X,Bad Bunny,71,False,243275,0.761,0.732,-5.469,0.0549,0.092,0.0,0.0716,0.542,151.982,0
5kI4eCXXzyuIUXjQra0Cxi,betty,06HL4z0CvFAxyc27GXpf02,Taylor Swift,71,True,294521,0.593,0.377,-8.761,0.0253,0.6,0.0,0.0976,0.502,95.939,0
1HNywa8Bk0TmzRwQrzhtPo,I Guess I Just Feel Like,0hEurMDQu99nJRq8pTxO14,John Mayer,71,False,286386,0.546,0.477,-9.051,0.0273,0.559,0.0612,0.0911,0.16,160.0,0
4cIPLtg1avt2Jm3ne9S1zy,Killer Queen - Remastered 2011,1dfeR4HaWDbWqFHLkxsg1d,Queen,71,False,179600,0.535,0.651,-6.326,0.0544,0.391,0.0,0.133,0.612,117.218,0
0JoWBcL61YWLXM5vW0YTHO,Bad Energy,4MCBfE4596Uoi2O4DtmEMz,Juice WRLD,71,True,186749,0.654,0.452,-6.36,0.0439,0.17,0.0,0.114,0.532,138.034,0
5SE57ljOIUJ1ybL9U6CuBH,DNA,3Nrfpe0tUJi4K4DXYWgMUX,BTS,71,False,223122,0.598,0.775,-4.035,0.0545,0.022,0.0,0.0677,0.687,129.819,0
5UYK9MervBCROg8AHNeEIy,Hear Me Calling,4MCBfE4596Uoi2O4DtmEMz,Juice WRLD,71,True,189977,0.648,0.701,-3.546,0.186,0.417,9.9e-06,0.103,0.588,177.943,0
5dW1VZPcFqB4n0P08rGDgm,The Git Up,3yzRiNMZdTsSUgplcyYZ4i,Blanco Brown,71,False,200593,0.847,0.678,-8.635,0.109,0.0669,0.0,0.274,0.811,97.984,0
7BuHdm4lQqcyG3qTwdkxus,Aullando,"1wZtkThiXbVNtj6hee6dz9,5lwmRuXgjX8xIwlnauTZIP","Wisin & Yandel,Romeo Santos",71,False,226200,0.8,0.74,-4.52,0.0479,0.184,0.0,0.0558,0.775,90.035,1
5J1c3M4EldCfNxXwrwt8mT,Traicionera,07YUOmWljBTXwIseAUd9TW,Sebastian Yatra,71,False,229386,0.776,0.669,-4.933,0.0638,0.142,0.0,0.219,0.661,91.012,0
4EAV2cKiqKP5UPZmY6dejk,Everyday,"4xRYI6VqpkE3UwrDrAZL8L,64KEffDW9EtZ1y2vBYgq8T","Logic,Marshmello",71,True,204746,0.667,0.741,-4.099,0.0378,0.0425,0.0,0.0761,0.422,149.908,1
5kkaSMcf4BFlhRRICCKZb6,Something Special,0eDvMgVFoNV3TpwtrVCoTj,Pop Smoke,71,True,158466,0.739,0.616,-6.963,0.0338,0.252,1.93e-06,0.101,0.654,91.071,0
1WIZiOuNO3woKfdlSK2gNn,Transportin',46SHBwWsqBkxI7EeeBEQG7,Kodak Black,71,True,169344,0.804,0.66,-4.86,0.0726,0.0319,0.0,0.103,0.257,94.053,0
4mUIe9gfsdtsVP2zFIl74x,Maze,4MCBfE4596Uoi2O4DtmEMz,Juice WRLD,71,True,144090,0.674,0.726,-3.813,0.141,0.126,1.56e-06,0.115,0.443,160.067,0
6NMtzpDQBTOfJwMzgMX0zl,SKELETONS,0Y5tJX1MQlPlqiwlOH1tJY,Travis Scott,71,True,145588,0.46,0.686,-5.948,0.0367,0.00146,0.0,0.375,0.252,148.054,0
59PYPDxTbqJpiGfyogPb5h,Die For Me (feat. Future & Halsey),"246dkjvS1zLTtiykXe5h60,26VFTg2z8YR0cCuwLzESi2,1RyvyyTE3xzB2ZywiAwp0i","Post Malone,Halsey,Future",71,True,245266,0.614,0.66,-2.848,0.0441,0.19,0.0,0.211,0.452,145.01,1
2a1o6ZejUi8U3wzzOtCOYw,Danza Kuduro,"33ScadVnbm2X8kkUqOkC6Z,5bv5RplEOwdCvhq0EILh9E","Don Omar,Lucenzo",71,False,198786,0.4,0.915,-4.89,0.28,0.0846,0.0,0.0503,0.878,88.917,1
7krbSH3rd8lhIZvuzTV3Bl,Naked,4IWBUUAFIplrNtaOHcJPRM,James Arthur,71,False,234106,0.529,0.607,-6.781,0.0574,0.104,0.0,0.0631,0.238,101.966,0
67ACYA3UI6QMNtHX6b34wX,LA DROGA,4q3ewBCX7sLwd24euuV69X,Bad Bunny,71,True,162299,0.643,0.727,-5.506,0.0389,0.0439,0.0,0.123,0.295,90.019,0
50WeOnXhM1H7AZEeIDoWfZ,Show Yourself,"73Np75Wv2tju61Eo9Zw4IR,3MyB0MyKec3Jq0AH2llk7v","Idina Menzel,Evan Rachel Wood",71,False,260906,0.321,0.429,-7.073,0.0302,0.724,9.1e-05,0.0606,0.174,123.419,1
4keoy2fqgwGnbWlm3ZVZFa,Happy Now,"2qxJFvFYMEDqd7ui6kSAcq,67MNhiAICFY6Pwc2YxCO0K","Zedd,Elley Duhé",71,False,207029,0.503,0.741,-5.128,0.047,0.579,1.49e-06,0.0712,0.458,88.335,1
4eVkn18rN4GguUWOsR6Use,Answer : Love Myself,3Nrfpe0tUJi4K4DXYWgMUX,BTS,71,False,251279,0.569,0.793,-3.749,0.0405,0.189,0.0,0.111,0.45,108.048,0
4VgYtXCVJ7IbWAZ5ryfvEQ,Muévelo,"1SupJlEpv7RS2tPNRaHViT,4VMYDCV2IEDYJArk749S6m","Nicky Jam,Daddy Yankee",71,False,194892,0.594,0.808,-2.409,0.0489,0.415,1.39e-05,0.565,0.919,188.09,1
2u3EyuCqqV31woqGvO9LBz,Sum 2 Prove,5f7VJjfbwm532GiveGC0ZK,Lil Baby,71,True,205760,0.823,0.552,-7.57,0.324,0.0174,0.0,0.122,0.418,124.038,0
1ZPpGPko8oULTmi34rozMh,Trivia 轉 : Seesaw,3Nrfpe0tUJi4K4DXYWgMUX,BTS,71,False,246334,0.707,0.791,-4.481,0.035,0.181,0.0,0.102,0.678,106.985,0
3IkWmgGsXbsafrunwPojXO,From Now On,"5F1aoppMtU3OMiltO8ymJ2,63nv0hWWDob56Rk8GlNpN8","Hugh Jackman,The Greatest Showman Ensemble",71,False,349560,0.516,0.518,-10.383,0.04,0.00483,0.00895,0.585,0.0834,108.027,1
2ktxr00GpTtbMNeBjNeY8D,Who Needs Love,6Xgp2XMz1fhVYe7i6yNAax,Trippie Redd,71,True,158532,0.85,0.516,-7.664,0.0714,0.763,0.0,0.0896,0.874,108.963,0
07s9NNOT0sZQp7TyolLLgu,Own It (feat. Ed Sheeran & Burna Boy),"2SrSdSvpminqmStGELCSNd,3wcj11K77LjEY1PkEazffa,6eUKZXaKkcviH0Ku9w2n3V","Stormzy,Burna Boy,Ed Sheeran",71,False,216706,0.817,0.781,-4.178,0.112,0.00838,5.21e-06,0.123,0.359,104.0,1
5R2rsbwCDXORX2tLfprRmM,Yacht Club (feat. Juice WRLD),"6icQOAFXDZKsumw3YXyusw,4MCBfE4596Uoi2O4DtmEMz","Lil Yachty,Juice WRLD",71,True,166343,0.721,0.508,-7.496,0.394,0.317,0.0,0.153,0.457,159.911,1
3TTMUI5dFcbeNSDTTDY9M8,Come Thru (with Usher),"57LYzLEk2LcFghVwuWbcuS,23zg3TcAtWQy7J6upgbUnj","Summer Walker,Usher",71,True,181013,0.679,0.728,-3.092,0.154,0.159,0.0,0.107,0.46,152.001,1
3lG6OtGDsYAOALxEmubQQm,Happiness is a butterfly,00FQb4jTyendYWaN8pK0wa,Lana Del Rey,71,False,272485,0.467,0.119,-10.99,0.0401,0.969,1.4e-06,0.0973,0.156,70.499,0
0bcEHhsuLRDm712CQHomdm,Awful Things,"2kCcBybjl3SAtIcwdWpUe3,5g63iWaMJ2UrkZMkCC8dMi","Lil Peep,Lil Tracy",71,True,214426,0.368,0.796,-4.923,0.0823,0.0157,0.0,0.0694,0.181,170.033,1
2EzRdhuoPyNJDlep7lnNf2,Dembow,5H1nN1SzW0qNeUEZvuXjAj,Danny Ocean,71,False,215082,0.802,0.744,-5.968,0.078,0.0807,0.0,0.0917,0.45,99.983,0
6cjSh516BbrNUs213jDAGm,Graduation (with Juice WRLD),"5CiGnKThu5ctn9pBxv7DGa,4MCBfE4596Uoi2O4DtmEMz","benny blanco,Juice WRLD",71,True,177847,0.731,0.65,-5.286,0.271,0.107,0.0,0.124,0.605,154.968,1
5BK0uqwY9DNfZ630STAEaq,gold rush,06HL4z0CvFAxyc27GXpf02,Taylor Swift,71,True,185320,0.512,0.462,-10.491,0.0408,0.83,0.166,0.121,0.353,112.05,0
4JUPEh2DVSXFGExu4Uxevz,Ice Cream (with Selena Gomez),"41MozSoPIsD1dJM0CLPjZF,0C8ZW7ezQVs4URX5aX7Kqx","BLACKPINK,Selena Gomez",71,False,177813,0.79,0.701,-4.81,0.365,0.0317,8.06e-05,0.0311,0.91,159.972,1
1cL3ucXzG2hj3XOUPIWdvZ,Feelings,5JZ7CnR6gTvEMKX4g70Amv,Lauv,71,False,189906,0.694,0.466,-6.758,0.0384,0.0934,0.0,0.098,0.246,103.018,0
20MuVazoNMv6xjKPnRFOxG,WAKE UP,0Y5tJX1MQlPlqiwlOH1tJY,Travis Scott,71,True,231963,0.741,0.645,-5.116,0.0963,0.192,0.0,0.163,0.488,149.07,0
63USmok1OioBzKuWGW9wAg,Nunca Es Suficiente,"0ZCO8oVkMj897cKgFH7fRW,1hcdI2N1023RvSwLzTtdsp","Los Ángeles Azules,Natalia Lafourcade",71,False,266015,0.789,0.518,-5.417,0.0406,0.398,0.0,0.0891,0.78,94.001,1
4gmmRb6bZJffOOiww1JGTO,No Heart,"1URnnhqYAYcrqrcwql10ft,0iEtIxbK0KxaSlF7G42ZOp","21 Savage,Metro Boomin",71,True,235040,0.906,0.444,-8.692,0.384,0.136,6.44e-05,0.173,0.678,140.063,1
2x0WlnmfG39ZuDmstl9xfX,End Game,"06HL4z0CvFAxyc27GXpf02,6eUKZXaKkcviH0Ku9w2n3V,1RyvyyTE3xzB2ZywiAwp0i","Taylor Swift,Ed Sheeran,Future",71,False,244826,0.649,0.589,-6.237,0.0558,0.00845,0.0,0.108,0.151,159.073,1
22Sh5dlwbERqJAq1fZk5b2,De Cora <3,"1mcTU81TzQhprhouKaTkpq,1vyhD5VmyZ7KMfW5gqLgo5","Rauw Alejandro,J Balvin",71,True,190100,0.811,0.683,-2.028,0.241,0.46,4.75e-05,0.128,0.571,176.037,1
12Fkyg9lpmaz2zmKOfw2Y2,On The Road (feat. Meek Mill & Lil Baby),"246dkjvS1zLTtiykXe5h60,20sxb77xiYeusSH8cVdatc,5f7VJjfbwm532GiveGC0ZK","Post Malone,Meek Mill,Lil Baby",71,True,218320,0.442,0.737,-5.046,0.109,0.0589,0.0,0.102,0.21,112.93,1
6stYbAJgTszHAHZMPxWWCY,Ay Mi Dios,"0b2GL7Y02vu50qieoQmw1w,0TnOYISbd1XYRBk9myaseg,0eHQ9o50hj6ZDNBt6Ys1sD,1xFn1xod58AGaSZjrxdiXA","IAmChino,Pitbull,Yandel,El Chacal",71,False,252003,0.761,0.829,-3.203,0.0681,0.167,0.0,0.189,0.813,92.033,1
5IhzJOXNE7ki0IIJbZbnGq,Canyon Moon,6KImCVD70vtIoJWnq6nGn3,Harry Styles,71,False,189786,0.603,0.621,-7.14,0.0267,0.328,3.49e-05,0.119,0.7,94.022,0
7nKBxz47S9SD79N086fuhn,SUBEME LA RADIO (feat. Descemer Bueno & Zion & Lennox),"7qG3b048QCHVRO5Pv1T5lw,5luyt0SUvGkDMY4ILP6Qhl,21451j1KhjAiaYKflxBjr1","Enrique Iglesias,Descemer Bueno,Zion & Lennox",71,False,207680,0.688,0.822,-3.304,0.0537,0.0642,0.0,0.241,0.66,91.011,1
4sWuPniHClkInYAnzXAYUF,Camelot,0ErzCpIMyLcjPiwT4elrtZ,NLE Choppa,71,True,148759,0.787,0.713,-5.252,0.401,0.0849,0.0,0.717,0.761,175.046,0
6r3baE6njwU4aoJq6zPukG,Love Someone,25u4wHJWxCA9vO0CzxAbK7,Lukas Graham,71,False,205440,0.661,0.412,-6.585,0.0409,0.173,0.0,0.113,0.299,85.932,0
4Z5FyQlevoHoa5FsIVKZju,PRACTICE,4r63FhuTkUYltbVAg5TQnk,DaBaby,71,True,122586,0.849,0.536,-7.307,0.349,0.0239,0.0,0.126,0.308,141.964,0
03eJ2DclFWXYU8GWgANdmZ,bad vibes forever,"15UsOTVnJzReFVN1VCnxy4,21WS9wngs9AqFckK7yYJPM,6Xgp2XMz1fhVYe7i6yNAax","XXXTENTACION,PnB Rock,Trippie Redd",71,True,150475,0.8,0.526,-5.153,0.0716,0.334,0.00174,0.0571,0.746,129.874,1
22nyEAEM29tcBRhukR089b,Icon,0xOeVMOz2fVg5BJY3N6akT,Jaden,71,True,220995,0.786,0.82,-5.093,0.232,0.222,0.0,0.575,0.49,119.982,0
1jo3TwNGCXfNdB5uba3ZVv,Killshot,7dGJo4pcD2V6oG8kP0tJRR,Eminem,71,True,253579,0.893,0.651,-8.647,0.367,0.0995,0.0,0.371,0.6,105.835,0
6Juv5N0dNU1imms9c9u1dA,Papi Chulo,"5zfEatKLDdRkgbw6sdLBAQ,2p1fiYHYiXz9qi0JJyxBzN","Octavian,Skepta",71,True,161667,0.866,0.563,-6.964,0.108,0.185,0.0,0.0889,0.307,127.954,1
3MEruRteiUZXkStfTlZqRn,Back to the Streets (feat. Jhené Aiko),"6cK3NBO6uP7hh0oyuVELFl,5ZS223C6JyBfXasXxrRqOk","Saweetie,Jhené Aiko",71,True,189496,0.865,0.792,-4.207,0.0677,0.168,1.46e-05,0.107,0.562,101.985,1
6KuqAtoeVzxAYOaMveLNpH,Dura,4VMYDCV2IEDYJArk749S6m,Daddy Yankee,71,False,200480,0.783,0.84,-3.416,0.051,0.174,0.0,0.412,0.839,95.001,0
4ntsD33Pgsgk8rUyZLLiUV,DEVASTATED,2P5sC9cVZDToPxyomzF1UH,Joey Bada$$,71,True,207058,0.812,0.628,-6.164,0.0682,0.0634,0.0,0.254,0.485,123.004,0
0AG2l0IboWNSwjUkMr2Aq7,Be My Mistake,3mIj9lX2MWuHmhNCA7LSCW,The 1975,71,False,256688,0.572,0.155,-14.405,0.0344,0.835,0.000137,0.0906,0.0949,109.923,0
20ZAJdsKB5IGbGj4ilRt2o,Dile Que Tu Me Quieres,1i8SpTcr7yvPOmcqrbnVXY,Ozuna,71,False,226520,0.721,0.687,-6.682,0.0782,0.0998,0.0,0.0679,0.825,175.914,0
14sOS5L36385FJ3OL8hew4,Happy Now,"23fqKkggKUBHNkbKtXEls4,5JYo7gm2dkyLLlWHjxS7Dy","Kygo,Sandro Cavazza",71,False,211362,0.693,0.575,-6.998,0.0801,0.374,0.0,0.252,0.492,117.999,1
4okba5wu9mMLXx79DXLKi3,La Rompe Corazones,"4VMYDCV2IEDYJArk749S6m,1i8SpTcr7yvPOmcqrbnVXY","Daddy Yankee,Ozuna",71,False,204520,0.685,0.859,-2.595,0.0553,0.116,0.0,0.317,0.891,176.018,1
7e1VoRlNumuEkXlITMHKLE,Me Gusta (with Cardi B & Myke Towers),"7FNnA9vBm6EKceENgCGRMb,7iK8PXO48WeuP03g8YR51W,4kYSro6naA4h99UJvo89HB","Anitta,Myke Towers,Cardi B",71,False,180788,0.91,0.604,-4.392,0.082,0.448,0.0,0.0863,0.807,110.075,1
3sGcETRMuAgcPgjDpIkgMn,777-666,5nP8x4uEFjAAmDzwOEc9b8,Matuê,71,True,164000,0.544,0.802,-4.534,0.326,0.0534,0.0,0.139,0.322,179.924,0
43rA71bccXFGD4C8GOpIlN,I Forgot That You Existed,06HL4z0CvFAxyc27GXpf02,Taylor Swift,71,False,170640,0.664,0.316,-10.345,0.519,0.298,2.03e-06,0.0812,0.541,92.875,0
5oI9blwsXC8AkTWw6wASY8,Máquina do Tempo,5nP8x4uEFjAAmDzwOEc9b8,Matuê,71,True,230400,0.629,0.727,-4.387,0.0499,0.0647,0.0,0.138,0.132,149.978,0
39NDBdU5Xkm5pCFGa5kZtI,Ladders,4LLpKhyESsyAXpc4laK94U,Mac Miller,71,True,287040,0.802,0.463,-8.379,0.162,0.236,0.00531,0.105,0.291,103.961,0
20dP2DaMHIAmwWAbp7peSr,pick up the phone,"50co4Is1HCEo8bhOyUWKpn,0Y5tJX1MQlPlqiwlOH1tJY","Young Thug,Travis Scott",71,True,252256,0.711,0.739,-3.804,0.129,0.114,0.0,0.226,0.43,136.919,1
1h2xVEoJORqrg71HocgqXd,Superstition - Single Version,7guDJrEfX3qb6FEbdPA5qi,Stevie Wonder,71,False,245493,0.633,0.634,-12.115,0.0725,0.038,0.0064,0.0385,0.872,100.499,0
222B3aljXx6fFwKmFjuBED,Woman Like Me (feat. Nicki Minaj),"3e7awlrlDSwF3iM0WBjGMp,0hCNtLu0JehylgoiP8L4Gh","Little Mix,Nicki Minaj",71,True,229720,0.754,0.854,-3.449,0.0608,0.177,0.0,0.0808,0.8,75.002,1
4YJUTdZ0Pgl0ZeNyHYXeLd,Love Of My Life - Remastered 2011,1dfeR4HaWDbWqFHLkxsg1d,Queen,71,False,217386,0.329,0.179,-11.589,0.0299,0.933,5.04e-06,0.115,0.255,154.175,0
33bURv895AN4FkBvgFo2dx,Woman,6KImCVD70vtIoJWnq6nGn3,Harry Styles,71,False,278800,0.624,0.647,-4.68,0.0335,0.0169,0.0038,0.221,0.379,136.022,0
3Hb9kUdm4yf839Fle4RIdT,Parado no Bailão,"0lHB0Qc4pmD5RkTLlHeESo,6fOyYqdh6p0ZWLs9zUDoyt","MC L da Vinte,MC Gury",71,False,171692,0.828,0.599,-1.624,0.149,0.381,0.0,0.0775,0.478,86.533,1
44ADyYoY5liaRa3EOAl4uf,Slide Away,5YGY8feqx7naU7z4HrwZM6,Miley Cyrus,71,False,233654,0.53,0.538,-6.672,0.0335,0.17,2.83e-06,0.248,0.288,148.051,0
1VJwtWR6z7SpZRwipI12be,Candy,5cj0lLjcoR7YOSnhnX0Po5,Doja Cat,71,True,190920,0.689,0.516,-5.857,0.0444,0.513,0.0,0.163,0.209,124.876,0
658I1uDnmLSiltFCf98AWE,RIP Roach,"15UsOTVnJzReFVN1VCnxy4,2rhFzFmezpnW82MNqEKVry","XXXTENTACION,Ski Mask The Slump God",71,True,169978,0.727,0.62,-6.443,0.306,0.398,0.0,0.0926,0.555,105.003,1
4ve2uzqdwnHr20G5YgMMqr,Missin You Crazy,1z7b1Pr1rSlvWRzsW3HOrS,Russ,71,True,226693,0.716,0.729,-6.313,0.117,0.0991,0.0,0.0842,0.276,131.975,0
3k0YJnqMKRZb8swo86vCkq,drunk face,6TIYQ3jFPwQSRmorSezPxX,Machine Gun Kelly,71,True,143900,0.691,0.77,-4.578,0.0367,0.0282,0.0,0.497,0.344,90.024,0
6RyaV7owmVU6fzEPE17sF1,Que Tire Pa Lante,4VMYDCV2IEDYJArk749S6m,Daddy Yankee,71,False,210520,0.658,0.901,-2.814,0.0357,0.0478,0.0,0.12,0.708,93.979,0
3eMsgWDRq5dKl5SBTYGv2J,Higher,7dGJo4pcD2V6oG8kP0tJRR,Eminem,71,True,222036,0.733,0.82,-4.758,0.218,0.0143,0.0,0.674,0.525,148.0,0
51rXHuKN8Loc4sUlKPODgH,"King's Dead (with Kendrick Lamar, Future & James Blake)","28ExwzUQsvgJooOI0X1mr3,2YZyLoL8N0Wb9xBt1NhZWg,1RyvyyTE3xzB2ZywiAwp0i,53KwLdlmrlCelAZMaLVZqU","Jay Rock,Kendrick Lamar,Future,James Blake",71,True,229670,0.645,0.705,-5.008,0.299,0.000813,0.0,0.128,0.376,137.133,1
4ut5G4rgB1ClpMTMfjoIuy,High On Life (feat. Bonn),"60d24wfXkVzDSfLS6hyCjZ,7Io0XduXk7aOHFHA7sLru2","Martin Garrix,Bonn",71,False,230761,0.414,0.486,-6.431,0.0311,0.0129,0.0,0.111,0.368,128.038,1
71iAechwVKGu26pahzFL0k,Cuando Nadie Ve,5C4PDR4LnhZTbVnKWXuDKD,Morat,71,False,219586,0.806,0.778,-4.577,0.0616,0.133,0.0,0.218,0.84,95.993,0
4CzhtKifG867Lu5DNQVBSA,Vamp Anthem,699OTQXzgjhIYAHMy9RyPD,Playboi Carti,71,True,124093,0.642,0.69,-5.101,0.261,0.00599,1.3e-06,0.322,0.641,164.075,0
0Jh6iWjna1wk5le0Ahn7No,La vie qu'on mène,6Te49r3A6f5BiIgBRxH7FH,Ninho,70,False,193443,0.8,0.756,-4.4,0.0367,0.687,2.06e-06,0.111,0.456,113.204,0
3xXBsjrbG1xQIm1xv1cKOt,One More Light,6XyY86QOPPrYVGvF9ch6wz,Linkin Park,70,False,255066,0.593,0.2,-11.063,0.0311,0.904,0.0,0.0897,0.17,83.966,0
6R6ZoHTypt5lt68MWbzZXv,Sour Candy (with BLACKPINK),"1HY2Jd0NmPuamShAr6KMms,41MozSoPIsD1dJM0CLPjZF","Lady Gaga,BLACKPINK",70,False,157706,0.752,0.87,-3.812,0.0623,0.0604,1.12e-05,0.489,0.784,120.006,1
6DNtNfH8hXkqOX1sjqmI7p,Cold Water (feat. Justin Bieber & MØ),"738wLrAtLtCtFOLvQBXOXp,1uNFoZAHBGtllmzznpCI3s,0bdfiayQAKewqEvaU6rXCv","Major Lazer,Justin Bieber,MØ",70,False,185351,0.608,0.798,-5.092,0.0432,0.0736,0.0,0.156,0.501,92.943,1
1e4rwBPVI32vZtTJu7mJ4J,Chun-Li,0hCNtLu0JehylgoiP8L4Gh,Nicki Minaj,70,True,191600,0.686,0.73,-5.077,0.374,0.278,4.76e-05,0.106,0.474,128.943,0
2OALaHcDdKkjYEpAr0Qzab,Lonely Together (feat. Rita Ora),"1vCWHaC5f2uS3yhpwWbIA6,5CCwRZC6euC8Odo6y9X8jr","Avicii,Rita Ora",70,False,181812,0.655,0.666,-5.309,0.0612,0.134,2.12e-05,0.0683,0.272,102.977,1
6p8NuHm8uCGnn2Dtbtf7zE,Slippery (feat. Gucci Mane),"6oMuImdp5ZcFhWP0ESe6mG,13y7CgLHjMVRMDqxdx0Xdo","Migos,Gucci Mane",70,True,304041,0.92,0.674,-5.662,0.264,0.307,0.0,0.104,0.741,141.967,1
7GLWWrk1YlkPYqJK3ynIA0,Lance Individual,1elUiq4X7pxej6FRlrEzjM,Jorge & Mateus,70,False,164458,0.752,0.62,-5.536,0.0509,0.309,0.0,0.075,0.962,117.399,0
08hm0V6cTsWDX62hW42sEv,Sick Boy,69GGBxA162lTqCwzJG5jLp,The Chainsmokers,70,False,193200,0.548,0.58,-7.524,0.121,0.104,0.0,0.127,0.462,180.066,0
2ijef6ni2amuunRoKTlgww,Sin Pijama,"4obzFoKoKRHIphyHzJ35G3,1GDbiv3spRmZ1XdM1jQbT7","Becky G,Natti Natasha",70,False,188560,0.791,0.745,-3.695,0.0464,0.354,2.93e-05,0.104,0.82,94.014,1
5bmSver2b3ZXyuyLKtgnFI,BAD CON NICKY,"4q3ewBCX7sLwd24euuV69X,1SupJlEpv7RS2tPNRaHViT","Bad Bunny,Nicky Jam",70,True,202240,0.59,0.729,-4.95,0.0893,0.321,0.0,0.659,0.712,93.094,1
23XjN1s3DZC8Q9ZwuorYY4,TE DESEO LO MEJOR,4q3ewBCX7sLwd24euuV69X,Bad Bunny,70,True,139576,0.763,0.597,-5.054,0.0416,0.158,1.83e-05,0.111,0.194,126.054,0
0eeKDrQxjqNl5bX5VCHDcn,PAM,"14zUHaJZo1mnYtn6IBRaRP,4VMYDCV2IEDYJArk749S6m,2oQX8QiMXOyuqbcZEFsZfm","Justin Quiles,Daddy Yankee,El Alfa",70,True,201000,0.889,0.863,-3.011,0.0757,0.289,0.000603,0.0798,0.776,112.953,1
2r77vqSZkOktTSgmAOoHsV,Chica Paranormal,3vQ0GE3mI0dAaxIMYe5g7z,Paulo Londra,70,False,221083,0.84,0.596,-4.319,0.0918,0.216,0.0,0.0897,0.71,139.937,0
0pSBuHjILhNEo55xK1zrRt,Rolex,27mFvqQj8KpjmdKIqcw1mG,Ayo & Teo,70,False,238586,0.804,0.886,-2.512,0.04,0.0837,0.0,0.266,0.789,144.946,0
5nexAvWNhwg51EavnDgViy,Toxic,0cGUm45nv7Z6M6qdXYQGTX,Kehlani,70,True,168182,0.653,0.453,-5.395,0.0351,0.307,0.00101,0.113,0.0405,111.737,0
2XXMDz7SPZ4mSFN1PXfHUy,Cuando Te Besé,"4obzFoKoKRHIphyHzJ35G3,3vQ0GE3mI0dAaxIMYe5g7z","Becky G,Paulo Londra",70,False,254383,0.772,0.732,-3.713,0.213,0.307,5.14e-06,0.106,0.295,100.048,1
3omvXShuRPM3zbDpWYqf5g,MORE & MORE,7n2Ycct7Beij7Dj7meI4X0,TWICE,70,False,199653,0.739,0.841,-4.162,0.06,0.0312,0.0,0.173,0.562,106.99,0
2pJZ1v8HezrAoZ0Fhzby92,What Do I Know?,6eUKZXaKkcviH0Ku9w2n3V,Ed Sheeran,70,False,237333,0.838,0.492,-5.69,0.038,0.251,0.0,0.262,0.895,115.092,0
6mtjo5kIHKlboGE84lf1FJ,Need It,"6oMuImdp5ZcFhWP0ESe6mG,7wlFDEWiM5OoIAt8RSli8b","Migos,YoungBoy Never Broke Again",70,True,195680,0.852,0.745,-3.667,0.171,0.0313,0.0,0.0824,0.897,148.007,1
7rC5Pl8rQSX4myONQHYPBK,Mob Ties,3TVXtAsR1Inumwj472S9r4,Drake,70,True,205146,0.754,0.575,-8.393,0.0682,0.045,0.00131,0.276,0.491,86.009,0
4aOOExMBUyxKnEYb39SrTg,Riot,15UsOTVnJzReFVN1VCnxy4,XXXTENTACION,70,True,78680,0.509,0.542,-8.027,0.442,0.019,0.00639,0.23,0.151,97.767,0
0SJ7vFES0Lj6pnumh3DhCe,People,5RmQ8k4l3HZ8JoPb4mNsML,Agust D,70,False,197000,0.76,0.682,-6.441,0.0371,0.0616,0.0,0.118,0.372,120.008,0
3qN5qMTKyEEmiTZD38BNTT,I'm Upset,3TVXtAsR1Inumwj472S9r4,Drake,70,True,214466,0.899,0.586,-7.866,0.343,0.279,0.0,0.0836,0.492,150.002,0
0aCTSZQTlmnjQucALTF00s,Tak Tiki Tak,0NnUMWDCDi1snuMja6IdxH,Harry Nach,70,True,212406,0.802,0.579,-4.78,0.0869,0.335,0.000311,0.173,0.234,99.992,0
6zegtH6XXd2PDPLvy1Y0n2,Don’t Call Me Angel (Charlie’s Angels) (with Miley Cyrus & Lana Del Rey),"66CXWjxzNUsdJxJ2JdwvnR,5YGY8feqx7naU7z4HrwZM6,00FQb4jTyendYWaN8pK0wa","Ariana Grande,Miley Cyrus,Lana Del Rey",70,False,190066,0.644,0.755,-5.325,0.0448,0.00237,7.64e-06,0.0859,0.334,102.861,1
6vnfObZ4Ys70SBAtti1xZ9,COFFEE BEAN,0Y5tJX1MQlPlqiwlOH1tJY,Travis Scott,70,True,209115,0.81,0.582,-5.098,0.125,0.0862,0.00681,0.207,0.503,95.004,0
6JdS5rJvJaRA7B1tcm7kxZ,Dionysus,3Nrfpe0tUJi4K4DXYWgMUX,BTS,70,False,249215,0.502,0.91,-2.769,0.107,0.04,0.0,0.319,0.588,176.084,0
0tjZv2hChdHZCW1zFXpy1J,HOY COBRÉ,4q3ewBCX7sLwd24euuV69X,Bad Bunny,70,True,162151,0.86,0.725,-6.7,0.249,0.0464,9.1e-05,0.0994,0.375,145.001,0
6cS9PmLky2NhLOhpIsUlow,Gnat,7dGJo4pcD2V6oG8kP0tJRR,Eminem,70,True,224656,0.835,0.869,-4.582,0.27,0.248,0.0,0.462,0.82,140.945,0
4Yf5bqU3NK4kNOypcrLYwU,Faint,6XyY86QOPPrYVGvF9ch6wz,Linkin Park,70,False,162600,0.554,0.978,-3.554,0.131,0.111,0.0,0.0731,0.594,135.095,0
5p7GiBZNL1afJJDUrOA6C8,Hurt Feelings,4LLpKhyESsyAXpc4laK94U,Mac Miller,70,True,245640,0.69,0.462,-8.054,0.13,0.343,0.00218,0.113,0.325,157.655,0
7KlTFTpy7dXLzr2NtLkvG6,Not Today,3Nrfpe0tUJi4K4DXYWgMUX,BTS,70,False,231859,0.594,0.946,-3.408,0.126,0.00181,1.04e-06,0.923,0.665,110.024,0
7zxRMhXxJMQCeDDg0rKAVo,Some Way,"7rkW85dBwwrJtlHRDkJDAC,1Xyo4u8uXC1ZmMpatF05PJ","NAV,The Weeknd",70,True,179773,0.744,0.715,-6.103,0.351,0.101,0.0,0.0919,0.34,154.962,1
5GXAXm5YOmYT0kL5jHvYBt,I Feel It Coming,"1Xyo4u8uXC1ZmMpatF05PJ,4tZwfgrHOc3mvqYlEYSvVi","The Weeknd,Daft Punk",70,False,269186,0.773,0.819,-5.946,0.118,0.426,0.0,0.0679,0.585,92.99,1
2dgrYdgguVZKeCsrVb9XEs,What's the Use?,4LLpKhyESsyAXpc4laK94U,Mac Miller,70,True,288640,0.759,0.492,-10.338,0.12,0.736,0.00989,0.107,0.561,104.974,0
49dFIRQCQxPWgoH0m38XQ5,Summer Feelings (feat. Charlie Puth) - From 'SCOOB!' The Album,"1cZQSpDsxgKIX2yW5OR9Ot,6VuMaDnrHyPL1p4EHjYLi7","Lennon Stella,Charlie Puth",70,False,160289,0.696,0.686,-6.113,0.0309,0.262,0.0,0.174,0.7,115.982,1
0xG0SHshCStMEyNbNC5d4k,Issues,0ZED1XzwlLHW4ZaG4lOT6m,Julia Michaels,70,False,176320,0.67,0.415,-6.855,0.0786,0.39,0.0,0.0617,0.445,114.212,0
4P6IttK2PRBjyr3fm0pP7t,Past Life (with Selena Gomez),"7uaIm6Pw7xplS8Dy06V6pT,0C8ZW7ezQVs4URX5aX7Kqx","Trevor Daniel,Selena Gomez",70,False,186480,0.612,0.539,-5.071,0.0488,0.104,0.0,0.18,0.294,79.948,1
6G8kHiVZ1jW7vHMPVRNZU0,Don’t Matter To Me (with Michael Jackson),"3TVXtAsR1Inumwj472S9r4,3fMbdgg4jU18AjLCKBhRSm","Drake,Michael Jackson",70,False,245786,0.822,0.318,-12.391,0.0575,0.493,0.0128,0.11,0.138,102.998,1
3VClLWqNn80Llv0PJOsKgr,Báilame - Remix,"2ayNSoKPCRAfjp6hQ76hRu,0eHQ9o50hj6ZDNBt6Ys1sD,4q3ewBCX7sLwd24euuV69X,2T1aUibqR2QC2sINIDQOAK,64aJYyrXljOodnUG6jvhRD","Nacho,Yandel,Bad Bunny,Mambo Kingz,DJ Luian",70,False,217093,0.791,0.866,-4.236,0.0497,0.248,5.29e-06,0.0696,0.71,96.011,1
2xbI8Vmyv3TkpTdywpPyNw,Selfish,21WS9wngs9AqFckK7yYJPM,PnB Rock,70,True,245604,0.638,0.6,-5.84,0.0438,0.114,0.0,0.187,0.0399,101.981,0
6eiztdXRkooWsBt2xToMWI,Make Believe,4MCBfE4596Uoi2O4DtmEMz,Juice WRLD,70,True,142025,0.465,0.84,-4.35,0.0722,0.125,0.0,0.138,0.672,83.981,0
0At2qAoaVjIwWNAqrscXli,Boo'd Up,7HkdQ0gt53LP4zmHsL0nap,Ella Mai,70,False,256063,0.561,0.779,-5.107,0.0531,0.0862,0.0,0.078,0.235,81.965,0
1AqemxWsT0iGg5Lvkm16Bt,Fukk Sleep (feat. FKA twigs),"13ubrt8QOOCPljQ2FL1Kca,6nB0iY1cjSY1KyhYyuIIKH","A$AP Rocky,FKA twigs",70,True,192973,0.798,0.412,-9.305,0.36,0.443,7.43e-05,0.219,0.304,135.959,1
00ETaeHUQ6lops3oWU1Wrt,Hot Stuff,"23fqKkggKUBHNkbKtXEls4,2eogQKWWoohI3BSnoG7E2U","Kygo,Donna Summer",70,False,199007,0.681,0.773,-5.749,0.148,0.019,1.28e-06,0.11,0.429,119.961,1
7MHN1aCFtLXjownGhvEQlF,Una Lady Como Tú,0tmwSHipWxN12fsoLcFU3B,Manuel Turizo,70,False,213026,0.788,0.477,-7.348,0.0434,0.549,0.0,0.349,0.86,94.983,0
7uH27oIt4a6cIFCA8ZPcyG,Baila Baila Baila,1i8SpTcr7yvPOmcqrbnVXY,Ozuna,70,False,158760,0.816,0.754,-2.75,0.111,0.0361,0.0,0.217,0.533,99.966,0
22oEJW6r2rMb9z4IntfyEa,"Hey Look Ma, I Made It",20JZFwl6HVl6yg8a4H3ZqK,Panic! At The Disco,70,False,169666,0.577,0.833,-3.337,0.0695,0.0137,0.0,0.121,0.58,107.936,0
2mYDDUkBcgFNBqkWctyyuc,Overdue (with Travis Scott),"0iEtIxbK0KxaSlF7G42ZOp,0Y5tJX1MQlPlqiwlOH1tJY","Metro Boomin,Travis Scott",70,True,166093,0.638,0.4,-11.212,0.0425,0.733,0.000133,0.334,0.495,150.133,1
3jlxX3VXPiY3lvBBbppQD3,TELL ME WHY,2tIP7SsRs7vjIcLrU85W8J,The Kid LAROI,70,True,195268,0.6,0.723,-4.928,0.158,0.109,0.0,0.167,0.463,149.881,0
39oeKRgsLeynDIbWuXyA47,CAN'T GET OVER YOU (feat. Clams Casino),"3MZsBdqDrRTJihTHQrO6Dq,5vSQUyT33qxr1xAX2Tkf3A","Joji,Clams Casino",70,False,107076,0.9,0.316,-8.797,0.332,0.684,0.0771,0.0853,0.844,129.914,1
5cepAtqnEQ6yVG6088zMMu,Corazón (feat. Nego do Borel),"1r4hJ1h58CWwUQe3MxPuau,1B0Rp4SWGnFgGCPU5Pju6E","Maluma,Nego do Borel",70,False,184720,0.722,0.738,-6.073,0.247,0.328,1.47e-05,0.198,0.748,198.075,1
4CvId64YZSB0RfRdfzPIQU,So What,3Nrfpe0tUJi4K4DXYWgMUX,BTS,70,False,281520,0.656,0.883,-4.294,0.0737,0.0238,0.0,0.0481,0.46,129.947,0
5i7ThJfYLAzp2DyZuFpF6j,Heart Of Glass (Live from the iHeart Festival),5YGY8feqx7naU7z4HrwZM6,Miley Cyrus,70,False,213671,0.58,0.908,-5.303,0.0341,0.000335,4.84e-05,0.087,0.427,115.016,0
2LskIZrCeLxRvCiGP8gxlh,Arms Around You (feat. Maluma & Swae Lee),"15UsOTVnJzReFVN1VCnxy4,3wyVrVrFCkukjdVIdirGVY,1zNqQNIdeOUZHb8zbZRFMX,1r4hJ1h58CWwUQe3MxPuau","XXXTENTACION,Lil Pump,Swae Lee,Maluma",70,True,198902,0.703,0.723,-5.45,0.0412,0.0302,2.06e-06,0.126,0.288,104.969,1
3L19besdNQzd342qL78xqm,Demons and Angels (feat. Juice WRLD),"31W5EY0aAly4Qieq6OFu6I,4MCBfE4596Uoi2O4DtmEMz","A Boogie Wit da Hoodie,Juice WRLD",70,True,214592,0.81,0.55,-7.46,0.17,0.0114,5.69e-06,0.107,0.183,76.503,1
5rFj8OzffT0iggSjcBaeND,"Fire On Fire - From ""Watership Down""",2wY79sveU1sp5g7SokKOiI,Sam Smith,70,False,246735,0.584,0.407,-7.356,0.046,0.476,0.0,0.18,0.341,115.124,0
5aXgz1oKK8Q9z9xvTmSnrO,Topanga,6Xgp2XMz1fhVYe7i6yNAax,Trippie Redd,70,True,215364,0.755,0.615,-8.245,0.0454,0.00587,1.75e-06,0.109,0.039,105.955,0
3u1S1OmAUhx5DRlLrXqyp3,Rise,"1HBjj22wzbscIZ9sEb5dyf,1INuLZXjjVbcJRyWvD1iSq","Jonas Blue,Jack & Jack",70,False,194407,0.69,0.784,-4.653,0.032,0.323,0.0,0.203,0.669,106.066,1
1SJtlNRJDeYHioymcvsqev,Crying in the Club,4nDoRrQiYLoBzwC5BhVJzF,Camila Cabello,70,False,216391,0.334,0.617,-5.834,0.383,0.334,0.0,0.163,0.603,85.227,0
6C6mUonH6MNdSg5pw7kOc9,Ayer Me Llamó Mi Ex (feat. Lenny Santos),"4m6ubhNsdwF4psNf3R8kwR,4bODqflR0Wo3i3fCwwCIPq","KHEA,Lenny Santos",70,True,206760,0.752,0.716,-5.2,0.0325,0.254,0.0,0.243,0.553,117.007,1
58AGoOGbwsQMhBbH0eFLRR,Over Now (with The Weeknd),"7CajNmpbOovFoOoasH2HaY,1Xyo4u8uXC1ZmMpatF05PJ","Calvin Harris,The Weeknd",70,True,210795,0.612,0.884,-4.113,0.0454,0.0759,0.00132,0.247,0.679,178.043,1
1KVczjazCcCCgM3gXXUl47,Roses (with Juice WRLD feat. Brendon Urie),"5CiGnKThu5ctn9pBxv7DGa,4MCBfE4596Uoi2O4DtmEMz,6eYFryfcEu3QSq59D62wZQ","benny blanco,Juice WRLD,Brendon Urie",70,True,223542,0.612,0.601,-7.089,0.164,0.168,0.0,0.117,0.525,147.018,1
2rFsFjq0D9JAmc0APpCO6P,Blastoff (feat. Juice Wrld & Trippie Redd),"6MPCFvOQv5cIGfw3jODMF0,6Xgp2XMz1fhVYe7i6yNAax,5fMUXHkw8R8eOP2RNVYEZX,4MCBfE4596Uoi2O4DtmEMz","Internet Money,Trippie Redd,Diplo,Juice WRLD",70,True,174729,0.761,0.517,-6.916,0.0927,0.114,0.0,0.157,0.46,147.912,1
3TgMcrV32NUKjEG2ujn9eh,It's Not Living (If It's Not With You),3mIj9lX2MWuHmhNCA7LSCW,The 1975,70,False,248335,0.618,0.837,-5.338,0.0304,0.000254,0.000378,0.0618,0.526,121.227,0
456xBIOmLRoLzCvCzZrWge,Safari,"1vyhD5VmyZ7KMfW5gqLgo5,2RdwBSPQiwcmiDo9kixcl8,6veh5zbFpm31XsPdjBgPER,4nkGTHzKGUsL7WjpaKLEDm","J Balvin,Pharrell Williams,BIA,Sky",70,False,205600,0.689,0.675,-4.281,0.32,0.531,3.17e-06,0.115,0.604,180.065,1
2V4Fx72svQRxrFvNT1eq5f,THE BADDEST,"4gOc8TsQed9eqnqJct2c5v,2AfmfGFbe0A0WsTYm0SDTx,7qd6KGoABHifvXKeFNe2Yb,1o2NpYGqHiCq7FoiYdyd1x,47mIJdHORyRerp4os813jD","K/DA,(G)I-DLE,Wolftyla,Bea Miller,League of Legends",70,False,162600,0.676,0.857,-4.368,0.0438,0.0215,0.0,0.254,0.717,149.981,1
5Lbsc65org0b85kNsPkluY,Only Angel,6KImCVD70vtIoJWnq6nGn3,Harry Styles,70,False,291080,0.554,0.842,-4.113,0.0397,0.287,0.0,0.106,0.348,114.036,0
0todbbT9g5uQGbeFCiBf2F,imagine,66CXWjxzNUsdJxJ2JdwvnR,Ariana Grande,70,True,212266,0.714,0.474,-4.993,0.039,0.374,0.0,0.106,0.376,62.484,0
6akBF8JWM8lrpqejdwIfYI,16 Lines,2kCcBybjl3SAtIcwdWpUe3,Lil Peep,70,True,244906,0.607,0.45,-8.507,0.0338,0.0663,1.12e-05,0.107,0.121,105.992,0
5YOkA7qd2983FtBQnP8sYx,Solo de Mi,4q3ewBCX7sLwd24euuV69X,Bad Bunny,70,True,197967,0.743,0.73,-4.314,0.125,0.287,8.1e-05,0.0778,0.15,179.972,0
2HbKqm4o0w5wEeEFXm2sD4,Money Trees,"2YZyLoL8N0Wb9xBt1NhZWg,28ExwzUQsvgJooOI0X1mr3","Kendrick Lamar,Jay Rock",70,True,386906,0.716,0.531,-7.355,0.122,0.0703,0.0,0.224,0.344,71.994,1
22ryCgQttpV7oCrn7llGRu,Magic Shop,3Nrfpe0tUJi4K4DXYWgMUX,BTS,70,False,275695,0.541,0.661,-5.838,0.0889,0.103,0.0,0.0779,0.285,149.926,0
7iKDsPfLT0d5mu2htfMKBZ,Love To Hate Me,41MozSoPIsD1dJM0CLPjZF,BLACKPINK,70,False,171797,0.686,0.64,-5.491,0.159,0.0334,0.0,0.0801,0.597,162.225,0
01dmH2IPkrLNWIMPNXlreE,Paradise,3Nrfpe0tUJi4K4DXYWgMUX,BTS,70,False,211223,0.519,0.828,-5.523,0.365,0.214,0.0,0.0571,0.929,139.413,0
0XLOf9LhyazPX9Ld8jPiUq,Fetish (feat. Gucci Mane),"0C8ZW7ezQVs4URX5aX7Kqx,13y7CgLHjMVRMDqxdx0Xdo","Selena Gomez,Gucci Mane",70,False,186112,0.708,0.61,-4.522,0.0574,0.0204,4.45e-06,0.0641,0.305,123.038,1
6DuHcOuuGWXNvF3uocsrBa,Can't Die,4MCBfE4596Uoi2O4DtmEMz,Juice WRLD,70,True,182922,0.652,0.671,-5.89,0.0756,0.0222,0.0,0.107,0.274,84.008,0
5Fim1gaXBgsiFfsQAfQSDS,Hasta el Amanecer,1SupJlEpv7RS2tPNRaHViT,Nicky Jam,70,False,198706,0.832,0.608,-6.042,0.0385,0.282,0.0,0.0761,0.589,94.013,0
6wWaVoUOzLQJHd3bWAUpdZ,"Never Recover (Lil Baby & Gunna, Drake)","5f7VJjfbwm532GiveGC0ZK,2hlmm7s2ICUX0LVIhVFlZQ,3TVXtAsR1Inumwj472S9r4","Lil Baby,Gunna,Drake",70,True,194732,0.753,0.686,-5.415,0.284,0.0677,0.0,0.193,0.886,132.055,1
1QoG0Yqz1onMsdbOibZVke,Titanic,4MCBfE4596Uoi2O4DtmEMz,Juice WRLD,70,True,176649,0.568,0.545,-6.668,0.0447,0.168,0.0,0.112,0.234,174.144,0
68r3esIMdWpIeZqWZQDnfY,Burnin' Up,7gOdHgIoIKoe4i9Tta6qdD,Jonas Brothers,70,False,175093,0.665,0.948,-3.387,0.0881,0.0258,0.0,0.378,0.841,114.012,0
1EaKU4dMbesXXd3BrLCtYG,ELEMENT.,2YZyLoL8N0Wb9xBt1NhZWg,Kendrick Lamar,70,True,208733,0.748,0.705,-4.547,0.485,0.204,0.0,0.246,0.483,189.891,0
0XinBYhf1X3kdvKQHOX971,Tú Me Dejaste De Querer,"5TYxZTjIPqKM8K8NuP9woO,5IbUz6BcOu6IVY512oxavP,7xtnpHS34mLlxGZDVUBHSU","C. Tangana,Niño de Elche,La Húngara",70,False,198499,0.812,0.747,-4.611,0.15,0.31,0.00412,0.1,0.488,168.025,1
6c1QaQHdDhtFMfUkhueuXK,Monster,6bwp9ObI8FWvMPCIWVBmhl,Red Velvet - IRENE & SEULGI,70,False,178413,0.631,0.748,-2.569,0.0488,0.212,0.0,0.537,0.351,115.665,0
1hg3RlqFZXJb5YgRoK9qmF,Gangstas,0eDvMgVFoNV3TpwtrVCoTj,Pop Smoke,70,True,160000,0.548,0.506,-7.434,0.102,0.203,0.0001,0.0788,0.557,119.987,0
6YZdkObH88npeKrrkb8Ggf,DUELE EL CORAZON (feat. Wisin),"7qG3b048QCHVRO5Pv1T5lw,3E6xrwgnVfYCrCs0ePERDz","Enrique Iglesias,Wisin",70,False,199693,0.716,0.908,-3.254,0.103,0.0858,0.0,0.135,0.869,91.03,1
7xHWNBFm6ObGEQPaUxHuKO,The Greatest (feat. Kendrick Lamar),"5WUlDfRSoLAfcVSX1WnrxN,2YZyLoL8N0Wb9xBt1NhZWg","Sia,Kendrick Lamar",70,False,210226,0.668,0.725,-6.127,0.266,0.0102,0.000479,0.0561,0.729,191.944,1
514rhnksEwHUh6LxXsQ4Y9,Back To You,0C8ZW7ezQVs4URX5aX7Kqx,Selena Gomez,70,False,210240,0.6,0.683,-6.271,0.0493,0.0984,1.26e-06,0.11,0.494,102.036,0
73ipE4lfZ53pvBbJPXkiEK,seoul (prod. HONNE),2auC28zjQyVTsiZKNgPRGs,RM,70,False,275954,0.587,0.664,-8.63,0.0645,0.344,2.47e-05,0.324,0.453,99.8,0
2NmsngXHeC1GQ9wWrzhOMf,illicit affairs,06HL4z0CvFAxyc27GXpf02,Taylor Swift,70,False,190898,0.559,0.31,-10.445,0.0338,0.881,0.0,0.106,0.46,119.845,0
0ZNU020wNYvgW84iljPkPP,mirrorball,06HL4z0CvFAxyc27GXpf02,Taylor Swift,70,False,208977,0.553,0.413,-10.037,0.0334,0.687,2.33e-06,0.0594,0.379,110.107,0
4JaLkM90MJutDAl5jD9BZX,No Control,4AK6F7OLvEQ5QYCBNiQWHq,One Direction,70,False,199720,0.558,0.916,-3.145,0.0839,0.0278,0.0,0.0296,0.85,142.984,0
4FYbo4yQzu3hGkj2Ix4ucW,Funny,"2qxJFvFYMEDqd7ui6kSAcq,2TL8gYTNgD6nXkyuUdDrMg","Zedd,Jasmine Thompson",70,False,221465,0.664,0.66,-4.646,0.0243,0.512,0.0,0.26,0.355,99.946,1
6I6NX6tjGsxFAsIfGzY9lJ,Deja Vu,6l3HvQ5sa6mXTsMTB19rO5,J. Cole,70,True,264746,0.657,0.421,-11.378,0.412,0.352,0.000218,0.187,0.181,174.063,0
590bUp2TKTfTS9NfiD4Nmn,Finesse,3TVXtAsR1Inumwj472S9r4,Drake,70,False,182080,0.807,0.321,-8.147,0.0571,0.132,0.000289,0.1,0.305,94.994,0
4T652DlATVHe0jdLKaN3Bw,in my head,66CXWjxzNUsdJxJ2JdwvnR,Ariana Grande,70,True,222946,0.662,0.6,-6.402,0.0703,0.173,0.000137,0.109,0.331,134.979,0
51lPx6ZCSalL2kvSrDUyJc,You're Gonna Live Forever in Me,0hEurMDQu99nJRq8pTxO14,John Mayer,70,False,190013,0.542,0.131,-14.104,0.0316,0.983,0.00544,0.156,0.319,136.161,0
7iNIg7XDEaYECfWD5dJ9Va,Friends (with BloodPop®),"1uNFoZAHBGtllmzznpCI3s,1okJ4NC308qbtY9LyHn6DO","Justin Bieber,BloodPop®",70,False,189466,0.743,0.735,-5.337,0.0382,0.00389,0.0,0.304,0.631,104.979,1
3mQ6SLdxxaL52Yte7KF2Ks,Morado,1vyhD5VmyZ7KMfW5gqLgo5,J Balvin,70,False,200666,0.881,0.696,-3.838,0.0797,0.137,4.13e-05,0.0927,0.781,97.002,0
1GeNui6m825V8jP4uKiIaH,Bad Bad Bad (feat. Lil Baby),"50co4Is1HCEo8bhOyUWKpn,5f7VJjfbwm532GiveGC0ZK","Young Thug,Lil Baby",70,True,149040,0.974,0.596,-8.888,0.184,0.0976,0.0,0.151,0.892,111.959,1
665AK0ovB11McZRwfa852G,Astronomia,"0daugAjUgbJSqdlyYNwIbT,2jpQ0ywffgVHhZFQNWaWYW","Vicetone,Tony Igy",70,False,198095,0.653,0.945,-2.634,0.096,0.00561,0.915,0.439,0.325,126.093,1
7J2gyNghNTzl4EsLhXp01Q,infinity (888) - feat. Joey Bada$$,"15UsOTVnJzReFVN1VCnxy4,2P5sC9cVZDToPxyomzF1UH","XXXTENTACION,Joey Bada$$",70,True,176590,0.562,0.579,-6.788,0.484,0.274,0.0,0.102,0.577,84.143,1
4tNXntkAzQ5A2dfYRYGIIQ,Easier,5Rl15oVamLq7FbSb0NNBNy,5 Seconds of Summer,70,False,158098,0.505,0.428,-5.604,0.221,0.489,0.0,0.0977,0.618,175.813,0
5u6vkDnOyaf8LsteDAj2ub,Ghostface Killers,"1URnnhqYAYcrqrcwql10ft,4DdkRBBYG6Yk9Ka8tdJ9BW,0iEtIxbK0KxaSlF7G42ZOp,0Y5tJX1MQlPlqiwlOH1tJY","21 Savage,Offset,Metro Boomin,Travis Scott",70,True,268933,0.782,0.436,-7.033,0.155,0.331,1.3e-05,0.342,0.243,82.994,1
380HmhwTE2NJgawn1NwkXi,Rojo,1vyhD5VmyZ7KMfW5gqLgo5,J Balvin,70,False,150720,0.663,0.598,-4.042,0.17,0.193,8.02e-05,0.0856,0.4,172.245,0
2QD7DklEvkqncYacmhMukq,Call It What You Want,06HL4z0CvFAxyc27GXpf02,Taylor Swift,70,False,203506,0.598,0.504,-9.874,0.0731,0.186,0.000221,0.34,0.252,163.954,0
3bSrpGWHrMlwZ0TdBMXv1p,Inner Child,3Nrfpe0tUJi4K4DXYWgMUX,BTS,70,False,233265,0.589,0.696,-7.981,0.0725,0.017,0.0,0.0808,0.332,134.953,0
5N1o6d8zGcSZSeMFkOUQOk,Hot Girl Summer (feat. Nicki Minaj & Ty Dolla $ign),"181bsRPaVXVlUKXrxwZfHK,7c0XG5cIJTrrAgEC3ULPiq,0hCNtLu0JehylgoiP8L4Gh","Megan Thee Stallion,Ty Dolla $ign,Nicki Minaj",70,True,199427,0.872,0.814,-4.568,0.155,0.00485,1.96e-06,0.214,0.57,98.985,1
4fndbjoz1qJyK6JcLdKfzm,Stir Fry,6oMuImdp5ZcFhWP0ESe6mG,Migos,70,True,190288,0.813,0.808,-5.541,0.286,0.00693,0.0,0.133,0.547,181.993,0
59s0s39NFWScuHDbHytI14,Indeciso,"0vR2qb8m9WHeZ5ByCbimq2,1vyhD5VmyZ7KMfW5gqLgo5,1GAymyGBvB4gQy5Z5LZ1Wj","Reik,J Balvin,Lalo Ebratt",70,False,217253,0.738,0.748,-4.902,0.0453,0.182,0.0,0.11,0.896,94.949,1
6V9fHiv84WlVTg7CSnIVY2,Graveyard,26VFTg2z8YR0cCuwLzESi2,Halsey,70,False,181805,0.667,0.583,-5.127,0.0747,0.231,4.48e-05,0.181,0.187,92.043,0
4SDgTLDYrJ2UrHbkRkg7MD,Panini - DaBaby Remix,"7jVv8c5Fj3E9VhNjxT4snq,4r63FhuTkUYltbVAg5TQnk","Lil Nas X,DaBaby",70,False,151040,0.717,0.598,-5.613,0.0809,0.22,0.0,0.122,0.496,153.905,1
1vG3YuKRYqPwTmNmYgqkpg,Liberdade Provisória - Ao Vivo,3p7PcrEHaaKLJnPUGOtRlT,Henrique & Juliano,70,True,186379,0.668,0.684,-5.937,0.0527,0.627,0.0,0.923,0.7,108.138,0
2Za1AlJNvksouPPWbXpR2X,Good Old Days (feat. Kesha),"3JhNCzhSMTxs9WLGJJxWOY,6LqNN22kT3074XbTVUrhzX","Macklemore,Kesha",70,False,240506,0.712,0.51,-8.162,0.0633,0.446,2.46e-05,0.112,0.268,122.964,1
3M8FzayQWtkvOhqMn2V4T2,Lean on Me,1ThoqLcyIYvZn7iWbj8fsj,Bill Withers,70,False,258834,0.619,0.22,-13.843,0.0672,0.782,1.19e-05,0.124,0.426,75.143,0
5Xhqh4lwJPtMUTsdBztN1a,Me Gusta,"0EmeFodog0BfCgMzAIvKQp,2R21vXR83lH98kGeO99Y66","Shakira,Anuel AA",70,False,190570,0.775,0.696,-5.184,0.0681,0.0559,0.00184,0.157,0.775,92.007,1
61ZM92T2zaXIVsqncThQzC,In Your Eyes (feat. Alida),"3t5xRXzsuZmMDkQzgOX35S,1kiq2kUV0cbLUhJsr7cpW0","Robin Schulz,Alida",70,False,208222,0.57,0.672,-5.888,0.0716,0.172,1.04e-06,0.0768,0.461,120.018,1
2u7mxWSeoqTXndK5e08jMp,Nowadays (feat. Landon Cube),"7d3WFRME3vBY2cgoP38RDo,04ei5kNgmDuNAydFhhIHnD","Lil Skies,Landon Cube",70,True,203907,0.745,0.646,-6.987,0.17,0.157,0.0,0.338,0.46,79.993,1
5hEM0JchdVzQ5PwvSfITeX,Me llamas (feat. Maluma) - Remix,"4bw2Am3p9ji3mYsXNXtQcd,1r4hJ1h58CWwUQe3MxPuau","Piso 21,Maluma",70,False,210322,0.76,0.838,-3.828,0.0529,0.547,1.3e-06,0.0664,0.745,93.05,1
3ZhTT6yjZwpPph5MIJ53XY,Red Roses (feat. Landon Cube),"7d3WFRME3vBY2cgoP38RDo,04ei5kNgmDuNAydFhhIHnD","Lil Skies,Landon Cube",70,True,262544,0.691,0.683,-7.335,0.0954,0.547,0.0,0.221,0.456,140.002,1
2ZTYlnhhV1UAReg7wIGolx,To Die For,2wY79sveU1sp5g7SokKOiI,Sam Smith,70,False,193795,0.483,0.361,-7.889,0.0738,0.832,4.66e-06,0.098,0.307,171.649,0
12M5uqx0ZuwkpLp5rJim1a,Cornelia Street,06HL4z0CvFAxyc27GXpf02,Taylor Swift,70,False,287266,0.824,0.624,-9.728,0.0827,0.781,0.000189,0.1,0.248,102.012,0
1LLXZFeAHK9R4xUramtUKw,London Boy,06HL4z0CvFAxyc27GXpf02,Taylor Swift,70,False,190240,0.695,0.71,-6.639,0.05,0.0246,0.000104,0.133,0.557,157.925,0
2dgFqt3w9xIQRjhPtwNk3D,Death By A Thousand Cuts,06HL4z0CvFAxyc27GXpf02,Taylor Swift,70,False,198533,0.712,0.732,-6.754,0.0629,0.454,0.0,0.319,0.313,94.071,0
5pAbCxt9e3f81lOmjIXwzd,Be Honest (feat. Burna Boy),"1CoZyIx7UvdxT5c8UkMzHd,3wcj11K77LjEY1PkEazffa","Jorja Smith,Burna Boy",70,False,207030,0.757,0.737,-6.728,0.114,0.311,0.0,0.113,0.635,98.057,1
3M9Apu4OZfylLTFKvgEtKa,Ritual,"2o5jDhtHVPhrJdv3cEQ99Z,1HBjj22wzbscIZ9sEb5dyf,5CCwRZC6euC8Odo6y9X8jr","Tiësto,Jonas Blue,Rita Ora",70,False,198995,0.647,0.726,-4.389,0.0552,0.157,0.0,0.0844,0.767,114.996,1
72jbDTw1piOOj770jWNeaG,Paris,69GGBxA162lTqCwzJG5jLp,The Chainsmokers,70,False,221506,0.653,0.658,-6.428,0.0304,0.0215,1.66e-06,0.0939,0.219,99.99,0
0XPsOSYzDJZJArevQNm2AR,Speechless (Full),2Zi3RrdQqk63Xj0914STkS,Naomi Scott,70,False,208800,0.474,0.489,-7.625,0.0342,0.467,0.0,0.119,0.23,124.844,0
1eQuRtkMEPhf2DGzpBVTE6,Ode To My Family,7t0rwkOPGlDPEhaOcVtOt9,The Cranberries,70,False,271533,0.367,0.443,-10.11,0.0235,0.0472,1.46e-06,0.344,0.149,93.93,0
0KoiMHhqKLoL4xM54rcWYY,"Taki Taki (feat. Selena Gomez, Ozuna & Cardi B)","540vIaP2JwjQb9dm3aArA4,0C8ZW7ezQVs4URX5aX7Kqx,1i8SpTcr7yvPOmcqrbnVXY,4kYSro6naA4h99UJvo89HB","DJ Snake,Selena Gomez,Ozuna,Cardi B",70,True,212500,0.842,0.801,-4.167,0.228,0.157,4.82e-06,0.0642,0.617,95.881,1
07Oz5StQ7GRoygNLaXs2pd,Good as Hell (feat. Ariana Grande) - Remix,"56oDRnqbIiwx4mymNEv7dS,66CXWjxzNUsdJxJ2JdwvnR","Lizzo,Ariana Grande",70,False,159011,0.668,0.892,-3.001,0.0645,0.298,0.0,0.735,0.478,95.927,1
3i9UVldZOE0aD0JnyfAZZ0,Lover (Remix) [feat. Shawn Mendes],"06HL4z0CvFAxyc27GXpf02,7n2wHs1TKAczGzO7Dd2rGr","Taylor Swift,Shawn Mendes",70,False,221306,0.448,0.603,-7.176,0.064,0.433,0.0,0.0862,0.422,205.272,1
5RsKelNxucrDxgMbZ3vd3W,Young & Alive,4GvEc3ANtPPjt1ZJllr5Zl,Bazzi,70,True,160465,0.716,0.563,-5.486,0.0425,0.326,0.0,0.119,0.495,86.005,0
6rdEEYHsLavlklAypD5cre,Runnin' Down A Dream,2UZMlIwnkgAEDBsw1Rejkn,Tom Petty,70,False,261813,0.453,0.871,-12.004,0.0345,0.000451,0.298,0.43,0.748,170.011,0
53v2u51nq3CxiKUNphRzP1,Que Malo,"4q3ewBCX7sLwd24euuV69X,12vb80Km0Ew53ABfJOepVz","Bad Bunny,Ñengo Flow",70,True,167975,0.802,0.787,-6.181,0.0599,0.0832,0.0,0.153,0.446,94.026,1
7anSoGdgtmJTAPZBzcPhO6,Cuaderno,"0KPX4Ucy9dk82uj4GpKesn,1SupJlEpv7RS2tPNRaHViT,14zUHaJZo1mnYtn6IBRaRP,77ziqFxp5gaInVrF2lj4ht,1pQWsZQehhS4wavwh7Fnxd,2LRoIwlKmHjgvigdNGBHNo,11YLRSsZA3YVuQQtHXKTlz","Dalex,Nicky Jam,Justin Quiles,Sech,Lenny Tavárez,Feid,Rafa Pabön",70,True,286506,0.681,0.648,-5.021,0.38,0.523,0.0,0.104,0.688,172.02,1
6hw1Sy9wZ8UCxYGdpKrU6M,Roller,1qQLhymHXFPtP5U8KNKsm6,Apache 207,70,True,157093,0.941,0.758,-6.47,0.17,0.0256,0.00258,0.193,0.683,128.017,0
0A37XY67wSdGqkGjtfW6aV,Fantasias - Remix,"1mcTU81TzQhprhouKaTkpq,2R21vXR83lH98kGeO99Y66,1GDbiv3spRmZ1XdM1jQbT7,329e4yvIujISKGKz1BZZbO,47MpMsUfWtgyIIBEFOr4FE","Rauw Alejandro,Anuel AA,Natti Natasha,Farruko,Lunay",70,False,267241,0.816,0.72,-4.454,0.0684,0.206,0.0,0.277,0.78,94.004,1
0lJCqIx5BhZtf6QtYI2fbv,Vuelve,"4VMYDCV2IEDYJArk749S6m,4q3ewBCX7sLwd24euuV69X","Daddy Yankee,Bad Bunny",70,False,279613,0.73,0.538,-5.612,0.0319,0.188,0.0,0.123,0.215,130.023,1
7na7Bk98usp84FaOJFPv3d,Tattoo,1mcTU81TzQhprhouKaTkpq,Rauw Alejandro,70,False,202886,0.755,0.617,-5.144,0.182,0.0217,0.0,0.0625,0.745,193.896,0
0Li1OuXXfi7950ilZUFGkF,Cardigan,4Gso3d4CscCijv0lmajZWs,Don Toliver,70,False,158708,0.747,0.497,-6.542,0.0401,0.248,0.0,0.138,0.0663,142.046,0
5aUSEPNd3m5xliFK4pn5mU,Good Thing (with Kehlani),"2qxJFvFYMEDqd7ui6kSAcq,0cGUm45nv7Z6M6qdXYQGTX","Zedd,Kehlani",70,True,210901,0.693,0.564,-3.857,0.0378,0.399,0.0,0.0409,0.574,185.913,1
2W4yABdLc4Jnds67Poi5Nl,Yellow Hearts,4jpsw9CQS439N0B7SecMgf,Ant Saunders,70,False,223257,0.866,0.438,-8.943,0.0719,0.177,0.0,0.0743,0.695,129.039,0
59JWp4PjZ9TRM8cmtaDYB1,Yessirskiii,"4O15NlyKLIASxsJ0PrXPfz,1URnnhqYAYcrqrcwql10ft","Lil Uzi Vert,21 Savage",70,True,219340,0.895,0.739,-6.633,0.283,0.0183,7.61e-06,0.102,0.763,140.007,1
5GKwq4sO5ZHKuWaDmdwMQc,Bad Boy,1z4g3DjTBBZKhvAroFlhOM,Red Velvet,70,False,210817,0.714,0.736,-3.801,0.0457,0.191,0.0,0.0553,0.814,149.985,0
340UVheS8z3ncW9TTUhAbc,Nightmare,26VFTg2z8YR0cCuwLzESi2,Halsey,70,True,231998,0.611,0.622,-5.075,0.0734,0.0188,0.0,0.359,0.538,146.11,0
1AI7UPw3fgwAFkvAlZWhE0,Take Me Back to London (feat. Stormzy),"6eUKZXaKkcviH0Ku9w2n3V,2SrSdSvpminqmStGELCSNd","Ed Sheeran,Stormzy",70,False,189733,0.885,0.762,-5.513,0.216,0.219,0.0,0.162,0.605,138.058,1
2Xo3rLHjXfdb4avN68aQyi,BEST ON EARTH (feat. BIA) - Bonus,"1z7b1Pr1rSlvWRzsW3HOrS,6veh5zbFpm31XsPdjBgPER","Russ,BIA",70,True,160720,0.568,0.764,-3.465,0.255,0.217,0.0,0.0931,0.625,179.985,1
5JWPUEov2wlX7c0jhYZpeB,Lost In Yesterday,5INjqkS1o8h1imAzPqGZBb,Tame Impala,69,False,249586,0.569,0.84,-4.123,0.118,0.0295,0.000118,0.0995,0.749,183.059,0
3yNZ5r3LKfdmjoS3gkhUCT,bad guy (with Justin Bieber),"6qqNVTkY8uBg9cP3Jd7DAH,1uNFoZAHBGtllmzznpCI3s","Billie Eilish,Justin Bieber",69,False,194839,0.67,0.453,-11.265,0.295,0.252,0.33,0.117,0.68,135.055,1
2S2od3hT7ceytw7d1pTRuE,Again (feat. XXXTENTACION),"55fhWPvDiMpLnE4ZzNXZyW,15UsOTVnJzReFVN1VCnxy4","Noah Cyrus,XXXTENTACION",69,False,193961,0.664,0.738,-4.095,0.0338,0.188,5.75e-05,0.135,0.203,119.973,1
40rOlDoGejXXF4B0BYsjx8,Tangerine,4yvcSjfu4PC0CYQyLy4wSq,Glass Animals,69,False,200583,0.845,0.583,-5.948,0.0773,0.114,0.000536,0.1,0.842,149.941,0
0U6bQIAh6MCGo1xjbIIx2S,Instagram,"73jBynjsVtofjRpdpRAJGk,1Cs0zKBU1kc0i8ypK3B9ai,4VMYDCV2IEDYJArk749S6m,3wtMPMvPtiFylbnNXF6CAj,1GDbiv3spRmZ1XdM1jQbT7,2HkAI0YrEcgoR8QdaURqhO,4pwXiI7Z5ZStkgKowZyoKi","Dimitri Vegas & Like Mike,David Guetta,Daddy Yankee,Afro Bros,Natti Natasha,Dimitri Vegas,Like Mike",69,True,184558,0.765,0.906,-2.097,0.0965,0.125,0.0,0.423,0.95,96.071,1
4ffyvGU97UkoUkHEOPzPZT,4th Dimension,"2hPgGN4uhvXAxiXQBIXOmE,52lBOxCxbJg0ttXEW9CQpW","KIDS SEE GHOSTS,Louis Prima",69,True,153351,0.765,0.542,-6.755,0.39,0.278,1.87e-05,0.609,0.734,171.945,1
38td8VabuKlQt72Q2VnhbO,134340,3Nrfpe0tUJi4K4DXYWgMUX,BTS,69,False,230063,0.664,0.688,-6.466,0.0543,0.153,9.14e-05,0.173,0.65,106.022,0
2bllegdYt2WoYdbRZyJ730,Capital Letters,"5p7f24Rk5HkUZsaS3BLG5F,1okJ4NC308qbtY9LyHn6DO","Hailee Steinfeld,BloodPop®",69,False,219373,0.666,0.814,-5.536,0.0736,0.0333,7.02e-06,0.0535,0.478,99.907,1
5kqNIqFjijuzvVLhuY9B8j,La Zona,4q3ewBCX7sLwd24euuV69X,Bad Bunny,69,True,136892,0.762,0.801,-3.661,0.0409,0.2,7.04e-05,0.254,0.81,93.992,0
4u9Y4Z9i9VaAbBK7rW1Rha,Meet Me in the Hallway,6KImCVD70vtIoJWnq6nGn3,Harry Styles,69,False,227200,0.537,0.383,-6.528,0.0247,0.747,0.00025,0.356,0.339,104.252,0
3Dwq1oiOFys6Sxr5SslmXw,Carolina,6KImCVD70vtIoJWnq6nGn3,Harry Styles,69,False,189613,0.624,0.673,-4.017,0.0268,0.000569,1.54e-06,0.104,0.458,121.986,0
5BDP2tky8oMQJPS33frKVp,Un Año,"07YUOmWljBTXwIseAUd9TW,0vR2qb8m9WHeZ5ByCbimq2","Sebastian Yatra,Reik",69,False,164440,0.771,0.382,-6.808,0.0514,0.148,0.0,0.104,0.535,94.931,1
5pD9x23lsoQr464mlmaKNJ,Chained To The Rhythm,"6jJ0s89eD6GaHleKKya26X,4ryoUS0W8qXokfMxrlJt6O","Katy Perry,Skip Marley",69,False,237733,0.451,0.809,-5.327,0.141,0.073,0.0,0.201,0.481,189.888,1
4saHEjXw7O1NXJOzBkUKKG,Está Cabrón Ser Yo,"4q3ewBCX7sLwd24euuV69X,2R21vXR83lH98kGeO99Y66","Bad Bunny,Anuel AA",69,True,227939,0.81,0.854,-3.999,0.254,0.0732,0.0,0.123,0.879,154.083,1
09ts3GnICqYEU5PkQCpJK3,Say Something (feat. Chris Stapleton),"31TPClRtHm23RisEBtV3X7,4YLtscXsxbVgi031ovDDdh","Justin Timberlake,Chris Stapleton",69,False,278893,0.707,0.632,-7.031,0.0789,0.103,1.09e-05,0.0841,0.372,97.04,1
5cBrOhKDyiJF9bPGUHKkG0,+Linda,0KPX4Ucy9dk82uj4GpKesn,Dalex,69,False,161748,0.66,0.503,-5.501,0.34,0.131,0.0,0.13,0.396,175.896,0
6RZmhpvukfyeSURhf4kZ0d,Is It True,5INjqkS1o8h1imAzPqGZBb,Tame Impala,69,False,239266,0.731,0.664,-5.474,0.0302,0.00307,0.35,0.133,0.661,118.018,0
6Gy7rXB6Ku5vIWC7WGWsl3,KIKA,"7gZfnEnfiaHzxARJ2LeXrf,2jku7tDXc6XoB6MO2hFuqg","6ix9ine,Tory Lanez",69,True,136031,0.745,0.715,-3.368,0.245,0.128,0.0,0.182,0.342,94.513,1
3vWzyGTu6Ovo1GdrcJqH6e,Scared of the Dark (feat. XXXTENTACION),"55Aa2cqylxrFIXC767Z865,7c0XG5cIJTrrAgEC3ULPiq,15UsOTVnJzReFVN1VCnxy4","Lil Wayne,Ty Dolla $ign,XXXTENTACION",69,False,233000,0.443,0.623,-6.717,0.0718,0.0468,0.0,0.247,0.156,79.365,1
2MShy1GSSgbmGUxADNIao5,Calling My Spirit,46SHBwWsqBkxI7EeeBEQG7,Kodak Black,69,True,152000,0.91,0.366,-9.954,0.0941,0.0996,0.0,0.261,0.74,119.985,0
6jA8HL9i4QGzsj6fjoxp8Y,There for You,"60d24wfXkVzDSfLS6hyCjZ,3WGpXCj9YhhfX11TToZcXP","Martin Garrix,Troye Sivan",69,False,221904,0.611,0.644,-7.607,0.0553,0.124,0.0,0.124,0.13,105.969,1
4ofvoCdXq99vpMZO4Cfp8x,Pray For Me,"1Xyo4u8uXC1ZmMpatF05PJ,2YZyLoL8N0Wb9xBt1NhZWg","The Weeknd,Kendrick Lamar",69,True,211420,0.728,0.668,-5.02,0.126,0.0805,1.49e-05,0.102,0.162,100.537,1
4KkUjFkcQvGvWekl8RATDn,BEBE,"7gZfnEnfiaHzxARJ2LeXrf,2R21vXR83lH98kGeO99Y66","6ix9ine,Anuel AA",69,True,217822,0.635,0.902,-3.559,0.109,0.172,0.0,0.125,0.286,102.063,1
1NbGcdgwRHZ5rbPIT9hdR3,Dance To This (feat. Ariana Grande),"3WGpXCj9YhhfX11TToZcXP,66CXWjxzNUsdJxJ2JdwvnR","Troye Sivan,Ariana Grande",69,False,231846,0.736,0.756,-7.099,0.047,0.00632,0.00577,0.106,0.712,117.016,1
0Zp10WiPeEi6EUJZvWcNT9,Mad Love,1MIVXf74SZHmTIp4V4paH4,Mabel,69,False,169813,0.622,0.796,-2.999,0.172,0.667,0.0,0.106,0.62,197.705,0
0PowxVSTY2uh1CPc8EPKyX,Project Dreams,"64KEffDW9EtZ1y2vBYgq8T,757aE44tKEUQEqRuT6GnEB","Marshmello,Roddy Ricch",69,True,167898,0.777,0.831,-2.129,0.177,0.42,0.0,0.105,0.791,160.153,1
4knL4iPxPOZjQzTUlELGSY,Rake It Up (feat. Nicki Minaj),"6Ha4aES39QiVjR0L2lwuwq,0hCNtLu0JehylgoiP8L4Gh","Yo Gotti,Nicki Minaj",69,True,276333,0.91,0.444,-8.126,0.344,0.022,0.0,0.137,0.53,149.953,1
7uYgVgRSgqluZclLS7wpp4,El Farsante - Remix,"1i8SpTcr7yvPOmcqrbnVXY,5lwmRuXgjX8xIwlnauTZIP","Ozuna,Romeo Santos",69,False,258000,0.737,0.742,-2.875,0.0441,0.218,0.0,0.316,0.386,119.966,1
6it15CsDlkqB7N4lF0C1qM,Caro,4q3ewBCX7sLwd24euuV69X,Bad Bunny,69,True,229455,0.651,0.575,-7.739,0.299,0.627,0.000202,0.0961,0.248,160.007,0
3S2R0EVwBSAVMd5UMgKTL0,Thriller,3fMbdgg4jU18AjLCKBhRSm,Michael Jackson,69,False,357266,0.773,0.859,-4.913,0.0747,0.0855,0.00018,0.914,0.813,118.458,0
15k1TDabqSEmyXOwMq9RM7,Investe Em Mim,22jNvLBrXGKr4CcV2tw8Ag,Jonas Esticado,69,False,186533,0.632,0.953,-1.283,0.0325,0.317,0.0,0.125,0.798,160.061,0
44l9nnCVvOQBbWG6tDViKl,Share That Love (feat. G-Eazy),"25u4wHJWxCA9vO0CzxAbK7,02kJSzxNuaWGqwubyUba0Z","Lukas Graham,G-Eazy",69,True,172398,0.715,0.658,-4.304,0.106,0.162,0.0,0.0742,0.795,158.024,1
21tuvt3CXIsNquc32v8jpc,Show Me How to Live,2ziB7fzrXBoh1HUPS6sVFn,Audioslave,69,False,277840,0.433,0.854,-3.868,0.0483,0.000336,0.000177,0.162,0.368,89.4,0
5DuSzOxHDi1qZycpzIWyhO,I Love You 3000,0HS00NN7MAfF59aJnfcxSO,Stephanie Poetri,69,False,209734,0.648,0.382,-7.85,0.0396,0.911,0.0,0.393,0.408,90.099,0
0v9Wz8o0BT8DU38R4ddjeH,No Problem (feat. Lil Wayne & 2 Chainz),"1anyVhU62p31KFi8MEzkbf,55Aa2cqylxrFIXC767Z865,17lzZA2AlOHwCwFALHttmp","Chance the Rapper,Lil Wayne,2 Chainz",69,True,304606,0.652,0.795,-5.192,0.174,0.156,0.0,0.123,0.788,135.018,1
6qiiDtFAJjyEhoZVcf6ovL,GOOBA,7gZfnEnfiaHzxARJ2LeXrf,6ix9ine,69,True,132303,0.611,0.688,-5.688,0.341,0.0264,0.0,0.251,0.393,178.462,0
0STK94RxUulYqWzwFlyAb5,Sober,6S2OmqARrzebs0tKUEyXyp,Demi Lovato,69,False,197893,0.397,0.303,-10.413,0.11,0.798,4.16e-06,0.0824,0.17,170.22,0
3nc420PXjTdBV5TN0gCFkS,Ocean (feat. Khalid),"60d24wfXkVzDSfLS6hyCjZ,6LuN9FCkKOj5PcnpouEgny","Martin Garrix,Khalid",69,False,216419,0.506,0.693,-7.265,0.0412,0.584,9.58e-05,0.0891,0.221,139.912,1
6PJ8FF6UR8FZXfEvpHkIVN,How Would You Feel (Paean),6eUKZXaKkcviH0Ku9w2n3V,Ed Sheeran,69,False,280533,0.617,0.439,-5.63,0.0269,0.424,0.0,0.127,0.242,139.979,0
0YAQnYt2oB8OdoaeqnHyTI,Tribe (with J. Cole),"70gP6Ry4Uo0Yx6uzPIdaiJ,6l3HvQ5sa6mXTsMTB19rO5","Bas,J. Cole",69,True,238053,0.755,0.594,-5.906,0.216,0.241,0.0,0.107,0.237,178.929,1
5jZ32WOU7sqzDYbzINwMUk,SORRY PAPI,"4q3ewBCX7sLwd24euuV69X,3ZJxEmjYZd5VOqZ8o3aXiL","Bad Bunny,ABRA",69,True,163053,0.612,0.561,-6.054,0.0851,0.0601,0.0,0.145,0.393,191.911,1
7uQmJ1jgNzBpATSoWKSPFu,Ya No Tiene Novio,"07YUOmWljBTXwIseAUd9TW,2wkoKEfS6dXwThbyTnZWFU","Sebastian Yatra,Mau y Ricky",69,False,198933,0.632,0.832,-1.948,0.154,0.048,0.0,0.0705,0.784,182.184,1
11bD1JtSjlIgKgZG2134DZ,Chasing Cars,3rIZMv9rysU7JkLzEaC5Jp,Snow Patrol,69,False,267960,0.563,0.592,-4.571,0.0276,0.209,5.08e-05,0.132,0.136,104.016,0
4h90qkbnW1Qq6pBhoPvwko,Sidewalks,"1Xyo4u8uXC1ZmMpatF05PJ,2YZyLoL8N0Wb9xBt1NhZWg","The Weeknd,Kendrick Lamar",69,True,231360,0.542,0.72,-5.136,0.0628,0.147,0.0,0.348,0.623,149.828,1
7tgjDlQsMR8RvkdlNCJA58,6 Kiss,"6Xgp2XMz1fhVYe7i6yNAax,4MCBfE4596Uoi2O4DtmEMz,1cNDP5yjU5vjeR8qMf4grg","Trippie Redd,Juice WRLD,YNW Melly",69,True,199436,0.687,0.449,-10.061,0.154,0.109,0.0,0.282,0.229,142.048,1
0UeYCHOETPfai02uskjJ3x,Shooting Stars,6fXEqmGQEt6ONuqVmwrN46,Bag Raiders,69,False,235813,0.636,0.72,-6.195,0.0432,0.0893,0.0178,0.0868,0.425,124.944,0
00EPIEnX1JFjff8sC6bccd,No Me Acuerdo,"23wEWD21D4TPYiJugoXmYb,1GDbiv3spRmZ1XdM1jQbT7","Thalia,Natti Natasha",69,False,217653,0.836,0.799,-4.247,0.0873,0.187,0.0,0.092,0.772,94.033,1
0SErdEdRcVX1uJCf1eTGYH,Somebody’s Problem,4oUHIQIBe0LHzYfvXNW4QM,Morgan Wallen,69,False,161773,0.657,0.54,-7.675,0.0287,0.662,0.0,0.123,0.625,136.97,0
5vZfgeDfNhlkKeJqjzSAmg,Sé Que Te Duele,"6sq1yF0OZEWA4xoXVKW1L9,5C4PDR4LnhZTbVnKWXuDKD","Alejandro Fernández,Morat",69,False,228146,0.682,0.858,-4.711,0.0708,0.245,0.0,0.104,0.753,94.954,1
6dFn6my1sHK2bcf23GlHwM,2009,4LLpKhyESsyAXpc4laK94U,Mac Miller,69,True,347986,0.533,0.496,-9.363,0.517,0.77,0.000164,0.0969,0.173,155.158,0
1ckLp8lCl8LipXI0ypX72m,I'm Gonna Be,246dkjvS1zLTtiykXe5h60,Post Malone,69,True,200680,0.746,0.559,-4.008,0.0316,0.703,0.0,0.148,0.368,117.943,0
6QTPacyXkZWG9FMwq6L1hJ,Love You For A Long Time,4NZvixzsSefsNiIqXn0NDe,Maggie Rogers,69,False,223120,0.707,0.67,-6.137,0.0323,0.164,0.00283,0.109,0.822,112.993,0
0EQMrxdeiBhry9JCxskko3,I'm Fine,3Nrfpe0tUJi4K4DXYWgMUX,BTS,69,False,240339,0.51,0.842,-2.782,0.103,0.00852,0.0,0.346,0.302,87.605,0
58TaFP5j5i9swOf584yon2,HOUSTONFORNICATION,0Y5tJX1MQlPlqiwlOH1tJY,Travis Scott,69,True,217828,0.689,0.723,-4.052,0.0836,0.0985,0.0,0.158,0.288,160.042,0
4apiNNK0jp9uqn3JDG9My1,Dark Knight Dummo,"6Xgp2XMz1fhVYe7i6yNAax,0Y5tJX1MQlPlqiwlOH1tJY","Trippie Redd,Travis Scott",69,True,256162,0.28,0.821,-2.864,0.111,0.167,0.0,0.139,0.254,181.444,1
2pWOMNQJW3g2zmGjP0Vkb0,Whine Up,"1SupJlEpv7RS2tPNRaHViT,2R21vXR83lH98kGeO99Y66","Nicky Jam,Anuel AA",69,False,215459,0.817,0.665,-6.224,0.0758,0.0549,0.0,0.103,0.662,104.957,1
4IO8X9W69dIQe0EC5ALXhq,Immortal,1URnnhqYAYcrqrcwql10ft,21 Savage,69,True,254723,0.741,0.87,-3.494,0.503,0.00813,0.0,0.114,0.663,184.194,0
1Ft13La2daEGqz5yWJC7lx,Bella,2OnKRchqP7tT0FzTvWIFI7,Wolfine,69,False,197120,0.909,0.493,-6.688,0.0735,0.128,0.000147,0.127,0.844,94.016,0
4QVS8YCpK71R4FsxSMCjhP,Tie Me Down (with Elley Duhé),"2ZRQcIgzPCVaT9XKhXZIzh,67MNhiAICFY6Pwc2YxCO0K","Gryffin,Elley Duhé",69,False,218295,0.548,0.839,-2.371,0.0644,0.135,0.0,0.102,0.314,98.932,1
2lLG56qpLP3UbcLuzMvkWX,Stop Breathing,699OTQXzgjhIYAHMy9RyPD,Playboi Carti,69,True,218943,0.856,0.57,-4.486,0.286,0.00637,0.0,0.0984,0.155,154.967,0
2ANLarE8yHVsLWW21nj79M,You Was Right,4O15NlyKLIASxsJ0PrXPfz,Lil Uzi Vert,69,True,163944,0.843,0.359,-7.417,0.461,0.069,0.0,0.12,0.156,81.987,0
5K09WxKdlkroDyEVyOSySy,(You Make Me Feel Like) A Natural Woman,7nwUJBm0HE4ZxD3f5cy5ok,Aretha Franklin,69,False,165333,0.603,0.271,-10.083,0.0284,0.679,0.0,0.141,0.405,110.89,0
6JyuJFedEvPmdWQW0PkbGJ,Purple Lamborghini (with Rick Ross),"5he5w2lnU9x7JFhnwcekXX,1sBkRIssrMs1AbVkOJbc7a","Skrillex,Rick Ross",69,True,215510,0.457,0.899,-2.591,0.132,0.0019,0.0,0.831,0.298,147.268,1
1xYpVRspgaLxdJLOTQkTjg,STOP TRYING TO BE GOD,0Y5tJX1MQlPlqiwlOH1tJY,Travis Scott,69,True,338438,0.588,0.567,-3.738,0.0628,0.221,0.0,0.135,0.113,150.009,0
6Vf5qHrEJSkVYgyvYJ6QXs,Síguelo Bailando,1i8SpTcr7yvPOmcqrbnVXY,Ozuna,69,False,226800,0.85,0.663,-7.33,0.0781,0.22,0.000173,0.109,0.619,97.975,0
0WdR2AyLW1Drd3OUdwezM0,everytime,66CXWjxzNUsdJxJ2JdwvnR,Ariana Grande,69,True,172106,0.71,0.614,-6.757,0.0431,0.186,0.0,0.0974,0.658,148.152,0
14kYOiFVPb7E7NfFbqhdln,goodnight n go,66CXWjxzNUsdJxJ2JdwvnR,Ariana Grande,69,True,189506,0.708,0.454,-7.07,0.0395,0.0217,0.0,0.073,0.24,110.963,0
1CnPYaKxTVb4LWOtiGOm0m,All Time Low,50JJSqHUf2RQ9xsHs0KMHg,Jon Bellion,69,True,217603,0.617,0.567,-4.188,0.0828,0.0584,0.0,0.0933,0.505,90.246,0
3uVPLtkmDu8pDkYEAVqbgS,Real Shit (with benny blanco),"4MCBfE4596Uoi2O4DtmEMz,5CiGnKThu5ctn9pBxv7DGa","Juice WRLD,benny blanco",69,True,183782,0.703,0.703,-4.672,0.133,0.605,0.0,0.12,0.697,76.017,1
7IBSffWIu7P2MC7kMwy2FM,Hopeless Romantic (feat. Swae Lee),"137W8MRPWKqSmrBGDBFSop,1zNqQNIdeOUZHb8zbZRFMX","Wiz Khalifa,Swae Lee",69,True,226742,0.877,0.477,-7.379,0.0587,0.307,0.0,0.0929,0.552,127.023,1
2J0NXdHr6MYvKDSxB7k3V2,A Thousand Bad Times,246dkjvS1zLTtiykXe5h60,Post Malone,69,True,221173,0.632,0.732,-3.498,0.092,0.105,1.15e-05,0.111,0.317,159.0,0
0NyOeqzqjVM9j7IuWp2oJ6,Feel Good (feat. Daya),"2ZRQcIgzPCVaT9XKhXZIzh,45eNHdiiabvmbp4erw26rg,6Dd3NScHWwnW6obMFbl1BH","Gryffin,ILLENIUM,Daya",69,False,248156,0.625,0.707,-4.761,0.0337,0.22,0.0,0.213,0.479,138.064,1
6pcywuOeGGWeOQzdUyti6k,Glock In My Lap,"1URnnhqYAYcrqrcwql10ft,0iEtIxbK0KxaSlF7G42ZOp","21 Savage,Metro Boomin",69,True,193591,0.847,0.733,-6.439,0.16,0.00574,1.04e-05,0.151,0.202,130.029,1
2mdEsXPu8ZmkHRRtAdC09e,Cinnamon Girl,00FQb4jTyendYWaN8pK0wa,Lana Del Rey,69,False,300683,0.294,0.337,-10.614,0.036,0.814,0.414,0.14,0.135,91.781,0
643PW82aBMUa1FiWi5VQY7,Babushka Boi,13ubrt8QOOCPljQ2FL1Kca,A$AP Rocky,69,True,187105,0.897,0.743,-5.446,0.222,0.304,4.44e-05,0.137,0.905,134.979,0
170DNUSnQRp1tGpppF26pA,Epidemic,6AgTAQt8XS6jRWi4sX7w49,Polo G,69,True,177272,0.616,0.617,-8.431,0.52,0.128,0.0,0.177,0.476,175.929,0
2v5JTeM6hSmi5wWy7jiwrI,I've Been Waiting (w/ ILoveMakonnen & Fall Out Boy),"2kCcBybjl3SAtIcwdWpUe3,3aGFCoR8xGN6DKwvdzeSja,4UXqAaa6dQYAk18Lv7PEgX","Lil Peep,ILOVEMAKONNEN,Fall Out Boy",69,True,233613,0.741,0.845,-3.568,0.0381,0.15,0.0,0.174,0.926,129.939,1
6W4f0lzPGSIKsbTRhNk8VI,Runaway,2kCcBybjl3SAtIcwdWpUe3,Lil Peep,69,True,192760,0.399,0.591,-8.792,0.052,0.44,0.0616,0.446,0.175,79.892,0
1SymEzIT3H8UZfibCs3TYi,Afterglow,06HL4z0CvFAxyc27GXpf02,Taylor Swift,69,False,223293,0.756,0.449,-8.746,0.0344,0.13,0.0,0.114,0.399,111.011,0
5NOUjBikzECEJyZMTxtErD,The Code (feat. Polo G),"6QtgPSJPSzcnn7dPZ4VINp,6AgTAQt8XS6jRWi4sX7w49","King Von,Polo G",69,True,202413,0.831,0.62,-8.397,0.338,0.0582,0.0,0.119,0.568,133.17,1
7amMgNDcObIDkIXv4xcvc2,Barking,6ywXRaHY7m2DJ0dd7CsLAB,Ramz,69,False,204826,0.527,0.465,-8.055,0.227,0.175,0.0,0.0661,0.765,137.033,0
0Szp49tpFasIjX04Mcsydp,Tú Foto,1i8SpTcr7yvPOmcqrbnVXY,Ozuna,69,False,193226,0.735,0.482,-9.21,0.0508,0.205,0.000194,0.0894,0.795,175.907,0
2YWtcWi3a83pdEg3Gif4Pd,I Think He Knows,06HL4z0CvFAxyc27GXpf02,Taylor Swift,69,False,173386,0.897,0.366,-8.029,0.0569,0.00889,0.000353,0.0715,0.416,100.003,0
75dLEqanQTupF3dtP9exT5,Yikes,0hCNtLu0JehylgoiP8L4Gh,Nicki Minaj,69,True,156881,0.911,0.637,-8.381,0.447,0.0409,3.68e-05,0.238,0.66,149.996,0
7rSnKi58HPIVC0FVyh04Q1,Shake The Room (feat. Quavo),"0eDvMgVFoNV3TpwtrVCoTj,0VRj0yCOv2FXJNP47XQnx5","Pop Smoke,Quavo",69,True,165640,0.733,0.684,-4.748,0.177,0.142,0.0,0.179,0.437,142.04,1
5tAa8Uaqr4VvA3693mbIhU,Ruin My Life,1Xylc3o4UrD53lo9CvFvVg,Zara Larsson,69,True,190931,0.665,0.699,-5.265,0.0578,0.423,0.0,0.0969,0.585,124.896,0
0UioblV1x795s55Ur58c6c,The Race,2ODbg2404zUzTi02qIPEjB,Tay-K,69,True,140000,0.788,0.556,-7.655,0.345,0.019,0.0,0.217,0.481,80.012,0
3KhF2YiNpJvGpfiCW45R6D,Runnin' with the Devil - 2015 Remaster,2cnMpRsOVqtPMfq7YiFE6K,Van Halen,69,False,214960,0.472,0.9,-6.406,0.0582,0.148,0.000297,0.34,0.42,95.826,0
3dPvQLKl42dMYWV4LWRTLK,Tá Rocheda,5Lv2GUVwqmQBPwrTrxucE5,Os Barões Da Pisadinha,69,False,203075,0.775,0.886,-6.68,0.0476,0.589,7.71e-06,0.0991,0.939,172.013,0
1yP6g2Ka4CisR3i2cuIcjK,FEEL SOMETHING (feat. Marshmello),"2tIP7SsRs7vjIcLrU85W8J,64KEffDW9EtZ1y2vBYgq8T","The Kid LAROI,Marshmello",69,True,139040,0.523,0.609,-7.802,0.191,0.059,0.0,0.14,0.374,154.051,1
6TL3MOcVW8i1UiJkvhpDbR,Carry Me Away,0hEurMDQu99nJRq8pTxO14,John Mayer,69,False,159133,0.674,0.711,-6.671,0.0286,0.00894,0.163,0.1,0.742,119.987,0
0sci7ppTZFm4mjcH3nu8yO,nasty,66CXWjxzNUsdJxJ2JdwvnR,Ariana Grande,69,True,200732,0.772,0.506,-6.558,0.139,0.0814,1.1e-05,0.182,0.456,127.894,0
14gkWVFMwdxBMyqBw1wmIg,safety net (feat. Ty Dolla $ign),"66CXWjxzNUsdJxJ2JdwvnR,7c0XG5cIJTrrAgEC3ULPiq","Ariana Grande,Ty Dolla $ign",69,False,208457,0.552,0.599,-5.75,0.0404,0.0703,0.0,0.0986,0.0916,161.884,1
6uJONCdr2rC65BNmCnTBWK,GANG GANG,"7A8S43ryYdbWpJKeHRZRcq,2RDOrhPqAM4jzTRCEb19qX","JACKBOYS,Sheck Wes",69,True,244760,0.859,0.6,-4.63,0.301,0.071,0.0,0.353,0.568,123.017,1
7Dx9Z6Aon1qPS2N0rHSWTe,just like magic,66CXWjxzNUsdJxJ2JdwvnR,Ariana Grande,69,True,149900,0.719,0.607,-5.156,0.165,0.08,0.0,0.125,0.464,128.006,0
4AO1XhrgJczQ9bNVxdfKQe,WHAT TO DO? (feat. Don Toliver),"7A8S43ryYdbWpJKeHRZRcq,0Y5tJX1MQlPlqiwlOH1tJY,4Gso3d4CscCijv0lmajZWs","JACKBOYS,Travis Scott,Don Toliver",69,True,250141,0.643,0.594,-5.191,0.0312,0.0695,1.46e-05,0.115,0.195,118.037,1
3wScL5W8H40zzCKN0atfBk,Uproar,"55Aa2cqylxrFIXC767Z865,2cADQgiLMjNhbsfeN52Bf3","Lil Wayne,Swizz Beatz",69,True,194184,0.743,0.87,-2.188,0.212,0.0595,0.0,0.299,0.884,99.079,1
1louJpMmzEicAn7lzDalPW,No Promises (feat. Demi Lovato),"7DMveApC7UnC2NPfPvlHSU,6S2OmqARrzebs0tKUEyXyp","Cheat Codes,Demi Lovato",69,False,223503,0.741,0.667,-5.445,0.134,0.0575,0.0,0.106,0.595,112.956,1
6sI8Q7TTJeA9exw6hxEqq3,Blueberry Eyes (feat. SUGA of BTS),"1bqxdqvUtPWZri43cKHac8,0ebNdVaOfp6N0oZ1guIxM8","MAX,SUGA",69,False,172244,0.746,0.611,-7.034,0.101,0.454,0.000922,0.133,0.411,149.967,1
4MZSqgwlE71CWZ6qQ3gkKm,<3,4q3ewBCX7sLwd24euuV69X,Bad Bunny,69,False,157967,0.631,0.665,-7.589,0.229,0.602,1.7e-06,0.152,0.634,80.353,0
2KklXplRtxMsBYo474Es0w,Be Mine,4AKwRarlmsUlLjIwt38NLw,Ofenbach,69,False,161322,0.779,0.666,-7.361,0.0482,0.194,0.000556,0.0576,0.507,123.024,0
6KJqZcs9XDgVck7Lg9QOTC,seven,06HL4z0CvFAxyc27GXpf02,Taylor Swift,69,False,208906,0.596,0.488,-10.769,0.0274,0.9,2.7e-05,0.091,0.415,94.926,0
4JWQC6gyYoPRnxRxk0ta2M,Peer Pressure,"4EzkuveR9pLvDVFNx6foYD,0ZED1XzwlLHW4ZaG4lOT6m","James Bay,Julia Michaels",69,False,176826,0.631,0.715,-6.083,0.0277,0.0299,0.0,0.121,0.42,135.826,1
4JB0EAT4BkLShTyTt50FmO,"Ego Death (feat. Kanye West, FKA twigs & Skrillex)","7c0XG5cIJTrrAgEC3ULPiq,6nB0iY1cjSY1KyhYyuIIKH,5he5w2lnU9x7JFhnwcekXX,5K4W6rqBFWDnAN6FQUkS6x","Ty Dolla $ign,FKA twigs,Skrillex,Kanye West",69,False,231618,0.813,0.615,-5.624,0.132,0.061,0.0,0.654,0.321,111.039,1
3NWrHCwvyII4fTx05PN3IO,Enjoy Yourself (feat. Karol G),"0eDvMgVFoNV3TpwtrVCoTj,790FomKkXshlbRYZFtlgla","Pop Smoke,KAROL G",69,True,197938,0.764,0.676,-6.761,0.0927,0.389,0.0,0.215,0.461,97.02,1
7yotKA30dwTKNEGomV9ZsI,KOD,6l3HvQ5sa6mXTsMTB19rO5,J. Cole,69,True,191436,0.823,0.783,-6.274,0.154,0.21,0.0,0.113,0.199,141.882,0
2swZ0X1njeU32SNJeBKIfW,Inmortal,1qto4hHid1P71emI6Fd8xi,Aventura,69,False,256440,0.77,0.775,-4.65,0.0349,0.178,0.0,0.0651,0.848,124.013,0
4YAgH8s0JFfwikTNwe0aIk,Daydream (백일몽),0b1sIQumIAsNbqAoIClSpy,j-hope,69,False,228759,0.748,0.961,-6.518,0.0875,0.00512,0.0,0.175,0.856,116.037,0
0KkIkfsLEJbrcIhYsCL7L5,China,"2R21vXR83lH98kGeO99Y66,4VMYDCV2IEDYJArk749S6m,790FomKkXshlbRYZFtlgla,1i8SpTcr7yvPOmcqrbnVXY,1vyhD5VmyZ7KMfW5gqLgo5","Anuel AA,Daddy Yankee,KAROL G,Ozuna,J Balvin",69,False,301714,0.786,0.808,-3.702,0.0881,0.0846,0.000289,0.0822,0.608,105.029,1
0L7loeTIg6akW84aEQZpCT,Light It Up (feat. Nyla & Fuse ODG) [Remix],"738wLrAtLtCtFOLvQBXOXp,4VZY0nxYMSNotbS7WjNVQy,374sWpAJsbZckf98df2jJJ","Major Lazer,Nyla,Fuse ODG",69,False,166138,0.746,0.877,-3.782,0.0666,0.0375,0.000833,0.233,0.751,107.985,1
0yyZN5ASdrYu0XYWFzfxUu,3 A.M.,"1mX1TWKpNxDSAH16LgDfiR,2cy1zPcrFcXAJTP0APWewL","Jesse & Joy,Gente De Zona",69,False,183573,0.702,0.84,-3.547,0.0879,0.0112,0.0,0.119,0.624,101.99,1
7j43FohbLVulScL7S9sQZk,AUSLÄNDER,6wWVKhxIU2cEi0K81v7HvP,Rammstein,69,False,231603,0.681,0.912,-4.159,0.0912,0.000757,0.00136,0.359,0.479,125.031,0
59ywHNwwchG4nZJMLyxSzd,Clout (feat. Cardi B),"4DdkRBBYG6Yk9Ka8tdJ9BW,4kYSro6naA4h99UJvo89HB","Offset,Cardi B",69,True,205803,0.919,0.622,-7.384,0.0997,0.228,4.24e-06,0.122,0.424,140.022,1
7EUfNvyCVxQV3oN5ScA2Lb,Next To Me,53XhwfbYqKCa1cC15pYq2q,Imagine Dragons,69,False,230288,0.385,0.687,-4.426,0.0592,0.328,0.000163,0.0443,0.351,113.669,0
2UwbhMie1EAYuTZ0QXeMwl,Save Me,15UsOTVnJzReFVN1VCnxy4,XXXTENTACION,69,True,163201,0.731,0.204,-11.314,0.0369,0.307,0.0109,0.0989,0.191,142.141,0
0jo6Nd4iJU0UFHqS0Xd4l4,Fighting Demons,4MCBfE4596Uoi2O4DtmEMz,Juice WRLD,69,True,200628,0.707,0.67,-6.328,0.257,0.0813,0.0,0.098,0.235,163.099,0
1nXZnTALNXiPlvXotqHm66,A BOY IS A GUN*,4V8LLVI7PbaPR0K2TGSxFF,"Tyler, The Creator",69,True,210253,0.417,0.689,-8.302,0.178,0.575,0.0,0.496,0.505,79.568,0
18W92Zm1KjLCbUIszOhpkD,I Wanna Know (feat. Bea Miller),"5jAMCwdNHWr7JThxtMuEyy,1o2NpYGqHiCq7FoiYdyd1x","NOTD,Bea Miller",69,False,197938,0.661,0.725,-4.859,0.0563,0.0253,0.0,0.123,0.605,119.927,1
5id3Rqn7SPj1LX4FfY4nGz,Together,5WUlDfRSoLAfcVSX1WnrxN,Sia,69,False,205207,0.521,0.877,-5.444,0.0683,0.0132,0.0806,0.0929,0.199,180.007,0
0fv2KH6hac06J86hBUTcSf,NEW MAGIC WAND,4V8LLVI7PbaPR0K2TGSxFF,"Tyler, The Creator",69,True,195320,0.621,0.73,-5.414,0.107,0.0967,0.000131,0.673,0.464,139.566,0
33IOhptvC2Qoy2UhjiHXLV,Flames,"1Cs0zKBU1kc0i8ypK3B9ai,5WUlDfRSoLAfcVSX1WnrxN","David Guetta,Sia",69,False,195000,0.609,0.726,-4.346,0.0414,0.0723,8.45e-06,0.0895,0.362,93.958,1
6r7ULK6c5CLVvImjTIztl1,Floor 555,15UsOTVnJzReFVN1VCnxy4,XXXTENTACION,69,True,93447,0.695,0.686,-8.147,0.0478,0.000424,0.0023,0.365,0.354,105.219,0
0lSZh5W0wDeurkGzLYY6hf,Turks (feat. Travis Scott),"7rkW85dBwwrJtlHRDkJDAC,2hlmm7s2ICUX0LVIhVFlZQ,0Y5tJX1MQlPlqiwlOH1tJY","NAV,Gunna,Travis Scott",69,True,161377,0.893,0.618,-4.425,0.112,0.0827,0.0,0.542,0.389,119.099,1
0XRbYXQUymj9SJkrr8YK5B,Keep Ya Head Up,1ZwdS5xdxEREPySFridCfh,2Pac,69,True,262506,0.598,0.732,-7.013,0.425,0.144,0.0,0.508,0.595,172.329,0
0A5gdlrpAuQqZ2iFgnqBFW,Moonlight,1aQwKFn00nswXRDUDipm0K,Gaullin,69,True,173066,0.813,0.761,-5.687,0.085,0.0529,0.0119,0.337,0.29,124.957,0
2WyRfGeHo97VC5mP1BBSzr,Mother's Daughter,5YGY8feqx7naU7z4HrwZM6,Miley Cyrus,69,True,219080,0.681,0.865,-4.132,0.0594,0.00464,0.00169,0.149,0.528,91.017,0
7F9vK8hNFMml4GtHsaXui6,Back to You (feat. Bebe Rexha & Digital Farm Animals),"57WHJIHrjOE3iAxpihhMnp,64M6ah0SkkRsnPGtGiRAbb,5fyDppLDl1juIu1BcUT5zh","Louis Tomlinson,Bebe Rexha,Digital Farm Animals",69,True,190427,0.683,0.53,-4.918,0.142,0.207,0.0,0.394,0.645,75.016,1
4PV0uE5pZSh44E3NqNNDEH,Selfish,2kRfqPViCqYdSGhYSM9R0Q,Madison Beer,69,False,223270,0.375,0.461,-6.202,0.0279,0.627,0.0,0.386,0.233,75.217,0
1V8XneTrX6kKeoxYbk4x6h,Hablamos Mañana,"4q3ewBCX7sLwd24euuV69X,1bAftSH8umNcGZ0uyV7LMg,2XcZshqzPKm3iZcmt73R8D","Bad Bunny,Duki,Pablo Chill-E",69,False,240253,0.683,0.677,-4.496,0.0469,0.0869,0.0,0.0998,0.514,156.019,1
2VdT56BGpdqNHUgOe1j5vc,Rich & Sad,246dkjvS1zLTtiykXe5h60,Post Malone,69,True,206453,0.599,0.571,-4.998,0.0665,0.198,0.0,0.0969,0.285,151.974,0
2D0dj3hVkRQJCp63cxCPEx,Stunnin' (feat. Harm Franklin),"2JbE7jUIGtpXSzytnyMg6U,44rJuOJLavqhY6qGgpQW4U","Curtis Waters,Harm Franklin",69,True,144000,0.885,0.685,-6.429,0.0627,0.33,0.0,0.148,0.937,99.954,1
6Cs7b9bu3fy5XhMwBA9Tz4,Contando Lunares (feat. Cruz Cafuné),"6vPXtLmNd3mW0dd1Rb9eQ9,0jeYkqwckGJoHQhhXwgzk3","Don Patricio,Cruz Cafuné",69,False,219666,0.856,0.523,-10.481,0.131,0.444,0.0,0.0537,0.709,105.935,1
0vrmHPfoBadXVr2n0m1aqZ,Heaven,1vCWHaC5f2uS3yhpwWbIA6,Avicii,69,False,277261,0.592,0.873,-5.65,0.0275,0.0715,0.00982,0.142,0.516,122.011,0
0dZpw3h6KZhcHec61qwevZ,Banana (feat. Shaggy) - DJ FLe - Minisiren Remix,"7vPGzgDg3qGUY5bWtrO3K4,5EvFsr3kj42KNv97ZEnqij,2fZcYu4ltOFdwsnDmLQ9jl","Conkarah,Shaggy,DJ Fle",69,False,210328,0.824,0.854,-5.312,0.177,0.016,4.95e-05,0.117,0.896,95.114,1
44gRhRi2OhEf7moAUj6MD1,The Bigger Picture,5f7VJjfbwm532GiveGC0ZK,Lil Baby,69,True,252728,0.59,0.618,-5.756,0.334,0.0127,0.0,0.244,0.153,96.459,0
6X29iaaazwho3ab7GNue5r,8,6qqNVTkY8uBg9cP3Jd7DAH,Billie Eilish,69,False,173201,0.735,0.235,-13.239,0.315,0.698,0.00604,0.107,0.462,62.446,0
0OWZFobGSIW9GrSlQ9C5pc,Marry Me,6x2LnllRG5uGarZMsD4iO8,Thomas Rhett,69,False,205453,0.333,0.412,-8.633,0.029,0.0977,0.0,0.113,0.474,85.028,0
2tGENA8xef0wABdHvyXwv9,La Cama - Remix,"47MpMsUfWtgyIIBEFOr4FE,7iK8PXO48WeuP03g8YR51W,1i8SpTcr7yvPOmcqrbnVXY,37230BxxYs9ksS7OkZw3IU,1mcTU81TzQhprhouKaTkpq","Lunay,Myke Towers,Ozuna,Chencho Corleone,Rauw Alejandro",69,False,330240,0.737,0.832,-2.622,0.0798,0.12,0.0,0.255,0.865,173.986,1
7lUdbnz7wsv3C9zzf4WHl9,"PORFA Remix ( Feat. Maluma, Nicky Jam, Sech) - Remix","2LRoIwlKmHjgvigdNGBHNo,1vyhD5VmyZ7KMfW5gqLgo5,1r4hJ1h58CWwUQe3MxPuau,1SupJlEpv7RS2tPNRaHViT,77ziqFxp5gaInVrF2lj4ht,14zUHaJZo1mnYtn6IBRaRP","Feid,J Balvin,Maluma,Nicky Jam,Sech,Justin Quiles",69,True,333800,0.793,0.737,-4.731,0.0785,0.0765,0.0,0.0747,0.697,167.969,1
2t0wwvR15fc3K1ey8OiOaN,Selfless,0epOFNiUfyON9EYx7Tpr6V,The Strokes,69,False,222093,0.538,0.679,-4.297,0.0333,0.191,0.00175,0.0889,0.0888,121.99,0
7boPPE857KEqCIHNwFkDop,"Audio (feat. Sia, Diplo, and Labrinth)","5WUlDfRSoLAfcVSX1WnrxN,5fMUXHkw8R8eOP2RNVYEZX,2feDdbD5araYcm6JhFHHw7,6IZ4ctovY9dl7bgHClAvKJ","Sia,Diplo,Labrinth,LSD",69,False,204093,0.365,0.692,-4.586,0.0671,0.192,1.51e-06,0.0862,0.372,89.998,1
6Q3K9gVUZRMZqZKrXovbM2,I'll Wait,"23fqKkggKUBHNkbKtXEls4,4xnihxcoXWK3UqryOSnbw5","Kygo,Sasha Alex Sloan",69,False,215360,0.611,0.651,-6.973,0.0589,0.144,1.7e-05,0.105,0.351,122.983,1
77fvnWALKJR0ws1VUx09CY,X (with KAROL G),"7gOdHgIoIKoe4i9Tta6qdD,790FomKkXshlbRYZFtlgla","Jonas Brothers,KAROL G",69,False,185277,0.715,0.827,-5.09,0.0617,0.0485,3.61e-05,0.321,0.75,117.977,1
2poOAWEj1CStqTVPgIHZ8s,Try Me,1Xyo4u8uXC1ZmMpatF05PJ,The Weeknd,69,False,221106,0.508,0.665,-5.748,0.0694,0.629,0.00124,0.142,0.124,91.997,0
2tOOcDDYkh0PSjr6GwPEAJ,Love Me Less (feat. Quinn XCII),"1bqxdqvUtPWZri43cKHac8,3ApUX1o6oSz321MMECyIYd","MAX,Quinn XCII",69,False,177669,0.732,0.856,-2.2,0.0929,0.0828,0.0,0.323,0.771,145.034,1
72TyiiduRmczEbDIEtKQdR,Wasted Times,1Xyo4u8uXC1ZmMpatF05PJ,The Weeknd,69,True,220293,0.562,0.674,-6.049,0.0851,0.622,2.04e-05,0.111,0.293,122.699,0
0rzNMzZsubFcXSEh7dnem7,Hold Up,6vWDO969PvNqNYHIOW5v0m,Beyoncé,69,True,221093,0.524,0.397,-11.936,0.405,0.745,0.0,0.521,0.552,80.744,0
5wjmqUGN7vrAqFqDWrywlZ,Midnight Memories,4AK6F7OLvEQ5QYCBNiQWHq,One Direction,69,False,176320,0.432,0.868,-2.01,0.0882,0.00725,0.0,0.233,0.567,156.128,0
6HUnnBwYZqcED1eQztxMBN,Solo Dance,4ehtJnVumNf6xzSCDk8aLB,Martin Jensen,69,False,174933,0.744,0.836,-2.396,0.0507,0.0435,0.0,0.194,0.36,114.965,0
7EQpvVujgytLVY8vKiDHAg,bad idea,66CXWjxzNUsdJxJ2JdwvnR,Ariana Grande,69,False,267106,0.847,0.58,-5.316,0.0723,0.0276,0.0548,0.1,0.575,137.995,0
2hloaUoRonYssMuqLCBLTX,bloodline,66CXWjxzNUsdJxJ2JdwvnR,Ariana Grande,69,True,216893,0.758,0.665,-5.188,0.0774,0.0815,0.000157,0.216,0.643,151.976,0
1GNSWpe2SB30zYGbNTD96b,No Bailes Sola,"5xSx2FM8mQnrfgM1QsHniB,07YUOmWljBTXwIseAUd9TW","Danna Paola,Sebastian Yatra",69,False,180866,0.598,0.734,-3.982,0.116,0.208,0.0,0.272,0.621,179.885,1
5CqkgDH8QZjSqqI3HmYxDD,Airwaves,34LetYSjEuG2fBb4Z8PwPg,Pashanim,69,False,178932,0.885,0.578,-7.416,0.0783,0.0739,0.0903,0.102,0.388,131.999,0
3Ddny34bFoYBb8dIGq5lwp,Zoo York (feat. Fivio Foreign & Pop Smoke),"6jGMq4yGs7aQzuGsMgVgZR,14CHVeJGrR5xgUGQFV5BVM,0eDvMgVFoNV3TpwtrVCoTj","Lil Tjay,Fivio Foreign,Pop Smoke",69,True,214825,0.565,0.569,-6.084,0.379,0.0352,8.81e-06,0.106,0.303,92.466,1
7MRU4vOkywuhZ9kbFiPuiu,Si Supieras,"4VMYDCV2IEDYJArk749S6m,1wZtkThiXbVNtj6hee6dz9","Daddy Yankee,Wisin & Yandel",69,False,241880,0.691,0.894,-1.681,0.115,0.291,0.0,0.104,0.623,184.019,1
38zwkK6TtTjIW9tpYBfZ3D,Paradise,2ysnwxxNtSgbb9t1m2Ur4j,George Ezra,69,False,222044,0.642,0.881,-3.537,0.0393,0.209,0.0,0.21,0.913,138.03,0
65jw6GhwQW3Db55PxlPEpS,Be Something (feat. Lil Baby),"6AgTAQt8XS6jRWi4sX7w49,5f7VJjfbwm532GiveGC0ZK","Polo G,Lil Baby",69,True,194117,0.829,0.52,-10.34,0.294,0.0232,0.0,0.134,0.248,136.103,1
3zIG0WuI5RoJsFYnErkFDU,Don't Leave Me,3Nrfpe0tUJi4K4DXYWgMUX,BTS,68,False,227413,0.62,0.778,-4.622,0.0724,0.116,0.0,0.312,0.386,147.012,0
1kK6DwzyXJSp58u5HYWwuD,"Go Loko (feat. Tyga, Jon Z)","0A0FS04o6zMoto8OKPsDwY,5LHRHt1k9lMyONurDHEdrp,5bWUlnPx9OYKsLiUJrhCA1","YG,Tyga,Jon Z",68,True,299226,0.88,0.67,-5.177,0.0468,0.325,4.17e-06,0.0662,0.131,101.008,1
0YqTL3nSL36OFdHwHoqCag,MODO TURBO,"4PzYKhC14sTJNEr0dzoo0d,6tzRZ39aZlNqlUzQlkuhDV,7FNnA9vBm6EKceENgCGRMb","Luísa Sonza,Pabllo Vittar,Anitta",68,True,150259,0.655,0.726,-7.628,0.0796,0.334,3.13e-06,0.232,0.766,160.064,1
18O00Y7yrkJ0pRXm1n21Og,Eleven (feat. Summer Walker),"6LuN9FCkKOj5PcnpouEgny,57LYzLEk2LcFghVwuWbcuS","Khalid,Summer Walker",68,False,206080,0.679,0.408,-9.754,0.0882,0.133,0.00455,0.23,0.151,129.079,1
2fTdRdN73RgIgcUZN33dvt,"Baby, I'm Jealous (feat. Doja Cat)","64M6ah0SkkRsnPGtGiRAbb,5cj0lLjcoR7YOSnhnX0Po5","Bebe Rexha,Doja Cat",68,False,175873,0.737,0.867,-2.259,0.0458,0.0398,0.0,0.32,0.506,98.05,1
543bCW2ruMPmxUBWirQ3MR,Cross Me (feat. Chance the Rapper & PnB Rock),"6eUKZXaKkcviH0Ku9w2n3V,1anyVhU62p31KFi8MEzkbf,21WS9wngs9AqFckK7yYJPM","Ed Sheeran,Chance the Rapper,PnB Rock",68,True,206186,0.746,0.787,-6.373,0.12,0.214,0.0,0.0669,0.607,95.005,1
3JjaofJ0lCeEsFSZqppzOp,Contra La Pared,"3Isy6kedDrgPYoTS1dazA9,1vyhD5VmyZ7KMfW5gqLgo5","Sean Paul,J Balvin",68,False,224680,0.828,0.588,-7.14,0.118,0.0156,0.0,0.124,0.598,94.052,1
4M3FO0ji6Lc8vwD1sgf1nc,Born To Be Yours,"23fqKkggKUBHNkbKtXEls4,53XhwfbYqKCa1cC15pYq2q","Kygo,Imagine Dragons",68,False,193320,0.681,0.709,-5.808,0.0371,0.29,0.0,0.0979,0.456,114.02,1
7GCVboEDzfL3NKp1NrAgHR,Wrong Direction,5p7f24Rk5HkUZsaS3BLG5F,Hailee Steinfeld,68,False,248986,0.378,0.388,-9.017,0.036,0.472,0.0,0.157,0.188,72.293,0
5MFzQMkrl1FOOng9tq6R9r,Don't Wanna Know (feat. Kendrick Lamar),"04gDigrS5kc9YWfZHwBETP,2YZyLoL8N0Wb9xBt1NhZWg","Maroon 5,Kendrick Lamar",68,False,214265,0.783,0.623,-6.126,0.08,0.338,0.0,0.0975,0.447,100.048,1
6JjPBQfI2Y8nIjnm65X6Pw,X (feat. Maluma & Ozuna) - Remix,"1SupJlEpv7RS2tPNRaHViT,1vyhD5VmyZ7KMfW5gqLgo5,1r4hJ1h58CWwUQe3MxPuau,1i8SpTcr7yvPOmcqrbnVXY","Nicky Jam,J Balvin,Maluma,Ozuna",68,False,235746,0.663,0.696,-4.957,0.103,0.0561,3.77e-05,0.0778,0.738,180.113,1
2FRnf9qhLbvw8fu4IBXx78,Last Christmas,5lpH0xAS4fVfLkACg9DAuM,Wham!,68,False,262960,0.735,0.478,-12.472,0.0293,0.189,2.48e-06,0.355,0.947,107.682,0
1E1uGhNdBe6Dddbgs2KqtZ,Jumpsuit,3YQKmKGau1PzlVlkL1iodx,Twenty One Pilots,68,False,238560,0.62,0.61,-8.329,0.0373,0.00849,0.162,0.205,0.235,127.052,0
3R9j8urSPiBbapNbyuSYkE,Grinding All My Life,0EeQBlQJFiAfJeVN2vT9s0,Nipsey Hussle,68,True,175040,0.6,0.716,-5.554,0.384,0.0491,0.0,0.109,0.246,180.165,0
5HeKOKc4phmLn8e4I7EkzD,My Blood,3YQKmKGau1PzlVlkL1iodx,Twenty One Pilots,68,False,229120,0.749,0.723,-6.609,0.0432,0.0563,0.022,0.0977,0.674,108.999,0
2leIuE4fdcJoNMSKu5Yr7a,Staring At The Sun (feat. SZA),"246dkjvS1zLTtiykXe5h60,7tYKF4w9nC0nq9CsPZTHyP","Post Malone,SZA",68,True,168280,0.724,0.772,-4.389,0.184,0.248,0.0,0.308,0.347,95.074,1
39umHdGKfpnjY4TFtnoQ51,Too Much (feat. Usher),"64KEffDW9EtZ1y2vBYgq8T,5rGrDvrLOV2VV8SCFVGWlj,23zg3TcAtWQy7J6upgbUnj","Marshmello,Imanbek,Usher",68,False,165704,0.712,0.891,-2.76,0.0401,0.00415,0.0,0.258,0.735,126.012,1
3LgWsmilsrWXiPYQFRD0T7,goodbye,6qqNVTkY8uBg9cP3Jd7DAH,Billie Eilish,68,False,119409,0.153,0.138,-21.877,0.0503,0.837,0.55,0.254,0.0503,74.318,0
4SCnCPOUOUXUmCX2uHb3r7,Outta Time (feat. Drake),"2EMAnMvWE2eb56ToJVfCWs,3TVXtAsR1Inumwj472S9r4","Bryson Tiller,Drake",68,False,198821,0.714,0.582,-7.272,0.0808,0.0129,0.0,0.0774,0.338,92.819,1
5xNUR50KxswPRAvx7S163g,Come Alive,"5F1aoppMtU3OMiltO8ymJ2,7HV2RI2qNug4EcQqLbCAKS,2Rimf9z3oYDBeszSXFACRR,6sCbFbEjbYepqswM1vWjjs,63nv0hWWDob56Rk8GlNpN8","Hugh Jackman,Keala Settle,Daniel Everidge,Zendaya,The Greatest Showman Ensemble",68,False,225933,0.702,0.77,-9.411,0.128,0.00558,0.000802,0.211,0.235,118.034,1
5JEx7HbmvHQQswJCsoo9rA,Close To Me (with Diplo) (feat. Swae Lee),"0X2BH1fck6amBIoJhDVmmJ,5fMUXHkw8R8eOP2RNVYEZX,1zNqQNIdeOUZHb8zbZRFMX","Ellie Goulding,Diplo,Swae Lee",68,True,182623,0.575,0.758,-5.029,0.0618,0.0954,0.0,0.394,0.493,144.107,1
0ADG9OgdVTL7fgREP75BrZ,Ain't My Fault,1Xylc3o4UrD53lo9CvFvVg,Zara Larsson,68,False,224030,0.576,0.782,-4.825,0.0296,0.00778,0.0,0.285,0.355,141.153,0
0uDdI4fAXCuNhQbmxENdsO,Can I,0cGUm45nv7Z6M6qdXYQGTX,Kehlani,68,True,167810,0.574,0.791,-3.752,0.11,0.419,0.0,0.0982,0.612,119.537,0
28aEiMfveru430xmXhDCy3,Fuck it I love you,00FQb4jTyendYWaN8pK0wa,Lana Del Rey,68,True,218287,0.521,0.453,-10.653,0.0365,0.902,0.00124,0.127,0.2,129.9,0
0ycFQvBTfuo1LCdG0HhszL,Tattoos Together,5JZ7CnR6gTvEMKX4g70Amv,Lauv,68,True,186613,0.862,0.4,-7.486,0.0736,0.00575,7.49e-06,0.123,0.596,122.963,0
1vuUbnY82fCNjfzqjLmblw,all I know (feat. Trippie Redd),"6TIYQ3jFPwQSRmorSezPxX,6Xgp2XMz1fhVYe7i6yNAax","Machine Gun Kelly,Trippie Redd",68,True,129142,0.712,0.624,-6.911,0.067,0.0342,4.91e-05,0.0919,0.335,77.471,1
4yJiXq86uM56uIfIZgE440,me & ur ghost,2cFrymmkijnjDg9SS92EPM,blackbear,68,True,201398,0.755,0.631,-6.128,0.0261,0.0638,0.0,0.0929,0.881,100.026,0
1eTdTVIxLlhHwwA50vEzZa,nothing inside (feat. iann dior),"6TIYQ3jFPwQSRmorSezPxX,6ASri4ePR7RlsvIQgWPJpS","Machine Gun Kelly,iann dior",68,True,172234,0.561,0.81,-4.754,0.0461,0.00047,0.0,0.157,0.508,87.5,1
1DMEzmAoQIikcL52psptQL,TEST DRIVE,3MZsBdqDrRTJihTHQrO6Dq,Joji,68,True,179423,0.646,0.648,-8.602,0.0372,0.71,0.00316,0.108,0.466,75.004,0
1kwnxJNVl7cwcU98RvMBaR,Surf,4LLpKhyESsyAXpc4laK94U,Mac Miller,68,False,330506,0.828,0.182,-13.066,0.166,0.754,0.0706,0.15,0.231,147.279,0
4jXl6VtkFFKIt3ycUQc5LT,Circles,4LLpKhyESsyAXpc4laK94U,Mac Miller,68,False,170360,0.61,0.0316,-15.186,0.0486,0.896,0.00461,0.108,0.37,151.964,0
7sTtHHrD0zDpmzQzH3zegz,Consequences,4nDoRrQiYLoBzwC5BhVJzF,Camila Cabello,68,False,178466,0.455,0.292,-6.792,0.0563,0.889,0.0,0.106,0.43,84.339,0
0ZNrc4kNeQYD9koZ3KvCsy,"BIG BANK (feat. 2 Chainz, Big Sean, Nicki Minaj)","0A0FS04o6zMoto8OKPsDwY,17lzZA2AlOHwCwFALHttmp,0c173mlxpT3dSFRgMO8XPh,0hCNtLu0JehylgoiP8L4Gh","YG,2 Chainz,Big Sean,Nicki Minaj",68,True,237240,0.745,0.346,-7.709,0.331,0.00552,0.0,0.0881,0.112,203.911,1
7qq0EOPW4RRlqdvMBmdd73,Crazy Over You,41MozSoPIsD1dJM0CLPjZF,BLACKPINK,68,False,163945,0.804,0.633,-6.186,0.0612,0.0371,0.000119,0.102,0.67,115.002,0
1yFiaFeSLpw4nDYTeErRZ6,Leave Out All The Rest,6XyY86QOPPrYVGvF9ch6wz,Linkin Park,68,False,209306,0.514,0.637,-6.418,0.0363,0.213,2.24e-06,0.389,0.18,80.401,0
13wNEvWmBsWaWVtiLPRIW5,Hurt You,"1Xyo4u8uXC1ZmMpatF05PJ,3hteYQFiMFbJY7wS0xDymP","The Weeknd,Gesaffelstein",68,True,230026,0.484,0.716,-7.193,0.167,0.3,0.00214,0.112,0.365,184.131,1
2Tq2R8sRftNEqdgJK5HadO,My My My!,3WGpXCj9YhhfX11TToZcXP,Troye Sivan,68,False,204726,0.699,0.479,-7.83,0.0919,0.00433,9.58e-05,0.0435,0.462,102.959,0
209gZgcfLq2aUuu51vOWBl,Hey DJ,"0eecdvMrqBftK0M1VKhaF4,0eHQ9o50hj6ZDNBt6Ys1sD","CNCO,Yandel",68,False,206920,0.792,0.819,-5.418,0.0867,0.0309,0.0,0.389,0.433,89.98,1
7LzouaWGFCy4tkXDOOnEyM,Liar,4nDoRrQiYLoBzwC5BhVJzF,Camila Cabello,68,False,207038,0.74,0.498,-6.684,0.0456,0.0169,0.00282,0.319,0.652,98.016,0
0gb1J5UrTpzaU1s3nupgCd,No Money,4sTQVOfp9vEMCemLw50sbu,Galantis,68,False,189126,0.671,0.916,-4.014,0.0397,0.0282,0.00762,0.24,0.803,126.01,0
4nMlau89VAjmV7agkl7OY3,Fresh Eyes,2oX42qP5ineK3hrhBECLmj,Andy Grammer,68,False,198001,0.822,0.544,-6.797,0.0332,0.562,2.4e-05,0.144,0.861,122.047,0
0F13K9dwYH2zpTWiR8d628,Go2DaMoon (feat. Kanye West),"699OTQXzgjhIYAHMy9RyPD,5K4W6rqBFWDnAN6FQUkS6x","Playboi Carti,Kanye West",68,True,119737,0.693,0.434,-8.786,0.385,0.204,0.0,0.277,0.542,147.066,1
0CYDYDMUwyFYEBMWfbxozX,Cherry,00FQb4jTyendYWaN8pK0wa,Lana Del Rey,68,True,180902,0.449,0.534,-9.493,0.0494,0.048,0.0011,0.384,0.342,94.261,0
2rizacJSyD9S1IQUxUxnsK,All We Know,"69GGBxA162lTqCwzJG5jLp,4N874uPqBka1QiCvnCVOtr","The Chainsmokers,Phoebe Ryan",68,False,194080,0.662,0.586,-8.821,0.0307,0.097,0.00272,0.115,0.296,90.0,1
6lanRgr6wXibZr8KgzXxBl,A Thousand Years,7H55rcKCfwqkyDFH9wpKM6,Christina Perri,68,False,285120,0.421,0.407,-7.445,0.0267,0.309,0.000961,0.11,0.161,139.028,0
4Pu0a2TuHOYtI4CCE3HEXI,Sigues Con El - Remix,"4SsVbpTthjScTS7U2hmr1X,77ziqFxp5gaInVrF2lj4ht,5lwmRuXgjX8xIwlnauTZIP","Arcangel,Sech,Romeo Santos",68,False,189566,0.747,0.693,-2.97,0.298,0.102,2.61e-06,0.0872,0.736,175.994,1
1le5DusoKra9I92ExgBWYK,Beautiful,4GvEc3ANtPPjt1ZJllr5Zl,Bazzi,68,False,178242,0.666,0.677,-5.743,0.0326,0.214,0.0,0.0979,0.178,100.014,0
5HDPtsnyb3maFmPL8LLUTG,New Man,6eUKZXaKkcviH0Ku9w2n3V,Ed Sheeran,68,False,189280,0.78,0.745,-3.97,0.145,0.0559,0.0,0.0595,0.862,94.026,0
5tFep7dXGd7vEJ668wTPux,Both (feat. Drake),"13y7CgLHjMVRMDqxdx0Xdo,3TVXtAsR1Inumwj472S9r4","Gucci Mane,Drake",68,True,190311,0.85,0.405,-7.509,0.225,0.119,0.000118,0.0707,0.344,139.976,1
0eeeyCAGnGZInPtpkdYiPa,Jamais Vu,3Nrfpe0tUJi4K4DXYWgMUX,BTS,68,False,227275,0.608,0.47,-6.73,0.0428,0.226,0.0,0.0963,0.241,81.0,0
6fenHIxXuuzKB55wY4WCHP,God Is A Dancer (with Mabel),"2o5jDhtHVPhrJdv3cEQ99Z,1MIVXf74SZHmTIp4V4paH4","Tiësto,Mabel",68,False,168125,0.774,0.747,-3.908,0.082,0.0241,6.11e-06,0.342,0.833,119.964,1
6m2LNopVJKsvBB9l7Z1rwn,Olha A Explosão,1mXAhKnZEdF6rotyyd4GBi,MC Kevinho,68,False,162053,0.774,0.611,-2.883,0.134,0.109,0.0,0.0805,0.388,89.995,0
6y2Kaz9QI01XBKJ8mTb7Pf,Skin,4f9iBmdUOhQWeP7dcAn1pf,Rag'n'Bone Man,68,False,239626,0.564,0.745,-7.733,0.31,0.265,0.0,0.147,0.351,170.661,0
0dSIrRkA4PadGll16TgbnV,PICK IT UP (feat. A$AP Rocky),"0WOxhx4hikIsyF3CRPLC8W,13ubrt8QOOCPljQ2FL1Kca","Famous Dex,A$AP Rocky",68,True,191251,0.921,0.467,-8.443,0.119,0.0149,0.000238,0.334,0.287,135.995,1
7BEPdOI0neT6p7PnLViqmH,Bajo La Mesa,"5C4PDR4LnhZTbVnKWXuDKD,07YUOmWljBTXwIseAUd9TW","Morat,Sebastian Yatra",68,False,157080,0.716,0.624,-5.398,0.0739,0.238,0.0,0.128,0.783,90.983,1
096YtKWNRXdmYKFLelSBto,Still Goin Down,4oUHIQIBe0LHzYfvXNW4QM,Morgan Wallen,68,False,186293,0.58,0.751,-5.078,0.0267,0.49,0.0,0.277,0.718,148.108,0
7A20WnLkjtZU2d7hIB6Ziu,Start Wit Me (feat. Gunna),"757aE44tKEUQEqRuT6GnEB,2hlmm7s2ICUX0LVIhVFlZQ","Roddy Ricch,Gunna",68,True,158691,0.886,0.479,-8.054,0.334,0.077,0.0,0.135,0.408,130.029,1
2B94bbI1a4LyBpK1439oP7,Cuerpo en Venta,"3RtNN1VnooWEn3KQk03DUL,7iK8PXO48WeuP03g8YR51W,1mcTU81TzQhprhouKaTkpq,6P6GTRTigHBp8ZesNtpCKH","Noriel,Myke Towers,Rauw Alejandro,Almighty",68,False,254413,0.696,0.601,-5.749,0.302,0.161,0.0,0.0974,0.408,91.924,1
6MDdceLYec4AxohmorE4vH,Face Of My City (feat. Lil Baby),"2LIk90788K0zvyj2JJVwkJ,5f7VJjfbwm532GiveGC0ZK","Jack Harlow,Lil Baby",68,True,123446,0.74,0.566,-8.389,0.32,0.0034,0.0,0.589,0.342,156.197,1
2qsQ8eVDPmobZpvDxQCVQu,Barbie Tingz,0hCNtLu0JehylgoiP8L4Gh,Nicki Minaj,68,True,191699,0.917,0.679,-6.083,0.266,0.0867,0.0,0.588,0.453,102.449,0
5bvnqVuq7UFl0txSlHpsfS,LOYAL (feat. Drake),"2HPaUgqeutzr3jx5a9WyDV,3TVXtAsR1Inumwj472S9r4","PARTYNEXTDOOR,Drake",68,False,197973,0.866,0.53,-6.347,0.0495,0.517,0.00159,0.0946,0.203,104.952,1
104buTcnP2AsxqB7U1FIZ4,Heavy (feat. Kiiara),"6XyY86QOPPrYVGvF9ch6wz,4u5smJBskI6Adzv08PuiUP","Linkin Park,Kiiara",68,True,169800,0.59,0.671,-6.098,0.0706,0.0484,0.0,0.0604,0.438,149.982,1
1uL78kFWxhz3umTMWJu8n5,Sauce It Up,4O15NlyKLIASxsJ0PrXPfz,Lil Uzi Vert,68,True,207038,0.813,0.528,-6.305,0.313,0.0715,0.0,0.125,0.131,79.532,0
5fc6rQgAKiLutfUYWQ6QnJ,Helium,5WUlDfRSoLAfcVSX1WnrxN,Sia,68,False,252320,0.409,0.413,-6.722,0.0296,0.461,0.0,0.0765,0.13,137.02,0
7MRY4VpCuZvBmFda6ZCk2G,Love It If We Made It,3mIj9lX2MWuHmhNCA7LSCW,The 1975,68,True,252925,0.479,0.727,-5.369,0.0357,0.000718,1.97e-05,0.0644,0.0577,180.09,0
74cVJfmK18rhWnscIpGXjt,Thru Your Phone,4kYSro6naA4h99UJvo89HB,Cardi B,68,True,188523,0.837,0.549,-5.722,0.167,0.17,0.0,0.057,0.209,121.954,0
5QvBXUm5MglLJ3iBfTX2Wo,RUNNING OUT OF TIME,4V8LLVI7PbaPR0K2TGSxFF,"Tyler, The Creator",68,True,177226,0.36,0.391,-10.6,0.0528,0.296,0.000406,0.129,0.162,84.281,0
2jt2WxXMCD4zjACthkJQVE,The Ringer,7dGJo4pcD2V6oG8kP0tJRR,Eminem,68,True,337941,0.939,0.551,-9.126,0.291,0.0311,0.0,0.192,0.42,118.552,0
3y3brCCecHC3Db18aIOnny,"Carry On (from the Original Motion Picture ""POKÉMON Detective Pikachu"")","23fqKkggKUBHNkbKtXEls4,5CCwRZC6euC8Odo6y9X8jr","Kygo,Rita Ora",68,False,215315,0.591,0.705,-6.519,0.079,0.381,0.000116,0.131,0.27,121.799,1
2dfHh7ECGxfNqZTQno09Vk,Hearts Don't Break Around Here,6eUKZXaKkcviH0Ku9w2n3V,Ed Sheeran,68,False,248413,0.604,0.366,-7.881,0.0267,0.719,0.0,0.162,0.181,105.177,0
3Lfiu5sZ4M4B6JaKMBc0FU,Barcelona,6eUKZXaKkcviH0Ku9w2n3V,Ed Sheeran,68,False,191146,0.747,0.76,-4.294,0.187,0.448,0.0,0.153,0.682,99.975,0
03iCbZaM4OkRR4We6wIzvx,IDOL,"3Nrfpe0tUJi4K4DXYWgMUX,0hCNtLu0JehylgoiP8L4Gh","BTS,Nicki Minaj",68,False,260233,0.709,0.857,-3.394,0.0881,0.00219,0.0,0.103,0.446,126.038,1
6qDF4wWL49CAVbgT7yuHl8,Sigo Extrañándote,1vyhD5VmyZ7KMfW5gqLgo5,J Balvin,68,False,201280,0.889,0.853,-4.26,0.241,0.154,0.000107,0.205,0.922,93.022,0
2RxC2peY3FtrurYmbbmanr,Qué Maldición,"2C6i0I5RiGzDKN9IAF8reh,7hJcb9fa4alzcOq3EaNPoG","Banda MS de Sergio Lizárraga,Snoop Dogg",68,False,203360,0.755,0.531,-8.051,0.196,0.213,0.0,0.13,0.683,177.951,1
4SZepBIPDRwPaHIjAKwRDb,R.I.P. SCREW,0Y5tJX1MQlPlqiwlOH1tJY,Travis Scott,68,True,185610,0.607,0.609,-5.978,0.291,0.389,1.6e-05,0.111,0.556,74.946,0
0gWbAFRcUyZKdfUxEOuOiD,Por Primera Vez,"28gNT5KBp7IjEOQoevXf9N,52qzWdNUp6ebjcNsvgZSiC","Camilo,Evaluna Montaner",68,False,183546,0.716,0.588,-3.952,0.116,0.152,0.0,0.0847,0.707,165.896,1
1xWH8zYtDeS9mW1JJG23VZ,R.E.M,66CXWjxzNUsdJxJ2JdwvnR,Ariana Grande,68,True,245666,0.831,0.485,-6.677,0.15,0.375,1.47e-05,0.118,0.622,80.022,0
3umS4y3uQDkqekNjVpiRUs,El Amante,1SupJlEpv7RS2tPNRaHViT,Nicky Jam,68,False,219506,0.683,0.691,-5.535,0.0432,0.243,0.0,0.14,0.732,179.91,0
11VApNQCWLJdzxWrlmwzUa,Say So (feat. Nicki Minaj),"5cj0lLjcoR7YOSnhnX0Po5,0hCNtLu0JehylgoiP8L4Gh","Doja Cat,Nicki Minaj",68,True,206220,0.856,0.641,-4.64,0.204,0.119,4.97e-06,0.427,0.745,111.004,1
2hfoyc7ve6xM4ZEiNIiU1B,Gimme Love,3MZsBdqDrRTJihTHQrO6Dq,Joji,68,False,214557,0.482,0.631,-6.917,0.0986,0.696,0.0242,0.209,0.0743,126.576,0
3F1P0QzdXtBz0MXy7KIO5w,Fever,"6M2wZ9GZgrQXHCFfjv46we,3QVolfxko2UyCOtexhVTli","Dua Lipa,Angèle",68,False,156910,0.868,0.693,-7.052,0.181,0.0597,0.00399,0.106,0.396,114.999,1
6sIbv1oWOuma2qV907MUbk,1x1 (feat. Nova Twins),"1Ffb6ejR6Fe5IamqA5oRUF,7I95CM75shzCjHuTzrepjM","Bring Me The Horizon,Nova Twins",68,True,209598,0.452,0.937,-3.346,0.161,0.000209,3.61e-06,0.606,0.604,164.032,1
5LZtB6nxvjIhUoElp3Zqk0,Teach Me How To Love,7n2wHs1TKAczGzO7Dd2rGr,Shawn Mendes,68,False,202356,0.592,0.885,-4.944,0.0807,0.0505,2.38e-06,0.0843,0.731,98.991,0
5zj8WNkBrEzlI5FKeYV4ol,La Luz,"77ziqFxp5gaInVrF2lj4ht,1vyhD5VmyZ7KMfW5gqLgo5","Sech,J Balvin",68,False,216746,0.665,0.697,-4.819,0.154,0.427,1.39e-05,0.599,0.556,94.053,1
7h0d2h0fUmzbs7zeFigJPn,HIGHEST IN THE ROOM (feat. ROSALÍA & Lil Baby) - REMIX,"0Y5tJX1MQlPlqiwlOH1tJY,7ltDVBr6mKbRvohxheJ9h1,5f7VJjfbwm532GiveGC0ZK","Travis Scott,ROSALÍA,Lil Baby",68,True,244873,0.559,0.491,-6.406,0.0346,0.0567,0.0,0.0992,0.114,153.131,1
63h44N1oLElnzut7RxZt6Z,why are you here,6TIYQ3jFPwQSRmorSezPxX,Machine Gun Kelly,68,True,175776,0.559,0.889,-3.995,0.0434,0.00607,0.0,0.476,0.628,129.063,0
4sjiIpEv617LDXaidKioOI,223's (feat. 9lokknine),"1cNDP5yjU5vjeR8qMf4grg,0ceH34CATvfgphxnLRWFkm","YNW Melly,9lokknine",68,True,176640,0.932,0.547,-7.787,0.333,0.0388,0.0,0.0924,0.695,94.998,1
3rPAD722s5FFNnwjC91t7Z,Quiere Beber,2R21vXR83lH98kGeO99Y66,Anuel AA,68,False,187125,0.773,0.57,-3.482,0.113,0.372,0.00524,0.108,0.772,95.038,0
6yVkakCN460KOVol9ZazjH,Reggaetonera,2R21vXR83lH98kGeO99Y66,Anuel AA,68,True,212312,0.694,0.796,-4.164,0.0565,0.48,0.000384,0.108,0.515,93.064,0
2XMTqoHHSH0lvuXrvIEdco,Capsize,"7xEFii6utZmQ61kX59HmLH,1oKdM70mJD8VvDOTKeS8t1","FRENSHIP,Emily Warren",68,False,237706,0.683,0.708,-6.244,0.0305,0.0398,0.155,0.686,0.355,92.991,1
5WvAo7DNuPRmk4APhdPzi8,No Brainer,"0QHgL1lAIqAw0HtD7YldmP,1uNFoZAHBGtllmzznpCI3s,0VRj0yCOv2FXJNP47XQnx5,1anyVhU62p31KFi8MEzkbf","DJ Khaled,Justin Bieber,Quavo,Chance the Rapper",68,True,260000,0.552,0.76,-4.706,0.342,0.0733,0.0,0.0865,0.639,135.702,1
6qI0MU175Dk2DeoUjlrOpy,911,1HY2Jd0NmPuamShAr6KMms,Lady Gaga,68,False,172133,0.789,0.813,-4.563,0.0374,0.0294,2.07e-06,0.519,0.42,116.007,0
0xIVvRmjztR1AwuHrkhH41,Addicted To You,1vCWHaC5f2uS3yhpwWbIA6,Avicii,68,False,148386,0.569,0.785,-4.057,0.0457,0.0505,1.12e-06,0.086,0.303,128.031,0
7iV733e1KacKrFRaBNxVEf,Intro: Serendipity,3Nrfpe0tUJi4K4DXYWgMUX,BTS,68,False,139971,0.476,0.581,-8.795,0.12,0.523,0.0,0.201,0.282,129.568,0
0hPLZrnDgtKxrym1BHjDhd,can't leave without it,1URnnhqYAYcrqrcwql10ft,21 Savage,68,True,205351,0.872,0.591,-6.952,0.359,0.111,0.0,0.144,0.696,131.982,0
2XSO13Gyndo7MDdtYibIxO,Screw Juice,4MCBfE4596Uoi2O4DtmEMz,Juice WRLD,68,True,179464,0.595,0.528,-7.371,0.0935,0.082,0.0,0.142,0.515,150.073,0
3EtyEzMpfKSaoVhPunvbRV,Leave Me Alone,6fOMl44jA4Sp5b9PpYCkzz,NF,68,False,308651,0.722,0.741,-3.72,0.19,0.249,0.0,0.151,0.46,162.11,0
1kMUGCt7XLDc5Q64Vl0H8S,Bellacoso,"5GcWBUX00IPuWVGMIRK1sS,4q3ewBCX7sLwd24euuV69X","Residente,Bad Bunny",68,True,257864,0.774,0.851,-2.795,0.255,0.0651,0.0,0.0568,0.695,180.086,1
0Zbbxnx4SGGHoIow4PpISP,Stargazing,"23fqKkggKUBHNkbKtXEls4,1QDrz3DMMaz3TB1cm0PGDu","Kygo,Justin Jesso",68,False,236853,0.677,0.497,-5.763,0.0809,0.152,0.0,0.0911,0.419,99.137,1
5lw8Mgb4LyhriPIC86gV6e,RNP (feat. Anderson .Paak),"0huGjMyP507tBCARyzSkrv,3jK9MiCrA42lLAdMGUZpwa","Cordae,Anderson .Paak",68,True,175827,0.611,0.714,-4.696,0.856,0.184,0.0,0.145,0.628,196.043,1
6RsRMf9e4KUyo3MecGffNL,I Want It,4MCBfE4596Uoi2O4DtmEMz,Juice WRLD,68,True,173113,0.288,0.638,-6.935,0.0779,0.133,8.16e-05,0.14,0.147,66.424,0
2ezpl1QGsrICxQwl039Yoe,Outro : Ego,3Nrfpe0tUJi4K4DXYWgMUX,BTS,68,False,196198,0.808,0.903,-3.106,0.0958,0.0121,0.000233,0.0993,0.473,116.988,0
2Nib4r0saYQf2pUV4RFDhl,Interlude : Shadow,3Nrfpe0tUJi4K4DXYWgMUX,BTS,68,False,259821,0.385,0.798,-6.439,0.483,0.115,0.0,0.181,0.141,149.756,0
56fiFTRrSiHHH3gBeaTg2P,Nero Forte,05fG473iIaoy82BF1aGhL8,Slipknot,68,True,315177,0.336,0.978,-2.358,0.0846,0.000437,0.000525,0.138,0.496,129.842,0
5qFeMRz4TvetPmzjre9Dq7,No Es Justo,"1vyhD5VmyZ7KMfW5gqLgo5,21451j1KhjAiaYKflxBjr1","J Balvin,Zion & Lennox",68,False,250840,0.684,0.811,-4.494,0.0714,0.161,0.000363,0.0871,0.721,87.866,1
06LFFPPS7MylCZXps3cO4m,Who Shot Cupid?,4MCBfE4596Uoi2O4DtmEMz,Juice WRLD,68,True,214245,0.758,0.932,-2.809,0.0372,0.0558,0.0,0.097,0.592,125.993,0
6vSwxzO2Qf4BinHSXRwZJe,Tenerife Sea,6eUKZXaKkcviH0Ku9w2n3V,Ed Sheeran,68,False,241346,0.53,0.346,-10.497,0.0376,0.697,1.07e-05,0.105,0.359,121.876,0
0ZiRSqlSsDlY0UyDYU9CTE,Unforgettable,6x2LnllRG5uGarZMsD4iO8,Thomas Rhett,68,False,157080,0.66,0.745,-5.499,0.0307,0.0294,0.0002,0.0831,0.828,130.074,0
3xaugmCyXrVkrDTXbFkMW3,Sanctuary,3MZsBdqDrRTJihTHQrO6Dq,Joji,68,False,180018,0.552,0.65,-7.199,0.128,0.422,0.000275,0.372,0.316,167.788,0
2D3z17LBMJ2HEHeBFFjTLi,Reggaeton,1vyhD5VmyZ7KMfW5gqLgo5,J Balvin,68,False,158800,0.747,0.74,-4.325,0.191,0.0165,9.94e-05,0.101,0.552,176.059,0
5Fla3zyOCcIRqrDoKLU0DP,Let You Love Me,5CCwRZC6euC8Odo6y9X8jr,Rita Ora,68,False,191120,0.475,0.846,-3.344,0.283,0.275,0.0,0.0824,0.451,96.036,0
7wC5eZcFS1Q1BsQ35DU6H4,come out and play,6qqNVTkY8uBg9cP3Jd7DAH,Billie Eilish,68,False,210375,0.64,0.321,-14.604,0.0931,0.693,0.0307,0.114,0.177,145.045,0
2S93hylQBYLndMnaJuso8S,"Nicki Nicole: Bzrp Music Sessions, Vol. 13","716NhGYqD1jl2wI1Qkgq36,2UZIAOlrnyZmyzt1nuXr9y","Bizarrap,Nicki Nicole",68,False,143291,0.81,0.471,-5.047,0.0496,0.00554,0.000197,0.134,0.391,75.003,1
1D2L6MefbXon28PzIk9I3r,92 Explorer,246dkjvS1zLTtiykXe5h60,Post Malone,68,True,211426,0.798,0.733,-4.811,0.0476,0.265,1.25e-06,0.114,0.861,146.046,0
1pWYnQIlqxTh5bxuPmTG4E,Desde Esa Noche (feat. Maluma),"23wEWD21D4TPYiJugoXmYb,1r4hJ1h58CWwUQe3MxPuau","Thalia,Maluma",68,False,227693,0.78,0.929,-0.739,0.0532,0.171,0.0,0.0677,0.837,95.012,1
2T5NBwKRySiCR78vVk08vr,BLIND (feat. Young Thug),"4r63FhuTkUYltbVAg5TQnk,50co4Is1HCEo8bhOyUWKpn","DaBaby,Young Thug",68,True,153466,0.709,0.679,-6.503,0.346,0.0115,0.0,0.0971,0.754,162.973,1
1YaLBadQjS701ZLZRGjPMX,queen of broken hearts,2cFrymmkijnjDg9SS92EPM,blackbear,68,True,171171,0.716,0.711,-6.098,0.0769,0.00644,0.0,0.0783,0.827,97.016,0
04cd1MHVq1D8v1nuTZoCdv,Puntos Suspensivos,4bw2Am3p9ji3mYsXNXtQcd,Piso 21,68,False,186315,0.823,0.731,-3.399,0.103,0.175,0.0,0.131,0.952,152.024,0
7hav1MHURQf5SAoPk0egqh,Baby Pluto,4O15NlyKLIASxsJ0PrXPfz,Lil Uzi Vert,68,True,210261,0.772,0.634,-6.101,0.212,0.135,0.0,0.432,0.671,160.052,0
6jmngk8Fwup05JZ6kgXEGX,Walking The Wire,53XhwfbYqKCa1cC15pYq2q,Imagine Dragons,68,False,232906,0.539,0.768,-5.344,0.0336,0.0168,1.43e-06,0.0939,0.12,99.961,0
5ug4vqGZ3eisGhY1IsziNX,Best Part of Me (feat. YEBBA),"6eUKZXaKkcviH0Ku9w2n3V,1ooV8YZC1KbpEcrmI8WH0F","Ed Sheeran,Yebba",68,False,243266,0.565,0.242,-8.367,0.0318,0.762,9.3e-06,0.285,0.237,81.657,1
0TvQLMecTE8utzoNmvXRbK,Bad Blood,06HL4z0CvFAxyc27GXpf02,Taylor Swift,68,False,211933,0.652,0.802,-6.114,0.181,0.0871,6.45e-06,0.148,0.295,170.157,0
3oh6SCCeLuXhFpEyepla6G,Thotiana,3Fl1V19tmjt57oBdxXKAjJ,Blueface,68,True,129264,0.906,0.382,-12.89,0.269,0.18,0.0,0.113,0.391,104.025,0
4QtiVmuA88tPQiCOHZuQ5b,"1, 2, 3 (feat. Jason Derulo & De La Ghetto)","0haZhu4fFKt0Ag94kZDiz2,07YZf4WDAMNwqr4jfgOZ8y,3EiLUeyEcA6fbRPSHkG5kb","Sofía Reyes,Jason Derulo,De La Ghetto",68,False,201526,0.792,0.895,-3.112,0.0589,0.165,0.0,0.0501,0.794,94.968,1
5jbDih9bLGmI8ycUKkN5XA,Perfect,4xRYI6VqpkE3UwrDrAZL8L,Logic,68,True,100291,0.769,0.829,-5.228,0.0661,0.00948,6.65e-05,0.301,0.648,159.943,0
5WnfnSpuNEGXyEt78PBA6d,"Costa Rica (with Bas & JID feat. Guapdad 4000, Reese LAFLARE, Jace, Mez, Smokepurpp, Buddy & Ski Mask The Slump God)","1iNqsUDUraNWrj00bqssQG,70gP6Ry4Uo0Yx6uzPIdaiJ,6U3ybJ9UHNKEdsH7ktGBZ7,0NcPKaSNIHAM2RfioH9vMT,07V3atNq2TyPNDYmzp6Dyy,0vaKiuLwFJLVU664A8GTjE,30C5wgn4celhRP3Tytv7R6,21dooacK2WGBB5amYvKyfM,6PDLwWvgYNMfBRLqC1h5cJ,2rhFzFmezpnW82MNqEKVry","Dreamville,Bas,JID,Guapdad 4000,Reese LAFLARE,Jace,Mez,Smokepurpp,Buddy,Ski Mask The Slump God",68,True,217866,0.642,0.647,-6.312,0.428,0.517,0.0,0.0649,0.664,120.749,1
3A7qX2QjDlPnazUsRk5y0M,2U (feat. Justin Bieber),"1Cs0zKBU1kc0i8ypK3B9ai,1uNFoZAHBGtllmzznpCI3s","David Guetta,Justin Bieber",68,False,194896,0.548,0.65,-5.827,0.0591,0.219,0.0,0.225,0.557,144.937,1
4QfZYDhGZc0T2RDvGiI69E,Singapur,"2oQX8QiMXOyuqbcZEFsZfm,2iI5KWXLjw1tqLQsdjuo0e","El Alfa,Chael Produciendo",68,False,178407,0.853,0.909,-2.473,0.229,0.0522,0.0223,0.129,0.803,112.987,1
6GzApXoBQiiAjak3tOQfV3,Lie To Me (feat. Julia Michaels),"5Rl15oVamLq7FbSb0NNBNy,0ZED1XzwlLHW4ZaG4lOT6m","5 Seconds of Summer,Julia Michaels",68,False,149877,0.611,0.52,-5.445,0.0346,0.0132,0.0,0.105,0.771,159.927,1
4SPu0Ql902hTVXkBoNIYtq,NASA,66CXWjxzNUsdJxJ2JdwvnR,Ariana Grande,68,False,182000,0.737,0.461,-6.887,0.293,0.447,0.0,0.268,0.481,75.005,0
5mqzhMuUpvnMfwNz6iepmO,"Welcome to the Party (with French Montana & Lil Pump, feat. Zhavia Ward) - from Deadpool 2","5fMUXHkw8R8eOP2RNVYEZX,6vXTefBL93Dj5IqAWq6OTv,3wyVrVrFCkukjdVIdirGVY,1CO6e7WRJvSFenmQO8n64C","Diplo,French Montana,Lil Pump,Zhavia Ward",68,True,181720,0.618,0.845,0.175,0.132,0.114,0.0,0.415,0.486,171.921,1
1wC93sZRGcTgKLN2UWRSwW,Perfect Places,163tK9Wjr9P9DmM0AVK7lm,Lorde,68,True,221874,0.621,0.574,-5.325,0.0555,0.00289,3.04e-05,0.128,0.537,104.344,0
4lD7gHKF1e8Y9stQuVezZB,ghostin,66CXWjxzNUsdJxJ2JdwvnR,Ariana Grande,68,False,271466,0.396,0.358,-8.294,0.0292,0.422,1.71e-05,0.19,0.111,103.807,0
5DV4ZSCqbFv74ui3ZhimXo,Coño,"07YZf4WDAMNwqr4jfgOZ8y,3ADyFy1orEwODaiHmRRMQp,3aAX2y0amckZ7WcWoz2f2o","Jason Derulo,Puri,Jhorrmountain",68,True,111852,0.899,0.528,-5.442,0.181,0.000554,0.0101,0.105,0.456,100.037,1
2KoHxhRyWxJzA0VafWd5Nk,My Oasis (feat. Burna Boy),"2wY79sveU1sp5g7SokKOiI,3wcj11K77LjEY1PkEazffa","Sam Smith,Burna Boy",68,False,179916,0.691,0.474,-8.742,0.0583,0.569,0.000626,0.099,0.381,143.783,1
2Pr1nZpt8A8WP7QYpyq6L3,Wildflowers,2UZMlIwnkgAEDBsw1Rejkn,Tom Petty,68,False,190320,0.537,0.315,-13.79,0.0271,0.588,2.29e-05,0.206,0.575,86.813,0
3Y7MHz19qCg1Pkxridtu1k,The Archer,06HL4z0CvFAxyc27GXpf02,Taylor Swift,68,False,211240,0.277,0.573,-9.374,0.0407,0.12,0.00556,0.0663,0.17,124.341,0
3YNcQUeVOpM3SDmwBeGfMK,A Un Passo Dalla Luna,"0L1f9i3L3fkMNENljDOsjG,6k8mwkKJKKjBILo7ypBspl","Rocco Hunt,Ana Mena",68,False,167313,0.755,0.78,-5.324,0.0429,0.39,0.0,0.34,0.897,121.97,1
34FbkFgAbv4ffvhL2XQMVm,Jolie nana,7IlRNXHjoOCgEAWN5qYksg,Aya Nakamura,68,False,147076,0.813,0.64,-5.908,0.272,0.269,0.0,0.131,0.488,92.989,0
447yWcDPg1ddgcHBLGpJC0,Better Not (with Wafia),"7wg1qvie3KqDNQbAkTdbX0,0FL2d6iFFNAV3yBUbXjZ1U","Louis The Child,Wafia",68,False,222865,0.783,0.537,-2.921,0.0749,0.278,0.0,0.229,0.392,113.977,1
4Wjhj0WjkyECccfHVIgaTq,Trust Issues,3TVXtAsR1Inumwj472S9r4,Drake,68,True,281518,0.421,0.539,-5.456,0.274,0.779,0.0,0.111,0.523,89.177,0
598yNsG1JFrGd4n2kMoz7F,Woah,5f7VJjfbwm532GiveGC0ZK,Lil Baby,68,True,183011,0.882,0.602,-5.554,0.245,0.0177,0.0,0.178,0.43,142.959,0
0H1Had94fszD13qsFsP1U5,Sex with My Ex,2kCcBybjl3SAtIcwdWpUe3,Lil Peep,68,True,213640,0.497,0.77,-4.298,0.0757,0.0472,0.0,0.102,0.47,167.892,0
214nt20w5wOxJnY462klLw,Miss Americana & The Heartbreak Prince,06HL4z0CvFAxyc27GXpf02,Taylor Swift,68,False,234146,0.662,0.747,-6.926,0.0736,0.028,0.00615,0.138,0.487,150.088,0
3fpVWegR6YOS1Yk5HSMYIq,Paranoid,246dkjvS1zLTtiykXe5h60,Post Malone,68,False,221786,0.625,0.536,-5.428,0.0776,0.038,2.31e-05,0.167,0.253,159.914,0
2bzitsPcImYC6DZWvvLCQi,"Zero - From the Original Motion Picture ""Ralph Breaks The Internet""",53XhwfbYqKCa1cC15pYq2q,Imagine Dragons,68,False,210933,0.634,0.662,-7.543,0.0325,0.000479,0.00142,0.111,0.244,90.011,0
09IOPhEh1OMe0HD9b36FJk,Over Now,246dkjvS1zLTtiykXe5h60,Post Malone,68,True,246986,0.569,0.777,-4.041,0.0834,0.139,0.0,0.132,0.181,164.027,0
4zxpssj8DyrfZcEUSUiNxG,Ring Ring (with Rvssian feat. Clever),"4MCBfE4596Uoi2O4DtmEMz,1fctva4kpRbg2k3v7kwRuS,5yy76ufVriyvidNSvXlRU1","Juice WRLD,Rvssian,Clever",68,True,171816,0.581,0.673,-4.421,0.0549,0.0768,0.0,0.4,0.621,160.073,1
7dNwJbsT0sg1le5kVugGJb,Bubalu,"4obzFoKoKRHIphyHzJ35G3,3MHaV05u0io8fQbZ2XPtlC,64aJYyrXljOodnUG6jvhRD,2T1aUibqR2QC2sINIDQOAK,2R21vXR83lH98kGeO99Y66","Becky G,Prince Royce,DJ Luian,Mambo Kingz,Anuel AA",68,False,228493,0.8,0.355,-10.47,0.0895,0.616,0.0,0.118,0.253,145.929,1
3qM0vBxIe4VUbK0Z0smuVP,Medusa,"0EFisYRi20PTADoJrifHrz,2R21vXR83lH98kGeO99Y66,1vyhD5VmyZ7KMfW5gqLgo5","Jhay Cortez,Anuel AA,J Balvin",68,True,305333,0.886,0.604,-7.293,0.208,0.194,3.15e-06,0.107,0.383,98.023,1
7ikRId3U9AXd6tfF2fbItC,Rodeo - feat. Nas,"7jVv8c5Fj3E9VhNjxT4snq,20qISvAhX20dpIbOOzGK3q","Lil Nas X,Nas",68,True,145222,0.65,0.637,-6.195,0.0369,0.0814,0.000607,0.51,0.575,140.115,1
6UjZ2Yx2g2a52XxiA8ONxZ,Outnumbered,5KNNVgR6LBIABRIomyCwKJ,Dermot Kennedy,68,False,245699,0.614,0.684,-5.79,0.157,0.247,0.0,0.0976,0.258,156.85,0
6IaieqiCVvsNvEt6Y7yOFa,Ball For Me (feat. Nicki Minaj),"246dkjvS1zLTtiykXe5h60,0hCNtLu0JehylgoiP8L4Gh","Post Malone,Nicki Minaj",68,True,206266,0.797,0.55,-4.166,0.24,0.513,0.0,0.0786,0.543,134.206,1
25F6MWrnFBCXVnpN4n76EK,Keanu Reeves,4xRYI6VqpkE3UwrDrAZL8L,Logic,67,True,225920,0.71,0.888,-6.457,0.235,0.0591,0.0,0.134,0.816,170.193,0
3tDqEKKUs6gf8zMvSuLyLA,Commercial (feat. Lil Uzi Vert),"5f7VJjfbwm532GiveGC0ZK,4O15NlyKLIASxsJ0PrXPfz","Lil Baby,Lil Uzi Vert",67,True,214214,0.892,0.486,-8.637,0.384,0.048,0.0,0.146,0.535,120.998,1
0AtP8EkGPn6SwxKDaUuXec,Remember The Name (feat. Eminem & 50 Cent),"6eUKZXaKkcviH0Ku9w2n3V,7dGJo4pcD2V6oG8kP0tJRR,3q7HBObVc0L8jNeTe5Gofh","Ed Sheeran,Eminem,50 Cent",67,True,207760,0.852,0.666,-6.923,0.184,0.135,0.0,0.798,0.726,91.046,1
34PhB0kHT00utubP3aTau8,Burn The Hoods,2rhFzFmezpnW82MNqEKVry,Ski Mask The Slump God,67,True,102960,0.871,0.715,-7.828,0.147,0.196,0.0,0.14,0.378,150.955,0
6XbuJHhqugUVdJbTdshUEL,Melek,1Fg19vpUJpAAPFjnKaVYVW,Reynmen,67,False,154923,0.569,0.642,-5.16,0.055,0.152,0.0,0.236,0.285,180.076,0
4qqArAiTPueDxIp7cf87h7,Final Song,0bdfiayQAKewqEvaU6rXCv,MØ,67,False,235826,0.695,0.672,-6.109,0.0345,0.014,7.95e-05,0.0756,0.245,104.988,0
1mpD5Q8IM32I4bF6eCpU74,Up All Night,6LuN9FCkKOj5PcnpouEgny,Khalid,67,False,157220,0.665,0.712,-7.536,0.0527,0.00103,0.00333,0.102,0.669,93.992,0
4SIB2yxKoFOrbkjA4zfQbB,Beautiful Pain (Losin My Mind),6AgTAQt8XS6jRWi4sX7w49,Polo G,67,True,171441,0.597,0.477,-9.638,0.642,0.137,0.0,0.113,0.512,80.382,0
6Zc5f20q7sOe1IC1c1jQvZ,Without Me (with Juice WRLD),"26VFTg2z8YR0cCuwLzESi2,4MCBfE4596Uoi2O4DtmEMz","Halsey,Juice WRLD",67,True,228816,0.744,0.514,-6.103,0.0746,0.355,0.0,0.184,0.449,136.013,1
0lnIJmgcUpEpe4AZACjayW,Sorry,6vWDO969PvNqNYHIOW5v0m,Beyoncé,67,True,232560,0.775,0.598,-7.274,0.0535,0.00175,4.44e-06,0.253,0.356,129.988,0
7wsmIIm0xWmtP7TmACXkJn,Oprah’s Bank Account (Lil Yachty & DaBaby feat. Drake),"6icQOAFXDZKsumw3YXyusw,4r63FhuTkUYltbVAg5TQnk,3TVXtAsR1Inumwj472S9r4","Lil Yachty,DaBaby,Drake",67,True,206702,0.836,0.617,-4.363,0.0534,0.17,0.0,0.319,0.866,138.066,1
3X7H1FAiWAW937WvsFeMhe,One Too Many,"0u2FHSq3ln94y5Q57xazwf,1KCSPY1glIKqW2TotWuXOR","Keith Urban,P!nk",67,False,203893,0.697,0.535,-6.504,0.068,0.247,0.0,0.569,0.594,82.959,1
5naYe7rLMZcLfO1DKg48MK,All Day And Night,"4Q6nIcaBED8qUel8bBx6Cr,1bj5GrcLom5gZFF5t949Xl,2kRfqPViCqYdSGhYSM9R0Q,2NlKrNMdpYxGjt3Pvw87rC","Jax Jones,Martin Solveig,Madison Beer,Europa",67,False,169466,0.567,0.765,-4.107,0.108,0.317,0.0,0.14,0.541,121.924,1
463PQggkmk5tTw8ug0ahOX,The Other Side (from Trolls World Tour),"7tYKF4w9nC0nq9CsPZTHyP,31TPClRtHm23RisEBtV3X7","SZA,Justin Timberlake",67,False,188186,0.76,0.607,-6.274,0.0964,0.00277,0.0,0.132,0.709,105.979,1
3RIgHHpnFKj5Rni1shokDj,Norman fucking Rockwell,00FQb4jTyendYWaN8pK0wa,Lana Del Rey,67,True,248934,0.215,0.203,-12.65,0.0346,0.968,0.0585,0.0923,0.143,78.287,0
6GivWRmlYtefJr28jev6e0,Leray,6Xgp2XMz1fhVYe7i6yNAax,Trippie Redd,67,True,122706,0.774,0.195,-12.233,0.087,0.789,0.00103,0.109,0.369,132.847,0
50wetCP0Nsx5sIaFHCYlCe,Love Somebody,5JZ7CnR6gTvEMKX4g70Amv,Lauv,67,False,142773,0.465,0.468,-7.799,0.134,0.262,0.0,0.0639,0.373,83.366,0
1mT47pKLXUwPYGwB91GcNz,Créeme,"790FomKkXshlbRYZFtlgla,1r4hJ1h58CWwUQe3MxPuau","KAROL G,Maluma",67,False,212493,0.715,0.872,-3.501,0.0547,0.154,0.000146,0.11,0.682,96.939,1
1h9P5WJwyvK8OB7O2YiXgp,Ibiza,"1i8SpTcr7yvPOmcqrbnVXY,5lwmRuXgjX8xIwlnauTZIP","Ozuna,Romeo Santos",67,False,200746,0.69,0.71,-5.144,0.335,0.25,0.0,0.108,0.726,192.068,1
5OxclJsdFESni44YlpNpkR,Parasite Eve,1Ffb6ejR6Fe5IamqA5oRUF,Bring Me The Horizon,67,True,291812,0.589,0.797,-5.464,0.15,0.0289,4.35e-06,0.383,0.232,102.489,0
0GQ5bFTVFFKpwNPc7KwQnB,"You Gon’ Learn (feat. Royce Da 5'9"" & White Gold)","7dGJo4pcD2V6oG8kP0tJRR,6DVipHzYsPlIoA0DW8Gmns,79KQgTCu4wV38ECYKn62DZ","Eminem,Royce Da 5'9"",White Gold",67,True,234653,0.68,0.82,-4.197,0.151,0.0614,0.0,0.597,0.243,140.033,1
5jGUJXnELDaDTgiRjD9lsg,200 Mph,"4q3ewBCX7sLwd24euuV69X,5fMUXHkw8R8eOP2RNVYEZX,21AUdblPrTRzkvJn8FGrlk","Bad Bunny,Diplo,Nitti Gritti",67,True,170509,0.85,0.5,-6.708,0.0665,0.0139,0.000384,0.0947,0.816,160.02,1
1eyek0KJEh2v5HQ9uQSybb,Modern Loneliness,5JZ7CnR6gTvEMKX4g70Amv,Lauv,67,True,252337,0.702,0.508,-7.105,0.035,0.144,0.0,0.108,0.143,82.008,0
6JsHgIkMYHcbNtKfsal2Mg,Jerry Sprunger (with T-Pain),"2jku7tDXc6XoB6MO2hFuqg,3aQeKQSyrW4qWr35idm0cy","Tory Lanez,T-Pain",67,True,233546,0.76,0.746,-5.331,0.227,0.137,0.0,0.0905,0.449,100.011,1
0PurA4JVJ8YQgSVopY8fn6,tolerate it,06HL4z0CvFAxyc27GXpf02,Taylor Swift,67,True,245440,0.316,0.361,-10.381,0.0488,0.878,2.67e-05,0.0797,0.221,74.952,0
0rohJsT6NWsThpukt0Xxdc,Higher Ground (feat. John Martin),"60d24wfXkVzDSfLS6hyCjZ,2auikkNYqigWStoHWK1Grq","Martin Garrix,John Martin",67,False,206279,0.442,0.619,-5.28,0.0321,0.0841,0.0,0.0889,0.382,128.318,1
08fa9LFcFBTcilB3iq2e2A,epiphany,06HL4z0CvFAxyc27GXpf02,Taylor Swift,67,False,289749,0.354,0.267,-13.69,0.0281,0.731,0.000402,0.0858,0.113,94.219,0
3cWmqvMwVQKDigWLSZ3w9h,Rockstar Made,699OTQXzgjhIYAHMy9RyPD,Playboi Carti,67,True,193574,0.773,0.612,-5.73,0.232,0.0398,0.0,0.142,0.381,149.999,0
7MbT4I8qGntX4fMdqMQgke,peace,06HL4z0CvFAxyc27GXpf02,Taylor Swift,67,True,234000,0.647,0.272,-12.906,0.0916,0.918,1.73e-05,0.0918,0.339,150.044,0
0f1G5SHFoFC9lO03gHCGVS,Pretty Boy (feat. Lil Yachty),"3MZsBdqDrRTJihTHQrO6Dq,6icQOAFXDZKsumw3YXyusw","Joji,Lil Yachty",67,True,156759,0.656,0.776,-6.184,0.0672,0.16,0.378,0.372,0.638,156.049,1
37zdqI4r1gswIzczSBkRon,Aventura,"47MpMsUfWtgyIIBEFOr4FE,1i8SpTcr7yvPOmcqrbnVXY,2R21vXR83lH98kGeO99Y66","Lunay,Ozuna,Anuel AA",67,False,217129,0.729,0.726,-3.208,0.0422,0.223,0.0,0.101,0.876,92.025,1
59PYgzOiOjGDzjDT5N5oOX,Asesina - Remix,"00XhexlJEXQstHimpZN910,4VMYDCV2IEDYJArk749S6m,1i8SpTcr7yvPOmcqrbnVXY,1TtXnWcUs0FCkaZDPGYHdf,2R21vXR83lH98kGeO99Y66","Brytiago,Daddy Yankee,Ozuna,Darell,Anuel AA",67,False,327466,0.825,0.69,-4.252,0.226,0.589,0.0,0.413,0.516,94.194,1
56AMYGJzxBO6p8v0wEe9de,Hot (Remix) [feat. Gunna and Travis Scott],"0Y5tJX1MQlPlqiwlOH1tJY,50co4Is1HCEo8bhOyUWKpn,2hlmm7s2ICUX0LVIhVFlZQ","Travis Scott,Young Thug,Gunna",67,True,279906,0.845,0.631,-8.206,0.216,0.188,0.0,0.0806,0.545,111.983,1
2MbgQKWhoii8bqsMBWWWgA,Courage to Change,5WUlDfRSoLAfcVSX1WnrxN,Sia,67,False,292656,0.307,0.606,-5.567,0.0347,0.0927,0.0,0.357,0.11,78.828,0
7kh95COsNZjnTmc6aF76n7,Homerun (Intro),3vQ0GE3mI0dAaxIMYe5g7z,Paulo Londra,67,False,149504,0.822,0.264,-9.37,0.0593,0.669,0.0,0.0972,0.672,135.117,0
7pWK1kMgHy5lNNiIfuRbkP,Used To Love (with Dean Lewis),"60d24wfXkVzDSfLS6hyCjZ,3QSQFmccmX81fWCUSPTS7y","Martin Garrix,Dean Lewis",67,False,236764,0.651,0.693,-4.722,0.0375,0.458,0.0,0.335,0.392,118.97,1
2QDyYdZyhlP2fp79KZX8Bi,mad woman,06HL4z0CvFAxyc27GXpf02,Taylor Swift,67,True,237258,0.592,0.699,-8.995,0.0471,0.655,1.68e-05,0.114,0.506,141.916,0
1iWHabUgUuuKLBa0TzTHfk,"A Whole New World (End Title) - From ""Aladdin""","5ZsFI1h6hIdQRw2ti0hz81,1CO6e7WRJvSFenmQO8n64C","ZAYN,Zhavia Ward",67,False,242956,0.302,0.414,-8.16,0.0319,0.0575,0.0,0.0861,0.105,110.508,1
6IpvkngH89cA3hhPC84Leg,Wish - Trippie Mix,"5fMUXHkw8R8eOP2RNVYEZX,6Xgp2XMz1fhVYe7i6yNAax","Diplo,Trippie Redd",67,True,176874,0.561,0.832,-7.661,0.0717,0.232,0.0,0.107,0.666,93.991,1
3cqPu20DGTGUoZtbJH2Dmi,What If I Told You That I Love You,4rTv3Ejc7hKMtmoBOK1B4T,Ali Gatie,67,False,193667,0.605,0.365,-11.144,0.111,0.63,6.83e-06,0.0554,0.224,84.628,0
1fzAuUVbzlhZ1lJAx9PtY6,Daylight,06HL4z0CvFAxyc27GXpf02,Taylor Swift,67,False,293453,0.557,0.496,-9.602,0.0563,0.808,0.000173,0.0772,0.265,149.983,0
01JMnRUs2YOK6DDpdQASGY,Grace (feat. 42 Dugg),"5f7VJjfbwm532GiveGC0ZK,45gHcnDnMC15sgx3VL7ROG","Lil Baby,42 Dugg",67,True,203438,0.817,0.513,-6.263,0.394,0.38,0.0,0.109,0.177,123.029,1
58QhkbaAkLFnn7JwAnAato,Fall,7dGJo4pcD2V6oG8kP0tJRR,Eminem,67,True,262493,0.83,0.546,-5.716,0.295,0.227,0.0,0.112,0.535,182.973,0
19CSr8rwW05VJL2F91KFNK,ivy,06HL4z0CvFAxyc27GXpf02,Taylor Swift,67,True,260440,0.515,0.545,-9.277,0.0353,0.855,1.97e-05,0.0921,0.535,88.856,0
4nuAslShoN77tq12fzwjUq,Sad People,0fA0VVWsXO9YnASrzqfmYu,Kid Cudi,67,True,176026,0.636,0.647,-6.971,0.0381,0.247,0.00123,0.113,0.416,158.073,0
6JqpFboOH2bq9pzaYbkKBn,R.I.P. (feat. Rita Ora & Anitta),"0haZhu4fFKt0Ag94kZDiz2,5CCwRZC6euC8Odo6y9X8jr,7FNnA9vBm6EKceENgCGRMb","Sofía Reyes,Rita Ora,Anitta",67,True,187200,0.764,0.752,-3.713,0.0711,0.18,0.0,0.0701,0.698,100.066,1
4mU5iXHeLgbR94siF7p1sY,Six Feet Under,1Xyo4u8uXC1ZmMpatF05PJ,The Weeknd,67,True,237573,0.772,0.504,-8.219,0.0761,0.129,0.0,0.125,0.244,140.035,0
1rCcsYnmqbMYdkG7kS9GC5,Speechless (feat. Erika Sirola),"3t5xRXzsuZmMDkQzgOX35S,1OHw2r7Diz2rc9JktaFV6N","Robin Schulz,Erika Sirola",67,False,214941,0.574,0.728,-4.777,0.062,0.0161,1.42e-06,0.0851,0.266,125.047,1
2CoMYp2uIKsT09nreEZnZn,BENDICIONES,4q3ewBCX7sLwd24euuV69X,Bad Bunny,67,False,155060,0.828,0.581,-9.909,0.0725,0.0378,0.0,0.103,0.843,143.995,0
5C0ivQMxes2lWuOANhvVAm,GIANTS,"7xX15v6ahAkcT14kHfB9wB,4obzFoKoKRHIphyHzJ35G3,2YFBOR9KIxC6WqHclkj9Yq,6Xg22wJOAcnvPUfk5WvODH,6I3MElirhT5t6Kf7p0hGk9,1igl9M102nuD96lo3ZoW5d,47mIJdHORyRerp4os813jD","True Damage,Becky G,Keke Palmer,JEON SOYEON,Duckwrth,Thutmose,League of Legends",67,False,191720,0.642,0.683,-5.386,0.262,0.0834,0.0,0.155,0.584,154.881,1
4zGtfOglDBfVUypabBwIjQ,Desce Pro Play (PA PA PA),"76Xa625geVw0Q7BdyxNjA2,7FNnA9vBm6EKceENgCGRMb,5LHRHt1k9lMyONurDHEdrp","Mc Zaac,Anitta,Tyga",67,False,168507,0.935,0.71,-5.085,0.158,0.0769,1.92e-06,0.173,0.635,100.009,1
4OENnoidV0h8gJV6bhrw7r,Only You Freestyle,"6UCQYrcJ6wab6gnQ89OJFh,3TVXtAsR1Inumwj472S9r4","Headie One,Drake",67,True,248936,0.68,0.826,-2.561,0.27,0.562,0.0,0.254,0.804,146.95,1
4yQw7FR9lcvL6RHtegbJBh,Think,7nwUJBm0HE4ZxD3f5cy5ok,Aretha Franklin,67,False,139733,0.687,0.63,-10.817,0.0389,0.251,0.0,0.221,0.926,110.051,0
69LvvkHnFFnX3d5eNObtMo,kiss kiss,6TIYQ3jFPwQSRmorSezPxX,Machine Gun Kelly,67,True,138097,0.569,0.85,-5.134,0.055,0.000279,0.0,0.337,0.769,162.061,0
36J0iaPDGbYGsHvYpaYs3k,"Down Bad (feat. JID, Bas, J. Cole, EARTHGANG & Young Nudy)","1iNqsUDUraNWrj00bqssQG,6U3ybJ9UHNKEdsH7ktGBZ7,70gP6Ry4Uo0Yx6uzPIdaiJ,6l3HvQ5sa6mXTsMTB19rO5,5MbNzCW3qokGyoo9giHA3V,5yPzzu25VzEk8qrGTLIrE1","Dreamville,JID,Bas,J. Cole,EARTHGANG,Young Nudy",67,True,169146,0.761,0.586,-5.368,0.359,0.0392,0.0,0.0558,0.719,149.804,1
4yI3HpbSFSgFZtJP2kDe5m,Look At Her Now,0C8ZW7ezQVs4URX5aX7Kqx,Selena Gomez,67,False,162595,0.563,0.564,-7.906,0.271,0.114,0.0254,0.304,0.55,154.355,0
5pRGXCDY0eT6R1QicAn7Uk,Lençol Dobrado,"6xerOqBLmelL3xZNZkVbGl,4LTPxLxjiT5pzYd5WZAR3v","João Gustavo e Murilo,Analaga",67,False,179164,0.707,0.664,-5.042,0.0382,0.361,0.0,0.331,0.674,124.991,1
0UnTaVkntyh3vqvLEvbpQx,In Your Eyes (with Doja Cat) - Remix,"1Xyo4u8uXC1ZmMpatF05PJ,5cj0lLjcoR7YOSnhnX0Po5","The Weeknd,Doja Cat",67,False,237911,0.679,0.731,-5.522,0.0319,0.00518,0.000127,0.0614,0.727,99.984,1
4LIbjDbLweGCrHVw8QbMSb,Allergic,246dkjvS1zLTtiykXe5h60,Post Malone,67,True,156893,0.665,0.741,-3.694,0.0787,0.154,3.02e-05,0.345,0.57,144.968,0
09WAnxdBuebQopKhJT3oZS,TRELLAS,4q3ewBCX7sLwd24euuV69X,Bad Bunny,67,False,157673,0.43,0.412,-5.372,0.0281,0.2,0.0,0.324,0.0508,90.872,0
1fipvP2zmef6vN2IwXfJhY,I’m Ready (with Demi Lovato),"2wY79sveU1sp5g7SokKOiI,6S2OmqARrzebs0tKUEyXyp","Sam Smith,Demi Lovato",67,False,200838,0.501,0.674,-6.363,0.0408,0.00346,3.56e-05,0.282,0.152,155.051,1
2ZlCGeK30BLRNSPC832pNZ,Forever (feat. Post Malone & Clever),"1uNFoZAHBGtllmzznpCI3s,246dkjvS1zLTtiykXe5h60,5yy76ufVriyvidNSvXlRU1","Justin Bieber,Post Malone,Clever",67,False,219933,0.825,0.483,-5.746,0.08,0.538,1.48e-05,0.204,0.892,139.98,1
5TGcyccg8Hkgn9jB7gUpMN,Never Let Me Down,"09agIJMxCD2k87ys9Al0f0,6Rmg5JiRphFMlhkwGNl9Fu","VIZE,Tom Gregory",67,False,153148,0.758,0.848,-3.84,0.0456,0.207,0.0,0.114,0.706,127.948,1
1N7YeVU0ZwAFbOhwM61ef6,Head Above Water,0p4nmQO2msCgU4IF37Wi3j,Avril Lavigne,67,False,220850,0.578,0.694,-5.351,0.0706,0.0112,0.0,0.102,0.268,129.921,0
2hsA9YWuF3C9Gosi4dpjJN,Negro,1vyhD5VmyZ7KMfW5gqLgo5,J Balvin,67,False,182093,0.795,0.911,-2.228,0.0875,0.0157,0.206,0.131,0.8,164.081,0
0Fpen1PTuEnCmOJtUU9Iud,New Patek,4O15NlyKLIASxsJ0PrXPfz,Lil Uzi Vert,67,True,343099,0.85,0.785,-4.963,0.345,0.0367,0.0,0.155,0.718,145.063,0
2U12JbtnFSYa5Av5wEcEDX,Oh My God,5IH6FPUwQTxPSXurCrcIov,Alec Benjamin,67,False,187727,0.696,0.565,-7.237,0.0605,0.652,2.02e-06,0.121,0.599,156.11,0
7HMmFQsKsljwTw8bS7lu19,Rare,0C8ZW7ezQVs4URX5aX7Kqx,Selena Gomez,67,False,220589,0.838,0.545,-6.713,0.0706,0.208,8.01e-05,0.103,0.631,114.998,0
4POHzEwNTCYaIvqCUp3NnO,Old Me,5Rl15oVamLq7FbSb0NNBNy,5 Seconds of Summer,67,True,186785,0.721,0.62,-3.639,0.0483,0.313,0.0,0.26,0.473,127.979,0
6NJfIydBMYrXvlaXsFxmc8,Ain't It Different (feat. AJ Tracey & Stormzy),"6UCQYrcJ6wab6gnQ89OJFh,4Xi6LSfFqv26XgP9NKN26U,2SrSdSvpminqmStGELCSNd","Headie One,AJ Tracey,Stormzy",67,True,196363,0.767,0.569,-6.805,0.216,0.00988,1.45e-05,0.109,0.524,77.052,1
2RJ1fg4qf2vgZKifTa4HgA,Solo Quédate En Silencio,"7cjh6y0V9SsyCrWSXTzwOs,0TeVa4xdLB8vdzjsvKH6Ri,6kaefrHSdAvxhhCVDFTCEL,6ModsWtBph2rE6zCTVxvZt,0aMqt2uGLuHj4eI8oXgVzN,5O8cudluftNZ6PCwRzvYxo,0veZkZPeWoJQ9gt6VAXlkN","RBD,Anahí,Dulce María,Maite Perroni,Christian Chávez,Christopher von Uckermann,Alfonso Herrera",67,False,219520,0.464,0.775,-4.838,0.0313,0.203,0.0,0.0478,0.672,184.089,1
4DbhxwlkhTbCTqlZptxmI6,Swing,5H1nN1SzW0qNeUEZvuXjAj,Danny Ocean,67,False,155058,0.729,0.616,-6.422,0.249,0.458,0.0,0.082,0.532,106.486,0
1WSGTYKLEpKfNQYYW5Oymt,"I Can’t Get Enough (benny blanco, Selena Gomez, J Balvin, Tainy)","5CiGnKThu5ctn9pBxv7DGa,0C8ZW7ezQVs4URX5aX7Kqx,1vyhD5VmyZ7KMfW5gqLgo5,0GM7qgcRCORpGnfcN2tCiB","benny blanco,Selena Gomez,J Balvin,Tainy",67,False,158027,0.541,0.468,-4.039,0.362,0.404,3.65e-06,0.358,0.69,95.266,1
3orEOtd8CPL8GFlpRpKuoE,Faith,1Xyo4u8uXC1ZmMpatF05PJ,The Weeknd,67,True,283226,0.375,0.605,-7.268,0.0729,0.612,0.0448,0.147,0.128,175.946,0
7mcdgAXmb35dakBnfDIv3q,Narcos,2R21vXR83lH98kGeO99Y66,Anuel AA,67,True,259250,0.614,0.746,-3.527,0.196,0.347,1.43e-05,0.0874,0.601,168.072,0
6apPqjW8ezpKEicAkkBlvO,Islands in the Stream,"32vWCbZh0xZ4o9gkz4PsEU,4tw2Lmn9tTPUv7Gy7mVPI4","Dolly Parton,Kenny Rogers",67,False,250053,0.611,0.524,-8.256,0.035,0.68,0.0,0.0753,0.73,203.787,1
2rjjNUYONZqC7wSd1i6OFq,Good as Hell (feat. Ariana Grande),"56oDRnqbIiwx4mymNEv7dS,66CXWjxzNUsdJxJ2JdwvnR","Lizzo,Ariana Grande",67,False,159011,0.668,0.892,-3.001,0.0645,0.298,0.0,0.735,0.478,95.927,1
2hnxrRNzF74mdDzpQZQukQ,There's No Way (feat. Julia Michaels),"5JZ7CnR6gTvEMKX4g70Amv,0ZED1XzwlLHW4ZaG4lOT6m","Lauv,Julia Michaels",67,False,174860,0.755,0.625,-7.114,0.0896,0.49,0.0,0.157,0.374,147.02,1
3QGppKBPd9gHOgHJzRbVIw,Hate The Way (feat. blackbear),"02kJSzxNuaWGqwubyUba0Z,2cFrymmkijnjDg9SS92EPM","G-Eazy,blackbear",67,True,214363,0.569,0.865,-3.844,0.266,0.0673,0.0,0.312,0.361,82.011,1
3ThrfRAmijYU098H9q9tAs,Enchule,1mcTU81TzQhprhouKaTkpq,Rauw Alejandro,67,False,185718,0.763,0.666,-3.316,0.194,0.153,0.0,0.301,0.587,90.086,0
4iVD0fTHGxV9JWloujsL3s,Double Up (feat. Belly and Dom Kennedy),"0EeQBlQJFiAfJeVN2vT9s0,0FOWNUFHPnMy0vOw1siGqi,3s8alQfNnY0roAHaJh7Xxt","Nipsey Hussle,Belly,Dom Kennedy",67,True,361280,0.604,0.436,-8.32,0.188,0.0544,0.000242,0.162,0.239,107.978,1
6MJUCumnQsQEKbCy28tbCP,Adictiva,"4VMYDCV2IEDYJArk749S6m,2R21vXR83lH98kGeO99Y66","Daddy Yankee,Anuel AA",67,False,207853,0.788,0.771,-3.206,0.0563,0.291,5.62e-05,0.172,0.701,99.038,1
4iHSE5R1U8jf84tRn52xRt,Prospect (ft. Lil Baby),"6ASri4ePR7RlsvIQgWPJpS,5f7VJjfbwm532GiveGC0ZK","iann dior,Lil Baby",67,True,226313,0.816,0.579,-6.097,0.0867,0.203,0.0,0.127,0.43,120.078,1
6DXZiYUbrYgrVIhfX3U9Z2,Pretty Please,6M2wZ9GZgrQXHCFfjv46we,Dua Lipa,67,False,194607,0.906,0.474,-6.124,0.194,0.0311,5.5e-06,0.286,0.656,106.976,0
4UOXo3xWnxYdTf3sFyRaUG,500 PS,"1aS5tqEs9ci5P9KD9tZWa6,0Dvx6p8JDyzeOPGmaCIH1L","Bonez MC,RAF Camora",67,True,181971,0.805,0.924,-5.883,0.0439,0.391,0.00448,0.0902,0.836,139.976,1
0lizgQ7Qw35od7CYaoMBZb,Santa Tell Me,66CXWjxzNUsdJxJ2JdwvnR,Ariana Grande,67,False,204093,0.525,0.621,-7.364,0.116,0.0489,0.0,0.294,0.591,191.9,0
6XqvFyJGdUD5IWee02ARKU,Polaroid,"1HBjj22wzbscIZ9sEb5dyf,5pUo3fmmHT8bhCyHE52hA6,1cZQSpDsxgKIX2yW5OR9Ot","Jonas Blue,Liam Payne,Lennon Stella",67,False,193377,0.652,0.898,-4.481,0.0361,0.29,0.0,0.073,0.472,114.043,1
733c1CWmIGymoQXdp7Us88,"Numbers (feat. Roddy Ricch, Gunna and London On Da Track)","31W5EY0aAly4Qieq6OFu6I,5Nf5yishRW9Ye174sJISkg,757aE44tKEUQEqRuT6GnEB,2hlmm7s2ICUX0LVIhVFlZQ","A Boogie Wit da Hoodie,London On Da Track,Roddy Ricch,Gunna",67,True,188563,0.819,0.654,-6.665,0.136,0.517,0.0,0.0996,0.455,133.503,1
32h6yQGn4oAhZ0HRsTMX26,CROWN,0ghlgldX5Dd6720Q3qFyQB,TOMORROW X TOGETHER,67,False,230706,0.622,0.8,-5.819,0.0425,0.0505,0.0,0.0619,0.58,110.977,0
6QDbGdbJ57Mtkflsg42WV5,Hot for Teacher - 2015 Remaster,2cnMpRsOVqtPMfq7YiFE6K,Van Halen,67,False,282746,0.552,0.947,-4.671,0.15,0.000652,0.00025,0.0637,0.465,127.631,0
7DHApOHsIFo7EyfieArYGE,Walk Me Home,1KCSPY1glIKqW2TotWuXOR,P!nk,67,False,177390,0.652,0.453,-6.119,0.0445,0.0507,0.0,0.179,0.432,88.039,0
71pEiUWwfDFiRO6RmFpnBf,MOJAITA,"1vyhD5VmyZ7KMfW5gqLgo5,4q3ewBCX7sLwd24euuV69X","J Balvin,Bad Bunny",67,False,187333,0.45,0.842,-3.602,0.102,0.0171,0.0,0.377,0.885,172.069,1
1OAiWI2oPmglaOiv9fdioU,Hymn for the Weekend - Seeb Remix,"4gzpq5DPGxSnKTe4SA8HAU,5iNrZmtVMtYev5M9yoWpEq","Coldplay,Seeb",67,False,212647,0.564,0.849,-3.516,0.0517,0.00868,4.68e-06,0.12,0.427,102.028,1
7mrWTjhYctgEQb0lJKrVWy,Unterwegs,"5tHiL8SKSaZGMBUPIiSmX4,4sVieJlKgpZ2k9ESNS5IdN,53EHeXzGs4HheTCTnwfPEr","KitschKrieg,Jamule,SFR",67,False,233905,0.88,0.607,-7.067,0.0777,0.195,0.0537,0.15,0.823,126.039,1
4vb4mFvYsr2h6enhjJsq9Y,Water Under the Bridge,4dpARuHxo51G3z768sgnrY,Adele,67,False,240439,0.596,0.838,-6.52,0.0704,0.0189,1.54e-05,0.108,0.472,94.982,0
13QU8HBEBaSTZGq1HzQe9S,Euphoria (feat. Travis Scott & Kaash Paige),"4Gso3d4CscCijv0lmajZWs,0f2YkMXwFNJNSX7MymevKE,0Y5tJX1MQlPlqiwlOH1tJY","Don Toliver,Kaash Paige,Travis Scott",67,True,216004,0.584,0.306,-8.401,0.0271,0.52,0.0,0.12,0.096,70.022,1
4fwo6czG5nvOQMzhOto1ya,Lonely (with Jonas Brothers),"5fMUXHkw8R8eOP2RNVYEZX,7gOdHgIoIKoe4i9Tta6qdD","Diplo,Jonas Brothers",67,False,139809,0.738,0.717,-5.121,0.0573,0.062,0.0,0.205,0.5,98.047,1
5099x34vBakWpGkHourFxP,Qué Pena,"1r4hJ1h58CWwUQe3MxPuau,1vyhD5VmyZ7KMfW5gqLgo5","Maluma,J Balvin",67,False,212711,0.635,0.661,-6.425,0.364,0.102,0.0,0.336,0.858,126.15,1
0Lsis3LB0XAK6XlTHXaJk2,MALDITA POBREZA,4q3ewBCX7sLwd24euuV69X,Bad Bunny,67,True,213609,0.762,0.861,-4.075,0.0652,0.139,1.08e-06,0.0956,0.588,133.037,0
1Xnn1TPyr5h0hpRAT4B4EA,Bellaquita - Remix,"0KPX4Ucy9dk82uj4GpKesn,1pQWsZQehhS4wavwh7Fnxd,7FNnA9vBm6EKceENgCGRMb,1GDbiv3spRmZ1XdM1jQbT7,329e4yvIujISKGKz1BZZbO,14zUHaJZo1mnYtn6IBRaRP","Dalex,Lenny Tavárez,Anitta,Natti Natasha,Farruko,Justin Quiles",67,True,304733,0.795,0.715,-3.582,0.0838,0.141,2.12e-06,0.179,0.758,165.941,1
421eObjg0DTm2qajJl5OJm,Into the Unknown - Panic! At The Disco Version,20JZFwl6HVl6yg8a4H3ZqK,Panic! At The Disco,67,False,189132,0.456,0.828,-6.225,0.077,0.0244,0.0,0.21,0.313,116.719,0
5SehvGGC53A7SZKCLXQcyt,Nico and the Niners,3YQKmKGau1PzlVlkL1iodx,Twenty One Pilots,67,False,225040,0.728,0.602,-7.748,0.185,0.0699,7.01e-06,0.318,0.328,140.081,0
0IpnZchq8ek2A6pGEP2Qb1,Bean (Kobe) [feat. Chief Keef],"4O15NlyKLIASxsJ0PrXPfz,15iVAtD3s3FsQR4w1v6M0P","Lil Uzi Vert,Chief Keef",67,True,238816,0.733,0.567,-6.718,0.319,0.0129,0.0,0.382,0.319,75.491,1
6jreFSOTUAViWjKyzOC4Kg,REMEDY,4AVFqumd2ogHFlRbKIjp1t,Alesso,67,False,190295,0.601,0.775,-4.612,0.0473,0.269,0.0,0.0883,0.483,119.964,0
3kml9ZdpT7UYk1ugkjqOzt,Don Don,"4VMYDCV2IEDYJArk749S6m,2R21vXR83lH98kGeO99Y66,1WMwuNKzEFtU6pPkdtryYS","Daddy Yankee,Anuel AA,Kendo Kaponi",67,True,275893,0.838,0.819,-4.681,0.211,0.285,6.3e-05,0.224,0.656,105.027,1
6gzIcEUuswJQGfJNPYMjjv,Hard Work Pays Off,"1RyvyyTE3xzB2ZywiAwp0i,4MCBfE4596Uoi2O4DtmEMz","Future,Juice WRLD",67,True,224506,0.736,0.482,-8.242,0.196,0.327,0.0,0.229,0.608,140.064,1
71FrGl0XcpL3VId65tB5mg,Recairei - Ao Vivo,5Lv2GUVwqmQBPwrTrxucE5,Os Barões Da Pisadinha,67,False,166837,0.582,0.937,-2.118,0.0858,0.449,0.0,0.684,0.939,168.096,0
6Kj17Afjo1OKJYpf5VzCeo,Pain 1993 (with Playboi Carti),"3TVXtAsR1Inumwj472S9r4,699OTQXzgjhIYAHMy9RyPD","Drake,Playboi Carti",67,True,149077,0.825,0.373,-5.532,0.108,0.163,0.0,0.368,0.12,77.271,1
1sOW4PuG5X3Ie3EXUhAopJ,Escape From LA,1Xyo4u8uXC1ZmMpatF05PJ,The Weeknd,67,True,355960,0.404,0.524,-8.996,0.0593,0.0456,0.00316,0.199,0.168,145.74,0
1BCBBO8VUEFOb6RBct4XDp,Broken Smile (My All),2kCcBybjl3SAtIcwdWpUe3,Lil Peep,67,False,280520,0.545,0.517,-8.681,0.0359,0.0459,0.00724,0.15,0.115,120.044,0
6kWxIqQDsKFYCJGbU4AjCX,Hardest To Love,1Xyo4u8uXC1ZmMpatF05PJ,The Weeknd,67,True,211400,0.467,0.608,-7.847,0.0707,0.0909,8.83e-05,0.125,0.108,80.957,0
7BuSE9uTIw931wtZYzvZcQ,Runaway,"07YUOmWljBTXwIseAUd9TW,4VMYDCV2IEDYJArk749S6m,1GDbiv3spRmZ1XdM1jQbT7,7gOdHgIoIKoe4i9Tta6qdD","Sebastian Yatra,Daddy Yankee,Natti Natasha,Jonas Brothers",67,False,200693,0.756,0.851,-3.33,0.0674,0.0336,0.0,0.126,0.934,75.014,1
5sBplhIrmzA4kQGyIOpmDf,Lemonade (Feat. Roddy Ricch & Don Toliver) [Remix],"6MPCFvOQv5cIGfw3jODMF0,4Gso3d4CscCijv0lmajZWs,757aE44tKEUQEqRuT6GnEB","Internet Money,Don Toliver,Roddy Ricch",67,True,181495,0.832,0.549,-8.259,0.0602,0.168,0.0,0.11,0.384,140.045,1
16umSNZfofRpDqTvf8DIAo,Wings,4LLpKhyESsyAXpc4laK94U,Mac Miller,67,True,250120,0.656,0.33,-8.771,0.162,0.818,0.00386,0.107,0.349,119.057,0
4L5ZhW0VJeQ6je2iqvqZ4X,Baby (with J Balvin),"23TFHmajVfBtlRx5MXqgoz,1vyhD5VmyZ7KMfW5gqLgo5","Sfera Ebbasta,J Balvin",67,True,193554,0.755,0.882,-1.957,0.0532,0.125,0.00142,0.103,0.606,99.984,1
5NPzbTzFxIQPaheZuPhn4f,Forever Alone,3vQ0GE3mI0dAaxIMYe5g7z,Paulo Londra,67,False,215962,0.864,0.426,-8.392,0.0561,0.498,0.000228,0.145,0.477,129.954,0
1yYzuNd0KRyHVJ3NH8apBt,Donald Trump,4LLpKhyESsyAXpc4laK94U,Mac Miller,67,True,164522,0.632,0.898,-7.364,0.119,0.128,0.0,0.449,0.797,162.974,0
2K9Ovn1o2bTGqbsABGC6m3,Too Late,1Xyo4u8uXC1ZmMpatF05PJ,The Weeknd,67,True,239973,0.638,0.863,-5.221,0.132,0.052,5.46e-05,0.685,0.226,120.077,0
4PkIDTPGedm0enzdvilLNd,Sixteen,0X2BH1fck6amBIoJhDVmmJ,Ellie Goulding,67,False,201072,0.669,0.801,-5.445,0.136,0.268,0.0,0.0594,0.541,109.919,0
4mGdjNMo0RonTlOEb7cYg4,11 Minutes (with Halsey feat. Travis Barker),"6Ad91Jof8Niiw0lGLLi3NW,26VFTg2z8YR0cCuwLzESi2,4exLIFE8sISLr28sqG1qNX","YUNGBLUD,Halsey,Travis Barker",67,True,239507,0.464,0.852,-3.804,0.067,0.0116,0.0,0.108,0.233,160.075,1
2EEmzqzM70CybVspgM7YRT,La Boca - Remix,"2wkoKEfS6dXwThbyTnZWFU,28gNT5KBp7IjEOQoevXf9N,47MpMsUfWtgyIIBEFOr4FE","Mau y Ricky,Camilo,Lunay",67,False,188467,0.691,0.773,-3.812,0.0355,0.236,0.0,0.329,0.85,92.992,1
6DPrYPPGYK218iVIZDix3i,Freeze Raël,76Pl0epAMXVXJspaSuz8im,Freeze corleone,67,True,268946,0.645,0.545,-10.675,0.0511,0.375,2.32e-05,0.106,0.0379,137.09,0
3wFLWP0FcIqHK1wb1CPthQ,fake smile,66CXWjxzNUsdJxJ2JdwvnR,Ariana Grande,67,True,208880,0.45,0.619,-7.412,0.372,0.329,0.0,0.319,0.427,83.3,0
3CAqajKXtDoxesAeTEPdb3,4 AM,"17lzZA2AlOHwCwFALHttmp,0Y5tJX1MQlPlqiwlOH1tJY","2 Chainz,Travis Scott",67,True,255560,0.798,0.503,-7.187,0.426,0.138,0.0,0.151,0.233,75.025,1
0MIcPSq9n2z5H8TAfEstri,Quiero Repetir,"1i8SpTcr7yvPOmcqrbnVXY,1vyhD5VmyZ7KMfW5gqLgo5","Ozuna,J Balvin",67,False,200986,0.608,0.753,-4.748,0.368,0.103,0.0,0.0996,0.482,97.626,1
5LABCxgmP7DATATIJXOh6n,Ever Since New York,6KImCVD70vtIoJWnq6nGn3,Harry Styles,67,False,253386,0.389,0.537,-6.761,0.0309,0.2,3.13e-06,0.125,0.383,127.964,0
1sCxVKWImDZSZKvG0U9B23,Bad Liar,0C8ZW7ezQVs4URX5aX7Kqx,Selena Gomez,67,False,214647,0.953,0.41,-6.543,0.0705,0.175,0.0,0.0768,0.718,121.074,0
1jMaB19DiVR8OihLSuYFOt,Spoonman,5xUf6j4upBrXZPg6AI4MRK,Soundgarden,67,False,246920,0.457,0.902,-5.624,0.0313,2.17e-05,0.196,0.258,0.834,92.711,0
4Ro98RCK90oHqqSZUnTFq5,Strip That Down,"5pUo3fmmHT8bhCyHE52hA6,0VRj0yCOv2FXJNP47XQnx5","Liam Payne,Quavo",67,False,204502,0.874,0.497,-5.484,0.0562,0.22,0.0,0.0761,0.542,106.023,1
3VRk65lHSwqd90TAkQqhvB,Swish Swish,"6jJ0s89eD6GaHleKKya26X,0hCNtLu0JehylgoiP8L4Gh","Katy Perry,Nicki Minaj",67,True,242520,0.835,0.719,-5.167,0.0559,0.0182,1.9e-05,0.127,0.532,119.946,1
5Ua3GXyHwiSfpNTMjq6m2z,Touch,3e7awlrlDSwF3iM0WBjGMp,Little Mix,67,False,213306,0.607,0.718,-4.095,0.0978,0.032,0.0,0.403,0.551,101.821,0
00gpGR84M27moP7AFuqHIx,Bounce Out With That,3gGUMEwIX6XodWsYEvKSal,YBN Nahmir,67,True,99108,0.857,0.56,-8.278,0.173,0.0426,0.0,0.153,0.482,94.949,0
1Wh5LO3TWAvaeDrwp4FZgo,King,15UsOTVnJzReFVN1VCnxy4,XXXTENTACION,67,True,112800,0.421,0.154,-12.405,0.0319,0.102,0.00692,0.207,0.0949,99.886,0
4m5A5meIueOcDBpbqGvkQB,Me Enamoré,0EmeFodog0BfCgMzAIvKQp,Shakira,67,False,226893,0.711,0.875,-2.211,0.104,0.211,0.000198,0.0862,0.922,103.637,0
7i2DJ88J7jQ8K7zqFX2fW8,Now Or Never,26VFTg2z8YR0cCuwLzESi2,Halsey,67,False,214801,0.67,0.585,-4.861,0.0354,0.107,1.11e-06,0.131,0.447,110.03,0
3567eNX2L3RkkMkwspncMH,Lie To Me,5Rl15oVamLq7FbSb0NNBNy,5 Seconds of Summer,67,False,150467,0.633,0.478,-5.571,0.0359,0.0115,0.0,0.103,0.692,159.951,0
2naEVOadudtXHwtZNfjMDM,Forever Young,41MozSoPIsD1dJM0CLPjZF,BLACKPINK,67,False,239100,0.592,0.961,-1.807,0.096,0.0423,0.0,0.0882,0.508,109.826,0
76S09sHj7GGMJAtOLjmVQ2,Done for Me (feat. Kehlani),"6VuMaDnrHyPL1p4EHjYLi7,0cGUm45nv7Z6M6qdXYQGTX","Charlie Puth,Kehlani",67,False,180493,0.856,0.632,-3.692,0.074,0.193,0.0,0.0688,0.697,112.009,1
16x9bQHw8TBNaGDyULvwad,before I close my eyes,15UsOTVnJzReFVN1VCnxy4,XXXTENTACION,67,False,99658,0.356,0.143,-15.148,0.0388,0.976,1.89e-05,0.111,0.334,75.522,0
2m2ZGfJcs3lHWNPzhWH3XH,La Modelo,"1i8SpTcr7yvPOmcqrbnVXY,4kYSro6naA4h99UJvo89HB","Ozuna,Cardi B",67,False,255506,0.822,0.743,-2.038,0.0451,0.213,0.0103,0.0957,0.78,98.005,1
6yL2kTsdVwYnGwPkKGtMd5,Everyday,"66CXWjxzNUsdJxJ2JdwvnR,1RyvyyTE3xzB2ZywiAwp0i","Ariana Grande,Future",67,True,194840,0.637,0.733,-4.413,0.0563,0.0149,0.0,0.162,0.431,131.004,1
0n2bvWvMwr0gbjcuTm92eW,Love,00FQb4jTyendYWaN8pK0wa,Lana Del Rey,67,False,272742,0.322,0.352,-10.986,0.0309,0.455,0.00333,0.11,0.266,70.429,0
6UjfByV1lDLW0SOVQA4NAi,Gyalchester,3TVXtAsR1Inumwj472S9r4,Drake,67,True,189229,0.877,0.391,-8.196,0.063,0.0317,0.000502,0.0945,0.122,131.018,0
1sYSP7gKa5kdKIfhANfori,Lights Down Low,1bqxdqvUtPWZri43cKHac8,MAX,67,False,223846,0.623,0.493,-7.727,0.0338,0.0632,0.0,0.104,0.594,81.019,0
6iyp6udVpLuq3MCUulZT4h,44 More,4xRYI6VqpkE3UwrDrAZL8L,Logic,67,True,188600,0.818,0.572,-7.085,0.228,0.0717,0.0,0.101,0.236,139.968,0
7bRRHQelMfrP86QYQlCsAq,BILLY,7gZfnEnfiaHzxARJ2LeXrf,6ix9ine,67,True,112666,0.768,0.702,-3.83,0.291,0.146,0.0,0.105,0.768,90.057,0
6TIU9Ehmi6dMzZK73Ym4yj,Save Myself,6eUKZXaKkcviH0Ku9w2n3V,Ed Sheeran,67,False,247106,0.552,0.29,-5.617,0.0448,0.85,0.0,0.227,0.481,78.842,0
7y6c07pgjZvtHI9kuMVqk1,Get It Together,"3TVXtAsR1Inumwj472S9r4,6wMr4zKPrrR0UVz08WtUWc,1CoZyIx7UvdxT5c8UkMzHd","Drake,Black Coffee,Jorja Smith",67,True,250337,0.781,0.721,-9.133,0.0514,0.0945,0.391,0.104,0.849,123.011,1
2yUbCEiaolfSMluDo9RMmG,Powerglide (feat. Juicy J) - From SR3MM,"7iZtZyCzp3LItcw1wtPI3D,1zNqQNIdeOUZHb8zbZRFMX,7EEiVZvj6RCEtVX2F2pyxu,5gCRApTajqwbnHHPbr2Fpi","Rae Sremmurd,Swae Lee,Slim Jxmmi,Juicy J",67,True,332300,0.712,0.829,-4.707,0.141,0.0149,0.0,0.122,0.593,173.953,1
49VSioK272TASR4r9vRTuP,Dime Si Te Acuerdas,4q3ewBCX7sLwd24euuV69X,Bad Bunny,67,True,187272,0.74,0.595,-9.082,0.0623,0.486,0.0,0.163,0.316,131.96,0
5LYQSNHZxEA880URXFHg6h,Lust For Life (with The Weeknd),"00FQb4jTyendYWaN8pK0wa,1Xyo4u8uXC1ZmMpatF05PJ","Lana Del Rey,The Weeknd",67,False,264066,0.499,0.676,-8.618,0.0582,0.588,0.00484,0.358,0.295,99.979,1
0GVuLQtPXFaL18ijEOqoAa,Tightrope,2LAqcqAQ8KPTsl1HBgBrqM,Michelle Williams,67,False,234360,0.351,0.331,-10.316,0.0382,0.3,9.14e-06,0.0919,0.191,161.564,0
4WrS6vezaPwOafKJmHqMEU,You Don't Know Me (feat. RAYE),"4Q6nIcaBED8qUel8bBx6Cr,5KKpBU5eC2tJDzf0wmlRp2","Jax Jones,RAYE",67,True,212573,0.887,0.669,-6.058,0.144,0.16,0.0,0.181,0.661,123.967,1
5EnYT6F7wEcdege6mDHEfO,Signs,3TVXtAsR1Inumwj472S9r4,Drake,67,False,234373,0.801,0.727,-4.687,0.0606,0.0864,0.00406,0.112,0.218,107.371,0
3ryjLm3oupIjJFGc39naNi,dimple,3Nrfpe0tUJi4K4DXYWgMUX,BTS,67,False,196776,0.612,0.844,-4.694,0.0756,0.142,0.0,0.287,0.653,134.868,0
7Fg342AJtNsIDdwCfX0paC,Let Me,5ZsFI1h6hIdQRw2ti0hz81,ZAYN,67,False,185373,0.46,0.567,-5.637,0.0515,0.239,6.04e-06,0.0934,0.189,168.419,0
2ZdCrBA52bb4pIG3tOOZiQ,Dark Queen,4O15NlyKLIASxsJ0PrXPfz,Lil Uzi Vert,67,True,173419,0.747,0.606,-5.286,0.172,0.222,0.0,0.281,0.2,155.055,0
4lRwa7PKcGIuJMwtPIYKdy,Anpanman,3Nrfpe0tUJi4K4DXYWgMUX,BTS,67,False,232966,0.813,0.875,-2.92,0.0918,0.0237,0.0,0.288,0.756,99.004,0
1trFxVLL8WKhYap543e74l,Airplane pt.2,3Nrfpe0tUJi4K4DXYWgMUX,BTS,67,False,218614,0.769,0.817,-4.092,0.0339,0.0268,9.95e-05,0.084,0.866,139.979,0
4F1yvJfQ7gJkrcgFJQDjOr,Playinwitme (feat. Kehlani),"4qBgvVog0wzW75IQ48mU7v,0cGUm45nv7Z6M6qdXYQGTX","KYLE,Kehlani",67,False,191680,0.689,0.584,-5.768,0.119,0.339,0.0,0.297,0.676,156.572,1
48yAM9xWBwT4Ac9G1y20rw,Explícale (feat. Bad Bunny),"0eHQ9o50hj6ZDNBt6Ys1sD,4q3ewBCX7sLwd24euuV69X","Yandel,Bad Bunny",67,False,223146,0.808,0.69,-4.151,0.148,0.0583,0.0,0.103,0.64,125.086,1
3zl7j5ua8mF4JDYuxrfo01,Perfect Symphony (Ed Sheeran & Andrea Bocelli),"6eUKZXaKkcviH0Ku9w2n3V,3EA9hVIzKfFiQI0Kikz2wo","Ed Sheeran,Andrea Bocelli",67,False,265363,0.544,0.417,-4.387,0.0247,0.586,0.0,0.085,0.207,95.156,1
6U2NuJILEOEpW2tVCuqKHb,Dura - Remix,"4VMYDCV2IEDYJArk749S6m,1GDbiv3spRmZ1XdM1jQbT7,4obzFoKoKRHIphyHzJ35G3,4q3ewBCX7sLwd24euuV69X","Daddy Yankee,Natti Natasha,Becky G,Bad Bunny",67,False,242160,0.772,0.803,-3.035,0.0468,0.188,0.0,0.434,0.853,94.981,1
7y4JznkAv2W3IKw9T1o2VK,New,6Dd3NScHWwnW6obMFbl1BH,Daya,67,True,230879,0.717,0.743,-4.337,0.0322,0.0473,8.81e-06,0.368,0.321,106.919,0
5VuxWXbt7XENQCtE9TzpTv,Spoil My Night (feat. Swae Lee),"246dkjvS1zLTtiykXe5h60,1zNqQNIdeOUZHb8zbZRFMX","Post Malone,Swae Lee",67,True,194560,0.672,0.717,-2.714,0.034,0.341,2.4e-05,0.106,0.225,160.981,1
70lnL3QaSOIIyMa2X9aVRL,Perro Fiel (feat. Nicky Jam),"0EmeFodog0BfCgMzAIvKQp,1SupJlEpv7RS2tPNRaHViT","Shakira,Nicky Jam",67,False,195213,0.75,0.76,-4.836,0.198,0.187,0.0,0.0548,0.893,183.817,1
5lsRkYiIerlfXMMrl4zkJG,Flicker,1Hsdzj7Dlq2I7tHP7501T4,Niall Horan,67,False,258025,0.259,0.312,-9.82,0.0318,0.703,9.32e-06,0.302,0.234,182.257,0
2bNrvWD9d5Zn9tS8XvcaMk,I Could Be The One (Avicii Vs. Nicky Romero) - Radio Edit,"1vCWHaC5f2uS3yhpwWbIA6,5ChF3i92IPZHduM7jN3dpg","Avicii,Nicky Romero",67,False,208316,0.509,0.79,-3.782,0.0374,0.332,6.67e-05,0.316,0.638,127.946,1
5LciLoxa1gK70yIUeoHgRx,To My Love - Tainy Remix,"5n9bMYfz9qss2VOW89EVs2,0GM7qgcRCORpGnfcN2tCiB","Bomba Estéreo,Tainy",67,False,251773,0.764,0.59,-4.292,0.0395,0.129,0.00847,0.0851,0.281,99.996,1
3zoYkqS4y2BsGVShPL2nTE,Reggaetón Lento (Remix),"0eecdvMrqBftK0M1VKhaF4,3e7awlrlDSwF3iM0WBjGMp","CNCO,Little Mix",67,False,188800,0.527,0.907,-3.09,0.11,0.154,0.0,0.0993,0.664,93.813,1
0dIoGTQXDh1wVnhIiSyYEa,Bartier Cardi (feat. 21 Savage),"4kYSro6naA4h99UJvo89HB,1URnnhqYAYcrqrcwql10ft","Cardi B,21 Savage",67,True,224284,0.908,0.524,-7.955,0.181,0.00111,0.000678,0.383,0.109,138.015,1
0taOCiup4HNG9LmbduVlJj,Rubbin off the Paint,3gGUMEwIX6XodWsYEvKSal,YBN Nahmir,67,True,159915,0.721,0.711,-9.294,0.293,0.000662,0.0,0.347,0.511,107.998,0
7DrluKkTviBwCc8AV3VGmf,Clandestino,"0EmeFodog0BfCgMzAIvKQp,1r4hJ1h58CWwUQe3MxPuau","Shakira,Maluma",67,False,231920,0.766,0.822,-4.126,0.16,0.39,3.37e-05,0.349,0.881,165.842,1
2r4JRwcbIeuAzWjH4YXlLs,Yikes,5K4W6rqBFWDnAN6FQUkS6x,Kanye West,67,True,188773,0.676,0.777,-3.241,0.357,0.145,0.0,0.228,0.226,173.931,0
21yRtB6B8EMounImAfHRCP,Who Dat Boy (feat. A$AP Rocky),"4V8LLVI7PbaPR0K2TGSxFF,13ubrt8QOOCPljQ2FL1Kca","Tyler, The Creator,A$AP Rocky",67,True,205093,0.706,0.485,-9.671,0.331,0.337,0.0,0.122,0.144,115.414,1
6KuXb26rHuRy3ZDse1VRmx,Where This Flower Blooms (feat. Frank Ocean),"4V8LLVI7PbaPR0K2TGSxFF,2h93pZq0e7k5yf4dywlkpM","Tyler, The Creator,Frank Ocean",67,True,194933,0.686,0.429,-10.402,0.15,0.71,3.41e-06,0.166,0.27,130.09,1
0UTHr20nqVFMoji8xYE9yl,Perfectly Wrong,7n2wHs1TKAczGzO7Dd2rGr,Shawn Mendes,67,False,212773,0.465,0.311,-11.748,0.0352,0.875,0.0,0.0986,0.311,93.373,0
2MF4HtZHBoUliOi9nOAbS0,Purity (feat. Frank Ocean),"13ubrt8QOOCPljQ2FL1Kca,2h93pZq0e7k5yf4dywlkpM","A$AP Rocky,Frank Ocean",67,True,262360,0.593,0.37,-11.674,0.397,0.832,0.0,0.108,0.312,135.391,1
2Sru5y6R0mYhV9nEHMDWJ7,Given Up,6XyY86QOPPrYVGvF9ch6wz,Linkin Park,67,True,189293,0.655,0.885,-4.116,0.0438,0.00117,0.000473,0.0448,0.938,100.088,0
3zxrecYFao03IrrcyFiaMU,Miss You,57WHJIHrjOE3iAxpihhMnp,Louis Tomlinson,67,True,182026,0.541,0.69,-5.391,0.206,0.0216,0.0,0.257,0.681,180.239,0
3t6j6WNv2OSn6qm5Vxynub,GPS (feat. French Montana),"1r4hJ1h58CWwUQe3MxPuau,6vXTefBL93Dj5IqAWq6OTv","Maluma,French Montana",67,True,216306,0.841,0.629,-3.033,0.114,0.188,0.0,0.346,0.676,143.949,1
2Yl4OmDby9iitgNWZPwxkd,Be Careful,4kYSro6naA4h99UJvo89HB,Cardi B,67,True,210787,0.82,0.568,-8.23,0.411,0.0256,0.0,0.0952,0.535,152.279,0
7tr2za8SQg2CI8EDgrdtNl,Slide (feat. Frank Ocean & Migos),"7CajNmpbOovFoOoasH2HaY,2h93pZq0e7k5yf4dywlkpM,6oMuImdp5ZcFhWP0ESe6mG,4A0TivfinfALCAMJqqjZIk","Calvin Harris,Frank Ocean,Migos,Funk Wav",67,True,230813,0.736,0.795,-3.299,0.0545,0.498,1.21e-06,0.254,0.511,104.066,1
3UjJP4ludb74a29P5EHEIo,Thumbs,74KM79TiuVKeVCqs8QtB0B,Sabrina Carpenter,67,False,216466,0.721,0.722,-3.56,0.0577,0.025,0.0,0.0889,0.112,135.118,0
7KZ5MMVgBVox9ycroB2UrI,CAROUSEL,0Y5tJX1MQlPlqiwlOH1tJY,Travis Scott,67,True,180182,0.428,0.403,-5.914,0.209,0.229,0.0,0.22,0.133,95.387,0
6XBjCetHKdO5L9cwMDVffw,Hipócrita,"2R21vXR83lH98kGeO99Y66,1pgDilWYDWLoOgGjf1iHNu","Anuel AA,Zion",67,False,192000,0.79,0.858,-2.78,0.0471,0.303,0.0,0.61,0.79,92.05,1
4LmAnpjlhWTahvRkYR8xJa,X (with 2 Chainz & Saudi),"5IcR3N7QB1j6KBL8eImZ8m,17lzZA2AlOHwCwFALHttmp,37Qsf5KCKljH7mL134xp4k","ScHoolboy Q,2 Chainz,Saudi",67,True,267426,0.768,0.471,-8.406,0.259,0.0201,0.0,0.268,0.405,131.023,1
70khXICDeTTxgYtw3EysKH,sweetener,66CXWjxzNUsdJxJ2JdwvnR,Ariana Grande,66,True,208493,0.721,0.459,-6.408,0.032,0.248,0.0,0.212,0.46,119.914,0
7Il2yWQmsqKgSkLQvHTPUI,Tequila,7z5WFjZAIYejWy0NI5lv4T,Dan + Shay,66,False,195986,0.474,0.594,-5.756,0.0289,0.0292,0.0,0.133,0.503,86.131,0
0oiCeOPwm4zhwfyIpAE37y,Love on the Weekend,0hEurMDQu99nJRq8pTxO14,John Mayer,66,False,212320,0.718,0.583,-7.884,0.0288,0.623,0.000681,0.0612,0.422,119.971,0
0RTzJVkunbGwuRjXDFHnjf,Dreamer,2XnBwblw31dfGnspMIwgWz,Axwell /\ Ingrosso,66,False,251147,0.627,0.847,-5.303,0.0352,0.0237,0.0,0.212,0.611,126.017,0
26Fqtv4Aa7kyd1WWGHai6A,Privilege,1Xyo4u8uXC1ZmMpatF05PJ,The Weeknd,66,True,170573,0.391,0.595,-7.094,0.0411,0.913,0.00557,0.145,0.379,93.78,0
52zq2a71SGs3f1vJuv59ui,Como Llora,7zY0DMisq1oYXvNNgGwHBY,Juanfran,66,False,187500,0.827,0.629,-3.966,0.185,0.183,0.0,0.084,0.486,88.064,0
0uIfrUwwg0Z7KTitul7E3T,YO LE LLEGO,"1vyhD5VmyZ7KMfW5gqLgo5,4q3ewBCX7sLwd24euuV69X","J Balvin,Bad Bunny",66,False,249600,0.785,0.792,-4.695,0.0641,0.0104,0.0,0.104,0.528,155.036,1
7vAXN57IQ0sj049wZGIboE,Rise Up,53XhwfbYqKCa1cC15pYq2q,Imagine Dragons,66,False,231720,0.33,0.719,-6.557,0.0588,0.0117,0.000297,0.0958,0.0886,93.798,0
5wIeuNURiubue1VTcglU57,Woman (feat. The Dap-Kings Horns),"6LqNN22kT3074XbTVUrhzX,4LFgxG38Y0l4Fo1gdQelay","Kesha,The Dap-Kings Horns",66,True,196360,0.743,0.765,-3.586,0.0389,0.0438,0.0416,0.667,0.338,114.991,1
1ENdcyhqdylaLsPVgB83qq,Rags2Riches (feat. ATR Son Son),"45TgXXqMDdF8BkjA83OM7z,1nGRqM8VNcQOcFsOnhpInD","Rod Wave,ATR Son Son",66,True,167146,0.904,0.252,-17.54,0.11,0.294,0.0,0.104,0.227,117.994,1
3dQDid3IUNhZy1OehIfYfE,Vacaciones,3E6xrwgnVfYCrCs0ePERDz,Wisin,66,False,238813,0.772,0.909,-3.225,0.166,0.256,0.0,0.255,0.694,96.031,0
3E2Zh20GDCR9B1EYjfXWyv,Weak,6s22t5Y3prQHyaHWUN1R1C,AJR,66,False,201160,0.673,0.637,-4.518,0.0429,0.137,0.0,0.184,0.678,123.98,0
2Grb4G6t9VIqo6moKUloom,Don't Come Out The House (with 21 Savage),"0iEtIxbK0KxaSlF7G42ZOp,1URnnhqYAYcrqrcwql10ft","Metro Boomin,21 Savage",66,True,168346,0.87,0.35,-6.082,0.277,0.00661,0.000483,0.108,0.175,74.963,1
3WefHNGtjexZvi66ZEx9u4,Hurts Like Hell (feat. Offset),"2kRfqPViCqYdSGhYSM9R0Q,4DdkRBBYG6Yk9Ka8tdJ9BW","Madison Beer,Offset",66,True,207108,0.704,0.56,-6.791,0.179,0.185,0.0,0.0948,0.609,75.003,1
58IL315gMSTD37DOZPJ2hf,Shaky Shaky,4VMYDCV2IEDYJArk749S6m,Daddy Yankee,66,False,234320,0.899,0.626,-4.228,0.292,0.076,0.0,0.0631,0.873,88.007,0
38iBrrbbXyWaSPkmuDNgjZ,The Adventures of Moon Man & Slim Shady (with Eminem),"0fA0VVWsXO9YnASrzqfmYu,7dGJo4pcD2V6oG8kP0tJRR","Kid Cudi,Eminem",66,True,264833,0.88,0.787,-5.189,0.118,0.226,0.0,0.12,0.588,113.018,1
37PJvlIfYWqEX6fgjHlnTf,WTF Do I Know,5YGY8feqx7naU7z4HrwZM6,Miley Cyrus,66,True,171800,0.564,0.849,-2.619,0.248,0.00255,0.0,0.269,0.634,157.905,0
4KYS9GK68yeuUJ8vJfPxrq,WHO? WHAT!,0Y5tJX1MQlPlqiwlOH1tJY,Travis Scott,66,True,176720,0.834,0.731,-5.603,0.0566,0.0462,0.0,0.0731,0.681,140.001,0
0OlnLZY4cmQzT6ZGttvWBM,So Far Away (feat. Jamie Scott & Romy Dya),"60d24wfXkVzDSfLS6hyCjZ,1Cs0zKBU1kc0i8ypK3B9ai,29QbBR0oTzA7A0kiOzrbbr,5gWzmnHTLNXz5CjOc0wAuK","Martin Garrix,David Guetta,Jamie Scott,Romy Dya",66,False,183636,0.526,0.52,-7.985,0.0569,0.435,0.0,0.197,0.13,149.119,1
0RDgqtvOHLwcI6yz9bjsZV,Perreo en La Luna,"2kqUKsTuEj1lPbm6BSn1AU,77ziqFxp5gaInVrF2lj4ht,0KPX4Ucy9dk82uj4GpKesn,14zUHaJZo1mnYtn6IBRaRP,1pQWsZQehhS4wavwh7Fnxd,2LRoIwlKmHjgvigdNGBHNo","Rich Music LTD,Sech,Dalex,Justin Quiles,Lenny Tavárez,Feid",66,True,218586,0.711,0.757,-4.188,0.29,0.268,0.0,0.367,0.724,174.013,1
0tp6mwUt99QnfY95T30Lqj,Blah Blah Blah,0SfsnGyD8FpIN4U4WCkBZ5,Armin van Buuren,66,False,183518,0.378,0.963,-3.911,0.0682,0.00882,0.00357,0.294,0.16,103.406,0
2grAr8pWMuLWn8ZYEE9wDV,Never Seen The Rain,2NjfBq1NflQcKSeiDooVjY,Tones And I,66,False,200742,0.491,0.461,-5.646,0.0424,0.44,0.0,0.232,0.32,87.808,0
7kOf0qHO4Rcwk6QJifZDRJ,El Manual,2R21vXR83lH98kGeO99Y66,Anuel AA,66,False,210623,0.843,0.845,-2.344,0.0503,0.35,0.00168,0.0527,0.898,126.989,0
1tT55K6VEyO6XFDxK4lDQe,In My Head,4K9aclpXgCPNFGEqRlFPal,Peter Manos,66,False,214533,0.499,0.181,-15.359,0.0429,0.745,0.00123,0.106,0.0747,111.956,0
6ElmxV9B2mSNscEjP27M7i,Chambea,4q3ewBCX7sLwd24euuV69X,Bad Bunny,66,True,192001,0.854,0.868,-3.455,0.154,0.24,0.00204,0.152,0.631,115.99,0
4BiiOzZCrXEzHRLYcYFiD5,Hope,"69GGBxA162lTqCwzJG5jLp,3XC57xz74X3xUi1hv4mge1","The Chainsmokers,Winona Oak",66,False,180120,0.773,0.699,-5.982,0.0958,0.488,3.6e-06,0.0814,0.513,104.941,1
2zjEMw9kkROEbAxIXk6Ivp,Shadow of the Day,6XyY86QOPPrYVGvF9ch6wz,Linkin Park,66,False,290360,0.534,0.393,-7.813,0.0292,0.00479,0.0107,0.107,0.0641,110.007,0
2Ec33AVlkTTq8BHFgBTdQs,Futsal Shuffle 2020,4O15NlyKLIASxsJ0PrXPfz,Lil Uzi Vert,66,True,198912,0.881,0.457,-8.191,0.156,0.0327,0.0,0.231,0.296,136.97,0
0nhVrTiCGiGRCoZOJiWzm1,Danger (with Migos & Marshmello),"6oMuImdp5ZcFhWP0ESe6mG,64KEffDW9EtZ1y2vBYgq8T","Migos,Marshmello",66,True,214586,0.814,0.743,-2.968,0.159,0.152,0.0,0.163,0.367,107.996,1
1oOEkBNp4zWnkD7nWjJdog,Snow On Tha Bluff,6l3HvQ5sa6mXTsMTB19rO5,J. Cole,66,True,235480,0.586,0.512,-8.819,0.0668,0.723,0.0002,0.119,0.235,75.857,0
0XfOi87h82i09rQjWYG0Bm,Instruction (feat. Demi Lovato & Stefflon Don),"4Q6nIcaBED8qUel8bBx6Cr,6S2OmqARrzebs0tKUEyXyp,2ExGrw6XpbtUAJHTLtUXUD","Jax Jones,Demi Lovato,Stefflon Don",66,False,165906,0.767,0.934,-3.057,0.195,0.104,0.0,0.0835,0.895,121.069,1
193Dm5SqYy3hTSbuzxbwKc,Writer In The Dark,163tK9Wjr9P9DmM0AVK7lm,Lorde,66,False,216610,0.325,0.271,-8.069,0.0418,0.73,0.0,0.301,0.279,71.855,0
0dyiHoYbYjYaOEXLpmzQZG,Supercut,163tK9Wjr9P9DmM0AVK7lm,Lorde,66,False,277506,0.587,0.442,-10.395,0.0506,0.225,2.72e-05,0.0801,0.158,124.881,0
05Z7jet4VDNVgNQWcYHnrk,Party (feat. Usher & Gucci Mane),"7bXgB6jMjp9ATFy66eO08Z,23zg3TcAtWQy7J6upgbUnj,13y7CgLHjMVRMDqxdx0Xdo","Chris Brown,Usher,Gucci Mane",66,True,221177,0.762,0.576,-4.951,0.0829,0.0556,0.0,0.0869,0.316,142.096,1
5tmu5pAFHkUSl8Fo8ncyA4,CIVIL WAR - Bonus,1z7b1Pr1rSlvWRzsW3HOrS,Russ,66,True,144506,0.913,0.608,-6.764,0.259,0.116,0.0,0.109,0.496,101.002,0
2r1T6xGTVaNAqBoPH4lZEE,Waste It On Me,"77AiFEVeAVj2ORpC85QVJs,3Nrfpe0tUJi4K4DXYWgMUX","Steve Aoki,BTS",66,False,192536,0.669,0.684,-4.595,0.0585,0.252,0.0,0.72,0.466,96.097,1
6b2mfHMqWCA74XmUuVJm8r,I Know,246dkjvS1zLTtiykXe5h60,Post Malone,66,True,141413,0.666,0.603,-5.671,0.0763,0.497,0.0,0.112,0.262,102.94,0
4rwqrKdwlFWJ6LvPYaOtgn,Quit (feat. Ariana Grande),"2LZDXcxJWgsJfKXZv9a5eG,66CXWjxzNUsdJxJ2JdwvnR","Cashmere Cat,Ariana Grande",66,True,258188,0.44,0.413,-7.365,0.0407,0.105,3.4e-05,0.0997,0.141,86.911,1
2cvOfKHOHgwQlLiuLKP2xR,Myself,246dkjvS1zLTtiykXe5h60,Post Malone,66,True,158120,0.476,0.701,-4.234,0.0349,0.102,0.0,0.242,0.405,163.882,0
6nxQdXa1uAL0rY72wPZu89,Love Me Now,5y2Xq6xcjJb2jVM54GHK3t,John Legend,66,False,210293,0.495,0.762,-3.842,0.0862,0.591,0.0,0.0763,0.708,123.893,0
6dPyzkyZwoj9LqjQXOFdVv,Press,4kYSro6naA4h99UJvo89HB,Cardi B,66,True,143791,0.888,0.525,-5.665,0.305,0.029,5.68e-06,0.137,0.243,133.983,0
3LzJUPmudZeeJhUpeXYcuV,Rebota,0BqURncJM5B1BBu7UM51eq,Guaynaa,66,True,204630,0.82,0.895,-2.735,0.275,0.186,0.0,0.325,0.909,90.09,0
3GmJxfnUDrIs1iCfKUELFz,Supera - Ao Vivo,1yR65psqiazQpeM79CcGh8,Marília Mendonça,66,False,147748,0.665,0.743,-4.434,0.0567,0.0604,0.0,0.959,0.658,131.573,0
7po7c8LzxTZ0ybU41qT5gD,Show & Tell,63yrD80RY3RNEM2YDpUpO8,Melanie Martinez,66,True,215972,0.535,0.746,-5.644,0.275,0.304,0.0,0.359,0.648,109.994,0
6tByydPskASjm9jTPkNQq0,Numb Numb Juice,5IcR3N7QB1j6KBL8eImZ8m,ScHoolboy Q,66,True,107146,0.885,0.492,-6.015,0.367,0.00172,7.79e-05,0.081,0.203,156.958,0
4fj7e6Tc48Bmomwyz2Z2XC,Te Quemaste,"0tmwSHipWxN12fsoLcFU3B,2R21vXR83lH98kGeO99Y66","Manuel Turizo,Anuel AA",66,False,199090,0.729,0.773,-2.486,0.131,0.611,0.00106,0.287,0.718,176.053,1
7yfi8B8opXjnRh4VZnOkz9,Cool,7gOdHgIoIKoe4i9Tta6qdD,Jonas Brothers,66,False,167106,0.683,0.598,-5.487,0.0423,0.00873,0.0,0.156,0.62,78.969,0
4QdovcM8j50QPlyR7tH4xe,You & Me,"3tQx1LPXbsYjE9VwN1Peaa,02kJSzxNuaWGqwubyUba0Z","Marc E. Bassy,G-Eazy",66,True,218493,0.693,0.65,-8.376,0.192,0.0398,0.0,0.186,0.663,85.026,1
2chIkORxBLpPVgruGiMY8k,911,2UwqpfQtNuhBwviIC0f2ie,Damso,66,True,172293,0.685,0.706,-7.02,0.0545,0.0894,0.0287,0.0986,0.64,155.989,0
1D3ODoXHBLpdxolZRHWV1j,By Your Side,"1HBjj22wzbscIZ9sEb5dyf,5KKpBU5eC2tJDzf0wmlRp2","Jonas Blue,RAYE",66,False,201254,0.696,0.743,-3.838,0.0331,0.0778,0.0,0.0581,0.644,122.978,1
5hM6sP0Gh1jD57drszNueC,For You (With Rita Ora),"5pUo3fmmHT8bhCyHE52hA6,5CCwRZC6euC8Odo6y9X8jr","Liam Payne,Rita Ora",66,False,242827,0.483,0.799,-4.567,0.0366,0.0188,0.0,0.226,0.171,112.946,1
1iPBD72u3nAyFEeardYuBV,Kamikaze,5zctI4wO9XSKS8XwcnqEHk,Lil Mosey,66,True,139200,0.792,0.571,-7.539,0.094,0.301,0.0,0.1,0.556,99.999,0
6Y4PDQv4XjYjHLeLmvyOt0,Si Te Vas,"77ziqFxp5gaInVrF2lj4ht,1i8SpTcr7yvPOmcqrbnVXY","Sech,Ozuna",66,False,204906,0.73,0.644,-4.124,0.132,0.0933,4.56e-06,0.143,0.554,174.101,1
2u8AXJyk8pICzj2wyPBL0b,2002,"4Yttlv9ndGjCDCVLqM7ACq,1qQLhymHXFPtP5U8KNKsm6","Sido,Apache 207",66,False,237157,0.657,0.691,-7.907,0.236,0.213,0.0,0.099,0.493,160.106,1
0aTMBEfPCCkKkneU6gLmDD,El Triste,4mN0qcMxWX8oToqfDPM5yV,José José,66,False,253000,0.378,0.612,-6.24,0.0405,0.769,0.0,0.184,0.522,109.313,0
4mJDfMcT7odIUjWlb2WO4L,Baby One More Time - Recorded at Spotify Studios New York City,6eUKZXaKkcviH0Ku9w2n3V,Ed Sheeran,66,False,177214,0.792,0.307,-6.224,0.0522,0.189,0.0,0.0834,0.631,104.511,0
5YeHLHDdQ4nKHk81XFWhCU,successful,66CXWjxzNUsdJxJ2JdwvnR,Ariana Grande,66,True,227386,0.847,0.603,-4.607,0.0397,0.107,7.4e-06,0.106,0.735,114.045,0
6MWoRt97mnSTXZhu3ggi9C,hoax,06HL4z0CvFAxyc27GXpf02,Taylor Swift,66,False,220042,0.662,0.181,-15.065,0.0415,0.966,3.86e-06,0.133,0.429,118.819,0
6wJwkMo278iWVlWl1XQ4WA,The Heart Wants What It Wants,0C8ZW7ezQVs4URX5aX7Kqx,Selena Gomez,66,False,227373,0.616,0.789,-4.874,0.0377,0.053,0.0,0.142,0.621,83.066,0
36TO60sxDduIsO3xH8IcUh,Isis,"6C1ohJrd5VydigQtaGy5Wa,4xRYI6VqpkE3UwrDrAZL8L","Joyner Lucas,Logic",66,True,236000,0.918,0.837,-6.792,0.255,0.234,0.0,0.227,0.855,120.017,1
0kCBorRrKZkSztd9m0QI3r,Chanel (Go Get It) [feat. Gunna & Lil Baby],"50co4Is1HCEo8bhOyUWKpn,1xr2G8Hlx4QWmT9HaUbmoO,2hlmm7s2ICUX0LVIhVFlZQ,5f7VJjfbwm532GiveGC0ZK","Young Thug,Young Stoner Life,Gunna,Lil Baby",66,True,201706,0.938,0.5,-10.08,0.144,0.00183,0.0,0.077,0.462,140.011,1
1B4gJRq61xTs6r1O0Uq2iY,Casper,3EW0kQ1skZiK1NHg3Spt9J,Takeoff,66,True,197079,0.921,0.607,-7.397,0.209,0.525,1.12e-06,0.123,0.753,140.071,0
1tpbAGsGpZee5jDHMcLrUJ,Bellaquita,"0KPX4Ucy9dk82uj4GpKesn,1pQWsZQehhS4wavwh7Fnxd","Dalex,Lenny Tavárez",66,True,204786,0.584,0.698,-3.961,0.106,0.09,6.87e-05,0.171,0.765,166.047,1
3xvYvJAa0iUVKKsYcuDNlK,Hard On Yourself,"6VuMaDnrHyPL1p4EHjYLi7,2cFrymmkijnjDg9SS92EPM","Charlie Puth,blackbear",66,False,160825,0.824,0.783,-4.53,0.0507,0.22,0.0,0.234,0.788,114.028,1
6K2anECyrckidwf5wxS78Q,NBAYOUNGBOAT,"6icQOAFXDZKsumw3YXyusw,7wlFDEWiM5OoIAt8RSli8b","Lil Yachty,YoungBoy Never Broke Again",66,True,139845,0.769,0.807,-2.966,0.306,0.0515,0.0,0.111,0.364,82.422,1
4QfNOZN7vrQCQKK1ZJ3XPb,Heaven,0ZED1XzwlLHW4ZaG4lOT6m,Julia Michaels,66,False,191813,0.544,0.379,-9.113,0.0412,0.863,0.0,0.083,0.322,199.756,0
1wlKw9NAWVWpx7OIAyg9EA,Fell On Black Days,5xUf6j4upBrXZPg6AI4MRK,Soundgarden,66,False,283026,0.574,0.739,-5.745,0.0271,0.00152,0.000328,0.141,0.514,101.069,0
551xyaSJsg8hILXFq9JdST,"The Plan - From the Motion Picture ""TENET""",0Y5tJX1MQlPlqiwlOH1tJY,Travis Scott,66,True,185850,0.433,0.443,-10.568,0.0361,0.0922,0.000293,0.117,0.0363,79.903,0
6Q9NH5cNBY58nJkp5Jbs9j,Deve ser horrível dormir sem mim,"6xF3XdxG7VHRmQmTJxRqX8,7rXMvXRnWHaSwnVvPeUUfw","Manu Gavassi,Gloria Groove",66,False,155052,0.698,0.722,-6.571,0.146,0.0134,1.03e-05,0.115,0.753,126.739,1
3cphb8kdsjElYR7r5icK3H,Nice To Meet Ya,1Hsdzj7Dlq2I7tHP7501T4,Niall Horan,66,False,158805,0.591,0.841,-4.351,0.0304,0.0119,0.0,0.395,0.392,109.034,0
2hDe0Ls5mVqs1XJqv7sbcM,Fútbol & Rumba (feat. Enrique Iglesias),"2R21vXR83lH98kGeO99Y66,7qG3b048QCHVRO5Pv1T5lw","Anuel AA,Enrique Iglesias",66,True,221428,0.735,0.916,-2.082,0.117,0.397,2.91e-06,0.0918,0.691,167.994,1
7JNh1cfm0eXjqFVOzKLyau,Mayores,"4obzFoKoKRHIphyHzJ35G3,4q3ewBCX7sLwd24euuV69X","Becky G,Bad Bunny",66,False,202453,0.743,0.855,-3.976,0.0436,0.141,0.0045,0.099,0.871,96.989,1
44ZJ4hLD5onikKsVLQaILr,Vossi Bop,2SrSdSvpminqmStGELCSNd,Stormzy,66,True,196266,0.682,0.653,-6.062,0.339,0.13,0.00116,0.129,0.428,188.115,0
688QpQAwqsLdBR6lr13wK1,Same Bitches (feat. G-Eazy & YG),"246dkjvS1zLTtiykXe5h60,02kJSzxNuaWGqwubyUba0Z,0A0FS04o6zMoto8OKPsDwY","Post Malone,G-Eazy,YG",66,True,212466,0.731,0.774,-5.273,0.0555,0.434,3.34e-06,0.114,0.219,100.005,1
09oZ9eXQ2fo6YDrPzJqAoP,Outta My Head (with John Mayer),"6LuN9FCkKOj5PcnpouEgny,0hEurMDQu99nJRq8pTxO14","Khalid,John Mayer",66,False,177066,0.729,0.545,-7.818,0.0316,0.0174,0.000274,0.369,0.514,103.012,1
2ajzBr7vwHTEBeqDzcsNRC,That Way - Bonus Track,4O15NlyKLIASxsJ0PrXPfz,Lil Uzi Vert,66,True,212354,0.712,0.598,-5.368,0.0388,0.0546,0.0,0.154,0.504,130.007,0
03x2rVJRFUrvwlfxoHd9Mo,Just You and I,7z2avKuuiMAT4XZJFv8Rvh,Tom Walker,66,False,174982,0.567,0.696,-5.416,0.301,0.456,0.0,0.113,0.544,92.061,0
3Wf2YGdYT8xVdNsQSoRKk9,Youth (feat. Khalid),"7n2wHs1TKAczGzO7Dd2rGr,6LuN9FCkKOj5PcnpouEgny","Shawn Mendes,Khalid",66,False,190866,0.625,0.589,-6.627,0.0858,0.518,0.0,0.197,0.33,100.003,1
2kAIpGWnlFLQh48iut6Zzq,Free Spirit,6LuN9FCkKOj5PcnpouEgny,Khalid,66,False,182080,0.627,0.446,-9.477,0.0332,0.308,0.00077,0.111,0.11,139.994,0
43ZyHQITOjhciSUUNPVRHc,Gucci Gang,3wyVrVrFCkukjdVIdirGVY,Lil Pump,66,True,124055,0.936,0.523,-6.71,0.0597,0.239,0.0,0.117,0.699,119.889,0
6IAgarq2wDeYzpsY2Kx0Hw,Almeda,2auiVi8sUZo17dLy1HwrTU,Solange,66,True,236120,0.827,0.553,-5.296,0.032,0.0227,1.52e-05,0.176,0.0631,110.015,0
113PlnpZbHd3WIqeYjhZWv,Definitivamente,"4VMYDCV2IEDYJArk749S6m,77ziqFxp5gaInVrF2lj4ht","Daddy Yankee,Sech",66,False,217773,0.813,0.764,-3.39,0.105,0.586,0.0,0.253,0.429,100.047,1
6b5P51m8xx2XA6U7sdNZ5E,Alone Again,1Xyo4u8uXC1ZmMpatF05PJ,The Weeknd,66,True,250053,0.218,0.652,-7.953,0.0641,0.033,0.111,0.172,0.0599,65.375,0
4BGZF4oLbTL0pWm7C18pbv,Scared To Live,1Xyo4u8uXC1ZmMpatF05PJ,The Weeknd,66,True,191306,0.504,0.498,-8.24,0.0499,0.131,0.0,0.0929,0.196,87.221,0
3WlbeuhfRSqU7ylK2Ui5U7,Snowchild,1Xyo4u8uXC1ZmMpatF05PJ,The Weeknd,66,True,247186,0.55,0.611,-7.475,0.137,0.162,6.88e-05,0.121,0.243,148.062,0
5nq1uTNIR1cBR72T87viS0,Go Go,3Nrfpe0tUJi4K4DXYWgMUX,BTS,66,False,235779,0.856,0.617,-5.308,0.0841,0.171,0.0,0.0857,0.759,136.082,0
0TCnOEVeLQMXOUrpPlM7uY,Guatemala - From Swaecation,"7iZtZyCzp3LItcw1wtPI3D,1zNqQNIdeOUZHb8zbZRFMX,7EEiVZvj6RCEtVX2F2pyxu","Rae Sremmurd,Swae Lee,Slim Jxmmi",66,True,256341,0.849,0.699,-5.193,0.0574,0.185,0.00118,0.0954,0.0778,100.989,1
5eEQCfq7MXQr6aHLNRUZLs,Keii,2R21vXR83lH98kGeO99Y66,Anuel AA,66,False,210000,0.708,0.797,-3.095,0.0391,0.4,0.0,0.096,0.51,88.015,0
0zYqFyhiTj419q56lNsjk0,Don't Know What To Do,41MozSoPIsD1dJM0CLPjZF,BLACKPINK,66,False,201081,0.628,0.64,-4.164,0.0491,0.0992,0.0,0.138,0.409,129.815,0
6bLopGnirdrilrpdVB6Um1,The Greatest,5WUlDfRSoLAfcVSX1WnrxN,Sia,66,False,210920,0.639,0.785,-6.167,0.174,0.0174,0.00107,0.0512,0.686,191.95,0
2XWjPtKdi5sucFYtVav07d,365,"2qxJFvFYMEDqd7ui6kSAcq,6jJ0s89eD6GaHleKKya26X","Zedd,Katy Perry",66,False,181899,0.745,0.693,-5.479,0.034,0.339,0.0,0.123,0.248,98.039,1
6phY2gnvf9WwCiXlLMQOY3,HeMotions,4MCBfE4596Uoi2O4DtmEMz,Juice WRLD,66,True,187211,0.561,0.76,-7.194,0.264,0.667,0.0,0.106,0.317,163.938,0
7KxhSJOYiqCDclXDBNlFSZ,Kill Em With Kindness,0C8ZW7ezQVs4URX5aX7Kqx,Selena Gomez,66,False,217906,0.757,0.884,-5.488,0.0404,0.00795,5.87e-05,0.0973,0.398,120.012,0
3frUvGrmGcay91lvFbOgsN,Like It Is,"23fqKkggKUBHNkbKtXEls4,1Xylc3o4UrD53lo9CvFvVg,5LHRHt1k9lMyONurDHEdrp","Kygo,Zara Larsson,Tyga",66,False,183067,0.794,0.728,-6.759,0.114,0.121,8.82e-06,0.227,0.36,105.024,1
6CUP2khYzdphXebxVTfPE3,Lo Mein,4O15NlyKLIASxsJ0PrXPfz,Lil Uzi Vert,66,True,195299,0.855,0.676,-5.736,0.325,0.0888,0.0,0.144,0.509,133.082,0
3ojTJaonfkL96iIWa47SU3,Questions,7bXgB6jMjp9ATFy66eO08Z,Chris Brown,66,False,129477,0.614,0.598,-6.335,0.0561,0.00543,0.0,0.1,0.565,105.803,0
5Iy2Jj87Ha0C0IBlNE1I4y,The Days,1vCWHaC5f2uS3yhpwWbIA6,Avicii,66,False,278480,0.59,0.724,-3.278,0.0439,0.04,4.07e-05,0.142,0.526,127.059,0
4NSW0Km5ZG60L8FthUebPJ,What I Like About You (feat. Theresa Rex),"1HBjj22wzbscIZ9sEb5dyf,6t9tbRO9Lv6Oq6xtVwfdrn","Jonas Blue,Theresa Rex",66,False,220396,0.46,0.8,-3.584,0.05,0.289,6.16e-06,0.121,0.553,102.46,1
11ZRYISCsAsLyyJo47DudZ,Ahora Me Llama,"790FomKkXshlbRYZFtlgla,4q3ewBCX7sLwd24euuV69X","KAROL G,Bad Bunny",66,True,235226,0.656,0.568,-5.666,0.0409,0.00982,1.82e-05,0.0937,0.121,134.878,1
07KegcFokV4bBD1GvO1j6L,Respect,3Nrfpe0tUJi4K4DXYWgMUX,BTS,66,False,237540,0.661,0.84,-4.805,0.116,0.00485,0.0,0.287,0.524,91.457,0
1DhRbox3xkceP64k3JeYfW,Antisocial (with Travis Scott),"6eUKZXaKkcviH0Ku9w2n3V,0Y5tJX1MQlPlqiwlOH1tJY","Ed Sheeran,Travis Scott",66,False,161746,0.716,0.823,-5.313,0.0495,0.132,0.0,0.361,0.91,151.957,1
3LbZIhU0smEU5SUnxod4j4,Breathe Deeper,5INjqkS1o8h1imAzPqGZBb,Tame Impala,66,False,372866,0.664,0.848,-4.51,0.0322,0.0245,0.000127,0.172,0.502,104.998,0
7KSSdFCBHCfq4KPzz78ghk,Heatin Up (feat. Gunna),"5f7VJjfbwm532GiveGC0ZK,2hlmm7s2ICUX0LVIhVFlZQ","Lil Baby,Gunna",66,True,177314,0.788,0.436,-9.435,0.364,0.0611,0.0,0.0979,0.341,129.847,1
6ya8ejoKgw906Y8LWclqrp,Racks in the Middle (feat. Roddy Ricch and Hit-Boy),"0EeQBlQJFiAfJeVN2vT9s0,757aE44tKEUQEqRuT6GnEB,6q3p11nP1p80Ey6LrOOSed","Nipsey Hussle,Roddy Ricch,Hit-Boy",66,True,233277,0.671,0.833,-5.152,0.395,0.0825,0.0,0.0726,0.702,79.351,1
2o9LAypwGH4ctV0i9boo6d,Come Around Me,1uNFoZAHBGtllmzznpCI3s,Justin Bieber,66,False,200773,0.648,0.681,-8.389,0.0378,0.263,0.00783,0.0971,0.767,157.941,0
6tsOcBnaKgzK22yEiqRh8P,MONOPOLY (with Victoria Monét),"66CXWjxzNUsdJxJ2JdwvnR,63XBtGSEZINSyXylZxEUbv","Ariana Grande,Victoria Monét",66,True,158586,0.892,0.507,-8.282,0.378,0.704,3.14e-05,0.109,0.695,143.96,1
0fgsKar6uBO08vzHXkTjWi,P FKN R,"4q3ewBCX7sLwd24euuV69X,1WMwuNKzEFtU6pPkdtryYS,4SsVbpTthjScTS7U2hmr1X","Bad Bunny,Kendo Kaponi,Arcangel",66,True,258280,0.82,0.635,-5.749,0.0772,0.409,0.0,0.244,0.528,101.024,1
5raTDhlbxFDnpn89bxArdH,That Way,4O15NlyKLIASxsJ0PrXPfz,Lil Uzi Vert,66,True,212354,0.719,0.611,-5.01,0.0403,0.0582,0.0,0.155,0.489,129.962,0
2BrzlUj1u1CtvaJDGIKpsP,Make Me (Cry),"55fhWPvDiMpLnE4ZzNXZyW,2feDdbD5araYcm6JhFHHw7","Noah Cyrus,Labrinth",66,False,242081,0.588,0.471,-7.287,0.0577,0.592,0.00146,0.0733,0.209,152.881,1
62o8KoI44JfN7aYxgTnPvh,Mala Mía,1r4hJ1h58CWwUQe3MxPuau,Maluma,66,False,183752,0.749,0.752,-4.883,0.345,0.31,0.0,0.232,0.901,180.049,0
19MBk3PbNFE36wqIqkMq9H,La Cintura,2urF8dgLVfDjunO0pcHUEe,Alvaro Soler,66,False,204666,0.702,0.844,-4.054,0.0769,0.0294,0.0,0.38,0.786,100.043,0
3tc8Z4lGzOIwmIVftsxO6o,Graveto - Ao Vivo,1yR65psqiazQpeM79CcGh8,Marília Mendonça,66,False,170877,0.714,0.632,-5.1,0.0312,0.292,0.0,0.812,0.402,93.052,0
1dLXLETYiZohIZWnse4ypG,Better,5ZsFI1h6hIdQRw2ti0hz81,ZAYN,66,False,174516,0.637,0.418,-7.137,0.301,0.353,0.0,0.131,0.0807,84.295,0
7IMwEtpAiJanqF6vQteZN2,Turks (with Gunna & ft. Travis Scott),"7rkW85dBwwrJtlHRDkJDAC,2hlmm7s2ICUX0LVIhVFlZQ,0Y5tJX1MQlPlqiwlOH1tJY","NAV,Gunna,Travis Scott",66,True,161319,0.894,0.618,-4.356,0.129,0.0808,0.0,0.558,0.379,119.1,1
41cpvQ2GyGb2BRdIRSsTqK,Moon River,2h93pZq0e7k5yf4dywlkpM,Frank Ocean,66,False,188323,0.24,0.116,-13.216,0.0329,0.877,0.00092,0.1,0.0937,77.349,0
0lsRatBUs9HNIZAmoGABzk,Trampoline,3KwmxIhSe9UTSEF37kwngR,SHAED,66,False,184060,0.689,0.412,-7.523,0.0301,0.488,0.00016,0.0659,0.537,126.754,0
2tSDwInMbSGmUySTeUgO5e,Love Like That,5JZ7CnR6gTvEMKX4g70Amv,Lauv,66,False,184556,0.679,0.481,-9.045,0.0593,0.208,1.02e-05,0.284,0.486,80.011,0
0VSzREd1OjEWJ9tXoFHRQH,Those Kinda Nights (feat. Ed Sheeran),"7dGJo4pcD2V6oG8kP0tJRR,6eUKZXaKkcviH0Ku9w2n3V","Eminem,Ed Sheeran",66,True,177693,0.794,0.637,-6.29,0.339,0.028,0.0,0.0919,0.393,103.868,1
4EJHKSnHENfjOxXWryyNtL,MÁS DE UNA CITA,"4q3ewBCX7sLwd24euuV69X,21451j1KhjAiaYKflxBjr1","Bad Bunny,Zion & Lennox",66,True,183520,0.865,0.5,-10.805,0.0861,0.0122,7.73e-05,0.098,0.317,92.976,1
2RwmsAOxtiRezQPmvyejb8,Ex Calling,4IVAbR2w4JJNJDDRFP3E83,6LACK,66,True,211960,0.782,0.559,-7.545,0.258,0.00746,1.74e-05,0.232,0.076,156.018,0
4kfeRwpq5KUaqTkgi4TbDF,Solitaires (feat. Travis Scott),"1RyvyyTE3xzB2ZywiAwp0i,0Y5tJX1MQlPlqiwlOH1tJY","Future,Travis Scott",66,True,205666,0.691,0.632,-7.598,0.0513,0.122,0.0,0.0646,0.488,169.982,1
4uqh9bualXNHXXwO2wPorc,Daisies,6jJ0s89eD6GaHleKKya26X,Katy Perry,66,False,173123,0.639,0.546,-5.382,0.0407,0.0837,0.0,0.122,0.149,122.179,0
3WnTQDd9A3bpBfzCziElU9,Excitement,"6Xgp2XMz1fhVYe7i6yNAax,2HPaUgqeutzr3jx5a9WyDV","Trippie Redd,PARTYNEXTDOOR",66,False,283270,0.474,0.681,-3.473,0.038,0.0263,4.27e-05,0.0972,0.0384,121.96,1
1f5PNhkNgUpvDEeZfcIlO1,I Do (feat. SZA),"4kYSro6naA4h99UJvo89HB,7tYKF4w9nC0nq9CsPZTHyP","Cardi B,SZA",66,True,200205,0.886,0.473,-7.338,0.255,0.27,2.58e-05,0.0864,0.438,135.065,1
0biVzpdI2z0vAxwfU9xuuA,Too Comfortable,1RyvyyTE3xzB2ZywiAwp0i,Future,66,True,236818,0.935,0.472,-9.304,0.0575,0.0455,0.0,0.19,0.659,130.041,0
1ToprX3cpBiXoAe5eNSk74,Eleven,6LuN9FCkKOj5PcnpouEgny,Khalid,66,False,206360,0.701,0.396,-10.182,0.119,0.112,0.0209,0.223,0.115,129.004,0
5LHHKZOwV8XW4LJP2C64mw,COOLER THAN A BITCH (feat. Roddy Ricch),"2hlmm7s2ICUX0LVIhVFlZQ,757aE44tKEUQEqRuT6GnEB","Gunna,Roddy Ricch",66,True,197000,0.837,0.586,-8.521,0.0807,0.281,0.0,0.134,0.618,117.066,1
5uHrWZqndnheP1qtYr6xGC,Moonlight,5RmQ8k4l3HZ8JoPb4mNsML,Agust D,66,True,163015,0.689,0.729,-5.801,0.225,0.273,0.0,0.059,0.773,97.057,0
6Yx181fZzA0YE2EkUsYruq,Big Plans,2jnIB6XdLvnJUeNTy5A0J2,Why Don't We,66,False,179929,0.693,0.604,-5.279,0.0427,0.0668,0.0,0.114,0.651,75.014,0
14mgSrrQRN8K9HaVHhKjze,Nothing Compares - Bonus Track,1Xyo4u8uXC1ZmMpatF05PJ,The Weeknd,66,True,222306,0.524,0.577,-9.313,0.0358,0.00253,0.0443,0.234,0.0398,131.909,0
6TooMkzB9xE9FM9qxuEQeX,Missed You - Bonus Track,1Xyo4u8uXC1ZmMpatF05PJ,The Weeknd,66,True,144539,0.716,0.364,-9.648,0.0866,0.107,9.23e-05,0.113,0.448,151.968,0
6GNifiuBPrKFpwNBYnooFm,The Way Life Goes (feat. Nicki Minaj & Oh Wonder) - Remix,"4O15NlyKLIASxsJ0PrXPfz,0hCNtLu0JehylgoiP8L4Gh,5cIc3SBFuBLVxJz58W2tU9","Lil Uzi Vert,Nicki Minaj,Oh Wonder",66,True,268863,0.749,0.671,-5.151,0.0599,0.68,0.0,0.167,0.756,81.994,1
3K6U7TamNyVSWcFH8pCQHX,Love Hurts (feat. Travis Scott),"699OTQXzgjhIYAHMy9RyPD,0Y5tJX1MQlPlqiwlOH1tJY","Playboi Carti,Travis Scott",66,True,180560,0.724,0.45,-5.763,0.0497,0.0315,1.42e-05,0.111,0.464,140.978,1
0JoHqmlqE0W0i9prt6kcHR,"Cuatro Babys (feat. Trap Capos, Noriel, Bryant Myers & Juhn)","1r4hJ1h58CWwUQe3MxPuau,2pQAUIesBqfT87PaM1ijtk,3RtNN1VnooWEn3KQk03DUL,6w9ToX5slZ4uIdmD17hJ3c,2LmcxBak1alK1bf7d1beTr","Maluma,Trap Capos,Noriel,Bryant Myers,Juhn",66,True,278106,0.772,0.547,-6.373,0.0541,0.0983,4.35e-06,0.107,0.0957,130.099,1
7ofxPmTNMj2GP07g1VZa0O,Que Va,"0OROVBEZCocg0FcgJpyBse,1i8SpTcr7yvPOmcqrbnVXY","Alex Sensation,Ozuna",66,False,238160,0.771,0.835,-3.388,0.0507,0.13,0.0,0.0601,0.817,91.012,1
3iQOfefMGDVDwo8dZoco8T,PORFA,"2LRoIwlKmHjgvigdNGBHNo,14zUHaJZo1mnYtn6IBRaRP","Feid,Justin Quiles",66,False,233000,0.843,0.549,-8.018,0.164,0.0948,0.0,0.155,0.541,83.982,1
1gjxuBurykxzaqbDaqKKYU,Wanted You (feat. Lil Uzi Vert),"7rkW85dBwwrJtlHRDkJDAC,4O15NlyKLIASxsJ0PrXPfz","NAV,Lil Uzi Vert",66,True,228386,0.797,0.721,-4.912,0.0575,0.174,0.0,0.24,0.627,146.924,1
1MJErNPIQUoEMu4YUUmecm,Neon Guts (feat. Pharrell Williams),"4O15NlyKLIASxsJ0PrXPfz,2RdwBSPQiwcmiDo9kixcl8","Lil Uzi Vert,Pharrell Williams",66,True,258789,0.859,0.563,-6.635,0.112,0.0541,0.0,0.0685,0.412,119.934,1
1PfUKiMDKIlPEF9FfdJawc,hope is a dangerous thing for a woman like me to have - but I have it,00FQb4jTyendYWaN8pK0wa,Lana Del Rey,66,True,324498,0.492,0.144,-10.125,0.0708,0.965,1.84e-06,0.161,0.274,164.839,0
14oOKFGuXu8DqvOe1W8vao,Bon appétit,"6jJ0s89eD6GaHleKKya26X,6oMuImdp5ZcFhWP0ESe6mG","Katy Perry,Migos",66,False,227813,0.797,0.791,-5.799,0.0626,0.115,6e-05,0.144,0.516,106.044,1
56d6kYZhfhzpoC3s1dRU2V,I Was Never There,"1Xyo4u8uXC1ZmMpatF05PJ,3hteYQFiMFbJY7wS0xDymP","The Weeknd,Gesaffelstein",66,False,241066,0.32,0.734,-4.021,0.0331,0.133,0.000109,0.165,0.185,113.34,1
5tyMJlMqaggzvuX7TtlrTe,Love song,00FQb4jTyendYWaN8pK0wa,Lana Del Rey,66,True,229325,0.384,0.0701,-16.512,0.0367,0.966,0.00017,0.0805,0.288,63.425,0
6RnkFd8Fqqgk1Uni8RgqCQ,Like I Do,"1Cs0zKBU1kc0i8ypK3B9ai,60d24wfXkVzDSfLS6hyCjZ,4mHAu7NX2UNsnGXjviBD9e","David Guetta,Martin Garrix,Brooks",66,False,202500,0.635,0.9,-3.719,0.0377,0.00664,0.0145,0.37,0.15,127.978,1
7alOsNr36sJ8CyOEP4aILq,ODIO,"1vyhD5VmyZ7KMfW5gqLgo5,4q3ewBCX7sLwd24euuV69X","J Balvin,Bad Bunny",66,False,270400,0.74,0.698,-3.838,0.0388,0.215,0.0,0.116,0.529,139.99,1
35QZaWQRkmnAVqBF1TLCxQ,Nancy Mulligan,6eUKZXaKkcviH0Ku9w2n3V,Ed Sheeran,66,False,179786,0.68,0.852,-4.35,0.0349,0.117,0.0,0.0866,0.858,101.993,0
0y9uTzK9cNKSAEHnpeRG8C,DUCKWORTH.,2YZyLoL8N0Wb9xBt1NhZWg,Kendrick Lamar,66,True,248613,0.552,0.731,-6.873,0.615,0.0536,0.0,0.258,0.632,174.516,0
6SznMYPQJHzr3IwsAHLId2,Bibia Be Ye Ye,6eUKZXaKkcviH0Ku9w2n3V,Ed Sheeran,66,False,176746,0.738,0.677,-5.121,0.0824,0.52,0.0,0.133,0.882,127.067,0
70YPzqSEwJvAIQ6nMs1cjY,In Your Arms (with X Ambassadors),"45eNHdiiabvmbp4erw26rg,3NPpFNZtSTHheNBaWC82rB","ILLENIUM,X Ambassadors",66,False,220730,0.404,0.806,-4.75,0.0496,0.198,0.0,0.114,0.112,148.036,1
3ZMv9EzGoteNi5Qnx0KpEO,Skinny Love,4LEiUm1SRbFMgfqnQTwUbQ,Bon Iver,66,False,238532,0.591,0.259,-14.061,0.0481,0.837,3.11e-06,0.135,0.108,76.396,0
3OnOomd79OjqSYHchCQ6ht,Notice Me,"6oMuImdp5ZcFhWP0ESe6mG,246dkjvS1zLTtiykXe5h60","Migos,Post Malone",66,True,233880,0.793,0.344,-9.757,0.357,0.112,1.68e-06,0.15,0.45,166.105,1
4UAW2gObi5o6sJla0qZpPn,Mariners Apartment Complex,00FQb4jTyendYWaN8pK0wa,Lana Del Rey,66,True,247150,0.528,0.284,-11.487,0.0287,0.795,0.000303,0.109,0.172,76.012,0
7iAgNZdotu40NwtoIWJHFe,Bet You Wanna (feat. Cardi B),"41MozSoPIsD1dJM0CLPjZF,4kYSro6naA4h99UJvo89HB","BLACKPINK,Cardi B",66,False,161167,0.653,0.662,-6.168,0.162,0.00465,0.0,0.0626,0.674,111.712,1
2sqsNXfN0HtgDEgaHXiUTa,Won't Be Late (feat. Drake),"1zNqQNIdeOUZHb8zbZRFMX,3TVXtAsR1Inumwj472S9r4","Swae Lee,Drake",66,False,218709,0.915,0.588,-6.302,0.0677,0.0824,0.000169,0.104,0.329,123.936,1
6fybp4N6eW3bsFAvARxyVe,Ain't Talkin' 'Bout Love - 2015 Remaster,2cnMpRsOVqtPMfq7YiFE6K,Van Halen,66,False,227800,0.518,0.938,-5.964,0.0416,0.021,0.000305,0.288,0.71,139.138,0
28FGV3ORH14MYORd7s5dlU,Not Alike (feat. Royce Da 5'9),"7dGJo4pcD2V6oG8kP0tJRR,6DVipHzYsPlIoA0DW8Gmns","Eminem,Royce Da 5'9""",66,True,288086,0.904,0.756,-3.746,0.32,0.0692,0.0,0.339,0.342,140.005,1
5hQSXkFgbxjZo9uCwd11so,False God,06HL4z0CvFAxyc27GXpf02,Taylor Swift,66,False,200306,0.739,0.32,-10.862,0.239,0.736,0.000147,0.111,0.351,79.97,0
2gsNpSn7VvvJuSrIDfRoYy,Kamikaze,7dGJo4pcD2V6oG8kP0tJRR,Eminem,66,True,216029,0.78,0.808,-5.175,0.484,0.112,0.0,0.329,0.642,79.982,0
36YCdzT57us0LhDmCYtrNE,Rockin’,1Xyo4u8uXC1ZmMpatF05PJ,The Weeknd,66,True,232880,0.738,0.885,-5.547,0.206,0.0133,0.0,0.0821,0.752,112.878,0
3CDVMejYHnB1SkEEx0T1N4,Many Men,"1URnnhqYAYcrqrcwql10ft,0iEtIxbK0KxaSlF7G42ZOp","21 Savage,Metro Boomin",66,True,201856,0.635,0.793,-4.333,0.0322,0.000647,0.747,0.113,0.281,77.594,1
00ko9WaS4jOX1kEk3gvHjf,Hot Shower,"1anyVhU62p31KFi8MEzkbf,5SyGEPymt1G2uto47tVWvZ,4r63FhuTkUYltbVAg5TQnk","Chance the Rapper,MadeinTYO,DaBaby",66,True,225923,0.899,0.509,-8.04,0.387,0.00157,0.0,0.0573,0.599,150.001,1
3s4mrPrEFFPF0LmAfutW0n,The London (feat. J. Cole & Travis Scott),"6l3HvQ5sa6mXTsMTB19rO5,0Y5tJX1MQlPlqiwlOH1tJY,50co4Is1HCEo8bhOyUWKpn","J. Cole,Travis Scott,Young Thug",66,True,200186,0.784,0.517,-8.981,0.209,0.0249,1.44e-06,0.155,0.206,97.991,1
04MLEeAMuV9IlHEsD8vF6A,No Stylist (feat. Drake),"6vXTefBL93Dj5IqAWq6OTv,3TVXtAsR1Inumwj472S9r4","French Montana,Drake",66,True,192172,0.765,0.704,-4.589,0.127,0.0215,0.0,0.227,0.498,147.055,1
14mHfNsSHN0FbLftyjrV9g,Leave Me Alone,2HUwZ0kumzCSlhFcjFZfpp,Flipp Dinero,66,True,195637,0.792,0.743,-2.806,0.0851,0.107,0.0,0.183,0.742,150.024,0
4hanO6Du5J7QEguNHYZHmw,Daddy (feat. Rich The Kid),"3Fl1V19tmjt57oBdxXKAjJ,1pPmIToKXyGdsCF6LmqLmI","Blueface,Rich The Kid",66,True,151146,0.869,0.59,-8.214,0.257,0.07,0.0,0.236,0.479,107.934,1
1ZDmxwg7Lywlx68b7SsJjj,MEGATRON,0hCNtLu0JehylgoiP8L4Gh,Nicki Minaj,66,True,190746,0.893,0.641,-3.051,0.272,0.128,8.06e-05,0.086,0.771,94.017,0
36DHxTW2xdr9GG15T9oK9L,EL MUNDO ES MÍO,4q3ewBCX7sLwd24euuV69X,Bad Bunny,66,False,165199,0.716,0.522,-6.834,0.0582,0.166,6.5e-05,0.113,0.224,76.993,0
3WATWS2Ywo5HeHtG0bE2iZ,Teardrops,1Ffb6ejR6Fe5IamqA5oRUF,Bring Me The Horizon,66,True,215003,0.497,0.916,-3.323,0.108,0.000323,0.0,0.36,0.401,96.051,0
0EA2RhRHL4KWeNa7JfD1Yw,So It Goes,4LLpKhyESsyAXpc4laK94U,Mac Miller,66,True,312960,0.576,0.556,-6.474,0.231,0.812,0.125,0.0943,0.294,148.173,0
7E1jVNoWuemqUryI4FxsVD,off the table (with The Weeknd),"66CXWjxzNUsdJxJ2JdwvnR,1Xyo4u8uXC1ZmMpatF05PJ","Ariana Grande,The Weeknd",66,False,239949,0.411,0.522,-7.295,0.0981,0.519,0.0,0.398,0.382,88.332,1
46HdsiK0uR26B2dY9QPzda,Deja vu,"3MHaV05u0io8fQbZ2XPtlC,0EmeFodog0BfCgMzAIvKQp","Prince Royce,Shakira",66,False,196480,0.732,0.801,-3.859,0.0327,0.39,0.0,0.31,0.824,123.981,1
0dbTQYW3Ad1FTzIA9t90E8,Mona Lisa (feat. Kendrick Lamar),"55Aa2cqylxrFIXC767Z865,2YZyLoL8N0Wb9xBt1NhZWg","Lil Wayne,Kendrick Lamar",66,True,324189,0.856,0.694,-4.393,0.169,0.371,0.0,0.109,0.489,122.08,1
0OgGn1ofaj55l2PcihQQGV,Drew Barrymore,1ShZZUjkbXCjhwrb18BA8I,Bryce Vine,66,True,191146,0.758,0.574,-6.889,0.0572,0.46,0.00272,0.102,0.261,151.985,0
4yN6xPLopmTLvc27pO9LIE,Si Tú La Ves (feat. Wisin),"1SupJlEpv7RS2tPNRaHViT,3E6xrwgnVfYCrCs0ePERDz","Nicky Jam,Wisin",66,False,221026,0.685,0.731,-5.119,0.093,0.204,0.0,0.0722,0.786,177.912,1
73YUReisjb3A9ActdLLjJQ,happiness,06HL4z0CvFAxyc27GXpf02,Taylor Swift,66,True,315146,0.559,0.334,-10.733,0.0376,0.87,0.0,0.114,0.211,122.079,0
4HvE2E9rXJDcQhE4YfeNuG,Let Me Love You Like A Woman,00FQb4jTyendYWaN8pK0wa,Lana Del Rey,66,False,200661,0.403,0.245,-11.862,0.0569,0.969,4.74e-05,0.119,0.148,128.333,0
7KOlJ92bu51cltsD9KU5I7,T-Shirt,6oMuImdp5ZcFhWP0ESe6mG,Migos,66,True,242407,0.865,0.687,-3.744,0.217,0.242,0.0,0.158,0.486,139.023,0
4iYRa2btalAzPZoSYfROqF,XXX. FEAT. U2.,"2YZyLoL8N0Wb9xBt1NhZWg,51Blml2LZPmy7TTiAg47vQ","Kendrick Lamar,U2",66,True,254200,0.568,0.619,-6.899,0.414,0.138,1.67e-06,0.11,0.293,170.115,1
6eVxH9Kyanzrw636zJRPcw,Errbody,5f7VJjfbwm532GiveGC0ZK,Lil Baby,66,True,210698,0.887,0.606,-6.572,0.324,0.000407,0.0,0.151,0.272,139.995,0
6kig1UFggPUyZBCvXD3Wod,No Complaints (feat. Offset & Drake) (Bonus),"0iEtIxbK0KxaSlF7G42ZOp,4DdkRBBYG6Yk9Ka8tdJ9BW,3TVXtAsR1Inumwj472S9r4","Metro Boomin,Offset,Drake",65,True,265480,0.913,0.498,-10.742,0.165,0.0829,0.0369,0.0799,0.217,123.975,1
57nOpVSc3j9o03Cr928ZM4,what are you so afraid of,15UsOTVnJzReFVN1VCnxy4,XXXTENTACION,65,False,150769,0.639,0.312,-9.902,0.0301,0.774,0.469,0.0857,0.347,103.369,0
1uru26I2JKd2mQZt0MDCUe,Empty Space,4IWBUUAFIplrNtaOHcJPRM,James Arthur,65,False,214226,0.404,0.531,-4.328,0.103,0.215,0.0,0.0521,0.321,164.848,0
2PWjKmjyTZeDpmOUa3a5da,Cheirosa - Ao Vivo,1elUiq4X7pxej6FRlrEzjM,Jorge & Mateus,65,False,181930,0.528,0.87,-3.123,0.0851,0.24,0.0,0.333,0.714,152.37,0
1ZEm9cJC05rawV2tptNfTS,Bed (feat. Ariana Grande),"0hCNtLu0JehylgoiP8L4Gh,66CXWjxzNUsdJxJ2JdwvnR","Nicki Minaj,Ariana Grande",65,True,189533,0.589,0.714,-6.308,0.258,0.0551,0.00013,0.131,0.42,118.611,1
33b2wX9d0kxqxhi7lcsC1A,Unica,1i8SpTcr7yvPOmcqrbnVXY,Ozuna,65,False,218386,0.653,0.859,-3.048,0.0449,0.212,0.0,0.111,0.706,174.038,0
4qWCFTuNnmGNdY4egtb4ZY,Otherside,246dkjvS1zLTtiykXe5h60,Post Malone,65,True,228226,0.652,0.643,-5.667,0.0353,0.318,2.87e-06,0.208,0.109,104.932,0
0YwBZKT8JE4U5TwmYE9BV9,Radio Ga Ga - Live Aid,1dfeR4HaWDbWqFHLkxsg1d,Queen,65,False,245680,0.406,0.934,-6.668,0.0845,0.0138,0.0,0.955,0.395,118.823,0
79OEIr4J4FHV0O3KrhaXRb,Splashin,1pPmIToKXyGdsCF6LmqLmI,Rich The Kid,65,True,177864,0.942,0.383,-8.099,0.565,0.00195,0.0,0.0922,0.38,100.021,0
0B3FovCVaGKS5w1FTidEUP,BROWN SKIN GIRL,"3XV0lFzNs8BCTwhJTcMiBr,0H39MdGGX6dbnnQPt6NQkZ,6vWDO969PvNqNYHIOW5v0m,3tVQdUvClmAT7URs9V3rsp","Blue Ivy,SAINt JHN,Beyoncé,WizKid",65,False,248472,0.603,0.602,-7.083,0.23,0.049,0.0,0.279,0.595,119.703,1
5rAxhWcgFng3s570sGO2F8,A Place for My Head,6XyY86QOPPrYVGvF9ch6wz,Linkin Park,65,False,184640,0.603,0.908,-5.254,0.184,0.0144,0.0,0.671,0.457,133.063,0
2iCOdoyDmWG3hWkbtH1KB2,Amantes de una Noche,"1GDbiv3spRmZ1XdM1jQbT7,4q3ewBCX7sLwd24euuV69X","Natti Natasha,Bad Bunny",65,False,225520,0.567,0.73,-6.748,0.213,0.353,1.73e-06,0.154,0.525,87.237,1
1ZemPoaj7LBj1RAQrb89EC,Blame It On Me,246dkjvS1zLTtiykXe5h60,Post Malone,65,False,261800,0.652,0.591,-7.274,0.0418,0.145,5.65e-06,0.164,0.274,121.873,0
0MrRAUcB8AZiB9ue2VOBYe,Sugar Wraith,246dkjvS1zLTtiykXe5h60,Post Malone,65,True,228146,0.606,0.775,-4.269,0.0671,0.262,0.0,0.1,0.307,164.02,0
6u7gmPOz7pzzaeR9xSBpsR,my hair,66CXWjxzNUsdJxJ2JdwvnR,Ariana Grande,65,False,158436,0.686,0.526,-6.842,0.0374,0.0815,7.75e-06,0.144,0.372,92.013,0
1OUPXna2MCgAt3VNmXJBtg,Bola Rebola,"5bzWtCkjIAMgN93gLt56SO,1vyhD5VmyZ7KMfW5gqLgo5,7FNnA9vBm6EKceENgCGRMb,76Xa625geVw0Q7BdyxNjA2","Tropkillaz,J Balvin,Anitta,Mc Zaac",65,False,193440,0.834,0.777,-4.538,0.0593,0.22,0.00609,0.335,0.865,129.984,1
51PIvodunv6NmX5250zxAh,The Cure,1HY2Jd0NmPuamShAr6KMms,Lady Gaga,65,False,211363,0.696,0.503,-4.842,0.0356,0.0745,0.0,0.0869,0.559,99.977,0
0v2LUO8oTHnkjQ8MmKuXyk,raindrops (an angel cried),66CXWjxzNUsdJxJ2JdwvnR,Ariana Grande,65,True,37640,0.336,0.231,-6.217,0.0497,0.942,0.0,0.188,0.429,168.685,0
0FlfN5cbUUpIHCRH8X1M44,t h e . c l i m b . b a c k,6l3HvQ5sa6mXTsMTB19rO5,J. Cole,65,True,304640,0.61,0.569,-9.447,0.345,0.0398,0.0,0.337,0.287,81.409,0
5C1TucCRf4Vjjree1OItyv,One,4GNC7GD6oZMSxPGyXy4MNB,Lewis Capaldi,65,False,179907,0.708,0.339,-7.085,0.0409,0.834,0.0,0.128,0.512,117.995,0
0MLu1cFYL4ikdRTdasCQT9,M' Manc (con Geolier & Sfera Ebbasta),"6hkKbkZGvAXuvle2FhCnxy,27LlKWxS3KXW7RRAxN5S8s,23TFHmajVfBtlRx5MXqgoz","Shablo,Geolier,Sfera Ebbasta",65,False,180000,0.703,0.704,-6.117,0.0641,0.048,0.0,0.41,0.725,139.933,1
5egD7A5x9AHdVO2fMo3Wbo,Silly Watch,4O15NlyKLIASxsJ0PrXPfz,Lil Uzi Vert,65,True,195692,0.903,0.535,-6.238,0.286,0.0298,0.0,0.0851,0.157,130.117,0
5SiZJoLXp3WOl3J4C8IK0d,Darkness,7dGJo4pcD2V6oG8kP0tJRR,Eminem,65,True,337146,0.671,0.623,-7.161,0.308,0.00998,7.55e-06,0.643,0.195,75.055,0
4xWzZmX4K1yyrdtRfbUvjt,Oh Juliana,5uYe4bcAXlMP7d4mrOYkML,Niack,65,False,153077,0.799,0.568,-3.089,0.25,0.387,0.0,0.0892,0.963,129.63,0
6q8Lb50EtqNeeJXXe8mMAH,Culpables,"790FomKkXshlbRYZFtlgla,2R21vXR83lH98kGeO99Y66","KAROL G,Anuel AA",65,False,226626,0.728,0.801,-2.942,0.0683,0.279,4.71e-06,0.143,0.416,130.059,1
155EsNGoXo7XSVF84oTPam,There You Are,5ZsFI1h6hIdQRw2ti0hz81,ZAYN,65,False,199600,0.452,0.688,-4.84,0.0385,0.0263,0.0,0.11,0.313,76.99,0
5KbBGUpIZd6gVFUU8tqYiQ,Si Se Da,"7iK8PXO48WeuP03g8YR51W,329e4yvIujISKGKz1BZZbO","Myke Towers,Farruko",65,True,237013,0.83,0.71,-5.523,0.326,0.374,0.0,0.0877,0.703,93.977,1
6BJbOXDlgVAXSaq6wYFYT2,NC-17,0Y5tJX1MQlPlqiwlOH1tJY,Travis Scott,65,True,156885,0.804,0.763,-5.48,0.0519,0.0678,0.0,0.368,0.0585,136.052,0
3DGar7krWlmrXRFHBcQF6z,Whenever (feat. Conor Maynard),"4LcUpNlXFEleaLlelmkv2R,4QfOh8rJ0OddhhXHD5QyWs,6mU8ucezzms5I2kNH6HNlu","Kris Kross Amsterdam,The Boy Next Door,Conor Maynard",65,True,163636,0.734,0.765,-5.562,0.0621,0.151,0.0,0.231,0.518,109.989,1
44gz3bzhdcGUFgA5oc1wSu,Holiday,3e7awlrlDSwF3iM0WBjGMp,Little Mix,65,False,213600,0.712,0.676,-5.965,0.184,0.076,0.0,0.0669,0.648,106.156,0
0q2vG0UVuy6ajjcpkQHdZM,Unaccommodating (feat. Young M.A),"7dGJo4pcD2V6oG8kP0tJRR,7LvoDJUNGnOrPdGRzVtOJ9","Eminem,Young M.A",65,True,216600,0.852,0.752,-5.793,0.0597,0.0169,0.0,0.394,0.389,89.95,1
0AcicReEGm1qcENjqzh1Tg,Love Scars 3,6Xgp2XMz1fhVYe7i6yNAax,Trippie Redd,65,True,129429,0.544,0.524,-7.914,0.0621,0.136,0.0,0.106,0.117,81.982,0
3kGfazcbVvVkuZunzlLgTD,Came Here for Love,"1IueXOQyABrMOprrzwQJWN,66TrUkUZ3RM29dqeDQRgyA","Sigala,Ella Eyre",65,False,202999,0.708,0.868,-3.287,0.0431,0.0313,0.0,0.122,0.72,124.994,1
4KjASaPtCvRJ4YArYpz6je,Strange,"5RmQ8k4l3HZ8JoPb4mNsML,2auC28zjQyVTsiZKNgPRGs","Agust D,RM",65,False,196529,0.627,0.662,-8.121,0.203,0.00236,0.0,0.157,0.207,90.008,1
0lG6QM1jjbbX5UUn3DPmrZ,Lost Control,"7vk5e3vY1uw9plTHJAMwjN,1PnnRNGfichOAfPOn5mVyx","Alan Walker,Sorana",65,False,222320,0.736,0.555,-4.689,0.0757,0.0345,0.000157,0.0798,0.323,91.997,1
2fkVZYFv9hOejIsLzZy8ad,IL CIELO NELLA STANZA (feat. NSTASIA),"3hBQ4zniNdQf1cqqo6hzuW,2BBgFkNBBMln3m2G2Bm2bt","Salmo,NSTASIA",65,True,186213,0.755,0.501,-9.551,0.189,0.0867,1.45e-06,0.146,0.267,134.998,1
6LkawpJyy0TZJ6Z41gMVyy,The Bees Knees,4MCBfE4596Uoi2O4DtmEMz,Juice WRLD,65,True,325809,0.427,0.724,-4.751,0.0844,0.125,0.0,0.749,0.289,140.029,0
1EoEU4HY57qaITp06TkC6B,Goteo,1bAftSH8umNcGZ0uyV7LMg,Duki,65,False,164457,0.473,0.779,-3.725,0.0414,0.186,0.0,0.189,0.438,108.287,0
3cRQnpGJ2pJEjQxBIdbKZP,The Man,0C0XlULifJtAgn6ZNCW2eu,The Killers,65,False,250093,0.612,0.942,-2.558,0.122,0.0776,5.97e-06,0.0867,0.474,106.039,0
0UAB340gAcSMk3r0a8PTag,More Than This,4AK6F7OLvEQ5QYCBNiQWHq,One Direction,65,False,229106,0.498,0.715,-4.446,0.0315,0.0607,0.0,0.274,0.225,151.809,0
2tPcTFiQF9MbVUyjZ3zDhA,Paramedic!,2TImI3DW7o5MdRXJs4D37h,SOB X RBE,65,True,219306,0.856,0.652,-5.324,0.143,0.177,0.0,0.193,0.471,97.017,0
5lZZmityu9TAjNvSY6GLhR,Zack And Codeine,246dkjvS1zLTtiykXe5h60,Post Malone,65,True,204360,0.738,0.824,-5.165,0.0437,0.15,0.0,0.132,0.386,138.039,0
3zxAw8PaqpeGZ3Pakkxv3J,Without You,"718COspgdWOnwOFpJHRZHS,5yN0nwLpUCaZ2gr67bndCN","Luke Combs,Amanda Shires",65,False,224986,0.522,0.659,-6.016,0.0304,0.307,0.0,0.102,0.355,141.996,1
5Htb1uFQ1KrkFXlefS8oGj,Tell Me You Love Me,6S2OmqARrzebs0tKUEyXyp,Demi Lovato,65,False,236986,0.516,0.592,-5.465,0.0566,0.0247,0.0,0.181,0.271,82.05,0
5ffntNJnJOeFv7b7DCd0Bw,Takin' Shots,246dkjvS1zLTtiykXe5h60,Post Malone,65,True,216746,0.762,0.621,-6.24,0.0866,0.61,0.0,0.464,0.593,120.056,0
2IHLaN6wwYKQ3S24NsQqpA,I Love Me,6S2OmqARrzebs0tKUEyXyp,Demi Lovato,65,True,203672,0.664,0.561,-7.031,0.0495,0.00261,0.0,0.0764,0.713,150.093,0
7KKh0ujp8agIiCrkiJhf81,Jangueo,"2R21vXR83lH98kGeO99Y66,3SUT1jjM5hzZj9TLfLZGIP","Anuel AA,Tego Calderon",65,True,231745,0.863,0.728,-2.954,0.0586,0.396,9.14e-06,0.0902,0.649,93.035,1
1Bg2CNZw6S4e9cGWPmi0uI,Place,699OTQXzgjhIYAHMy9RyPD,Playboi Carti,65,True,117239,0.891,0.628,-6.35,0.105,0.000674,0.0,0.119,0.04,131.06,0
0LQ1J0BCzA2qnAgp9MkkNE,MALA,"7gZfnEnfiaHzxARJ2LeXrf,2R21vXR83lH98kGeO99Y66","6ix9ine,Anuel AA",65,True,206550,0.719,0.825,-3.627,0.0424,0.689,0.0,0.103,0.789,100.006,1
4j3GWI86JvSaF0BLdmgcfF,Summertime Magic,73sIBHcqh3Z3NyqHKZ7FOL,Childish Gambino,65,False,213600,0.76,0.579,-7.374,0.0567,0.0127,0.00344,0.106,0.129,100.011,0
2tdq0CeAGSfhI2l4Gwkvgx,Best Of Me,3Nrfpe0tUJi4K4DXYWgMUX,BTS,65,False,227191,0.651,0.756,-4.388,0.0762,0.0298,0.0,0.396,0.473,121.96,0
7aF09WaavZAmAWuUeYxlYD,Rich Love (with Seeb),"5Pwc4xIPtQLFEnJriah9YJ,5iNrZmtVMtYev5M9yoWpEq","OneRepublic,Seeb",65,False,201256,0.593,0.868,-3.573,0.295,0.183,0.0,0.365,0.496,104.988,1
0jeS8PyyIRAG0A3t5DtL71,La Playa,7iK8PXO48WeuP03g8YR51W,Myke Towers,65,True,207731,0.796,0.683,-2.754,0.15,0.108,0.0,0.107,0.353,140.108,0
2EjXfH91m7f8HiJN1yQg97,Rockin' Around The Christmas Tree,4cPHsZM98sKzmV26wlwD2W,Brenda Lee,65,False,126266,0.589,0.472,-8.749,0.0502,0.614,0.0,0.505,0.898,67.196,0
4no0eHn4fEB7tN1yZSXMma,C7osure (You Like),7jVv8c5Fj3E9VhNjxT4snq,Lil Nas X,65,False,148653,0.847,0.742,-5.515,0.247,0.397,0.0,0.135,0.56,133.989,0
2SYa5Lx1uoCvyDIW4oee9b,MIC Drop,3Nrfpe0tUJi4K4DXYWgMUX,BTS,65,False,238193,0.667,0.889,-4.851,0.0918,0.00912,0.0,0.0816,0.541,169.959,0
6uYgCE2OEulOw5zhHvZsHf,Love Me More,6Xgp2XMz1fhVYe7i6yNAax,Trippie Redd,65,True,143712,0.638,0.539,-5.853,0.0504,0.22,0.0,0.241,0.247,83.381,0
3Kd6Wp3lG5HXMB2dlvuy7y,Death,"6Xgp2XMz1fhVYe7i6yNAax,4r63FhuTkUYltbVAg5TQnk","Trippie Redd,DaBaby",65,True,172195,0.802,0.82,-5.969,0.146,0.0579,0.0,0.149,0.613,164.005,1
7fK0csBoqbcgUuWGV0cpoD,Obsession,3cjEqqelV9zb4BYE3qDQ4O,EXO,65,False,203520,0.704,0.729,-3.851,0.0624,0.0024,0.0,0.218,0.71,129.992,0
4IdXngKo4g5exqZ0fQTecu,Jingle Bell Rock,38EmEgXkgK51MT2tPY0EoC,Bobby Helms,65,False,130973,0.741,0.326,-12.045,0.0395,0.918,0.0,0.0658,0.751,120.992,0
7sjFIZ1g5QLJLGja3k592K,44 BullDog,0eDvMgVFoNV3TpwtrVCoTj,Pop Smoke,65,True,150857,0.8,0.564,-5.817,0.4,0.0287,1.65e-06,0.112,0.318,139.989,0
6O7fPYTsb2mY0PiFt2ymDB,Aim For The Moon (feat. Quavo),"0eDvMgVFoNV3TpwtrVCoTj,0VRj0yCOv2FXJNP47XQnx5","Pop Smoke,Quavo",65,True,175756,0.713,0.605,-7.487,0.107,0.497,3.46e-06,0.115,0.432,142.025,1
3EmmCZoqpWOTY1g2GBwJoR,Just Hold On,"77AiFEVeAVj2ORpC85QVJs,57WHJIHrjOE3iAxpihhMnp","Steve Aoki,Louis Tomlinson",65,False,198774,0.647,0.932,-3.515,0.0824,0.00383,1.5e-06,0.0574,0.374,114.991,1
4szQkW1CDHqbRZGltXJdd3,Soldi,06nvjg4wBANK6DCHjqtPNd,Mahmood,65,False,195133,0.729,0.589,-9.871,0.0483,0.0361,0.0,0.305,0.349,95.065,0
3tv697PZNnaQN0Mn2zGhS5,A Gente Fez Amor - Ao Vivo,7MiDcPa6UiV3In7lIM71IN,Gusttavo Lima,65,False,237516,0.794,0.937,-2.44,0.0336,0.366,4.15e-06,0.962,0.826,134.012,0
47xPl1gvgdx4Z9dNUuloPg,Mediterranea,5iot8OPcosJN9nCl7I5SdK,Irama,65,False,177809,0.711,0.916,-4.678,0.0587,0.113,0.0,0.188,0.79,130.013,0
1UNs8AlFM8c0uAkSyjIW3P,Girlfriend,6VuMaDnrHyPL1p4EHjYLi7,Charlie Puth,65,False,177438,0.758,0.583,-6.361,0.0421,0.18,5.12e-05,0.107,0.797,97.537,0
7fsNNSLGG8Wi0nFbufCU6L,Know My Rights (feat. Lil Baby),"4IVAbR2w4JJNJDDRFP3E83,5f7VJjfbwm532GiveGC0ZK","6LACK,Lil Baby",65,True,194395,0.789,0.419,-9.874,0.157,0.249,0.0257,0.123,0.542,117.988,1
78ldtCaBRJVp2i91B715L0,Broken Glass,"23fqKkggKUBHNkbKtXEls4,3Xt3RrJMFv5SZkCfUE8C1J","Kygo,Kim Petras",65,False,203947,0.526,0.633,-7.002,0.134,0.372,0.0,0.129,0.272,171.044,1
7AluhhfZ0AO0Zw8MoUstzN,Venice Bitch,00FQb4jTyendYWaN8pK0wa,Lana Del Rey,65,True,577199,0.388,0.296,-13.04,0.0301,0.916,0.267,0.105,0.294,78.785,0
0egBBvt6cfROuCHP5nBABx,Be Happy,3DKkhRCGOG4e8IUPYFPfWs,Dixie,65,True,198965,0.723,0.658,-4.94,0.12,0.209,0.0,0.262,0.599,86.985,0
3TKpJrY9q49Mj1JOsM9zGL,Family,"69GGBxA162lTqCwzJG5jLp,23fqKkggKUBHNkbKtXEls4","The Chainsmokers,Kygo",65,False,194826,0.584,0.607,-6.605,0.0356,0.426,0.0,0.101,0.374,117.817,1
0oagwWkGlBoACUuKvTmqZV,A Million Dreams,1KCSPY1glIKqW2TotWuXOR,P!nk,65,False,273640,0.312,0.499,-6.282,0.0397,0.272,0.0,0.0901,0.191,148.173,0
4DTpngLjoHj5gFxEZFeD3J,Codeine Dreaming (feat. Lil Wayne),"46SHBwWsqBkxI7EeeBEQG7,55Aa2cqylxrFIXC767Z865","Kodak Black,Lil Wayne",65,True,264531,0.736,0.604,-7.357,0.222,0.0652,6.43e-05,0.124,0.574,155.007,1
4YcWzLSnGqLjSCycuSMHnn,Prices,4O15NlyKLIASxsJ0PrXPfz,Lil Uzi Vert,65,True,233333,0.786,0.683,-5.397,0.205,0.173,0.0,0.706,0.57,126.002,0
5rU6kDNXZLXIinFezpbWbO,Tap (feat. Meek Mill),"7rkW85dBwwrJtlHRDkJDAC,20sxb77xiYeusSH8cVdatc","NAV,Meek Mill",65,True,148278,0.901,0.676,-7.033,0.251,0.0646,0.0,0.0863,0.452,85.018,1
6aHCXTCkPiB4zgXKpB7BHS,Trivia 承 : Love,3Nrfpe0tUJi4K4DXYWgMUX,BTS,65,False,225697,0.761,0.761,-5.721,0.0897,0.246,0.0,0.103,0.483,121.972,0
3DXdjHnePKnh6oXw2ZgGSl,Smile,6jJ0s89eD6GaHleKKya26X,Katy Perry,65,False,166898,0.783,0.912,-3.713,0.243,0.0238,0.0,0.339,0.749,98.025,0
0wEC0GNF74lAqrEFZJMl1m,PUPPET,4V8LLVI7PbaPR0K2TGSxFF,"Tyler, The Creator",65,True,179013,0.508,0.557,-8.967,0.0478,0.00235,0.0134,0.588,0.199,77.572,0
083Qf6hn6sFL6xiOHlZUyn,I'll Be There,4ScCswdRlyA23odg9thgIO,Jess Glynne,65,False,193923,0.623,0.851,-3.111,0.0409,0.0228,0.0,0.12,0.4,100.063,0
2UciqgwVDwro0fev3MFbxJ,ATM,6l3HvQ5sa6mXTsMTB19rO5,J. Cole,65,True,216726,0.772,0.498,-7.661,0.649,0.115,0.0,0.0898,0.351,81.817,0
3bAzFi7wGuOXJdgOYyFDSW,Losses - Bonus,6jGMq4yGs7aQzuGsMgVgZR,Lil Tjay,65,True,195648,0.848,0.457,-10.118,0.293,0.153,0.0,0.115,0.227,100.018,0
6H7fWtwEUHVfTyZD7zeG4w,when the party's over - Recorded at Spotify Studios NYC,4GNC7GD6oZMSxPGyXy4MNB,Lewis Capaldi,65,False,232837,0.509,0.183,-10.27,0.0377,0.946,0.0,0.0914,0.258,117.354,0
51RN0kzWd7xeR4th5HsEtW,IGOR'S THEME,4V8LLVI7PbaPR0K2TGSxFF,"Tyler, The Creator",65,False,200693,0.467,0.672,-7.371,0.377,0.00559,0.243,0.607,0.0648,163.1,0
5cXg9IQS34FzLVdHhp7hu7,Big Shot (with Travis Scott),"2YZyLoL8N0Wb9xBt1NhZWg,0Y5tJX1MQlPlqiwlOH1tJY","Kendrick Lamar,Travis Scott",65,True,221826,0.855,0.478,-9.116,0.193,0.00759,0.0,0.101,0.284,130.018,1
0Wv5wuenRLI3BcwgT3HPIP,A Different Way (with Lauv),"540vIaP2JwjQb9dm3aArA4,5JZ7CnR6gTvEMKX4g70Amv","DJ Snake,Lauv",65,False,198285,0.781,0.765,-4.092,0.0385,0.534,0.0,0.152,0.564,104.987,1
2rc7BkzO8qepMFAxHtOrXc,Blanco,1vyhD5VmyZ7KMfW5gqLgo5,J Balvin,65,False,145800,0.87,0.706,-5.395,0.126,0.0253,0.0063,0.0872,0.593,100.013,0
11GGSyTB8cS9TgONHBOhEX,Home with You,2kRfqPViCqYdSGhYSM9R0Q,Madison Beer,65,False,190576,0.631,0.599,-6.137,0.0878,0.067,0.0,0.0952,0.727,170.122,0
74ODGXs4byLTRdnKGM4s6E,Super Far,49tQo2QULno7gxHutgccqF,LANY,65,False,203650,0.754,0.458,-6.852,0.144,0.105,0.0,0.249,0.495,96.011,0
2u6Jm2klS4yvAlbSHlxUwI,Alane,"3t5xRXzsuZmMDkQzgOX35S,3tXUeiWOSod3mSQ2lOautf","Robin Schulz,Wes",65,False,175016,0.581,0.799,-6.66,0.164,0.0419,9.43e-06,0.11,0.662,124.002,1
6YzQOngfcV0W9F8UOTnEEK,Bande organisée,"19u3RGWKsjmbg9eI6zAiNp,2kXKa3aAFngGz2P4GjG5w2,5RaQ9nmVGoTye2SI76x3yw,3IW7ScrzXmPvZhB27hmfgy,6W5uA6CNMf3hd2j4a2XWCx,0oeiA5U9u1U45Gos5cywUU,2IoSLl3tqYMq9DzR0d6NJN,7FXX45sHqoQoCwqtG0ZV8H,6zrOXBaNn0DqJeXxgC2eyH","13 Organisé,SCH,Kofs,Jul,Naps,Soso Maness,Elams,Solda,Houari",65,True,356346,0.901,0.939,-2.762,0.274,0.117,0.0,0.0643,0.805,142.948,1
0x25VdiFOIBl1epNer9L3w,Burn It,"5RmQ8k4l3HZ8JoPb4mNsML,1bqxdqvUtPWZri43cKHac8","Agust D,MAX",65,False,192106,0.658,0.776,-7.088,0.0493,0.012,2.1e-06,0.272,0.336,114.044,1
5SHhPFh68OhUmuRPymKX9d,Undrunk,5qa31A9HySw3T7MKWI9bGg,FLETCHER,65,True,183428,0.679,0.572,-6.703,0.0781,0.455,2.41e-06,0.127,0.542,92.859,0
60xaS8mYBKUW4VQQ666N0T,All Night (feat. Knox Fortune),"1anyVhU62p31KFi8MEzkbf,49O0SPoCoTiK2Nn2tOaHyU","Chance the Rapper,Knox Fortune",65,True,141542,0.704,0.777,-5.729,0.195,0.0358,0.0,0.151,0.392,111.921,1
7zLMYtNJcabv4h4wBnjNQI,M3tamorphosis (feat. Kid Cudi),"699OTQXzgjhIYAHMy9RyPD,0fA0VVWsXO9YnASrzqfmYu","Playboi Carti,Kid Cudi",65,True,312256,0.657,0.604,-6.045,0.0374,0.0213,0.0,0.156,0.122,73.933,1
3ao3OVxHlb3C08vAaApUlm,Imposible,"4V8Sr092TqfHkfAA5fXXqG,1i8SpTcr7yvPOmcqrbnVXY","Luis Fonsi,Ozuna",65,False,163880,0.786,0.764,-2.935,0.0798,0.122,0.0,0.102,0.913,90.979,1
06ZpMjkNdIDKVf3mK29UiC,Never Let Me Go,"0NGAZxHanS9e0iNHpR8f2W,5veVxxPm1vzgi6pO2iVA8L,7qPLO2XOUaRrRxkvLZ3AEK","Alok,Bruno Martini,Zeeba",65,False,184070,0.722,0.84,-3.939,0.0349,0.0447,1.28e-05,0.066,0.569,124.003,1
4VMiNOpnjRwSCwmHaUfOMM,Realer N Realer,"1RyvyyTE3xzB2ZywiAwp0i,4MCBfE4596Uoi2O4DtmEMz","Future,Juice WRLD",65,True,170920,0.73,0.465,-6.29,0.278,0.0117,0.0,0.28,0.367,148.028,1
5yFSF6qQA1rcLsQRnBsZgb,All Falls Down (feat. Juliander),"7vk5e3vY1uw9plTHJAMwjN,55fhWPvDiMpLnE4ZzNXZyW,5fyDppLDl1juIu1BcUT5zh,4gvkdged3Xw3ImXFm3jiay","Alan Walker,Noah Cyrus,Digital Farm Animals,Juliander",65,False,199111,0.658,0.678,-4.407,0.058,0.303,0.0,0.361,0.662,97.976,1
6EPxapAlha7pEyn5kXgW3R,lonely,6TIYQ3jFPwQSRmorSezPxX,Machine Gun Kelly,65,True,190142,0.455,0.728,-6.62,0.0749,0.015,4.74e-05,0.111,0.461,165.948,0
653lIkynLG6WiwoEfsY3Ri,acting like that (feat. Machine Gun Kelly),"6Ad91Jof8Niiw0lGLLi3NW,6TIYQ3jFPwQSRmorSezPxX","YUNGBLUD,Machine Gun Kelly",65,True,191066,0.522,0.9,-2.631,0.0719,6.98e-05,0.0,0.3,0.579,160.01,1
2alIsNw1mqEShbWyO1HXZZ,Por Perro,"07YUOmWljBTXwIseAUd9TW,7waNCUQ1Ne7OoNHgqpgMZ7,1jSjfSgDjedJdi5MoyRu78","Sebastian Yatra,Luis Figueroa,Lary Over",65,False,245440,0.684,0.762,-5.18,0.0501,0.429,0.0,0.0852,0.892,172.009,1
3Qa944OTMZkg8DHjET8JQv,Woods,4LLpKhyESsyAXpc4laK94U,Mac Miller,65,False,286386,0.779,0.362,-10.847,0.0474,0.135,0.206,0.111,0.46,85.011,0
3NbTQ8ZbHU6MSEVUFAVCJ9,better off,66CXWjxzNUsdJxJ2JdwvnR,Ariana Grande,65,True,171333,0.597,0.524,-7.247,0.0537,0.216,0.0,0.112,0.0549,92.568,0
55GiOwtxNajXVbpjjIzMnD,SWISH,5LHRHt1k9lMyONurDHEdrp,Tyga,65,True,194935,0.884,0.541,-5.608,0.221,0.0831,0.0,0.118,0.274,105.009,0
4gB61mP4tNChn4LgfquMhi,Thru These Tears,49tQo2QULno7gxHutgccqF,LANY,65,False,204515,0.711,0.517,-7.695,0.0391,0.154,0.0,0.149,0.294,119.945,0
4dSoDnmR9opAQ8KxUc9SbC,Mad Love,"3Isy6kedDrgPYoTS1dazA9,1Cs0zKBU1kc0i8ypK3B9ai,4obzFoKoKRHIphyHzJ35G3","Sean Paul,David Guetta,Becky G",65,False,199944,0.793,0.824,-3.476,0.177,0.006,3.29e-06,0.169,0.611,98.019,1
7EI6Iki24tBHAMxtb4xQN2,Anywhere,5CCwRZC6euC8Odo6y9X8jr,Rita Ora,65,False,215064,0.628,0.797,-3.953,0.0596,0.0364,0.0,0.104,0.321,106.93,0
2XTquzYQAdT1Hk78bOUwsv,Greatest,7dGJo4pcD2V6oG8kP0tJRR,Eminem,65,True,226937,0.809,0.737,-5.186,0.108,0.0441,0.0,0.341,0.367,80.025,0
7I3skNaQdvZSS7zXY2VHId,The Hype,3YQKmKGau1PzlVlkL1iodx,Twenty One Pilots,65,False,265373,0.53,0.816,-6.149,0.0503,0.0105,0.00061,0.379,0.371,87.019,0
0j1VxrPkMyFGvz0jZzxUoZ,Dembow 2020,"0eHQ9o50hj6ZDNBt6Ys1sD,1mcTU81TzQhprhouKaTkpq","Yandel,Rauw Alejandro",65,False,168051,0.786,0.811,-4.31,0.0836,0.122,3.99e-06,0.161,0.731,92.953,1
08dz3ygXyFur6bL7Au8u8J,Over,699OTQXzgjhIYAHMy9RyPD,Playboi Carti,65,True,166234,0.622,0.946,-3.593,0.0534,0.044,0.0,0.0838,0.336,130.07,0
5EKHbW7mXcAR4hCyS3YXjb,Atrasadinha - Ao Vivo,"47uyFQHOD02S0lj9ptRpoB,5ZfBThYiIIhL7jHMG8gDB2","Felipe Araújo,Ferrugem",65,False,172766,0.676,0.844,-3.396,0.109,0.498,0.0,0.866,0.716,159.969,1
4sbtM9ORGwmxGkXfctXbJq,NO FUN,3MZsBdqDrRTJihTHQrO6Dq,Joji,65,True,168417,0.809,0.483,-6.886,0.0487,0.8,0.0,0.221,0.715,96.974,0
2Gl0FzuLxflY6nPifJp5Dr,First Time,"23fqKkggKUBHNkbKtXEls4,0X2BH1fck6amBIoJhDVmmJ","Kygo,Ellie Goulding",65,False,193511,0.633,0.592,-7.245,0.112,0.197,0.0,0.099,0.679,90.066,1
6woeVu3fVMflqen1t4N6pg,Old Town Road (feat. RM of BTS) - Seoul Town Road Remix,"7jVv8c5Fj3E9VhNjxT4snq,2auC28zjQyVTsiZKNgPRGs,3Nrfpe0tUJi4K4DXYWgMUX","Lil Nas X,RM,BTS",65,False,114133,0.89,0.513,-5.996,0.154,0.0706,0.0,0.102,0.61,136.02,1
4YkwUfWSIxdKNLDXw0caFO,"Pills & Automobiles (feat. Yo Gotti, A Boogie Wit Da Hoodie & Kodak Black)","7bXgB6jMjp9ATFy66eO08Z,6Ha4aES39QiVjR0L2lwuwq,31W5EY0aAly4Qieq6OFu6I,46SHBwWsqBkxI7EeeBEQG7","Chris Brown,Yo Gotti,A Boogie Wit da Hoodie,Kodak Black",65,True,293434,0.82,0.696,-4.918,0.182,0.119,0.0,0.231,0.617,144.981,1
5c2HadbVTsMKjja4gohEFI,Maman ne le sait pas (feat. Niska),"6Te49r3A6f5BiIgBRxH7FH,7CUFPNi1TU8RowpnFRSsZV","Ninho,Niska",65,True,203301,0.755,0.875,-5.944,0.193,0.399,0.0,0.115,0.393,145.008,1
1DcxnVNFAyVl2sDQ646pXS,PPP,1RBzGO6Nm3uyhUSxP7EDWO,Kevin Roldan,65,False,129039,0.786,0.65,-6.839,0.109,0.363,8.17e-05,0.122,0.712,92.975,0
1fPnUpoXCpD2NDI4vPVeLw,Stupid Again,2jku7tDXc6XoB6MO2hFuqg,Tory Lanez,65,True,174848,0.775,0.823,-4.941,0.0635,0.0881,0.0,0.309,0.65,120.059,0
1KT0xdIjm7t053xByACrrg,Beauty and the Beast,"66CXWjxzNUsdJxJ2JdwvnR,5y2Xq6xcjJb2jVM54GHK3t","Ariana Grande,John Legend",65,False,227928,0.512,0.532,-6.821,0.0266,0.126,0.0,0.103,0.283,81.353,1
2z4pcBLQXF2BXKFvd0BuB6,Tip Toe (feat. French Montana),"07YZf4WDAMNwqr4jfgOZ8y,6vXTefBL93Dj5IqAWq6OTv","Jason Derulo,French Montana",65,False,187521,0.845,0.709,-4.547,0.0714,0.0233,0.0,0.094,0.62,98.062,1
2NF8A7C6tICScdRaZ0BrEe,Katchi - Ofenbach vs. Nick Waterhouse,"4AKwRarlmsUlLjIwt38NLw,0V7uVrIYr4FwFvUN9S4kYr","Ofenbach,Nick Waterhouse",65,False,151011,0.837,0.793,-5.048,0.0567,0.0261,9.04e-05,0.0743,0.87,124.988,1
4ow1etGbQ8kfbAT3QPlmhN,Devam (feat. Luciano & Ezhel),"5tlNJfV9UIpgnbWmvUEFu7,3CJKkU0XuElRT1z8rEtIYg,6LnJKrtFnTEGdbWQ2riWCL","Gentleman,Luciano,Ezhel",65,False,164320,0.768,0.511,-6.225,0.155,0.227,0.0,0.145,0.571,134.944,1
1XjHRolIXL2M1EEOUsGGR4,cowboy like me,06HL4z0CvFAxyc27GXpf02,Taylor Swift,65,True,275040,0.604,0.517,-9.014,0.0347,0.768,0.000155,0.123,0.511,127.967,0
1pfgsjmxVZhoZpeDx6POKv,Bones (feat. OneRepublic),"4sTQVOfp9vEMCemLw50sbu,5Pwc4xIPtQLFEnJriah9YJ","Galantis,OneRepublic",65,False,205792,0.658,0.804,-5.735,0.0377,0.00463,0.0,0.178,0.508,120.047,1
0tdCy39PgWN8LFWu34ORn3,Rap Saved Me,"1URnnhqYAYcrqrcwql10ft,4DdkRBBYG6Yk9Ka8tdJ9BW,0iEtIxbK0KxaSlF7G42ZOp,0VRj0yCOv2FXJNP47XQnx5","21 Savage,Offset,Metro Boomin,Quavo",65,True,257600,0.845,0.399,-7.509,0.309,0.00525,0.74,0.102,0.148,143.049,1
55N8cxpE1QDoeaaNqUnoZ2,Bad Decisions,0epOFNiUfyON9EYx7Tpr6V,The Strokes,65,False,293360,0.374,0.922,-3.4,0.056,0.0135,0.204,0.28,0.393,153.217,0
7ejepEh5DJ79YI6owGRfkk,New N3on,699OTQXzgjhIYAHMy9RyPD,Playboi Carti,65,True,116360,0.888,0.833,-6.546,0.0737,0.0631,0.0,0.106,0.948,130.054,0
27356GVuMPFWiJSZCragoM,make up,66CXWjxzNUsdJxJ2JdwvnR,Ariana Grande,65,True,140693,0.671,0.714,-5.373,0.21,0.0844,1.48e-06,0.0568,0.477,105.137,0
2WlZuBDgLfT7Kc0admhFdg,BRABA,4PzYKhC14sTJNEr0dzoo0d,Luísa Sonza,65,False,129782,0.811,0.689,-5.113,0.0615,0.181,2.55e-05,0.0784,0.663,144.015,0
2XVilv6s9GETnw9PG4T9Mz,El Préstamo,1r4hJ1h58CWwUQe3MxPuau,Maluma,65,False,219600,0.74,0.74,-3.647,0.0686,0.205,0.0,0.107,0.717,93.95,0
4Tvw0lweq9l2JPQKFbpbBQ,Better When You're Gone,"1Cs0zKBU1kc0i8ypK3B9ai,4mHAu7NX2UNsnGXjviBD9e,00TKPo9MxwZ0j4ooveIxWZ","David Guetta,Brooks,Loote",65,False,192402,0.647,0.795,-3.548,0.0372,0.0635,0.0,0.188,0.409,127.992,1
3jipFRgLyKK0oJoG1pKicx,Jaded,3TVXtAsR1Inumwj472S9r4,Drake,65,True,262453,0.766,0.272,-5.696,0.041,0.0366,0.0,0.175,0.037,116.036,0
1jlnBQGP2DtSEhMgQaz7a7,Haute (feat. J Balvin & Chris Brown),"5LHRHt1k9lMyONurDHEdrp,1vyhD5VmyZ7KMfW5gqLgo5,7bXgB6jMjp9ATFy66eO08Z","Tyga,J Balvin,Chris Brown",65,True,160876,0.946,0.723,-3.692,0.114,0.0778,0.0,0.0608,0.349,102.956,1
4kDgnKgZTX6puRz9EoNjle,title track,6TIYQ3jFPwQSRmorSezPxX,Machine Gun Kelly,65,True,165967,0.268,0.829,-5.17,0.101,0.00107,0.0,0.157,0.351,199.886,0
0bMVCO35RJiUhAfvFsLjIF,Este Corazón,"7cjh6y0V9SsyCrWSXTzwOs,0TeVa4xdLB8vdzjsvKH6Ri,6kaefrHSdAvxhhCVDFTCEL,6ModsWtBph2rE6zCTVxvZt,0aMqt2uGLuHj4eI8oXgVzN,5O8cudluftNZ6PCwRzvYxo,0veZkZPeWoJQ9gt6VAXlkN","RBD,Anahí,Dulce María,Maite Perroni,Christian Chávez,Christopher von Uckermann,Alfonso Herrera",65,False,210440,0.497,0.619,-4.811,0.0322,0.47,0.0,0.0708,0.756,159.996,1
4c1WgUnHXq2LEncGHKgj1I,Dream Glow (BTS World Original Soundtrack) - Pt. 1,"3Nrfpe0tUJi4K4DXYWgMUX,25uiPmTg16RbhZWAqwLBy5","BTS,Charli XCX",65,False,187457,0.735,0.74,-3.837,0.0519,0.0967,0.0,0.101,0.541,141.948,1
3ZWhRS2EJVL5B0IEzkcvZa,Sweet & Sour (feat. Lauv & Tyga),"56mfhUDKa1vec6rSLZV5Eg,5JZ7CnR6gTvEMKX4g70Amv,5LHRHt1k9lMyONurDHEdrp","Jawsh 685,Lauv,Tyga",65,False,163228,0.827,0.73,-5.324,0.0934,0.092,1.35e-05,0.258,0.679,95.003,1
3eze1OsZ1rqeXkKStNfTmi,Juke Jam (feat. Justin Bieber & Towkio),"1anyVhU62p31KFi8MEzkbf,1uNFoZAHBGtllmzznpCI3s,23sYU61n9f1CzYi8NJhAXS","Chance the Rapper,Justin Bieber,Towkio",65,True,219683,0.505,0.397,-9.349,0.324,0.716,0.0,0.0853,0.558,95.063,1
40YbWniIEmqy6s58fYXLUh,Never Love Again,7dGJo4pcD2V6oG8kP0tJRR,Eminem,65,True,177546,0.747,0.899,-5.125,0.246,0.1,0.0,0.486,0.581,92.029,0
6ePyl2ns4b7MVYhjsj32ZK,Intro: Singularity,3Nrfpe0tUJi4K4DXYWgMUX,BTS,65,False,196998,0.775,0.271,-9.131,0.092,0.554,0.00285,0.112,0.204,104.001,0
7cfvP13Bqb1EyCZQiYsLum,Can’t Take A Joke,3TVXtAsR1Inumwj472S9r4,Drake,65,True,163974,0.878,0.432,-9.852,0.143,0.041,0.0,0.0571,0.441,86.956,0
1KdwnsWOvhM53vezy5ROuf,No Te Debí Besar,"5TYxZTjIPqKM8K8NuP9woO,7rOlQwf8OuFLFQp4aydjBt","C. Tangana,Paloma Mami",65,False,182815,0.672,0.684,-5.682,0.316,0.125,0.0261,0.183,0.62,75.233,1
39kzWAiVPpycdMpr745oPj,You Never Know,41MozSoPIsD1dJM0CLPjZF,BLACKPINK,65,False,231201,0.477,0.435,-6.497,0.0523,0.237,0.0,0.12,0.322,144.144,0
5YzA563GXTuwQaRq24z1k5,Como Antes (feat. Wisin),"0eHQ9o50hj6ZDNBt6Ys1sD,3E6xrwgnVfYCrCs0ePERDz","Yandel,Wisin",65,False,210773,0.813,0.876,-4.278,0.172,0.182,0.0,0.394,0.746,94.987,1
09nSCeCs6eYfAIJVfye1CE,Oye,"7vXDAI8JwjW531ouMGbfcp,07YUOmWljBTXwIseAUd9TW","TINI,Sebastian Yatra",65,False,173021,0.683,0.51,-7.894,0.0646,0.447,0.0,0.175,0.255,95.08,1
3H9GDhVVTlmFQSmpt51qiP,Solo Pienso En Ti (feat. De La Ghetto & Justin Quiles),"3vQ0GE3mI0dAaxIMYe5g7z,2YFFxNOPVf2vU3A4xA71l1,14zUHaJZo1mnYtn6IBRaRP","Paulo Londra,Ghetto,Justin Quiles",65,False,268794,0.86,0.697,-4.727,0.0718,0.102,0.0,0.159,0.586,129.978,1
6DXEZzM4wBa3EOl0NCNSvz,Did You See,2a0uxJgbvvIRI4GX8pYfcr,J Hus,65,True,181413,0.579,0.579,-6.787,0.394,0.387,0.0,0.17,0.842,104.757,0
2Yv2mHzr5AQavVdwQjEokV,Hand Me Downs,4LLpKhyESsyAXpc4laK94U,Mac Miller,65,False,298440,0.677,0.33,-11.198,0.149,0.474,0.000871,0.064,0.336,68.985,0
4c2W3VKsOFoIg2SFaO6DY5,Your Song,5CCwRZC6euC8Odo6y9X8jr,Rita Ora,65,False,180757,0.855,0.624,-4.093,0.0488,0.158,0.0,0.0513,0.962,117.959,0
6gm12xlADJwiBbHIKBXzGW,René,5GcWBUX00IPuWVGMIRK1sS,Residente,65,False,457591,0.486,0.388,-9.326,0.126,0.435,0.0,0.196,0.467,90.471,0
7CkbRn6S0itJqcqn88AtSV,going down!,15UsOTVnJzReFVN1VCnxy4,XXXTENTACION,65,True,115194,0.873,0.663,-4.086,0.15,0.0216,0.000356,0.0867,0.525,135.499,0
5iw28wvyHgj4ppOu5AdcEU,Anaranjado,"4IMAo2UQchVFyPH24PAjUs,1vyhD5VmyZ7KMfW5gqLgo5","Jowell & Randy,J Balvin",65,True,212010,0.763,0.58,-6.196,0.144,0.0466,1.6e-05,0.154,0.608,175.937,1
5DfWF0jqMgZDCiu9zJENTA,Ring (feat. Kehlani),"4kYSro6naA4h99UJvo89HB,0cGUm45nv7Z6M6qdXYQGTX","Cardi B,Kehlani",65,True,177139,0.767,0.543,-7.881,0.103,0.049,0.0,0.115,0.485,106.029,1
2QrXzOqLCVDRZHkToA0tSR,Never Go Back,3EOEK57CV77D4ovYVcmiyt,Dennis Lloyd,65,False,175424,0.421,0.653,-4.85,0.398,0.0135,0.0,0.114,0.733,78.6,0
5dKyZWlgjWw1oJgLa4GCZD,Cool Girl,4NHQUGzhtTLFvgF5SZesLK,Tove Lo,65,True,199179,0.671,0.71,-6.997,0.109,0.335,4.76e-06,0.074,0.233,102.022,0
0i0wnv9UoFdZ5MfuFGQzMy,Last Hurrah,64M6ah0SkkRsnPGtGiRAbb,Bebe Rexha,65,False,150333,0.514,0.618,-4.585,0.0317,0.175,0.0,0.117,0.401,84.259,0
3eS1VMcEmq2IUgpaeDysCb,One Touch,"4ScCswdRlyA23odg9thgIO,4Q6nIcaBED8qUel8bBx6Cr","Jess Glynne,Jax Jones",65,False,197875,0.686,0.693,-6.245,0.131,0.329,0.0,0.136,0.699,124.206,1
5AE9iVHWiJLY5CUKmvXkKd,OK,"3t5xRXzsuZmMDkQzgOX35S,7KMqksf0UMdyA0UCf4R3ux","Robin Schulz,James Blunt",65,False,189306,0.653,0.81,-6.032,0.0558,0.118,0.0,0.126,0.583,121.951,1
1AkTW13ysu0AJrwuM6UY0I,Gyal You A Party Animal - Remix,"5sK8BsvyDl4TFA6KaBf8or,4VMYDCV2IEDYJArk749S6m","Charly Black,Daddy Yankee",65,False,224320,0.723,0.889,-4.017,0.0939,0.0673,0.0,0.363,0.701,101.032,1
5WrEilrRI5cIW0DxMvQYPZ,Jopping,5BHFSMEjfLVx1JwRWjAOsE,SuperM,65,False,251293,0.74,0.835,-3.425,0.0839,0.0139,0.0,0.857,0.535,123.024,0
76vMKwFtdDDCLcM6zXybjB,Say Amen (Saturday Night),20JZFwl6HVl6yg8a4H3ZqK,Panic! At The Disco,65,False,189186,0.491,0.867,-2.313,0.103,0.167,0.0,0.458,0.602,167.965,0
64ydkbrt0xhdJXRaam06Mc,Mile High (feat. Travis Scott & Metro Boomin),"53KwLdlmrlCelAZMaLVZqU,0Y5tJX1MQlPlqiwlOH1tJY,0iEtIxbK0KxaSlF7G42ZOp","James Blake,Travis Scott,Metro Boomin",65,False,193600,0.754,0.37,-9.854,0.12,0.403,6.22e-05,0.107,0.228,114.941,1
0TMGV2zMZXOILVtQLtkI3G,What Am I,2jnIB6XdLvnJUeNTy5A0J2,Why Don't We,65,False,184665,0.614,0.647,-4.681,0.0524,0.0687,0.0,0.104,0.368,163.862,0
7o0oY5wRcoV7oPuDhD2J1z,Fingías,7rOlQwf8OuFLFQp4aydjBt,Paloma Mami,65,False,225373,0.729,0.805,-3.83,0.184,0.19,0.225,0.0909,0.345,191.994,0
4OCzAGgyWsUKpdWufYywZm,Cochise,2ziB7fzrXBoh1HUPS6sVFn,Audioslave,65,False,222026,0.452,0.873,-4.867,0.0613,0.000519,0.0,0.0592,0.433,80.473,0
550rQQCGkrTzvp4SfpOPzx,Hallelujah,26AHtbjWKiwYzsoGoUZq53,Pentatonix,64,False,268960,0.322,0.377,-7.385,0.0356,0.454,0.0,0.338,0.366,118.669,0
1YmF9PvLhIISIANoMLIYGq,A$AP Forever (feat. Moby),"13ubrt8QOOCPljQ2FL1Kca,3OsRAKCvk37zwYcnzRf5XF","A$AP Rocky,Moby",64,True,233061,0.469,0.78,-6.49,0.122,0.224,0.0,0.13,0.444,125.999,1
4txKMpsSfZRV6durPuHVq0,New Tank,699OTQXzgjhIYAHMy9RyPD,Playboi Carti,64,True,89741,0.819,0.638,-4.831,0.226,0.031,0.000116,0.152,0.167,150.993,0
2w1rq80FIrbxeJy9WYURxw,Follow,"790FomKkXshlbRYZFtlgla,2R21vXR83lH98kGeO99Y66","KAROL G,Anuel AA",64,False,203093,0.735,0.787,-4.375,0.16,0.667,6.15e-06,0.0721,0.455,168.997,1
27oFpFktCq9JIXjJQRuv7a,GOTTI,7gZfnEnfiaHzxARJ2LeXrf,6ix9ine,64,True,166851,0.728,0.584,-7.255,0.176,0.0524,0.0,0.0658,0.365,161.9,0
3i8GllbdGuwIXaVrlIoE0r,What do you think?,5RmQ8k4l3HZ8JoPb4mNsML,Agust D,64,True,182171,0.739,0.725,-5.741,0.084,0.149,0.0,0.0793,0.136,118.994,0
7cGFbx7MP0H23iHZTZpqMM,Everybody,4xRYI6VqpkE3UwrDrAZL8L,Logic,64,True,162346,0.885,0.94,-5.908,0.0913,0.161,0.0,0.0675,0.773,110.005,0
6w4PV16oMh5I6ZOCvig0hK,Stay Down,"3hcs9uc56yIGFCSy9leWe7,4IVAbR2w4JJNJDDRFP3E83,50co4Is1HCEo8bhOyUWKpn","Lil Durk,6LACK,Young Thug",64,True,169330,0.813,0.57,-8.409,0.265,0.0909,0.0,0.0982,0.676,109.07,1
3XZeOzJ9tqnu58YP6cqApI,RONCA FREESTYLE,4q3ewBCX7sLwd24euuV69X,Bad Bunny,64,True,150060,0.856,0.656,-6.483,0.131,0.165,0.0,0.0998,0.586,90.041,0
5UusfWUMMLEXLMc1ViNZoe,@ MEH,699OTQXzgjhIYAHMy9RyPD,Playboi Carti,64,True,166799,0.876,0.492,-8.11,0.153,0.0136,0.000283,0.0678,0.4,151.044,0
5LTGmestwpHZ1BfCmpFQJx,Entertainer,5ZsFI1h6hIdQRw2ti0hz81,ZAYN,64,True,202600,0.706,0.569,-7.979,0.0368,0.501,2.59e-05,0.095,0.54,154.007,0
1lGHa2pwYzxQHFBUynhLtO,FIND MY WAY,4r63FhuTkUYltbVAg5TQnk,DaBaby,64,True,139890,0.836,0.624,-6.75,0.184,0.187,0.0,0.138,0.7,103.0,0
6thXB4RmajS4oZPNiBAKy0,Ghostbusters,0NyzfcGDZZ6GM25EBG9BYK,Ray Parker Jr.,64,False,239133,0.778,0.719,-9.698,0.0345,0.0123,0.0262,0.297,0.729,115.4,0
2jrAaawDRCn1JjeouxAyDN,Had Enough (feat. Quavo & Offset),"4Gso3d4CscCijv0lmajZWs,4DdkRBBYG6Yk9Ka8tdJ9BW,0VRj0yCOv2FXJNP47XQnx5","Don Toliver,Offset,Quavo",64,True,157133,0.748,0.789,-4.579,0.103,0.262,0.0,0.13,0.671,147.957,1
7JYsArznYOjX2jsrT3UEnL,OOOUUU,7LvoDJUNGnOrPdGRzVtOJ9,Young M.A,64,True,234649,0.635,0.847,-3.152,0.447,0.533,0.0,0.154,0.568,166.072,0
5TysCiZtv1HnSWcTcUFusI,Suena El Dembow,"3ATyg4fGC9F8trfb0GRWmX,07YUOmWljBTXwIseAUd9TW","Joey Montana,Sebastian Yatra",64,False,195760,0.688,0.859,-4.447,0.0609,0.186,0.0,0.121,0.695,92.042,1
2jeWxoYEARpy0lGGahsKd5,Best Day Ever,4LLpKhyESsyAXpc4laK94U,Mac Miller,64,True,159119,0.305,0.561,-4.55,0.0449,0.0466,0.0,0.193,0.0578,134.353,0
6R6ihJhRbgu7JxJKIbW57w,Provider,2h93pZq0e7k5yf4dywlkpM,Frank Ocean,64,False,243238,0.654,0.325,-11.925,0.282,0.74,2.14e-05,0.152,0.39,139.886,0
4lKuzrdZrJuCAedbIslF3A,SENTADÃO,"5wbf52LA6kcaboHSN6NEF1,2Cra8I2P4OnMkVguqZRVwi,7C7NNCiIFavKH6oDarjp0v","PEDRO SAMPAIO,Felipe Original,JS o Mão de Ouro",64,False,143448,0.68,0.869,-1.94,0.0589,0.178,0.0,0.223,0.924,173.997,1
1Eck97uRMlprKOOJN9oO1E,Good Life (with G-Eazy & Kehlani),"02kJSzxNuaWGqwubyUba0Z,0cGUm45nv7Z6M6qdXYQGTX","G-Eazy,Kehlani",64,False,225520,0.565,0.771,-5.22,0.213,0.00464,0.0,0.0568,0.573,168.385,1
5vFshmrfuOng89bVtW33J9,The Sky Is A Neighborhood,7jy3rLJdDQY21OgRLCZ9sD,Foo Fighters,64,False,244573,0.358,0.549,-7.843,0.0693,0.000799,0.00503,0.22,0.533,130.733,0
1rX5L6pyl3rVWb55D8Cprr,Gold Roses (feat. Drake),"1sBkRIssrMs1AbVkOJbc7a,3TVXtAsR1Inumwj472S9r4","Rick Ross,Drake",64,True,349600,0.502,0.633,-5.8,0.419,0.00991,0.0,0.389,0.552,83.226,1
2IA8cFA46DkjgbsRG7kKbp,Baby,"6kq4GHwUcUojGIu0ziSNXf,1SupJlEpv7RS2tPNRaHViT,329e4yvIujISKGKz1BZZbO","Amenazzy,Nicky Jam,Farruko",64,False,235973,0.7,0.71,-4.835,0.0532,0.327,0.0,0.129,0.582,167.971,1
11ajcVj3qSyyMPUpTJUP3y,Protect The Land,5eAWCfyUhZtHHtBdNk56l1,System Of A Down,64,False,307644,0.432,0.886,-3.991,0.0341,9.2e-05,4.74e-05,0.338,0.248,76.04,0
1qCmZnC1FUpNgOydIzqIPC,Bad Child,2NjfBq1NflQcKSeiDooVjY,Tones And I,64,True,221466,0.756,0.554,-4.24,0.0342,0.402,0.0,0.158,0.596,117.992,0
3BmjRmFTESgWZLPSVGp8aG,Lying from You,6XyY86QOPPrYVGvF9ch6wz,Linkin Park,64,False,175373,0.535,0.951,-3.324,0.18,0.00777,0.0,0.0669,0.723,160.102,0
5GyyPRvEwdI4wJSUbzxHQv,Blanche,"6L34dW6SKMSDaGIfYDU19j,58wXmynHaAWI5hwlPZP3qL","Maes,Booba",64,True,193453,0.776,0.713,-6.121,0.143,0.525,0.0,0.306,0.551,127.987,1
5IUOU5xkzGHsRFOYNu3GSK,No Judgement,1Hsdzj7Dlq2I7tHP7501T4,Niall Horan,64,False,176283,0.723,0.726,-3.835,0.0472,0.0564,0.000126,0.057,0.962,100.051,0
3O0e0LHTpza0rYVDbZfQ4r,Can We Pretend (feat. Cash Cash),"1KCSPY1glIKqW2TotWuXOR,1LOB7jTeEV14pHai6EXSzF","P!nk,Cash Cash",64,False,224360,0.524,0.806,-3.447,0.406,0.197,0.0,0.101,0.45,115.172,1
5CpsIb7SMFHjmAG8RvIWfq,Leaving Heaven (feat. Skylar Grey),"7dGJo4pcD2V6oG8kP0tJRR,4utLUGcTvOJFr6aqIJtYWV","Eminem,Skylar Grey",64,True,265946,0.661,0.748,-4.809,0.206,0.175,0.0,0.254,0.509,171.983,1
0Lw6aQcBFWTQ9m4MSwwwes,Homicide,"4xRYI6VqpkE3UwrDrAZL8L,7dGJo4pcD2V6oG8kP0tJRR","Logic,Eminem",64,True,245413,0.722,0.764,-5.656,0.398,0.145,0.0,0.171,0.796,139.831,1
3oHkMCVJyOcjg5FhfLc2Rq,"A$AP Forever REMIX (feat. Moby, T.I. & Kid Cudi)","13ubrt8QOOCPljQ2FL1Kca,3OsRAKCvk37zwYcnzRf5XF,4OBJLual30L7gRl5UkeRcT,0fA0VVWsXO9YnASrzqfmYu","A$AP Rocky,Moby,T.I.,Kid Cudi",64,True,315773,0.428,0.754,-6.416,0.179,0.3,0.0,0.136,0.394,125.948,1
7FfpP3YZ6fOWMdxkIAtud9,Krippy Kush,"329e4yvIujISKGKz1BZZbO,4q3ewBCX7sLwd24euuV69X,1fctva4kpRbg2k3v7kwRuS","Farruko,Bad Bunny,Rvssian",64,True,230520,0.708,0.56,-7.132,0.129,0.0668,0.0,0.111,0.411,163.043,1
0jAfdqv18goRTUxm3ilRjb,Startender (feat. Offset and Tyga),"31W5EY0aAly4Qieq6OFu6I,5LHRHt1k9lMyONurDHEdrp,4DdkRBBYG6Yk9Ka8tdJ9BW","A Boogie Wit da Hoodie,Tyga,Offset",64,True,192779,0.736,0.622,-4.653,0.133,0.0235,0.0,0.151,0.506,191.971,1
4cbdPT6uaBOgOQe3fLMofl,Power is Power (feat. The Weeknd & Travis Scott),"7tYKF4w9nC0nq9CsPZTHyP,1Xyo4u8uXC1ZmMpatF05PJ,0Y5tJX1MQlPlqiwlOH1tJY,22JdJVovP3pV9XkGTih01c","SZA,The Weeknd,Travis Scott,Game of Thrones",64,False,211266,0.507,0.644,-7.485,0.0641,0.00413,0.0,0.217,0.172,179.913,1
3QpkbrYXtlU3LRJu3sTK6V,Joy,7EQ0qTo7fWT7DPxmxtSYEc,Bastille,64,False,192681,0.559,0.915,-4.811,0.132,0.222,0.0,0.113,0.361,117.914,0
1ahVFh0ViDZr8LvkEVlq3B,No Sleep (feat. Bonn),"60d24wfXkVzDSfLS6hyCjZ,7Io0XduXk7aOHFHA7sLru2","Martin Garrix,Bonn",64,False,207094,0.44,0.635,-6.385,0.0326,0.129,0.0,0.121,0.327,128.133,1
0gO3E51A3fqp0ypJ26QbVP,"T.D (Lil Yachty & Tierra Whack feat. A$AP Rocky & Tyler, The Creator)","6icQOAFXDZKsumw3YXyusw,4lPl9gqgox3JDiaJ1yklKh,13ubrt8QOOCPljQ2FL1Kca,4V8LLVI7PbaPR0K2TGSxFF","Lil Yachty,Tierra Whack,A$AP Rocky,Tyler, The Creator",64,True,232838,0.784,0.632,-6.083,0.347,0.156,0.0,0.605,0.746,124.603,1
2e9N4vHYVUwSwRorBzsZXE,Almost (Sweet Music),2FXC3k01G6Gw61bmprjgqS,Hozier,64,False,217480,0.427,0.689,-5.589,0.135,0.021,1.69e-06,0.203,0.706,88.875,0
0BU7nIcCZxYSE0hYcc5oZz,Too Many Years,"46SHBwWsqBkxI7EeeBEQG7,21WS9wngs9AqFckK7yYJPM","Kodak Black,PnB Rock",64,True,196336,0.664,0.704,-6.859,0.0974,0.0233,0.0,0.112,0.633,147.067,1
5RgBnDtHKFHgtVdqabjGE3,Harder (with Bebe Rexha),"4Q6nIcaBED8qUel8bBx6Cr,64M6ah0SkkRsnPGtGiRAbb","Jax Jones,Bebe Rexha",64,False,159760,0.906,0.833,-3.027,0.0729,0.0899,0.0,0.154,0.752,104.017,1
6p8eEdiZLKJH8tcjGZuNTK,Run,3MZsBdqDrRTJihTHQrO6Dq,Joji,64,False,195000,0.447,0.72,-3.954,0.0332,0.0416,0.000297,0.614,0.362,157.892,0
7oAuqs6akGnPU3Tb00ZmyM,All Night,6vWDO969PvNqNYHIOW5v0m,Beyoncé,64,False,322000,0.574,0.573,-7.079,0.085,0.392,2.16e-05,0.0933,0.626,136.304,0
2jYmK1cb3Uya6FFsocdpzO,Why,74KM79TiuVKeVCqs8QtB0B,Sabrina Carpenter,64,False,171096,0.669,0.561,-4.923,0.209,0.157,0.0,0.0739,0.604,180.044,0
1T7aSWZQIorPMzRT8jTMXc,Bebi Liguei - Ao Vivo,1yR65psqiazQpeM79CcGh8,Marília Mendonça,64,False,159779,0.603,0.804,-4.253,0.198,0.362,0.0,0.743,0.682,153.883,0
4ckuS4Nj4FZ7i3Def3Br8W,Sneakin’,"3TVXtAsR1Inumwj472S9r4,1URnnhqYAYcrqrcwql10ft","Drake,21 Savage",64,True,251333,0.806,0.558,-6.538,0.172,0.00496,1.45e-06,0.16,0.26,85.011,1
2AuWgceaQyfMoI3EGavwGb,No Me Ame,"1fctva4kpRbg2k3v7kwRuS,2R21vXR83lH98kGeO99Y66,4MCBfE4596Uoi2O4DtmEMz","Rvssian,Anuel AA,Juice WRLD",64,False,180000,0.68,0.766,-4.799,0.0923,0.0411,0.0,0.116,0.28,160.095,1
3WpHqtFUwzIQBsV9YC5iNc,Guns Blazing (feat. Dr. Dre & Sly Pyper),"7dGJo4pcD2V6oG8kP0tJRR,6DPYiyq5kWVQS4RGwxzPC7,7LzTBVNarOeaDXFdzOugAI","Eminem,Dr. Dre,Sly Pyper",64,True,196180,0.782,0.874,-4.611,0.276,0.0178,1.65e-06,0.444,0.655,119.959,1
05bnEv2dpFzmGVLGdjD9UP,Orlando,15UsOTVnJzReFVN1VCnxy4,XXXTENTACION,64,True,163840,0.57,0.0279,-22.282,0.0588,0.859,0.0892,0.254,0.28,84.902,0
5o4yGlG0PfeVUa6ClIyOxq,Boys,25uiPmTg16RbhZWAqwLBy5,Charli XCX,64,False,162585,0.867,0.545,-5.192,0.0625,0.0646,0.000289,0.0505,0.525,139.943,0
2BkyYZmU4JuWW2sYi9EzpC,7 Minutes,3QSQFmccmX81fWCUSPTS7y,Dean Lewis,64,False,211453,0.613,0.739,-6.478,0.0311,0.526,0.0,0.149,0.712,104.966,0
5hff5RQeE84pznOt8WEWeO,Birthday,1zNqDE7qDGCsyzJwohVaoX,Anne-Marie,64,False,181466,0.609,0.785,-3.32,0.0891,0.0502,0.0,0.171,0.756,151.995,0
32OWobmyAz8J2qA8iWekyS,Mistletoe,1uNFoZAHBGtllmzznpCI3s,Justin Bieber,64,False,182946,0.666,0.543,-9.188,0.0446,0.511,0.0,0.0911,0.881,161.947,0
4U9arGcc4ATa7shChhLQP0,Walk On Water,0RqtSIYZmd4fiBKVFqyIqD,Thirty Seconds To Mars,64,False,185466,0.494,0.778,-7.041,0.0359,0.000115,0.0,0.0904,0.406,139.963,0
5h0Jgt873QtgL6nJRBGfT6,That's Life (feat. Mac Miller & Sia),"4LLpKhyESsyAXpc4laK94U,5WUlDfRSoLAfcVSX1WnrxN,6RedK3o51NbUJuJxXlT4kj","Mac Miller,Sia,88-Keys",64,True,202390,0.525,0.774,-4.532,0.241,0.24,1.07e-06,0.495,0.526,154.192,1
6PYnUsNEpYC7A4BS2sjw3L,Right Back (feat. A Boogie Wit Da Hoodie),"6LuN9FCkKOj5PcnpouEgny,31W5EY0aAly4Qieq6OFu6I","Khalid,A Boogie Wit da Hoodie",64,False,254999,0.786,0.428,-10.011,0.31,0.0933,1.1e-06,0.156,0.556,97.001,1
1qwMkkRiD5jqLeUUjfgblh,Lock It Up (feat. Anderson .Paak),"7dGJo4pcD2V6oG8kP0tJRR,3jK9MiCrA42lLAdMGUZpwa","Eminem,Anderson .Paak",64,True,170226,0.848,0.745,-3.052,0.221,0.0949,0.0,0.0796,0.516,137.024,1
0bCPJsVGDxPYwQMDZMi4NW,Estamos Arriba,"4q3ewBCX7sLwd24euuV69X,7iK8PXO48WeuP03g8YR51W","Bad Bunny,Myke Towers",64,True,225693,0.853,0.818,-3.6,0.0922,0.186,0.000255,0.18,0.546,149.839,1
71OvX5NNLrmz7rpq1ANTQn,Daddy Lessons,6vWDO969PvNqNYHIOW5v0m,Beyoncé,64,False,287986,0.643,0.503,-8.37,0.216,0.273,0.0,0.349,0.598,90.886,0
3fEoJxnPpfIHwFHKiFtqbA,Break Up Song,3e7awlrlDSwF3iM0WBjGMp,Little Mix,64,False,200293,0.626,0.749,-5.406,0.0443,0.00515,0.0,0.215,0.6,90.033,0
3Q4gttWQ6hxqWOa3tHoTNi,Not You Too (feat. Chris Brown),"3TVXtAsR1Inumwj472S9r4,7bXgB6jMjp9ATFy66eO08Z","Drake,Chris Brown",64,True,269680,0.458,0.452,-9.299,0.047,0.342,1.94e-05,0.0703,0.316,86.318,1
0IEUbDOzcwi6Ju1ZAJ23rk,Marinero,1r4hJ1h58CWwUQe3MxPuau,Maluma,64,False,189133,0.58,0.491,-5.156,0.0473,0.683,0.0,0.122,0.843,83.81,0
4au7FRcgZzChASRYu279xH,Con Calma - Remix,"4VMYDCV2IEDYJArk749S6m,6jJ0s89eD6GaHleKKya26X,3uZFBSsMiooimnprFL9jD1","Daddy Yankee,Katy Perry,Snow",64,False,181280,0.736,0.868,-3.01,0.0454,0.166,1.48e-06,0.0419,0.613,94.026,1
1syf62zw48zu4FrPwMtDHk,Gris,1vyhD5VmyZ7KMfW5gqLgo5,J Balvin,64,False,176626,0.849,0.709,-4.717,0.0794,0.229,0.0,0.329,0.916,93.06,0
0Zx8khUcEfCFK2AEoIhC92,Don't Leave,"2FwJwEswyIUAljqgjNSHgP,0bdfiayQAKewqEvaU6rXCv","Snakehips,MØ",64,True,214693,0.657,0.703,-3.402,0.0753,0.222,0.0,0.256,0.338,122.381,1
5ojNTROUJJgCFFbdD3xTZn,Goutte d'eau,6Te49r3A6f5BiIgBRxH7FH,Ninho,64,True,157184,0.663,0.685,-6.163,0.163,0.678,0.0,0.122,0.312,137.834,0
0BwO44CBPFWxAIO5ZbPf3N,Roadrunner,1aS5tqEs9ci5P9KD9tZWa6,Bonez MC,64,False,149028,0.795,0.607,-9.04,0.23,0.128,0.19,0.111,0.25,99.012,0
1eMNW1HQjF1dbb4GtnmpaX,Slay3r,699OTQXzgjhIYAHMy9RyPD,Playboi Carti,64,True,164590,0.885,0.661,-5.062,0.141,0.165,0.0,0.334,0.436,140.028,0
1H3oIeKUEHpBhXUiso0IMH,Kokain,"1aS5tqEs9ci5P9KD9tZWa6,0Dvx6p8JDyzeOPGmaCIH1L,5eioJDe26lOqkAMbuhzZYs","Bonez MC,RAF Camora,Gzuz",64,True,209231,0.615,0.677,-7.906,0.363,0.231,0.0,0.543,0.608,170.117,1
0usLRFLmYXYahKNgXxsuJc,Trivia 起 : Just Dance,3Nrfpe0tUJi4K4DXYWgMUX,BTS,64,False,225220,0.723,0.906,-4.778,0.279,0.0907,0.0,0.0771,0.398,125.019,0
353IDEfNzPJmGNRnOi5kJ1,Wildflower,5Rl15oVamLq7FbSb0NNBNy,5 Seconds of Summer,64,False,220536,0.643,0.768,-4.316,0.0455,0.174,0.0,0.469,0.597,108.992,0
2rE9TX3VQ0WNt7kziFhKep,Homemade Dynamite - REMIX,"163tK9Wjr9P9DmM0AVK7lm,6LuN9FCkKOj5PcnpouEgny,246dkjvS1zLTtiykXe5h60,7tYKF4w9nC0nq9CsPZTHyP","Lorde,Khalid,Post Malone,SZA",64,True,214254,0.542,0.55,-5.072,0.158,0.261,0.0,0.157,0.172,106.435,1
1Bqxj0aH5KewYHKUg1IdrF,Some Kind Of Drug (feat. Marc E. Bassy),"02kJSzxNuaWGqwubyUba0Z,3tQx1LPXbsYjE9VwN1Peaa","G-Eazy,Marc E. Bassy",64,True,222466,0.634,0.525,-8.968,0.47,0.0705,0.0,0.0729,0.49,130.271,1
0q85C1JiECyYIQthz1posA,obvious,66CXWjxzNUsdJxJ2JdwvnR,Ariana Grande,64,True,146958,0.624,0.672,-5.334,0.106,0.0967,0.0,0.155,0.26,159.852,0
2S1LebN6AXXQqJolBxlWgO,Earth,1tqhsYv8yBBdwANFNzHtcr,Lil Dicky,64,True,281500,0.694,0.664,-4.649,0.05,0.639,0.0,0.0929,0.676,95.941,0
3whrwq4DtvucphBPUogRuJ,Havana - Remix,"4nDoRrQiYLoBzwC5BhVJzF,4VMYDCV2IEDYJArk749S6m","Camila Cabello,Daddy Yankee",64,False,199095,0.751,0.579,-4.036,0.0321,0.398,2.28e-05,0.133,0.349,105.031,1
7l9CE3wmEGOUYw1j4ETjnL,Saturnz Barz (feat. Popcaan),"3AA28KZvwAUcZuOKwyblJQ,62DmErcU7dqZbJaDqwsqzR","Gorillaz,Popcaan",64,False,181906,0.383,0.621,-5.878,0.113,0.0272,0.0,0.427,0.213,80.051,1
7fwXWKdDNI5IutOMc5OKYw,Mi Gente (feat. Beyoncé),"1vyhD5VmyZ7KMfW5gqLgo5,4RSyJzf7ef6Iu2rnLdabNq,6vWDO969PvNqNYHIOW5v0m","J Balvin,Willy William,Beyoncé",64,False,209733,0.705,0.714,-6.39,0.0792,0.0249,0.0,0.253,0.434,104.996,1
6Poyf51k7W3NKnsGwAI90B,Barbie Dreams,0hCNtLu0JehylgoiP8L4Gh,Nicki Minaj,64,True,279866,0.85,0.787,-4.134,0.338,0.313,0.0,0.194,0.7,87.983,0
3OmMEncU5Z8hZJVKwAMZpk,Dans l'univers,"4LXBc13z5EWsc5N32bLxfH,1FmxE030Xe2H8Bn9bdv6Pd","Nekfeu,Vanessa Paradis",64,True,244320,0.662,0.424,-9.949,0.161,0.322,0.000217,0.14,0.208,131.938,1
3IKRHd9ihUdGffgz4Mbgv0,Wow. - Remix,"246dkjvS1zLTtiykXe5h60,757aE44tKEUQEqRuT6GnEB,5LHRHt1k9lMyONurDHEdrp","Post Malone,Roddy Ricch,Tyga",64,True,170053,0.797,0.64,-6.272,0.194,0.148,0.0,0.209,0.486,100.002,1
2INhKpUdzh7v0j041gZNsz,DHL,2h93pZq0e7k5yf4dywlkpM,Frank Ocean,64,True,268893,0.819,0.458,-10.223,0.167,0.582,0.173,0.128,0.232,122.981,0
03sEzk1VyrUZSgyhoQR0LZ,Pneuma,2yEwvVSSSUkcLeSTNyHKh8,TOOL,64,False,713191,0.415,0.53,-9.338,0.0314,0.00209,0.75,0.11,0.0586,114.174,0
08aYFNUTIOMGq93e2VSArQ,Que Le De,"1mcTU81TzQhprhouKaTkpq,1SupJlEpv7RS2tPNRaHViT","Rauw Alejandro,Nicky Jam",64,False,225600,0.77,0.75,-2.715,0.0785,0.19,0.0,0.0618,0.609,99.997,1
01vv2AjxgP4uUyb8waYO5Y,Morph,3YQKmKGau1PzlVlkL1iodx,Twenty One Pilots,64,False,258853,0.734,0.607,-7.249,0.0806,0.0747,0.000577,0.0968,0.518,90.023,0
4MdcsdRj7i8eBm0qFjO4L4,Feel Me,0C8ZW7ezQVs4URX5aX7Kqx,Selena Gomez,64,False,226002,0.71,0.808,-6.703,0.0433,0.44,0.000773,0.0734,0.392,99.989,0
5ftQSVAHs7iqULWKQn0fjK,Machine,53XhwfbYqKCa1cC15pYq2q,Imagine Dragons,64,False,181880,0.638,0.679,-5.278,0.0425,0.0016,0.00655,0.121,0.596,81.045,0
1jQsKN68yE94tMYml0wHMd,Jump Out The Window,0c173mlxpT3dSFRgMO8XPh,Big Sean,64,True,213693,0.747,0.704,-6.743,0.0986,0.136,0.0,0.131,0.494,136.936,0
6osMzmRHCVETbZMHceLRmh,Dreamcatcher (feat. Swae Lee & Travis Scott),"0iEtIxbK0KxaSlF7G42ZOp,1zNqQNIdeOUZHb8zbZRFMX,0Y5tJX1MQlPlqiwlOH1tJY","Metro Boomin,Swae Lee,Travis Scott",64,True,211920,0.675,0.23,-10.363,0.204,0.191,0.0,0.104,0.101,173.962,1
3b5Li4QKDVBx1x7fQuu54a,Tired,"7vk5e3vY1uw9plTHJAMwjN,25tMQOrIU4LlUo6Sv8v5SE","Alan Walker,Gavin James",64,False,192111,0.69,0.876,-4.159,0.059,0.0428,0.0,0.147,0.493,123.994,1
7fxSLnklnayJNBIKntXedZ,Slidin,"1URnnhqYAYcrqrcwql10ft,0iEtIxbK0KxaSlF7G42ZOp","21 Savage,Metro Boomin",64,True,185036,0.774,0.706,-6.494,0.355,0.00163,1.28e-06,0.104,0.382,152.891,1
4Rh4UxgPaRTaFfKumWtUbM,if I were u (with Lauv),"2cFrymmkijnjDg9SS92EPM,5JZ7CnR6gTvEMKX4g70Amv","blackbear,Lauv",64,True,186468,0.666,0.628,-5.613,0.0623,0.144,0.0,0.189,0.767,82.992,1
3T4UodGkfZObJ43RtA5KFU,Connection,5Pwc4xIPtQLFEnJriah9YJ,OneRepublic,64,False,148459,0.611,0.602,-4.89,0.0437,0.000837,0.0,0.112,0.624,168.154,0
1snWlbcbgQpJfknoI30DWG,Darkside,"7vk5e3vY1uw9plTHJAMwjN,1eMmoIprPDWeFdB1FxU6ZV,6064pL9Hu3Wx2bwJMeOx6o","Alan Walker,Au/Ra,Tomine Harket",64,False,211866,0.425,0.642,-5.06,0.0502,0.164,0.0,0.118,0.112,170.008,1
735RSTb2xbtWbDtKD9XDYi,Somebody,"6MPCFvOQv5cIGfw3jODMF0,4Ga1P7PMIsmqEZqhYZQgDo,31W5EY0aAly4Qieq6OFu6I","Internet Money,Lil Tecca,A Boogie Wit da Hoodie",64,True,174333,0.63,0.671,-6.659,0.256,0.363,0.0,0.113,0.333,89.921,1
2oe6dDthgthqUkfL3czpEd,"ALONE, PART 3",15UsOTVnJzReFVN1VCnxy4,XXXTENTACION,64,False,109986,0.61,0.258,-12.758,0.0331,0.883,0.0145,0.103,0.164,127.08,0
1CxLWO9XW1aK4yv7zViVdn,Seeing Blind,"1Hsdzj7Dlq2I7tHP7501T4,6WY7D3jk8zTrHtmkqqo5GI","Niall Horan,Maren Morris",64,False,185280,0.715,0.566,-7.536,0.0411,0.0375,0.0,0.107,0.509,93.998,1
7ms3VzLTfr7fXNOqA4Mkx9,Creeping (feat. Rich the Kid),"7d3WFRME3vBY2cgoP38RDo,1pPmIToKXyGdsCF6LmqLmI","Lil Skies,Rich The Kid",64,True,179830,0.729,0.687,-8.06,0.25,0.0108,0.0,0.162,0.683,160.085,1
2B9wgj9XzbJZLty03PRbVo,Bezerk (feat. A$AP Ferg),"0c173mlxpT3dSFRgMO8XPh,6q3p11nP1p80Ey6LrOOSed,5dHt1vcEm9qb8fCyLcB3HL","Big Sean,Hit-Boy,A$AP Ferg",64,True,151066,0.684,0.687,-4.673,0.2,0.0164,0.0,0.253,0.265,184.026,1
5Psnhdkyanjpgc2P8A5TSM,Emotionless,3TVXtAsR1Inumwj472S9r4,Drake,64,True,302173,0.414,0.677,-5.12,0.254,0.0248,0.0,0.0793,0.0853,172.521,0
3msKIQc0Yjuz3Zn39g3KLX,Don't Check On Me (feat. Justin Bieber & Ink),"7bXgB6jMjp9ATFy66eO08Z,1uNFoZAHBGtllmzznpCI3s,4ZhFCxPekpmV12n2xMeF2z","Chris Brown,Justin Bieber,Ink",64,False,204880,0.66,0.395,-5.242,0.0333,0.873,0.0,0.112,0.678,81.997,1
4v8jmsVox8VwU5js3JHOJZ,Gimme What I Want,5YGY8feqx7naU7z4HrwZM6,Miley Cyrus,64,False,151720,0.659,0.765,-5.392,0.0591,0.0428,0.0,0.0783,0.41,89.983,0
2vHfabj6nFebekTYODqntl,Want You Back,5Rl15oVamLq7FbSb0NNBNy,5 Seconds of Summer,64,True,173081,0.618,0.867,-4.915,0.0439,0.00699,1.03e-06,0.202,0.579,98.03,0
51aMyZzlIOitdIA4vyF0JO,Sangría - con WOS,"2x7PC78TmgqpEIjaGAZ0Oz,5YCc6xS5Gpj3EkaYGdjyNK,5szJHKg5xeUlQ9pTqzdpic,2JsDK87cAxuUlz4L4izU7A,0shHIQr8VamXbzM66kwGQo","Trueno,WOS,Taiu,Evlay,TATOOL",64,True,154956,0.666,0.787,-4.6,0.226,0.156,0.0,0.85,0.908,95.799,1
6xTU6B6nFwKKTSZ9ySXS80,Remind Me to Forget,"23fqKkggKUBHNkbKtXEls4,360IAlyVv4PCEVjgyMZrxK","Kygo,Miguel",64,False,217293,0.689,0.505,-6.389,0.0933,0.158,0.0,0.138,0.312,99.017,1
3JWiDGQX2eTlFvKj3Yssj3,Closed On Sunday,5K4W6rqBFWDnAN6FQUkS6x,Kanye West,64,False,151873,0.799,0.291,-7.353,0.0318,0.873,0.000641,0.139,0.406,97.984,0
4U34WsyOvppOMnRfq7DuOy,Night Crawling (feat. Billy Idol),"5YGY8feqx7naU7z4HrwZM6,7lzordPuZEXxwt9aoVZYmG","Miley Cyrus,Billy Idol",64,False,189013,0.638,0.918,-4.368,0.0382,0.0378,0.00805,0.0948,0.668,134.022,1
5gCg2qMPzKkW4jS4dBKdDs,Puesto Pa' Guerrial,"4q3ewBCX7sLwd24euuV69X,7iK8PXO48WeuP03g8YR51W","Bad Bunny,Myke Towers",64,True,190207,0.867,0.686,-5.342,0.221,0.311,0.0,0.1,0.658,139.968,1
0E6PsO3ymCfUh7pJQjBgkj,APESHIT,4fpTMHe34LC5t3h5ztK8qu,The Carters,64,True,264853,0.705,0.784,-6.477,0.271,0.0133,0.0,0.168,0.377,160.035,0
6sPBi0qLI6KM3yXX56NxsA,Meia Noite (Você tem meu Whatsapp),48HORs6F9P7IgdyKrk4MZC,Tarcísio do Acordeon,64,False,237900,0.709,0.816,-4.787,0.0346,0.685,0.0,0.146,0.921,150.06,0
2DlIwu1iDTILEMXA7MUotn,Beautiful Trauma,1KCSPY1glIKqW2TotWuXOR,P!nk,64,True,250053,0.412,0.619,-6.39,0.0723,0.0868,2.55e-06,0.4,0.234,95.943,0
66y7x28jXOPrcmu3D5Zjh6,A Million Dreams (Reprise),"6Y20PijIkUoCtuvtkz37dO,0nFUCMGlkx1lMZnHL6ArVJ,5F1aoppMtU3OMiltO8ymJ2","Austyn Johnson,Cameron Seely,Hugh Jackman",64,False,60453,0.253,0.139,-17.067,0.0414,0.726,5.01e-05,0.269,0.102,74.369,1
2PGA1AsJal6cyMNmKyE56q,200 km/h,1qQLhymHXFPtP5U8KNKsm6,Apache 207,64,True,163146,0.899,0.67,-6.455,0.163,0.269,1.38e-05,0.105,0.413,148.065,0
3pjUyVbFmM96tYhSaKJwTt,Change,6l3HvQ5sa6mXTsMTB19rO5,J. Cole,64,True,331480,0.74,0.523,-10.753,0.233,0.666,0.00142,0.0968,0.235,97.063,0
3DKpA54hrFIdPN6AtL9HXa,I'll Never Love Again - Film Version - Radio Edit,"1HY2Jd0NmPuamShAr6KMms,4VIvfOurcf0vuLRxLkGnIG","Lady Gaga,Bradley Cooper",64,False,281235,0.45,0.335,-7.464,0.0298,0.785,1.25e-06,0.0979,0.25,109.908,1
6fMzgFFGzWCwiHMzDzNpp5,Lets Link,5KYEMMz9O9iLIESifKAEOp,WhoHeem,64,True,159955,0.839,0.683,-9.232,0.165,0.00667,0.0,0.241,0.522,120.003,0
4RzpCjByV1NWUGKVQGuej6,Internet,246dkjvS1zLTtiykXe5h60,Post Malone,64,True,123386,0.469,0.489,-6.071,0.0314,0.841,0.0,0.103,0.201,74.013,0
7HC3sppue0re7HPfo5zscF,You Make Me,1vCWHaC5f2uS3yhpwWbIA6,Avicii,64,False,233346,0.586,0.727,-4.799,0.039,0.00247,0.0107,0.152,0.496,124.99,0
33zcmmElV1YbRZe57biUjg,Celoso,6i3DxIlAqnDkwELLw4aVrx,Lele Pons,64,False,179693,0.746,0.703,-4.179,0.107,0.352,0.0,0.331,0.667,166.043,0
2xGjteMU3E1tkEPVFBO08U,This Is Me,"7HV2RI2qNug4EcQqLbCAKS,63nv0hWWDob56Rk8GlNpN8","Keala Settle,The Greatest Showman Ensemble",64,False,234706,0.284,0.704,-7.276,0.186,0.00583,0.000115,0.0424,0.1,191.702,1
5ZwRTJD1bTACtIuW5Iibnu,Tricheur,"4LXBc13z5EWsc5N32bLxfH,2UwqpfQtNuhBwviIC0f2ie","Nekfeu,Damso",64,True,248466,0.756,0.637,-7.984,0.241,0.403,0.0,0.177,0.191,138.142,1
5ZnJsoJGkQ5K15W7Rcr5JO,No More Sad Songs (feat. Machine Gun Kelly),"3e7awlrlDSwF3iM0WBjGMp,6TIYQ3jFPwQSRmorSezPxX","Little Mix,Machine Gun Kelly",64,False,225200,0.709,0.782,-3.526,0.0469,0.0771,4.71e-06,0.302,0.728,102.032,1
5uvucCRBTkxv7VxIDLOqe7,Devuelveme,1i8SpTcr7yvPOmcqrbnVXY,Ozuna,64,False,188906,0.744,0.769,-4.112,0.156,0.554,6.96e-06,0.102,0.784,175.999,0
1rlIrbWboTRGeKfHhgbJRZ,FLIP THE SWITCH (feat. Drake),"0VRj0yCOv2FXJNP47XQnx5,3TVXtAsR1Inumwj472S9r4","Quavo,Drake",64,True,156195,0.853,0.637,-5.924,0.331,0.129,0.0,0.267,0.496,86.048,1
6Vgtvd7I5yopJdBuxqjBd2,Your Man,3MZsBdqDrRTJihTHQrO6Dq,Joji,64,False,163758,0.785,0.818,-8.711,0.099,0.624,0.149,0.149,0.0503,117.98,0
2wRkBumdItthjYP9XknImg,Está Rico,"4wLXwxDeWQ8mtUIRPxGiD6,41qil2VaGbD194gaEcmmyx,4q3ewBCX7sLwd24euuV69X","Marc Anthony,Will Smith,Bad Bunny",64,False,215151,0.817,0.74,-4.566,0.283,0.266,0.0,0.0992,0.674,130.04,1
2D2w9943rsnJOGCrI4aMQp,My Choppa Hate Niggas,"1URnnhqYAYcrqrcwql10ft,0iEtIxbK0KxaSlF7G42ZOp","21 Savage,Metro Boomin",64,True,148640,0.862,0.274,-5.818,0.484,0.0974,0.185,0.183,0.146,77.493,1
0xxZY5C9xxij3D1HkzbnfC,Monster Mash,"42MRYPhQfcEXqb18dl5ERX,4frDtYgwXXKkbyQzjOmJG5","Bobby ""Boris"" Pickett,The Crypt-Kickers",64,False,192040,0.541,0.504,-14.191,0.457,0.375,0.0,0.421,0.707,68.482,1
6EBlOYNcZ8MrdEov9lEdV6,Hold The Line (feat. A R I Z O N A),"1vCWHaC5f2uS3yhpwWbIA6,7hOGhpa8RMSuDOWntGIAJt","Avicii,A R I Z O N A",64,False,171785,0.648,0.554,-7.005,0.0341,0.329,2.56e-05,0.0803,0.372,98.045,1
7IECs9d4Rrlpa7tiHOCE1w,My Window (feat. Lil Wayne),"7wlFDEWiM5OoIAt8RSli8b,55Aa2cqylxrFIXC767Z865","YoungBoy Never Broke Again,Lil Wayne",64,True,192000,0.778,0.662,-6.081,0.308,0.187,0.0,0.116,0.571,149.935,1
1xzUQMiCoY5pdego0pHMeV,She Knows This,0fA0VVWsXO9YnASrzqfmYu,Kid Cudi,64,True,216560,0.39,0.724,-7.607,0.0889,0.162,0.0,0.393,0.312,165.945,0
5xjei7JnROsAzLY2a7RdZU,Shots,4Ga1P7PMIsmqEZqhYZQgDo,Lil Tecca,64,True,109373,0.829,0.582,-5.721,0.0415,0.525,0.0,0.0759,0.51,108.028,0
0JiVRyTJcJnmlwCZ854K4p,Alone,7vk5e3vY1uw9plTHJAMwjN,Alan Walker,64,False,161200,0.676,0.929,-3.194,0.0458,0.186,0.000405,0.121,0.157,97.019,0
6ERZ30cRjVWGtVLhczX9aL,The greatest,00FQb4jTyendYWaN8pK0wa,Lana Del Rey,64,True,300360,0.443,0.226,-12.507,0.0359,0.939,0.0201,0.14,0.196,79.142,0
7oTE1KmtU2ml9zBhv9Reao,California,00FQb4jTyendYWaN8pK0wa,Lana Del Rey,64,False,305899,0.449,0.41,-8.067,0.0317,0.761,0.0,0.0631,0.195,123.758,0
3c3XJ9P1BjOtmNXKvdVyHK,For A Better Day,1vCWHaC5f2uS3yhpwWbIA6,Avicii,64,False,206066,0.631,0.836,-3.386,0.0343,0.0482,0.139,0.135,0.321,134.987,0
4agLM5EfiWR2AKMq7gFwcM,Pa Ti,"2DlGxzQSjYe5N6G9nkYghR,1r4hJ1h58CWwUQe3MxPuau","Jennifer Lopez,Maluma",64,False,230026,0.86,0.762,-2.343,0.0447,0.286,0.000148,0.0697,0.763,139.992,1
1G2CAJeP7rCwOZjlSJ0Zw3,Que Calor,"738wLrAtLtCtFOLvQBXOXp,1vyhD5VmyZ7KMfW5gqLgo5,2oQX8QiMXOyuqbcZEFsZfm,5fMUXHkw8R8eOP2RNVYEZX","Major Lazer,J Balvin,El Alfa,Diplo",64,False,169997,0.795,0.885,-4.129,0.0716,0.0372,0.00754,0.285,0.46,126.038,1
684EjRHwNsZQ9hCQxL4NYL,"El Favor (with Nicky Jam & Sech, feat. Farruko, Zion & Lunay)","3fZk3Gm5dN5v5yfYMQ04Bx,1SupJlEpv7RS2tPNRaHViT,77ziqFxp5gaInVrF2lj4ht,329e4yvIujISKGKz1BZZbO,1pgDilWYDWLoOgGjf1iHNu,47MpMsUfWtgyIIBEFOr4FE","Dímelo Flow,Nicky Jam,Sech,Farruko,Zion,Lunay",64,False,233112,0.747,0.647,-3.234,0.0737,0.113,0.0,0.112,0.478,87.988,1
1Kjer1JoWuJGNwGV6Pbgv1,Cristina,07YUOmWljBTXwIseAUd9TW,Sebastian Yatra,64,False,202040,0.649,0.502,-4.368,0.0437,0.286,0.0,0.166,0.695,87.0,0
4Z9cAwlkruSbWblPBthygg,10 Feet,4MCBfE4596Uoi2O4DtmEMz,Juice WRLD,64,True,212311,0.678,0.681,-7.698,0.183,0.466,0.000657,0.263,0.525,104.014,0
31ljIjVJOgopnyNposqPhm,Elle pleut,"4LXBc13z5EWsc5N32bLxfH,5f6nz3iqzrfiUfKOIKvLvd","Nekfeu,Nemir",64,True,286520,0.708,0.375,-11.064,0.441,0.719,2.82e-06,0.126,0.239,93.624,1
3xRcQ04b0l5RiU2w7lJhCD,Bad,4EzkuveR9pLvDVFNx6foYD,James Bay,64,False,225920,0.549,0.413,-5.587,0.0362,0.756,0.0,0.0939,0.29,139.981,0
1FxTz4x5X7ewAICkKhB3kA,Hate Me,"6Xgp2XMz1fhVYe7i6yNAax,7wlFDEWiM5OoIAt8RSli8b","Trippie Redd,YoungBoy Never Broke Again",64,True,144770,0.872,0.48,-7.184,0.0664,0.406,0.0,0.109,0.61,121.013,1
0eHCArTPhwUxatY7cEXRiK,New Freezer (feat. Kendrick Lamar),"1pPmIToKXyGdsCF6LmqLmI,2YZyLoL8N0Wb9xBt1NhZWg","Rich The Kid,Kendrick Lamar",64,True,191937,0.884,0.698,-9.101,0.364,0.0405,0.0,0.195,0.575,140.068,1
6n8TMVyFKoUmDc4apxceRD,Breaking the Habit,6XyY86QOPPrYVGvF9ch6wz,Linkin Park,64,False,196906,0.579,0.849,-5.218,0.0303,0.108,0.0,0.0909,0.581,100.021,0
3agtg0x11wPvLIWkYR39nZ,Somewhere I Belong,6XyY86QOPPrYVGvF9ch6wz,Linkin Park,64,False,213933,0.451,0.951,-3.754,0.0645,0.00038,2.39e-06,0.261,0.442,162.065,0
2bPtwnrpFNEe8N7Q85kLHw,Combatchy (feat. MC Rebecca),"7FNnA9vBm6EKceENgCGRMb,0jTDeBJQr3unrK29LklnAv,4PzYKhC14sTJNEr0dzoo0d,5MS6HieNmKxzkAM8amE8sr","Anitta,Lexa,Luísa Sonza,Rebecca",64,False,157600,0.826,0.73,-3.032,0.0809,0.383,0.000374,0.0197,0.605,150.134,1
23luOrEVHMfoX0AhfbQuS6,FEAR.,2YZyLoL8N0Wb9xBt1NhZWg,Kendrick Lamar,64,True,460573,0.588,0.479,-7.039,0.281,0.604,7.2e-06,0.527,0.434,150.414,0
1pF74yw15wXk12A1NPVWHD,BANG!,6Xgp2XMz1fhVYe7i6yNAax,Trippie Redd,64,True,283320,0.715,0.529,-9.019,0.0507,0.259,7.48e-06,0.128,0.467,148.037,0
3DoBTwfr8yi2LN08SBpFkN,Watch (feat. Lil Uzi Vert & Kanye West),"0Y5tJX1MQlPlqiwlOH1tJY,4O15NlyKLIASxsJ0PrXPfz,5K4W6rqBFWDnAN6FQUkS6x","Travis Scott,Lil Uzi Vert,Kanye West",64,True,217405,0.706,0.559,-5.216,0.0416,0.0372,0.0,0.379,0.252,78.534,1
5lCxlSBFyP5g4EhVypAoOu,Au DD,3NH8t45zOTqzlZgBvZRjvB,PNL,64,True,247161,0.777,0.698,-7.706,0.0704,0.293,2.32e-05,0.0908,0.119,119.963,0
5z8uLrYMcUVvzTV28twt44,Slow Grenade,"0X2BH1fck6amBIoJhDVmmJ,5JZ7CnR6gTvEMKX4g70Amv","Ellie Goulding,Lauv",64,False,217493,0.758,0.562,-6.302,0.0771,0.0996,0.0,0.0996,0.581,142.035,1
53rkN7z3bKorDSIxDvqXNt,Solo Pienso En Ti (feat. De La Ghetto & Justin Quiles),"3vQ0GE3mI0dAaxIMYe5g7z,14zUHaJZo1mnYtn6IBRaRP","Paulo Londra,Justin Quiles",64,False,268794,0.86,0.697,-4.727,0.0718,0.102,0.0,0.159,0.586,129.978,1
5XkyZyKMdFungjDb9cUKc3,A Brand New Day (BTS World Original Soundtrack) [Pt. 2],"3Nrfpe0tUJi4K4DXYWgMUX,1Xylc3o4UrD53lo9CvFvVg","BTS,Zara Larsson",64,False,205019,0.804,0.498,-7.387,0.0571,0.339,0.000236,0.18,0.704,105.008,1
43wzy7JxMEfvCh8ZFeZKYk,Right Now,"4Rxn7Im3LGfyRkY2FlHhWi,3t5xRXzsuZmMDkQzgOX35S","Nick Jonas,Robin Schulz",64,False,201680,0.597,0.751,-4.982,0.193,0.0104,0.0,0.0912,0.568,103.956,1
1SmiQ65iSAbPto6gPFlBYm,It’s Nice To Have A Friend,06HL4z0CvFAxyc27GXpf02,Taylor Swift,64,False,150440,0.737,0.175,-9.912,0.0401,0.971,0.000337,0.171,0.545,70.008,0
2LTlO3NuNVN70lp2ZbVswF,FEEL.,2YZyLoL8N0Wb9xBt1NhZWg,Kendrick Lamar,64,True,214826,0.746,0.798,-8.382,0.349,0.137,0.0,0.139,0.553,109.968,0
4AYtqFyFbX0Xkc2wtcygTr,Soon You’ll Get Better (feat. The Chicks),"06HL4z0CvFAxyc27GXpf02,25IG9fa7cbdmCIy3OnuH57","Taylor Swift,The Chicks",64,False,201586,0.433,0.182,-12.566,0.0641,0.907,0.0,0.123,0.421,207.476,1
6yz0Jndhv0QjKdpcEMbOjz,Shake It Up,6Xgp2XMz1fhVYe7i6yNAax,Trippie Redd,64,True,116680,0.776,0.608,-6.478,0.104,0.128,0.0,0.0932,0.402,156.025,0
2ogKhhoMClkFXek7ZgxAhN,Shameless,4nDoRrQiYLoBzwC5BhVJzF,Camila Cabello,64,False,219742,0.377,0.651,-5.437,0.0589,0.0197,5.31e-05,0.174,0.0851,129.607,0
3dVvWnj4D8JGkKvo6Hucso,TROLLZ (with Nicki Minaj),"7gZfnEnfiaHzxARJ2LeXrf,0hCNtLu0JehylgoiP8L4Gh","6ix9ine,Nicki Minaj",64,True,202666,0.744,0.422,-8.946,0.294,0.0319,0.00011,0.11,0.493,180.006,1
12iDo4Kdw9vA2X1lN3UTVu,Focus (feat. 21 Savage),"4GvEc3ANtPPjt1ZJllr5Zl,1URnnhqYAYcrqrcwql10ft","Bazzi,21 Savage",64,True,155133,0.752,0.703,-5.268,0.0969,0.00694,0.0,0.143,0.538,77.021,1
4AEzAEnbm9uRgbmTdeI63K,MIDDLE CHILD,"21WS9wngs9AqFckK7yYJPM,15UsOTVnJzReFVN1VCnxy4","PnB Rock,XXXTENTACION",64,True,151574,0.75,0.567,-6.4,0.48,0.137,0.0,0.109,0.398,151.895,1
5lwVd35Zg6DJ4qibVMq99H,Date La Vuelta,"4V8Sr092TqfHkfAA5fXXqG,07YUOmWljBTXwIseAUd9TW,1SupJlEpv7RS2tPNRaHViT","Luis Fonsi,Sebastian Yatra,Nicky Jam",64,False,219773,0.747,0.825,-2.903,0.0566,0.0487,0.0,0.107,0.866,94.006,1
3yZCjDTxzZxx1kll1sRjGc,Emotions 2.0,"5pVRwX5ZQR7hfJ18w8ZYkl,5ZYOlPpI9FZu2uIPkTB0UA","Ufo361,CÉLINE",64,False,146027,0.788,0.491,-9.884,0.109,0.386,0.00088,0.107,0.271,98.543,1
4bl1HBZliBuYpFZjWgefE4,Peta (feat. Meek Mill),"757aE44tKEUQEqRuT6GnEB,20sxb77xiYeusSH8cVdatc","Roddy Ricch,Meek Mill",64,True,198848,0.778,0.573,-7.339,0.251,0.015,0.0,0.464,0.269,140.114,1
2qfEcCkEo5NscA9GL7ER72,Nobody,"4ehtJnVumNf6xzSCDk8aLB,4IWBUUAFIplrNtaOHcJPRM","Martin Jensen,James Arthur",64,True,211040,0.673,0.687,-5.295,0.0623,0.269,0.0,0.181,0.524,96.964,1
7yyRTcZmCiyzzJlNzGC9Ol,Broccoli (feat. Lil Yachty),"5M0lbkGluOPXLeFjApw8r8,6icQOAFXDZKsumw3YXyusw","Shelley FKA DRAM,Lil Yachty",64,True,225205,0.886,0.525,-7.39,0.131,0.236,0.0,0.057,0.708,145.99,1
7uqcLJFlSYjVPLUz1vPxkY,Guardian angel,15UsOTVnJzReFVN1VCnxy4,XXXTENTACION,64,True,108034,0.712,0.374,-10.215,0.511,0.795,0.0,0.187,0.779,133.952,0
5egqKwgK5r5rvGD1LrtR7J,Points of Authority,6XyY86QOPPrYVGvF9ch6wz,Linkin Park,64,False,200240,0.512,0.97,-3.886,0.212,0.03,0.0,0.0994,0.427,94.952,0
7MooGz4ZPE4bNxjFegR6Jx,You Don't Know How It Feels,2UZMlIwnkgAEDBsw1Rejkn,Tom Petty,64,False,289440,0.765,0.502,-7.393,0.0321,0.119,0.0011,0.171,0.836,144.204,0
4ZJPwET9Jrgpkqi4Vo3Yg8,Bad Bitch (feat. Ty Dolla $ign),"64M6ah0SkkRsnPGtGiRAbb,7c0XG5cIJTrrAgEC3ULPiq","Bebe Rexha,Ty Dolla $ign",64,True,197253,0.656,0.615,-6.252,0.0539,0.0283,0.0,0.234,0.366,139.91,1
4mcZYzoGwPRDdhWVlygiHf,Refugee,4tX2TplrkIP4v05BNC903e,Tom Petty and the Heartbreakers,64,False,201693,0.579,0.705,-4.911,0.0339,0.0273,0.0,0.0704,0.761,116.173,0
6zLdXcmvIxnAXpz9sXFnIE,Craving You,"6x2LnllRG5uGarZMsD4iO8,6WY7D3jk8zTrHtmkqqo5GI","Thomas Rhett,Maren Morris",64,False,223626,0.612,0.841,-3.795,0.0353,0.000907,0.0,0.37,0.499,104.986,1
63TyoT9Ee03rQxv8xmdJ2l,RAP DEVIL,6TIYQ3jFPwQSRmorSezPxX,Machine Gun Kelly,64,True,286117,0.895,0.839,-4.512,0.227,0.217,3e-06,0.239,0.756,149.951,0
6SYSu569pfYdkDT9A5lZqi,CUIDAO POR AHÍ,"1vyhD5VmyZ7KMfW5gqLgo5,4q3ewBCX7sLwd24euuV69X","J Balvin,Bad Bunny",64,False,198320,0.845,0.813,-2.979,0.077,0.111,0.00241,0.174,0.586,90.98,1
3AsAuGTaDQzavZZThyYlop,Sexual,"5H6xmHXjsq98NLbEjuE29f,4H1PNuHElBLVok0lnYMrRb","NEIKED,Dyo",64,False,188888,0.803,0.569,-7.392,0.0739,0.0623,0.0,0.083,0.809,107.986,1
15LOSQ3z91ZB2wMiMhiCjZ,Desire,4MCBfE4596Uoi2O4DtmEMz,Juice WRLD,64,True,189812,0.597,0.767,-4.713,0.0481,0.106,0.0,0.107,0.205,148.009,0
7qmnP8Woc47dLSrMD5MxL1,Amor ou o Litrão,"6gGJH7joTDx9M3xREiAq9U,0xTWPVQfXgaj6Je1inSRKw","Petter Ferraz,Menor Nico",64,False,173913,0.934,0.707,-4.214,0.0646,0.437,1.74e-05,0.0628,0.961,138.023,1
4BJ5T8ZZZ3UrPG7k0OVQrp,Power (feat. Stormzy),"3e7awlrlDSwF3iM0WBjGMp,2SrSdSvpminqmStGELCSNd","Little Mix,Stormzy",64,False,242293,0.568,0.863,-4.093,0.304,0.0405,5.97e-06,0.211,0.438,173.007,1
4dOmgE4ULbySxpeGObN8RL,Syphilis,4MCBfE4596Uoi2O4DtmEMz,Juice WRLD,64,True,131761,0.782,0.659,-3.103,0.248,0.0696,0.0,0.168,0.336,148.03,0
3aUFrxO1B8EW63QchEl3wX,Feel The Love,"2hPgGN4uhvXAxiXQBIXOmE,0ONHkAv9pCAFxb0zJwDNTy","KIDS SEE GHOSTS,Pusha T",64,True,165053,0.58,0.469,-5.946,0.104,0.126,7.32e-05,0.099,0.369,110.573,1
6AGON2BGdPmPMJGiiNuuwl,Immortal,6l3HvQ5sa6mXTsMTB19rO5,J. Cole,64,True,201666,0.744,0.43,-10.604,0.309,0.455,2.73e-06,0.126,0.266,92.039,0
0d0d2CuQSQDF7Q7vNhwA3i,Neymar,"4WZGDpNwrC0vNQyl9QzF7d,5pVRwX5ZQR7hfJ18w8ZYkl","Capital Bra,Ufo361",64,True,263646,0.749,0.66,-6.143,0.241,0.558,0.0,0.133,0.542,123.96,1
5A0M6B0RBSXSNWv0wcppZ9,I DON'T LOVE YOU ANYMORE,4V8LLVI7PbaPR0K2TGSxFF,"Tyler, The Creator",64,True,161200,0.638,0.522,-9.814,0.0932,0.352,0.0663,0.165,0.584,142.952,0
5vZ4IeUenK2cHub2d7yfWk,RADIO,6wWVKhxIU2cEi0K81v7HvP,Rammstein,64,False,277397,0.652,0.894,-5.145,0.0409,0.00404,0.00381,0.124,0.76,132.03,0
2vvdTrdryjsl8DmPIMDWZU,EL BAÑO (feat. Bad Bunny),"7qG3b048QCHVRO5Pv1T5lw,4q3ewBCX7sLwd24euuV69X","Enrique Iglesias,Bad Bunny",64,False,214520,0.71,0.888,-3.036,0.0382,0.259,0.0,0.0969,0.626,90.009,1
7hzlzoOwCZ4D3Ow5YZK4kj,Insomnia,6Dd3NScHWwnW6obMFbl1BH,Daya,64,False,179745,0.754,0.653,-5.095,0.0611,0.0944,0.0,0.383,0.379,123.084,0
5Xitt5a5uLQ1QtYdFxmi9e,Se Me Olvidó,0XwVARXT135rw8lyw1EeWP,Christian Nodal,64,False,159133,0.647,0.554,-3.14,0.032,0.348,0.0,0.317,0.737,141.823,0
1ZvBVbsaNqHEP6ymXaPGlj,Lion King On Ice,6l3HvQ5sa6mXTsMTB19rO5,J. Cole,64,True,210586,0.732,0.663,-7.616,0.192,0.0819,0.0,0.115,0.227,139.964,0
7EulRO07ZgchxqKUHb8Pvc,1985 - Intro to “The Fall Off”,6l3HvQ5sa6mXTsMTB19rO5,J. Cole,64,True,190176,0.679,0.648,-5.892,0.445,0.145,0.0,0.182,0.635,94.378,0
5Co8mnbtshK44Uh96aHxdu,The Way I Am,6VuMaDnrHyPL1p4EHjYLi7,Charlie Puth,63,False,186080,0.755,0.769,-5.658,0.186,0.314,2.38e-06,0.0628,0.642,114.966,0
2h9L3U6h3jnfOpIAj8E86H,disco tits,4NHQUGzhtTLFvgF5SZesLK,Tove Lo,63,True,223794,0.789,0.748,-6.465,0.0665,0.0269,0.000683,0.158,0.307,110.058,0
5x53pbGk6sbl1BGom19QQ5,Breakdown,4tX2TplrkIP4v05BNC903e,Tom Petty and the Heartbreakers,63,False,163893,0.625,0.35,-8.395,0.0436,0.398,6.76e-05,0.123,0.69,113.688,0
1rsAFUCa6BVMgRQ3FCQQsi,Boss,3wyVrVrFCkukjdVIdirGVY,Lil Pump,63,True,106020,0.803,0.789,-3.434,0.0383,0.0304,0.0,0.378,0.647,119.999,0
6ikDZX0oc8EKGj2vdMAEDv,Didn't I,5Pwc4xIPtQLFEnJriah9YJ,OneRepublic,63,False,207616,0.606,0.613,-6.758,0.0306,0.0182,0.0,0.125,0.258,123.943,0
40U8d12pC5UHqmHwXjHjjl,Repeat After Me (Interlude),1Xyo4u8uXC1ZmMpatF05PJ,The Weeknd,63,True,195813,0.555,0.619,-7.918,0.0314,0.0323,0.000224,0.0917,0.141,95.032,0
660eekzsNZ7sdATvfIsAkR,"Fuego (with Sean Paul & Anitta, feat. Tainy)","540vIaP2JwjQb9dm3aArA4,3Isy6kedDrgPYoTS1dazA9,7FNnA9vBm6EKceENgCGRMb,0GM7qgcRCORpGnfcN2tCiB","DJ Snake,Sean Paul,Anitta,Tainy",63,False,195428,0.819,0.859,-6.264,0.224,0.0244,0.0,0.0916,0.612,104.906,1
3pWcj8hxj3fsb9TDAcMpEl,Somebody,"69GGBxA162lTqCwzJG5jLp,76yeOnINtQSXyoEHbkYmtY","The Chainsmokers,Drew Love",63,False,221986,0.532,0.616,-7.074,0.0328,0.186,0.0,0.0928,0.292,101.883,1
5Py8zRKGkZvgHniVVtvNCN,All Around Me,1uNFoZAHBGtllmzznpCI3s,Justin Bieber,63,False,136906,0.566,0.438,-7.564,0.0367,0.809,0.0,0.212,0.692,117.127,0
72794Eag03xdy7TO0KNuid,Cayendo (Side A - Acoustic),2h93pZq0e7k5yf4dywlkpM,Frank Ocean,63,False,202200,0.35,0.12,-11.104,0.0393,0.982,0.000289,0.103,0.121,68.995,0
5n6gBhdEjCuj3obgCoTEFD,That’s It,"1RyvyyTE3xzB2ZywiAwp0i,4O15NlyKLIASxsJ0PrXPfz","Future,Lil Uzi Vert",63,True,228796,0.94,0.532,-5.998,0.358,0.12,0.0,0.0925,0.599,123.043,1
5ULRlgiSPSKTaJN1vU9yso,Shape of You - Acoustic,6eUKZXaKkcviH0Ku9w2n3V,Ed Sheeran,63,False,223573,0.843,0.4,-5.576,0.103,0.49,0.0,0.125,0.927,100.728,0
3g4UyIcQwutiG0TfW32GnX,Esclavo de Tus Besos,"0tmwSHipWxN12fsoLcFU3B,1i8SpTcr7yvPOmcqrbnVXY","Manuel Turizo,Ozuna",63,False,219302,0.805,0.671,-5.316,0.111,0.113,0.0,0.278,0.522,90.979,1
4Nfak8iMF4kQfQ6Pa8Z79m,Dybala,"6L34dW6SKMSDaGIfYDU19j,3IW7ScrzXmPvZhB27hmfgy","Maes,Jul",63,True,211226,0.729,0.721,-5.83,0.0761,0.256,0.0,0.111,0.537,132.304,1
572BChNcXOIvtfn2TGmTKc,ON GOD (feat. Young Thug),"4MCBfE4596Uoi2O4DtmEMz,50co4Is1HCEo8bhOyUWKpn","Juice WRLD,Young Thug",63,True,250271,0.797,0.722,-6.23,0.0601,0.0925,0.0,0.112,0.338,145.99,1
2ktoFujjJtantyMoVdBJlX,Pa Olvidarte (feat. Manuel Turizo) - Remix,"6tkyhGe9hGI3Lcfo4gVh6Z,21451j1KhjAiaYKflxBjr1,329e4yvIujISKGKz1BZZbO,0tmwSHipWxN12fsoLcFU3B","ChocQuibTown,Zion & Lennox,Farruko,Manuel Turizo",63,False,256417,0.724,0.791,-5.411,0.169,0.0441,6.55e-06,0.239,0.856,176.011,1
3IB5qOeMayvpOdHxYCL5tZ,ON (Feat. Sia),"3Nrfpe0tUJi4K4DXYWgMUX,5WUlDfRSoLAfcVSX1WnrxN","BTS,Sia",63,False,246816,0.591,0.848,-4.397,0.0828,0.137,0.0,0.372,0.386,105.922,1
2nUJvBO87SkxCViQsLc9Zr,Man's Not Hot,7mnAzEmgquhrVtGob81SmO,Big Shaq,63,False,186026,0.895,0.885,-4.182,0.268,0.11,4.04e-05,0.106,0.633,134.973,0
1Fo4OvzP9PThFKMeMIAEYu,Superhero,5JZ7CnR6gTvEMKX4g70Amv,Lauv,63,False,179997,0.681,0.34,-8.617,0.0339,0.82,0.0,0.285,0.417,129.98,0
2fOlBMkWR7lXJfqp5VTbDG,Futsal Shuffle 2020 - Bonus Track,4O15NlyKLIASxsJ0PrXPfz,Lil Uzi Vert,63,True,198912,0.879,0.448,-8.57,0.222,0.0346,0.0,0.224,0.278,136.985,0
464uJVLmr0fDJGXOnciaDe,Rosa,1vyhD5VmyZ7KMfW5gqLgo5,J Balvin,63,False,189826,0.651,0.561,-5.715,0.25,0.25,0.000109,0.435,0.369,175.992,0
3BYIzNZ3t9lRQCACXSMLrT,Venetia,4O15NlyKLIASxsJ0PrXPfz,Lil Uzi Vert,63,True,188800,0.775,0.757,-4.139,0.175,0.162,0.0,0.148,0.562,142.933,0
1mF6sMUsRU9MisrdB9qWvg,Mejor,"0KPX4Ucy9dk82uj4GpKesn,77ziqFxp5gaInVrF2lj4ht","Dalex,Sech",63,True,201361,0.524,0.577,-4.501,0.18,0.185,0.0,0.103,0.19,175.396,1
6vxU64pcIuQ38O015Zy4qj,Homecoming,4O15NlyKLIASxsJ0PrXPfz,Lil Uzi Vert,63,True,213884,0.929,0.563,-7.428,0.49,0.000592,0.0,0.244,0.353,129.957,0
6QwFUcPc5nhsqZuhXUYtV7,Tijolão - Ao Vivo,1elUiq4X7pxej6FRlrEzjM,Jorge & Mateus,63,False,175219,0.637,0.877,-3.68,0.198,0.469,0.0,0.343,0.691,118.889,0
1nO67wic65N413c11zKxM7,Silhouettes - Original Radio Edit,1vCWHaC5f2uS3yhpwWbIA6,Avicii,63,False,211880,0.605,0.8,-6.235,0.0545,0.155,0.0562,0.121,0.836,128.074,0
1AT4xjNarTswd0UZ5FlmKF,Motiv8,6l3HvQ5sa6mXTsMTB19rO5,J. Cole,63,True,133921,0.869,0.385,-7.801,0.297,0.135,0.0,0.0931,0.596,149.897,0
7pMRoGLEJuFM2wl5pt0R99,Legacy (feat. Travis Scott & 21 Savage),"4DdkRBBYG6Yk9Ka8tdJ9BW,0Y5tJX1MQlPlqiwlOH1tJY,1URnnhqYAYcrqrcwql10ft","Offset,Travis Scott,21 Savage",63,True,244941,0.844,0.513,-8.769,0.335,0.178,0.0,0.0845,0.344,128.085,1
2Vdub5mY4lad7w64bFPUez,Hey Ma (with Pitbull & J Balvin feat. Camila Cabello),"0TnOYISbd1XYRBk9myaseg,1vyhD5VmyZ7KMfW5gqLgo5,4nDoRrQiYLoBzwC5BhVJzF","Pitbull,J Balvin,Camila Cabello",63,False,194880,0.489,0.962,-2.597,0.215,0.0277,6.18e-06,0.128,0.518,104.563,1
2slqvGLwzZZYsT4K4Y1GBC,Only The Young - Featured in Miss Americana,06HL4z0CvFAxyc27GXpf02,Taylor Swift,63,False,157507,0.56,0.78,-4.895,0.0517,0.00244,0.0,0.0714,0.602,93.516,0
3KekO5WUfJsh7kYU9o2w50,Atrévete,"1SupJlEpv7RS2tPNRaHViT,77ziqFxp5gaInVrF2lj4ht","Nicky Jam,Sech",63,False,198320,0.552,0.675,-3.824,0.297,0.311,0.0,0.119,0.586,183.785,1
0SaYeGhSXN0dDWstyNTQ56,Bella - Remix,"2OnKRchqP7tT0FzTvWIFI7,1r4hJ1h58CWwUQe3MxPuau","Wolfine,Maluma",63,False,218360,0.917,0.476,-6.621,0.0655,0.304,0.0,0.103,0.87,93.987,1
6m9qPYXmhge2QhBLfFKnVF,Same Drugs,1anyVhU62p31KFi8MEzkbf,Chance the Rapper,63,False,257775,0.461,0.293,-9.52,0.0555,0.947,9.95e-06,0.0936,0.531,180.297,0
0Xcy81PsJCOO6mhLZaQyQ4,Perfecto,4LLpKhyESsyAXpc4laK94U,Mac Miller,63,True,215413,0.599,0.317,-11.212,0.174,0.748,0.0,0.111,0.203,148.09,0
4OZVHWYtGOaQuK0oQikS2b,Confetti,3e7awlrlDSwF3iM0WBjGMp,Little Mix,63,False,167440,0.75,0.527,-6.631,0.0458,0.128,0.0,0.0721,0.377,107.075,0
12REd1n8PeiHHWOh066tpr,Never Be Like You,"6nxWCVXbOlEVRexSbLsTer,6xHUXzrfhFgnIv86EBR3Ml","Flume,kai",63,True,233337,0.494,0.559,-5.445,0.0565,0.436,0.0,0.164,0.264,119.247,1
7kuRvjpeUcn6qNV9IBXC2C,Ta To Gucci (Remix),"2QUvtLq6oQaX0LNsYY2fas,00XhexlJEXQstHimpZN910,1TtXnWcUs0FCkaZDPGYHdf,00me4Ke1LsvMxt5kydlMyU,11YLRSsZA3YVuQQtHXKTlz,37230BxxYs9ksS7OkZw3IU","Cauty,Brytiago,Darell,Cosculluela,Rafa Pabön,Chencho Corleone",63,True,304859,0.73,0.648,-6.405,0.378,0.383,0.000112,0.103,0.675,187.991,1
0baYVkFX4vIXXmIuHRWXDN,Out My Way,4MCBfE4596Uoi2O4DtmEMz,Juice WRLD,63,True,156620,0.664,0.832,-3.166,0.34,0.107,0.0,0.776,0.498,164.144,0
7jYUaoOfdcYgUvkK8NnFfx,Tranz,3AA28KZvwAUcZuOKwyblJQ,Gorillaz,63,False,162626,0.649,0.883,-5.058,0.0306,0.0324,0.0185,0.0658,0.779,135.141,0
03T4ttRCiLXST6MZjeMwmR,Orphans,4gzpq5DPGxSnKTe4SA8HAU,Coldplay,63,False,197533,0.503,0.808,-5.051,0.0451,0.0258,0.00149,0.557,0.282,107.973,0
650OeHTLxZAQmb4aEbGmaA,Good Goodbye (feat. Pusha T and Stormzy),"6XyY86QOPPrYVGvF9ch6wz,0ONHkAv9pCAFxb0zJwDNTy,2SrSdSvpminqmStGELCSNd","Linkin Park,Pusha T,Stormzy",63,False,211413,0.697,0.84,-4.602,0.054,0.106,0.0,0.748,0.452,128.034,1
3gwoz4xZuye0agjYgrC2je,Easy,3WGpXCj9YhhfX11TToZcXP,Troye Sivan,63,False,226781,0.639,0.569,-7.236,0.0487,0.0581,0.000169,0.108,0.616,142.967,0
5RRw66jDLIzgIqwA7ABJ9o,Saint,"6extd4B6hl8VTmnlhpl2bY,0Y5tJX1MQlPlqiwlOH1tJY,0VRj0yCOv2FXJNP47XQnx5","Huncho Jack,Travis Scott,Quavo",63,True,140792,0.855,0.642,-3.701,0.0557,0.00953,0.0,0.104,0.0696,150.081,1
4kUZvXB3LC3an3HX6h0s17,Cudi Montage,2hPgGN4uhvXAxiXQBIXOmE,KIDS SEE GHOSTS,63,True,197000,0.729,0.504,-6.784,0.0321,0.401,1.44e-06,0.121,0.305,110.011,0
5Xn4IyTtW6FUGIUyWjbUHG,Goodbye (feat. Nicki Minaj & Willy William),"07YZf4WDAMNwqr4jfgOZ8y,1Cs0zKBU1kc0i8ypK3B9ai,0hCNtLu0JehylgoiP8L4Gh,4RSyJzf7ef6Iu2rnLdabNq","Jason Derulo,David Guetta,Nicki Minaj,Willy William",63,False,195419,0.643,0.904,-3.694,0.0739,0.0776,0.0,0.189,0.481,103.028,1
15dnkAHcHC0vrIUlbiPiqU,I Don’t Know Why,53XhwfbYqKCa1cC15pYq2q,Imagine Dragons,63,False,190120,0.475,0.657,-7.381,0.0708,0.0058,8.81e-06,0.181,0.0707,132.071,0
6RyuoOJXNzlVWpfC5xQyeI,Alocao (With Bad Gyal),"3lY9Fxceu60W1rbon7PkuF,4F4pp8NUW08JuXwnoxglpN","Omar Montes,Bad Gyal",63,False,209320,0.673,0.752,-4.705,0.0567,0.214,1.53e-06,0.106,0.699,178.005,1
3jJ5NJ3aNWvV70Rd7hgZIH,Gotta Be You,4AK6F7OLvEQ5QYCBNiQWHq,One Direction,63,False,244506,0.495,0.583,-4.531,0.0249,0.374,0.0,0.0781,0.603,84.969,0
4CoxD8tetisleUQDA7vn1B,What You Waiting For,7zYj9S9SdIunYCfSm7vzAR,SOMI,63,False,175327,0.765,0.688,-5.072,0.0731,0.0164,0.0,0.112,0.794,121.901,0
2nkoWsTZa8LKPNGdjI5uxj,West Coast,53XhwfbYqKCa1cC15pYq2q,Imagine Dragons,63,False,217173,0.672,0.715,-6.18,0.0268,0.581,2.08e-06,0.101,0.677,104.989,0
5r011NB07RHjABbuVGVIbd,The Louvre,163tK9Wjr9P9DmM0AVK7lm,Lorde,63,False,271088,0.654,0.389,-10.053,0.0481,0.261,0.0116,0.0891,0.132,123.151,0
65u1dHQyQyE4y4aN2eDmMF,$$$ - with Matt Ox,"15UsOTVnJzReFVN1VCnxy4,2J6pigOrBmKQgqJUY5UM7r","XXXTENTACION,Matt Ox",63,True,130403,0.774,0.507,-6.952,0.065,0.0636,0.0,0.138,0.508,140.067,1
1wGnp7ejkCuXRsehXx0PNP,RIP Luv,"1URnnhqYAYcrqrcwql10ft,0iEtIxbK0KxaSlF7G42ZOp","21 Savage,Metro Boomin",63,True,214192,0.63,0.399,-9.869,0.178,0.105,0.174,0.234,0.0657,183.016,1
4V9ynsDPwHtdItksqjuRu0,Brand New Draco,"1URnnhqYAYcrqrcwql10ft,0iEtIxbK0KxaSlF7G42ZOp","21 Savage,Metro Boomin",63,True,202420,0.697,0.709,-6.642,0.298,0.041,0.000296,0.0886,0.439,155.023,1
0oPOuDmmkVp3h6puekhs6P,Use This Gospel,"5K4W6rqBFWDnAN6FQUkS6x,2J257euzcjnDLipsyJH3F2,6I3M904Y9IwgDjrQ9pANiB","Kanye West,Clipse,Kenny G",63,False,213877,0.611,0.459,-3.926,0.0422,0.614,0.0,0.126,0.177,148.28,1
0tgbSxoFjZ20MjfoKwWevV,Your Love,"1Cs0zKBU1kc0i8ypK3B9ai,3gk0OYeLFWYupGFRHqLSR7","David Guetta,Showtek",63,False,185620,0.571,0.937,-2.682,0.0336,0.0997,0.496,0.125,0.512,125.027,1
3GZd1aDsgKL71Kt3VIp0hc,Narrow Road (feat. Lil Baby),"0ErzCpIMyLcjPiwT4elrtZ,5f7VJjfbwm532GiveGC0ZK","NLE Choppa,Lil Baby",63,True,240297,0.614,0.553,-8.225,0.169,0.0306,0.0,0.203,0.161,159.999,1
35lIK2q78MSgv3Abb4qAjk,Casanova,"3drqpTL4sQOckmAfF9i1wg,13bDjug9N0pyv3ZUINjkDV","Summer Cem,Bausa",63,True,206813,0.709,0.588,-4.461,0.0721,0.0971,0.0,0.117,0.195,143.971,1
2kkcJ8tSDV42LdWcPjy6We,Wieder Lila,"6h1s4i4XKIYv4ErDelLDN0,4WZGDpNwrC0vNQyl9QzF7d","Samra,Capital Bra",63,True,188057,0.656,0.756,-4.026,0.3,0.435,0.0,0.0934,0.645,168.031,1
4TgHt7vKCimpywaiKfl0uj,Make It Rain,"0eDvMgVFoNV3TpwtrVCoTj,6LXRvV2OAtXF7685fzh3mj","Pop Smoke,Rowdy Rebel",63,True,204000,0.54,0.77,-3.981,0.389,0.194,2.74e-05,0.372,0.565,159.494,1
5YvcUK2eXJ2OllqDuEg18S,Finally // beautiful stranger,26VFTg2z8YR0cCuwLzESi2,Halsey,63,False,221095,0.626,0.55,-5.105,0.029,0.051,0.0,0.118,0.123,133.976,0
4BHSjbYylfOH5WAGusDyni,YAH.,2YZyLoL8N0Wb9xBt1NhZWg,Kendrick Lamar,63,True,160293,0.67,0.7,-7.893,0.196,0.576,5.34e-06,0.226,0.648,69.986,0
0p3euGPg5LgFeQGC7bBFuR,XXL,"76dRoxKtDwYkgCQePok9cU,3drqpTL4sQOckmAfF9i1wg,3CJKkU0XuElRT1z8rEtIYg,4sVieJlKgpZ2k9ESNS5IdN","Miksu / Macloud,Summer Cem,Luciano,Jamule",63,True,166173,0.798,0.527,-7.671,0.0447,0.227,3.82e-06,0.108,0.548,114.008,1
0T8qHE4gQPf8g9KjvjNmDq,Summer Bummer (feat. A$AP Rocky & Playboi Carti),"00FQb4jTyendYWaN8pK0wa,13ubrt8QOOCPljQ2FL1Kca,699OTQXzgjhIYAHMy9RyPD","Lana Del Rey,A$AP Rocky,Playboi Carti",63,True,260672,0.746,0.576,-8.64,0.153,0.0162,1.13e-05,0.19,0.124,134.944,1
3HPpOFmDibEO06Z2q4ZN5u,I Always Wanna Die (Sometimes),3mIj9lX2MWuHmhNCA7LSCW,The 1975,63,False,314662,0.376,0.473,-5.636,0.0325,0.00527,0.00162,0.123,0.0398,148.835,0
3eV2WT9YhfzkxbufnBF8wK,Creature (feat. Swae Lee),"0eDvMgVFoNV3TpwtrVCoTj,1zNqQNIdeOUZHb8zbZRFMX","Pop Smoke,Swae Lee",63,True,202815,0.794,0.717,-5.73,0.251,0.0511,0.0,0.195,0.372,141.881,1
31M5m42C3EGlbydf9XB5to,Duro y Suave,"6BeO1KuAWBqFriL1mLHtNc,3RtNN1VnooWEn3KQk03DUL","Leslie Grace,Noriel",63,False,207720,0.769,0.721,-4.483,0.153,0.111,5.9e-05,0.0505,0.618,94.978,1
6o79O9qBP3OAkWOXajAQIS,WAKA,"7gZfnEnfiaHzxARJ2LeXrf,31W5EY0aAly4Qieq6OFu6I","6ix9ine,A Boogie Wit da Hoodie",63,True,128769,0.772,0.812,-3.995,0.153,0.0834,0.0,0.115,0.655,97.407,1
2FiSTH0GYpIioUgjfzMIja,Stay (feat. Maty Noyes),"23fqKkggKUBHNkbKtXEls4,5JSXWmQO8csVUy6hSRu8TA","Kygo,Maty Noyes",63,False,239465,0.648,0.736,-7.948,0.0385,0.0444,0.000137,0.171,0.378,103.027,1
6bOkaEXc5CopinGazSLokx,WHAT'S GOOD,4V8LLVI7PbaPR0K2TGSxFF,"Tyler, The Creator",63,True,205626,0.458,0.909,-6.553,0.487,0.0567,4.26e-06,0.11,0.449,118.227,0
2tAeN2TKlQLOoSPXtARzBV,Eruption - 2015 Remaster,2cnMpRsOVqtPMfq7YiFE6K,Van Halen,63,False,102080,0.225,0.689,-9.12,0.0555,0.469,0.813,0.337,0.5,93.798,0
56gH0zGe3SP9SGNoQ2pWwn,La Cintura (feat. Flo Rida & Tini) - Remix,"2urF8dgLVfDjunO0pcHUEe,0jnsk9HBra6NMjO2oANoPY,7vXDAI8JwjW531ouMGbfcp","Alvaro Soler,Flo Rida,TINI",63,False,178266,0.681,0.84,-4.295,0.128,0.0351,0.0,0.398,0.722,100.056,1
6u0EAxf1OJTLS7CvInuNd7,Vai malandra (feat. Tropkillaz & DJ Yuri Martins),"7FNnA9vBm6EKceENgCGRMb,76Xa625geVw0Q7BdyxNjA2,3XcCT5MPlQPWFTJyzXbfuX,5bzWtCkjIAMgN93gLt56SO,0xA8Rmfl9di0sVaPl9AyR9","Anitta,Mc Zaac,Maejor,Tropkillaz,DJ Yuri Martins",63,False,201532,0.876,0.55,-5.464,0.152,0.0227,4.52e-05,0.294,0.557,129.924,1
39JRmdKFka1Oe09FoOCPI4,Selah,5K4W6rqBFWDnAN6FQUkS6x,Kanye West,63,False,164619,0.482,0.618,-5.673,0.197,0.647,0.000859,0.32,0.146,90.076,0
1B3TX5FbmcVROMv2riOwyE,Looking for a Star,15UsOTVnJzReFVN1VCnxy4,XXXTENTACION,63,True,137173,0.915,0.692,-7.544,0.0857,0.15,0.00012,0.0964,0.713,118.981,0
14boA065HMHWvqyPPEeN4y,"I don’t even speak spanish lol - feat. Rio Santana, Judah, Andrez Babii","15UsOTVnJzReFVN1VCnxy4,3mLdH6xxrscTf2poCN9Kzy,2V0DROfM2ieFSOcA3SHJLD,4DROs1Ye9DiLY3X8L7xvl8","XXXTENTACION,Rio Santana,Judah,Andrez Babii",63,False,192229,0.767,0.561,-7.418,0.0509,0.118,0.0,0.0737,0.542,90.021,1
4qUtC2BwFC154Ha8YQRrkk,How to disappear,00FQb4jTyendYWaN8pK0wa,Lana Del Rey,63,False,228071,0.538,0.304,-11.79,0.0352,0.613,0.000631,0.164,0.065,78.997,0
4iD5KYizD5e0KrCsk58P2r,Fuckst mich nur ab,1aS5tqEs9ci5P9KD9tZWa6,Bonez MC,63,True,182931,0.819,0.468,-10.926,0.288,0.232,0.108,0.0912,0.237,104.867,0
7lRsNbdOGykkMAgsqs4R1C,Báilame,2ayNSoKPCRAfjp6hQ76hRu,Nacho,63,False,207013,0.817,0.869,-4.791,0.18,0.163,0.00226,0.0497,0.561,96.029,0
3m2aDCqn8eT5ElXDUiboGU,Get Dripped (feat. Playboi Carti),"6icQOAFXDZKsumw3YXyusw,699OTQXzgjhIYAHMy9RyPD","Lil Yachty,Playboi Carti",63,True,158769,0.95,0.489,-8.411,0.462,0.105,0.0,0.411,0.919,130.021,1
5sgvzXoYFCr5F5tUZdAA20,Ser O Parecer,"7cjh6y0V9SsyCrWSXTzwOs,0TeVa4xdLB8vdzjsvKH6Ri,6kaefrHSdAvxhhCVDFTCEL,6ModsWtBph2rE6zCTVxvZt,0aMqt2uGLuHj4eI8oXgVzN,5O8cudluftNZ6PCwRzvYxo,0veZkZPeWoJQ9gt6VAXlkN","RBD,Anahí,Dulce María,Maite Perroni,Christian Chávez,Christopher von Uckermann,Alfonso Herrera",63,False,211466,0.605,0.88,-3.747,0.14,0.263,0.0,0.2,0.908,176.028,1
5dl8x4xLEzZC0f927WBTUG,High Hopes (feat. Omar Apollo),"3MZsBdqDrRTJihTHQrO6Dq,5FxD8fkQZ6KcsSYupDVoSO","Joji,Omar Apollo",63,True,182400,0.719,0.369,-9.12,0.193,0.472,0.0572,0.102,0.364,150.076,1
5T6mY3sQbvVfLnertXdoST,Cogulândia,5nP8x4uEFjAAmDzwOEc9b8,Matuê,63,True,120000,0.88,0.52,-5.98,0.0547,0.154,0.0,0.131,0.812,129.955,0
1vYh9x8UmFTLbXiizk9Qc5,I Believe,7gOdHgIoIKoe4i9Tta6qdD,Jonas Brothers,63,False,217533,0.749,0.774,-6.221,0.12,0.0857,1.14e-05,0.11,0.35,99.019,0
6Ju28M6P8Y8sLjBgWjyUUD,Hunger,1moxjboGR7GNWYIMWsRjgG,Florence + The Machine,63,False,214666,0.729,0.675,-5.62,0.0415,0.53,0.0,0.0985,0.332,116.016,0
3RD0PGolM0mETGHaprwgMn,Culpables,0tmwSHipWxN12fsoLcFU3B,Manuel Turizo,63,False,233929,0.573,0.31,-11.134,0.296,0.94,5.65e-06,0.198,0.764,177.601,0
77Xwqkw7VrV8E5FCq9JhO8,Dolly (with Lil Uzi Vert),"4Ga1P7PMIsmqEZqhYZQgDo,4O15NlyKLIASxsJ0PrXPfz","Lil Tecca,Lil Uzi Vert",63,True,179813,0.664,0.586,-7.813,0.238,0.212,0.0,0.216,0.589,88.502,1
15RRpHBNzv0gvjIry4jyOs,22 settembre,3hN3iJMbbBmqBSAMx5veDa,Ultimo,63,False,230693,0.46,0.488,-6.225,0.0369,0.175,0.0,0.0869,0.341,146.82,0
0sPTfDSZgE3KvcvqaKPtEx,Tanta Falta,6w9ToX5slZ4uIdmD17hJ3c,Bryant Myers,63,False,181093,0.856,0.728,-3.497,0.0916,0.135,1e-06,0.2,0.797,89.999,0
39IsH7B5byx8NRlEKlZVg9,Pretty Girl - Cheat Codes X CADE Remix,"0uGk2czvcpWQA383Im6ajf,0CEK8AzyeD5ZUdUloB6yQV,7DMveApC7UnC2NPfPvlHSU","Maggie Lindemann,CADE,Cheat Codes",63,True,193613,0.703,0.868,-4.661,0.0291,0.15,0.132,0.104,0.733,121.03,1
6tarvNiKnEjYMj1VZhlDqR,66,"6icQOAFXDZKsumw3YXyusw,6Xgp2XMz1fhVYe7i6yNAax","Lil Yachty,Trippie Redd",63,True,153474,0.667,0.723,-4.31,0.27,0.0455,0.000193,0.213,0.251,148.058,1
5woaU1FNkqCwg6WzWiQPW5,"Tap In (feat. Post Malone, DaBaby & Jack Harlow)","6cK3NBO6uP7hh0oyuVELFl,246dkjvS1zLTtiykXe5h60,4r63FhuTkUYltbVAg5TQnk,2LIk90788K0zvyj2JJVwkJ","Saweetie,Post Malone,DaBaby,Jack Harlow",63,True,253568,0.948,0.63,-7.011,0.219,0.00647,2.02e-05,0.0737,0.425,100.032,1
3FDrI0FLKzrYQiWxPhqV2W,Rollin (feat. Future & Khalid),"7CajNmpbOovFoOoasH2HaY,1RyvyyTE3xzB2ZywiAwp0i,6LuN9FCkKOj5PcnpouEgny","Calvin Harris,Future,Khalid",63,True,272666,0.754,0.762,-4.486,0.0849,0.45,6.67e-05,0.224,0.673,92.002,1
2uFaJJtFpPDc5Pa95XzTvg,Let It Snow! Let It Snow! Let It Snow!,49e4v89VmlDcFCMyDv9wQ9,Dean Martin,63,False,117146,0.451,0.24,-14.014,0.0351,0.912,2.45e-06,0.175,0.701,134.009,0
7u6DMPznGbpziuEgCE0JGQ,get well soon,66CXWjxzNUsdJxJ2JdwvnR,Ariana Grande,63,True,322026,0.604,0.449,-6.564,0.0353,0.657,0.0,0.0932,0.528,100.355,0
5GG3knKdxKWrNboRijxeKF,Run Me Dry,2EMAnMvWE2eb56ToJVfCWs,Bryson Tiller,63,True,169266,0.646,0.756,-9.017,0.488,0.393,3e-05,0.202,0.602,193.88,0
6DB2KOEwHnjkgEnBt5SdeJ,Mask Off (feat. Kendrick Lamar) - Remix,"1RyvyyTE3xzB2ZywiAwp0i,2YZyLoL8N0Wb9xBt1NhZWg","Future,Kendrick Lamar",63,True,257986,0.727,0.431,-12.007,0.395,0.0111,0.0166,0.506,0.223,150.005,1
4E6RdcCWMiHTu7zy1VTNDo,Todo Mundo Vai Sofrer - Ao Vivo,1yR65psqiazQpeM79CcGh8,Marília Mendonça,63,False,154661,0.621,0.743,-3.864,0.0738,0.281,0.0,0.411,0.581,111.454,0
3NgCzSW98SsqBdpYcnm4kv,I Have Questions,4nDoRrQiYLoBzwC5BhVJzF,Camila Cabello,63,False,221881,0.393,0.555,-6.096,0.276,0.405,0.0,0.105,0.22,167.999,0
4dAMdQ6g4kGmnc1MDHsg77,Shotta Flow,0ErzCpIMyLcjPiwT4elrtZ,NLE Choppa,63,True,160013,0.888,0.43,-6.728,0.588,0.0786,1.58e-06,0.132,0.45,120.088,0
27oVCAziETRbNuo5A8LNpg,"Solo Dolo, Pt. III",0fA0VVWsXO9YnASrzqfmYu,Kid Cudi,63,True,242266,0.589,0.727,-6.907,0.0866,0.239,0.0277,0.164,0.52,152.058,0
6myUpr3GDR80Dg3zqNTmmG,Another Day,0fA0VVWsXO9YnASrzqfmYu,Kid Cudi,63,True,199786,0.646,0.758,-7.75,0.0708,0.556,0.00316,0.335,0.0642,172.995,0
4Nip6oiJU24LqcUEi7u19S,"Standard (feat. Trettmann, Gringo, Ufo361 & Gzuz)","5tHiL8SKSaZGMBUPIiSmX4,53EHeXzGs4HheTCTnwfPEr,6QzzeKV0VcnT2vJMYDPuL4,5eioJDe26lOqkAMbuhzZYs,29cNzWXrkNaGVL74hZK0jU,5pVRwX5ZQR7hfJ18w8ZYkl","KitschKrieg,SFR,Trettmann,Gzuz,Gringo,Ufo361",63,True,195186,0.825,0.76,-6.591,0.188,0.144,0.0,0.155,0.876,89.003,1
5G6Gt9RtNaeIE418pd4yre,Smithereens,3YQKmKGau1PzlVlkL1iodx,Twenty One Pilots,63,False,177040,0.764,0.548,-7.627,0.14,0.296,1.01e-05,0.0769,0.519,151.02,0
3Uq45ipGutypFPmETfaoaH,Gaiola É o Troco,"6v4PBIzRAGaLp43LVureQc,3tkq9ZnBaejLPLRpg8kGET","MC Du Black,DJ 2F",63,True,187245,0.722,0.84,-3.24,0.0785,0.42,0.0,0.112,0.851,150.108,1
4PdJSsESm34djLfBde9Pr2,Would I Lie to You - Radio Edit,"1Cs0zKBU1kc0i8ypK3B9ai,4Wjf8diP59VmPG7fi4y724,2qSEpijpT3YSXgxcXac1ly","David Guetta,Cedric Gervais,Chris Willis",63,False,197647,0.671,0.826,-5.766,0.309,0.00718,0.0,0.631,0.774,123.986,1
6aH3QgooXRmx8k8jzrSm3V,A l'ammoniaque,3NH8t45zOTqzlZgBvZRjvB,PNL,63,True,316545,0.583,0.381,-10.033,0.0429,0.416,0.000226,0.0958,0.153,127.667,0
0mb3uDw5vfFUcZfJYFOMRu,Gifted (feat. Roddy Ricch),"0huGjMyP507tBCARyzSkrv,757aE44tKEUQEqRuT6GnEB","Cordae,Roddy Ricch",63,True,168477,0.653,0.603,-5.697,0.171,0.175,0.0,0.18,0.551,151.016,1
24MWSatP5sTylISvJONhnB,Falling For You with Justin Bieber,"0xOeVMOz2fVg5BJY3N6akT,1uNFoZAHBGtllmzznpCI3s","Jaden,Justin Bieber",63,False,222717,0.69,0.541,-9.259,0.042,0.721,4.64e-05,0.112,0.787,130.024,1
6xtQ23d8GEXgcxyUKPtwc5,Runaway,6XyY86QOPPrYVGvF9ch6wz,Linkin Park,63,False,183973,0.636,0.884,-4.743,0.0584,0.0142,0.0,0.253,0.446,109.16,0
6cAKeFFYW2aClZSUyvqAEW,It's Gotta Be You,5lXfVoQxVgC5fpjkVqvNYn,Isaiah Firebrace,63,False,193446,0.422,0.745,-4.632,0.0378,0.221,0.0,0.0981,0.588,95.487,0
5gNOINI5dXZVom2b36LMOd,PICK UP (feat. Quavo),"4r63FhuTkUYltbVAg5TQnk,0VRj0yCOv2FXJNP47XQnx5","DaBaby,Quavo",63,True,118546,0.915,0.612,-4.535,0.407,0.0944,0.0,0.115,0.758,129.93,1
3NeiYiBn3rQBgurfVk92Zm,Humility (feat. George Benson),"3AA28KZvwAUcZuOKwyblJQ,4N8BwYTEC6XqykGvXXlmfv","Gorillaz,George Benson",63,False,197933,0.632,0.807,-5.893,0.126,0.144,0.0211,0.125,0.784,160.174,1
2C0KFbb4v9CNWR5c9jWcKC,Andromeda (feat. DRAM),3AA28KZvwAUcZuOKwyblJQ,Gorillaz,63,False,197546,0.788,0.472,-9.021,0.0475,0.003,0.0322,0.59,0.257,130.084,0
7sKbyYeJnITO1Eh9xd0lKd,Replay,1HY2Jd0NmPuamShAr6KMms,Lady Gaga,63,False,186653,0.658,0.878,-3.875,0.123,0.00792,0.0,0.944,0.683,122.015,0
1cEUi8QulMj1xgrPwwGC2p,Tone Deaf,7dGJo4pcD2V6oG8kP0tJRR,Eminem,63,True,290136,0.906,0.742,-4.855,0.11,0.107,0.00757,0.0743,0.618,120.018,0
41A89rj3GoMG6ktN37L7PG,Alice,1HY2Jd0NmPuamShAr6KMms,Lady Gaga,63,False,177600,0.723,0.88,-4.287,0.038,0.00334,0.0179,0.0632,0.323,123.036,0
1lO9CZo6eDrOy0S7khgryG,No Regrets (feat. Don Toliver),"7dGJo4pcD2V6oG8kP0tJRR,4Gso3d4CscCijv0lmajZWs","Eminem,Don Toliver",63,True,200946,0.756,0.747,-5.407,0.046,0.0048,0.00536,0.588,0.0687,134.935,1
3ko9jEHNt4O5fjKN65ULJp,shut up,66CXWjxzNUsdJxJ2JdwvnR,Ariana Grande,63,True,157710,0.499,0.462,-5.308,0.0312,0.801,0.0,0.0946,0.599,127.698,0
5hslUAKq9I9CG2bAulFkHN,It's the Most Wonderful Time of the Year,4sj6D0zlMOl25nprDJBiU9,Andy Williams,63,False,151933,0.24,0.598,-8.435,0.0369,0.766,0.0,0.117,0.776,201.629,0
57p8CBvPOxrvyCbn6ttl5r,Would You Ever,"5he5w2lnU9x7JFhnwcekXX,3JXpwnHbLvXxY99EuXqFPX","Skrillex,Poo Bear",63,False,234285,0.653,0.91,-3.36,0.0566,0.0079,0.0,0.318,0.0921,126.047,1
4NN6N5TxBO5k9uqu0W4gfQ,Floating (feat. 21 Savage),"5IcR3N7QB1j6KBL8eImZ8m,1URnnhqYAYcrqrcwql10ft","ScHoolboy Q,21 Savage",63,True,186826,0.906,0.545,-4.977,0.344,0.181,0.0,0.091,0.543,139.932,1
7eYAHC0RbBF9eaqWzT34Aq,Desires (with Future),"3TVXtAsR1Inumwj472S9r4,1RyvyyTE3xzB2ZywiAwp0i","Drake,Future",63,True,237945,0.812,0.506,-7.706,0.116,0.281,0.0,0.325,0.554,145.074,1
05aZ9sAU1YXndHv0FMi9iW,Demons (feat. Fivio Foreign & Sosa Geek),"3TVXtAsR1Inumwj472S9r4,14CHVeJGrR5xgUGQFV5BVM,2UyyBkpzN5w3hzZBZGvRZb","Drake,Fivio Foreign,Sosa Geek",63,True,204805,0.543,0.766,-3.387,0.343,0.423,0.0,0.155,0.729,106.869,1
4YhJ3a6kBPGJWX4Ek77sDd,TOP FLOOR (feat. Travis Scott),"2hlmm7s2ICUX0LVIhVFlZQ,0Y5tJX1MQlPlqiwlOH1tJY","Gunna,Travis Scott",63,True,169906,0.823,0.504,-8.65,0.16,0.206,0.0,0.417,0.481,112.985,1
1I55Ea0zVoSKs6MqW7DQ3i,War,3TVXtAsR1Inumwj472S9r4,Drake,63,True,180000,0.749,0.792,-4.151,0.0826,0.292,0.0,0.109,0.239,144.064,0
0YkUwXxnTkeJBvt5upeEtP,From Florida With Love,3TVXtAsR1Inumwj472S9r4,Drake,63,True,234782,0.787,0.477,-7.837,0.199,0.768,0.0,0.104,0.476,80.506,0
3WfSNAoj2D8C9noPSGZZFM,Complicated,4LLpKhyESsyAXpc4laK94U,Mac Miller,63,False,232211,0.831,0.36,-8.073,0.052,0.136,0.00217,0.0703,0.601,75.014,0
2fkeWbM6iqTw7oGHTYm2lw,4422,"3TVXtAsR1Inumwj472S9r4,2WoVwexZuODvclzULjPQtm","Drake,Sampha",63,False,186293,0.609,0.229,-12.36,0.0333,0.558,0.0413,0.113,0.19,111.887,1
1zaDh3qaGSeSmulNyWlUxm,SI ELLA SALE,4q3ewBCX7sLwd24euuV69X,Bad Bunny,63,False,143240,0.869,0.727,-7.397,0.123,0.0589,0.00991,0.107,0.92,147.967,0
3TRFq09DUgYj1mug6RRqJW,Lot to Learn,787bCXOIvGeBw0Bc4kEjhD,Luke Christopher,63,True,248337,0.405,0.846,-3.57,0.195,0.0948,0.0,0.0666,0.602,82.232,0
2H1liABu20HXBOmbt5SQz1,Ciumeira - Ao Vivo,1yR65psqiazQpeM79CcGh8,Marília Mendonça,63,False,190083,0.741,0.813,-4.83,0.0452,0.204,0.0,0.797,0.765,123.842,0
4WzsycqZkpkS48H9AAAGux,Bipolar,"0qTZZWLzuD59Un5r1speHm,1i8SpTcr7yvPOmcqrbnVXY,00XhexlJEXQstHimpZN910","Chris Jedi,Ozuna,Brytiago",63,False,220080,0.8,0.693,-5.72,0.0499,0.324,0.0,0.123,0.424,152.081,1
7tGEAA1f8MydT7eVbbO9Zy,WHEN I WAS OLDER - Music Inspired By The Film ROMA,6qqNVTkY8uBg9cP3Jd7DAH,Billie Eilish,63,False,270519,0.696,0.332,-12.834,0.0425,0.853,0.433,0.0848,0.0628,150.13,0
5Jq958VQwRyQFujau4TMKD,No Drama,"4obzFoKoKRHIphyHzJ35G3,1i8SpTcr7yvPOmcqrbnVXY","Becky G,Ozuna",63,False,204827,0.708,0.815,-4.164,0.0692,0.166,0.0,0.523,0.855,174.024,1
5p10VwQ8LRoyTc8LFrvPw6,Outro: Tear,3Nrfpe0tUJi4K4DXYWgMUX,BTS,63,False,284980,0.711,0.903,-2.723,0.247,0.327,0.0,0.0887,0.467,140.015,0
06Vthiq8nNDuT5nOcch535,Sincerity Is Scary,3mIj9lX2MWuHmhNCA7LSCW,The 1975,63,False,225955,0.664,0.524,-5.178,0.0283,0.0495,8.18e-06,0.075,0.475,91.027,0
794QVQtFNy7hvtjQP1keQd,1942 (feat. Yo Gotti & YBN Nahmir),"02kJSzxNuaWGqwubyUba0Z,6Ha4aES39QiVjR0L2lwuwq,3gGUMEwIX6XodWsYEvKSal","G-Eazy,Yo Gotti,YBN Nahmir",63,True,213080,0.817,0.646,-5.12,0.249,0.0152,0.0,0.125,0.835,162.898,1
0zCfmceT1YvtZXGbR6Roht,Another Day Of Sun,6T70tWxqyIpdVbsFvPzqM3,La La Land Cast,63,False,228173,0.584,0.752,-6.689,0.058,0.018,3.73e-06,0.647,0.791,125.797,0
4KX8vXbouybtUptEyYxtIk,MoshPit (feat. Juice WRLD),"46SHBwWsqBkxI7EeeBEQG7,4MCBfE4596Uoi2O4DtmEMz","Kodak Black,Juice WRLD",63,True,164038,0.769,0.627,-4.064,0.262,0.394,0.0,0.106,0.49,157.938,1
5zZw8cn8WKoplKaeMPSvwi,The Good Side,3WGpXCj9YhhfX11TToZcXP,Troye Sivan,63,False,268597,0.424,0.259,-16.509,0.0531,0.418,0.00247,0.354,0.316,165.755,0
2XlHu0HcujBCkWMdIAvrqt,Blem,3TVXtAsR1Inumwj472S9r4,Drake,63,False,216557,0.726,0.535,-7.804,0.0476,0.0533,1.38e-05,0.0984,0.375,98.067,0
27gUeiai56GKF6TxvmPJut,Don't Stay,6XyY86QOPPrYVGvF9ch6wz,Linkin Park,63,False,187933,0.488,0.995,-3.096,0.108,0.00153,0.0,0.911,0.679,90.058,0
74n5d5M21JnC4WJ6gdkggK,Propaganda - Ao Vivo,1elUiq4X7pxej6FRlrEzjM,Jorge & Mateus,63,False,141934,0.614,0.782,-4.603,0.0605,0.381,0.0,0.399,0.77,167.95,0
0KBwGCY9RYD9t2zjeW4h48,Djomb - Bien ou quoi,6Mm2g25BTeJ6BICPFWGkPg,Bosh,63,True,141893,0.945,0.676,-6.6,0.207,0.172,0.00036,0.322,0.631,123.109,0
4paAidoE8VAemwU4jgCc6l,all my friends,1URnnhqYAYcrqrcwql10ft,21 Savage,63,True,211785,0.713,0.62,-4.513,0.0422,0.171,1.16e-06,0.118,0.206,130.09,0
2mDYYGaGd9uXKkK2YhDA3i,Brooklyn Bridge To Chorus,0epOFNiUfyON9EYx7Tpr6V,The Strokes,63,False,235946,0.628,0.571,-3.897,0.0628,0.00602,9.21e-05,0.0833,0.467,119.899,0
5kXDF4OmM5COyeo6z97nEk,Harmony Hall,5BvJzeQpmsdsFp4HGUYUEx,Vampire Weekend,63,False,308733,0.653,0.76,-6.086,0.0479,0.475,0.000129,0.0917,0.6,98.008,0
3FQCJI2t5LTbsRPfYVBSVB,Battle Symphony,6XyY86QOPPrYVGvF9ch6wz,Linkin Park,63,False,216281,0.653,0.839,-5.077,0.0685,0.0369,0.0,0.068,0.669,149.034,0
2isSdmQfVv32j2haL6hk9x,Intro : Persona,3Nrfpe0tUJi4K4DXYWgMUX,BTS,63,False,171023,0.469,0.87,-4.475,0.342,0.0278,0.0,0.313,0.652,86.622,0
1SSzM044DUbVpYNNHWIhYJ,Vermissen (feat. Henning May),"4sg4no0TXdsrM1s4SVUwNF,1cH0i2n6YLrWFDDemqztay","Juju,Henning May",63,True,161882,0.718,0.667,-5.008,0.0551,0.169,0.0,0.0674,0.48,89.029,1
42P3wMiPfXQM93TYZotuPQ,De Menina pra Mulher - Ao Vivo,7MiDcPa6UiV3In7lIM71IN,Gusttavo Lima,63,False,208383,0.83,0.92,-2.303,0.0352,0.118,2.12e-06,0.234,0.967,121.982,0
6IRzBP4gVoV4D2zHmocoWy,Eternal Summer,0epOFNiUfyON9EYx7Tpr6V,The Strokes,63,False,375320,0.617,0.78,-4.466,0.0376,0.0141,0.0112,0.0833,0.326,93.951,0
3qIV7Rnj3ZxLs2JcLPUbFV,Kick It,7jVv8c5Fj3E9VhNjxT4snq,Lil Nas X,62,True,141986,0.739,0.484,-9.646,0.226,0.138,0.0,0.131,0.523,151.878,0
4pCEIQ6wBVuaJdER5bALtO,That's a Rack,4O15NlyKLIASxsJ0PrXPfz,Lil Uzi Vert,62,True,236571,0.852,0.432,-8.04,0.501,0.0599,0.0,0.146,0.258,140.042,0
0n2nEtLP3OzDdi12ziIekx,SOS,"1vCWHaC5f2uS3yhpwWbIA6,0id62QV2SZZfvBn9xpmuCl","Avicii,Aloe Blacc",62,False,157202,0.802,0.645,-6.181,0.0715,0.272,0.0,0.119,0.376,100.001,1
6tUgfsOa8PLkoede5nOR7D,Lemon,"5wPoxI5si3eJsYYwyXV4Wi,5pKCCKE2ajJHZ9KAiaK11H,2RdwBSPQiwcmiDo9kixcl8","N.E.R.D,Rihanna,Pharrell Williams",62,True,219706,0.919,0.73,-6.581,0.088,0.00194,8.51e-05,0.101,0.189,95.044,1
5s8LepdwU0THzpd0M7nLsa,Te Soñé de Nuevo,1i8SpTcr7yvPOmcqrbnVXY,Ozuna,62,False,198186,0.772,0.683,-2.867,0.107,0.0533,0.0,0.0936,0.773,168.04,0
2riK2ngTJvk4gk71b3Hem4,KEKE,"7gZfnEnfiaHzxARJ2LeXrf,6PXS4YHDkKvl1wkIl4V8DL,31W5EY0aAly4Qieq6OFu6I","6ix9ine,Fetty Wap,A Boogie Wit da Hoodie",62,True,151914,0.595,0.854,-5.739,0.287,0.0358,0.0,0.404,0.449,187.806,1
7Dj2wqPYXfSRFwa6qyOztr,In Too Deep,7dGJo4pcD2V6oG8kP0tJRR,Eminem,62,True,194706,0.72,0.767,-5.839,0.214,0.0387,0.0,0.202,0.595,88.966,0
70sKIAQgaVN2zWEEyOpyMZ,All Night (BTS World Original Soundtrack) [Pt. 3],"3Nrfpe0tUJi4K4DXYWgMUX,4MCBfE4596Uoi2O4DtmEMz","BTS,Juice WRLD",62,False,216873,0.725,0.706,-4.766,0.121,0.193,0.0,0.109,0.667,120.042,1
26G5nmIx7Yvq79bIIluyZV,Once A Day,4LLpKhyESsyAXpc4laK94U,Mac Miller,62,False,160266,0.762,0.054,-16.735,0.0503,0.947,0.0,0.124,0.339,96.838,0
2xE16muNCmhZwSOv3i1d1H,Mood Swings,31W5EY0aAly4Qieq6OFu6I,A Boogie Wit da Hoodie,62,True,156960,0.941,0.676,-5.54,0.0936,0.211,4.64e-06,0.0986,0.93,120.073,0
3OTSBoYKO7HzGVj8Bu2OH9,All the Time,1Xylc3o4UrD53lo9CvFvVg,Zara Larsson,62,False,228111,0.665,0.799,-2.868,0.0617,0.18,0.0,0.125,0.5,101.976,0
1V7JaMp11LKGwKiVmSetf0,Baby,"325L7kby6bkG5qSXXAFEWM,09agIJMxCD2k87ys9Al0f0","Joker Bra,VIZE",62,False,148125,0.771,0.921,-4.228,0.109,0.166,0.000211,0.119,0.56,128.021,1
6Ks1e4WEUeOGgnTGZ4IMXo,Kick It,41MozSoPIsD1dJM0CLPjZF,BLACKPINK,62,False,191225,0.765,0.787,-3.647,0.0445,0.0156,0.0,0.0736,0.381,124.949,0
0sPJELXHyWpFgkxlzvvRFI,Hard 2 Face Reality,"3JXpwnHbLvXxY99EuXqFPX,1uNFoZAHBGtllmzznpCI3s,0TkqXdyWLsssJH7okthMPQ","Poo Bear,Justin Bieber,Jay Electronica",62,False,196569,0.625,0.626,-5.281,0.0293,0.22,0.0,0.228,0.282,142.043,1
1OuN92HcVG6NVpWbeESNB3,Everybody,4LLpKhyESsyAXpc4laK94U,Mac Miller,62,False,256506,0.875,0.599,-9.077,0.138,0.0333,0.0143,0.113,0.112,152.061,0
34d7sGX6WUqq8f04e7CSNF,Marsh,7dGJo4pcD2V6oG8kP0tJRR,Eminem,62,True,200573,0.871,0.493,-6.356,0.205,0.0134,0.000241,0.385,0.0495,144.989,0
6kOHug1s9Nd5gsHrX8irs2,"Mi Mala (feat. Becky G, Leslie Grace & Lali) - Remix","2wkoKEfS6dXwThbyTnZWFU,790FomKkXshlbRYZFtlgla,4obzFoKoKRHIphyHzJ35G3,6BeO1KuAWBqFriL1mLHtNc,22P1OY4TRFRwhP0q29loQ8","Mau y Ricky,KAROL G,Becky G,Leslie Grace,Lali",62,False,255091,0.735,0.652,-4.426,0.236,0.0189,0.0,0.15,0.776,171.98,1
521Os1SMlxmsoevsqyjNmJ,Changes,1uNFoZAHBGtllmzznpCI3s,Justin Bieber,62,False,135493,0.485,0.412,-7.766,0.042,0.738,0.0,0.12,0.612,64.062,0
2qRN7PWiHRLprw4FpDeI9N,Nothing On You (feat. Paulo Londra & Dave),"6eUKZXaKkcviH0Ku9w2n3V,3vQ0GE3mI0dAaxIMYe5g7z,6Ip8FS7vWT1uKkJSweANQK","Ed Sheeran,Paulo Londra,Dave",62,False,200733,0.747,0.649,-6.218,0.218,0.333,0.0,0.172,0.84,88.011,1
2nKYHpmwjLaEOXS3o7QMiz,Baby,"6i392l38cR3uBPF0DbNs7S,5f7VJjfbwm532GiveGC0ZK,4r63FhuTkUYltbVAg5TQnk","Quality Control,Lil Baby,DaBaby",62,True,142417,0.97,0.463,-7.259,0.366,0.0957,0.0,0.151,0.46,108.003,1
2nNGV59DJJwk7D5ImGf6uc,Donuts,5eioJDe26lOqkAMbuhzZYs,Gzuz,62,True,162937,0.782,0.712,-7.377,0.233,0.0919,9.33e-05,0.0818,0.572,141.021,0
3o1CUVeHIid49sabk6A6Nf,Forever Yours - Avicii Tribute,"23fqKkggKUBHNkbKtXEls4,1vCWHaC5f2uS3yhpwWbIA6,5JYo7gm2dkyLLlWHjxS7Dy","Kygo,Avicii,Sandro Cavazza",62,False,193846,0.529,0.612,-8.794,0.052,0.253,0.0,0.246,0.434,119.272,1
6pK5edDoyrn4mWwRSVc2a5,Amor Genuino,1i8SpTcr7yvPOmcqrbnVXY,Ozuna,62,False,178160,0.442,0.445,-4.071,0.0381,0.653,0.0,0.118,0.423,85.744,0
2plUcsOZm6pi1kFUncqLni,Wheels on the Bus,63yrD80RY3RNEM2YDpUpO8,Melanie Martinez,62,True,220896,0.708,0.618,-6.315,0.039,0.592,2.21e-06,0.399,0.563,95.947,0
6hzi3AGB39FjxFqcjgbWs7,Deux frères,3NH8t45zOTqzlZgBvZRjvB,PNL,62,True,247459,0.794,0.659,-7.063,0.0498,0.143,0.00224,0.0944,0.308,112.019,0
7aBxcRw77817BrkdPChAGY,Freedom (feat. Kendrick Lamar),"6vWDO969PvNqNYHIOW5v0m,2YZyLoL8N0Wb9xBt1NhZWg","Beyoncé,Kendrick Lamar",62,False,289760,0.437,0.803,-6.412,0.305,0.0376,0.0,0.683,0.406,84.378,1
39xWBHPM4E9MwzEy5gbM7p,Last Time That I Checc'd (feat. YG),"0EeQBlQJFiAfJeVN2vT9s0,0A0FS04o6zMoto8OKPsDwY","Nipsey Hussle,YG",62,True,225573,0.711,0.746,-4.224,0.253,0.0289,0.0,0.371,0.279,96.024,1
6EbduYTr62sSzvl36wWiFM,BLOW (with Chris Stapleton & Bruno Mars),"6eUKZXaKkcviH0Ku9w2n3V,4YLtscXsxbVgi031ovDDdh,0du5cEVh5yTK9QJze8zA0C","Ed Sheeran,Chris Stapleton,Bruno Mars",62,False,209120,0.631,0.796,-5.35,0.0401,0.000245,0.0115,0.38,0.596,92.469,1
4ceMuukXWzAQRYRYXalJMS,Motorcycle Patches,"6extd4B6hl8VTmnlhpl2bY,0Y5tJX1MQlPlqiwlOH1tJY,0VRj0yCOv2FXJNP47XQnx5","Huncho Jack,Travis Scott,Quavo",62,True,191409,0.893,0.662,-5.03,0.0971,0.0171,0.0,0.105,0.446,81.524,1
0BnTBAGmr9FtYwkZrwKhwS,Just Us (feat. SZA),"0QHgL1lAIqAw0HtD7YldmP,7tYKF4w9nC0nq9CsPZTHyP","DJ Khaled,SZA",62,True,221378,0.639,0.859,-2.758,0.147,0.135,0.0,0.129,0.566,93.132,1
3vUc9WQpoca15404jNdzf9,Changes,5JZ7CnR6gTvEMKX4g70Amv,Lauv,62,False,160186,0.532,0.455,-8.366,0.156,0.452,0.0,0.237,0.204,148.182,0
3fsH9s00dbn9mSgUu7Yi9D,Bring U Down,7jVv8c5Fj3E9VhNjxT4snq,Lil Nas X,62,False,131706,0.676,0.511,-6.83,0.0449,0.0759,0.0,0.113,0.482,120.05,0
7DsX5K72fewVGb47qj7Tbg,Pray,2wY79sveU1sp5g7SokKOiI,Sam Smith,62,True,221595,0.535,0.382,-9.465,0.0426,0.282,1.14e-05,0.0865,0.147,87.801,0
7jzldCBnJjpJM3epzJ85KE,Tongue Tied (with YUNGBLUD & blackbear),"64KEffDW9EtZ1y2vBYgq8T,6Ad91Jof8Niiw0lGLLi3NW,2cFrymmkijnjDg9SS92EPM","Marshmello,YUNGBLUD,blackbear",62,True,186024,0.628,0.821,-2.721,0.0525,0.0208,0.0,0.426,0.465,93.001,1
7thTA3hqO2MgOlzo0rPInX,Color Blind,"5fMUXHkw8R8eOP2RNVYEZX,3EXdLajEO02ziZ90P90bSW","Diplo,Lil Xan",62,False,177480,0.469,0.786,-5.396,0.186,0.0126,3.76e-05,0.503,0.409,87.023,1
694vvR5o19xHPhhJ5QdLN7,NO HALO,1Bl6wpkWCQ4KVgnASpvzzA,BROCKHAMPTON,62,True,259746,0.643,0.573,-7.034,0.0709,0.41,0.00017,0.0695,0.47,165.192,0
0bhnUFDQFCEHCBlsQfHnj5,Photograph,6l3HvQ5sa6mXTsMTB19rO5,J. Cole,62,True,218953,0.691,0.487,-6.416,0.268,0.0299,0.0,0.0868,0.358,104.98,0
3dWpRjCmaHbroNahuSeX11,Rebota - Remix,"0BqURncJM5B1BBu7UM51eq,1SupJlEpv7RS2tPNRaHViT,329e4yvIujISKGKz1BZZbO,4obzFoKoKRHIphyHzJ35G3,77ziqFxp5gaInVrF2lj4ht","Guaynaa,Nicky Jam,Farruko,Becky G,Sech",62,True,262000,0.885,0.857,-2.279,0.204,0.205,0.0,0.671,0.818,90.025,1
6Oq4fiDzKaFMU89dTvM24u,Audacity (feat. Headie One),"2SrSdSvpminqmStGELCSNd,6UCQYrcJ6wab6gnQ89OJFh","Stormzy,Headie One",62,True,245920,0.678,0.516,-4.601,0.444,0.0523,0.0,0.13,0.11,133.939,1
4TnFANpjVwVKWzkxNzIyFH,Ne reviens pas,"2tcoLkA9Hexz70Kuc1NTUl,3YwqjMyrRfuixi2pbgTGCE","Gradur,Heuss L'enfoiré",62,True,188613,0.932,0.778,-3.384,0.0638,0.212,0.0,0.168,0.933,124.996,1
5A1w94uzc1kO1Zhe8WWxC3,Right Back,6LuN9FCkKOj5PcnpouEgny,Khalid,62,False,215226,0.788,0.427,-9.918,0.308,0.0659,3.63e-05,0.171,0.603,97.03,0
5yfE6GXTuJaAlepKoE0wJE,Ringo Starr,6RdcIWVKYYzNzjQRd3oyHS,Pinguini Tattici Nucleari,62,False,183333,0.754,0.925,-2.912,0.0512,0.304,0.0,0.313,0.857,114.077,0
3pf6HWXtEalIWoZcPTFbc6,The Ways (with Swae Lee),"6LuN9FCkKOj5PcnpouEgny,1zNqQNIdeOUZHb8zbZRFMX","Khalid,Swae Lee",62,True,238893,0.728,0.706,-5.881,0.0511,0.0651,0.0,0.148,0.589,140.044,1
6ztvsy3C6hPjVg9j4x1XKJ,Tip Toe (feat. A Boogie Wit da Hoodie),"757aE44tKEUQEqRuT6GnEB,31W5EY0aAly4Qieq6OFu6I","Roddy Ricch,A Boogie Wit da Hoodie",62,True,185806,0.757,0.673,-8.513,0.141,0.095,0.0,0.338,0.574,92.958,1
4n4BflhWjCHIxrI4v7Xt9s,How Bout Now,3TVXtAsR1Inumwj472S9r4,Drake,62,True,235566,0.789,0.404,-8.364,0.23,0.205,0.0,0.219,0.472,122.062,0
5TRaIECBIfSkeqkKoG6psm,Dubai Shit,"6extd4B6hl8VTmnlhpl2bY,0Y5tJX1MQlPlqiwlOH1tJY,0VRj0yCOv2FXJNP47XQnx5,4DdkRBBYG6Yk9Ka8tdJ9BW","Huncho Jack,Travis Scott,Quavo,Offset",62,True,228431,0.768,0.535,-4.489,0.0534,0.0569,0.0,0.0902,0.239,138.086,1
0VtxQUpwnkeedz0QhhuOgA,GUMMO,7gZfnEnfiaHzxARJ2LeXrf,6ix9ine,62,True,157643,0.691,0.778,-4.957,0.134,0.0465,0.0,0.136,0.685,78.496,0
020wG4EHTwBy5h2rbpxqvK,SUPREME - L'ego (feat. tha Supreme & Sfera Ebbasta),"5AZuEF0feCXMkUCwQiQlW7,19i93sA0D7yS9dYoVNBqAA,23TFHmajVfBtlRx5MXqgoz","Marracash,tha Supreme,Sfera Ebbasta",62,True,223045,0.656,0.661,-5.888,0.0602,0.0686,0.0,0.125,0.509,140.956,1
40qyPyljksBEqlNw5sW37T,Habitual,1uNFoZAHBGtllmzznpCI3s,Justin Bieber,62,False,168200,0.764,0.443,-6.625,0.0439,0.52,1.96e-05,0.0749,0.63,138.999,0
0pxNyJJiL2zZZ5GgJ4JhsQ,6 Inch (feat. The Weeknd),"6vWDO969PvNqNYHIOW5v0m,1Xyo4u8uXC1ZmMpatF05PJ","Beyoncé,The Weeknd",62,True,260440,0.516,0.637,-8.832,0.0632,0.0433,3.89e-06,0.11,0.324,138.011,1
7ccTcabbJlCJiIqtrSSwBk,Premonition - Intro,7dGJo4pcD2V6oG8kP0tJRR,Eminem,62,True,173893,0.847,0.637,-5.193,0.367,0.0258,0.000648,0.382,0.511,165.979,0
5gIRPQWULwrvIt0F6pY7ph,Stranger Things (feat. OneRepublic),"23fqKkggKUBHNkbKtXEls4,5Pwc4xIPtQLFEnJriah9YJ","Kygo,OneRepublic",62,False,221440,0.604,0.661,-5.914,0.0375,0.234,0.0,0.0951,0.506,107.016,1
2SasoXZyv82yYgHiVOvxQn,On God,5K4W6rqBFWDnAN6FQUkS6x,Kanye West,62,False,136350,0.41,0.886,-4.413,0.155,0.0671,0.0,0.461,0.393,72.577,0
3s2Qd1rsWqbvOoxpFTRp8D,Kraazy,16Nc36xAtNyQ7BMBcDsaLv,Likybo,62,True,151578,0.689,0.701,-9.477,0.237,0.314,0.0,0.123,0.37,94.982,0
0Z26mbSHJ1dkUu7g9DDgif,Trigger,"738wLrAtLtCtFOLvQBXOXp,6LuN9FCkKOj5PcnpouEgny,4rojTfP5nRkmYpdSbWQgV4,5fMUXHkw8R8eOP2RNVYEZX","Major Lazer,Khalid,Death Stranding: Timefall,Diplo",62,False,171986,0.57,0.585,-7.041,0.251,0.128,0.000105,0.111,0.378,97.285,1
2fhePAlCSsJplwkjqMYpVm,LOVE AGAIN,"20wkVLutqVOYrc0kxFs7rA,05oH07COxkXKIMt6mIPRee","Daniel Caesar,Brandy",62,False,214277,0.553,0.441,-6.411,0.0918,0.41,2.57e-06,0.107,0.525,76.988,1
5HwnezK198pJCEj1l2Adjy,She Loves Control,4nDoRrQiYLoBzwC5BhVJzF,Camila Cabello,62,False,177160,0.65,0.758,-4.02,0.116,0.166,0.0,0.0889,0.663,94.9,0
68Vm2W4oURsPV3121vUZgB,Time - Edit,6fOMl44jA4Sp5b9PpYCkzz,NF,62,False,230610,0.665,0.703,-3.885,0.07,0.128,0.0,0.115,0.257,97.968,0
7IL3UOlcJ6nmcCMwpnlfcA,Something's Gotta Give,4nDoRrQiYLoBzwC5BhVJzF,Camila Cabello,62,False,236360,0.545,0.458,-4.6,0.0279,0.367,0.0,0.118,0.164,79.943,0
5JSVa5i6lFPoyOzK4gj0Ox,No Shame,5Rl15oVamLq7FbSb0NNBNy,5 Seconds of Summer,62,False,192736,0.576,0.815,-3.125,0.0361,0.0186,2.07e-06,0.158,0.445,90.972,0
0YdIIMb2MHuxoUudkAY9gS,Face to Face,7pbDxGE6nQSZVfiFdq9lOL,Rex Orange County,62,False,219800,0.739,0.441,-7.654,0.0604,0.598,0.0,0.176,0.442,124.081,0
2qcG0nZ6S3zZV0UrkY5nFo,Drip (feat. Migos),"4kYSro6naA4h99UJvo89HB,6oMuImdp5ZcFhWP0ESe6mG","Cardi B,Migos",62,True,262308,0.968,0.589,-7.808,0.255,0.0511,0.0,0.0731,0.268,129.993,1
65kp3OFn7JXbCvkm3m2Ui2,Two®,4O15NlyKLIASxsJ0PrXPfz,Lil Uzi Vert,62,True,185276,0.266,0.642,-5.133,0.0694,0.424,0.0,0.0943,0.0371,75.022,0
1KcOU0q9AMXV9xi4tSzzCc,Posthumous Forgiveness,5INjqkS1o8h1imAzPqGZBb,Tame Impala,62,False,366066,0.367,0.613,-5.646,0.0297,0.0508,0.00171,0.282,0.0966,153.978,0
55PZSFcKQxXH5BOOcDA6yI,The Greatest Show,20JZFwl6HVl6yg8a4H3ZqK,Panic! At The Disco,62,False,174306,0.546,0.839,-5.365,0.0784,0.00546,0.0,0.382,0.491,77.009,0
7mEUjhl6aTztdHCrxoTgBG,Wash Us In The Blood,"5K4W6rqBFWDnAN6FQUkS6x,0Y5tJX1MQlPlqiwlOH1tJY","Kanye West,Travis Scott",62,False,189827,0.67,0.847,-4.85,0.409,0.184,0.0,0.304,0.381,137.22,1
57tck8MCxkY6tcQC6VhahR,Bläulich,1qQLhymHXFPtP5U8KNKsm6,Apache 207,62,False,196229,0.796,0.687,-7.855,0.357,0.0633,0.000443,0.118,0.222,153.959,0
2Ny6TS3vPVwx5PlJXXkLUW,Groupie Love (feat. A$AP Rocky),"00FQb4jTyendYWaN8pK0wa,13ubrt8QOOCPljQ2FL1Kca","Lana Del Rey,A$AP Rocky",62,True,264037,0.353,0.592,-7.3,0.0404,0.118,2.55e-06,0.102,0.174,175.923,1
6puxHBNwu2Nmm7uD3Rd2MP,Mala Mujer,5TYxZTjIPqKM8K8NuP9woO,C. Tangana,62,False,222896,0.836,0.731,-4.572,0.133,0.238,2.19e-05,0.0698,0.473,100.974,0
3dG6tjetoR4GMmUGZUprLt,Wouldn't Leave,"5K4W6rqBFWDnAN6FQUkS6x,2HPaUgqeutzr3jx5a9WyDV","Kanye West,PARTYNEXTDOOR",62,True,205546,0.555,0.433,-8.559,0.546,0.494,0.0,0.313,0.352,164.236,1
6EuE9M1viu9gkdFSafia9o,I Thought About Killing You,5K4W6rqBFWDnAN6FQUkS6x,Kanye West,62,True,274186,0.742,0.407,-6.938,0.426,0.822,0.0,0.0541,0.39,116.064,0
1DdgqEZk4Hqfpl3drdXJun,No Mistakes,5K4W6rqBFWDnAN6FQUkS6x,Kanye West,62,True,123040,0.64,0.643,-2.442,0.0625,0.039,0.0,0.109,0.335,80.025,0
5UJshy5HDHdNEVqlJwzsQB,Versace on the Floor (Bruno Mars vs. David Guetta),"0du5cEVh5yTK9QJze8zA0C,1Cs0zKBU1kc0i8ypK3B9ai","Bruno Mars,David Guetta",62,False,228300,0.747,0.701,-4.902,0.0429,0.108,0.0,0.0712,0.589,100.012,1
3aUTkuo4ObA6QPtZSu5NBq,Reggaetón en lo Oscuro,1wZtkThiXbVNtj6hee6dz9,Wisin & Yandel,62,False,208946,0.744,0.894,-3.685,0.0769,0.0627,3.71e-06,0.108,0.729,92.018,0
4cno0k9jDEFpLAQyHNjqVx,Tócame (feat. Arcangel & De La Ghetto),"7FNnA9vBm6EKceENgCGRMb,4SsVbpTthjScTS7U2hmr1X,3EiLUeyEcA6fbRPSHkG5kb","Anitta,Arcangel,De La Ghetto",62,False,166264,0.785,0.74,-5.374,0.172,0.0205,8.28e-05,0.22,0.746,100.057,1
7c3SbTuufigBWURcICnAWy,Tints (feat. Kendrick Lamar),"3jK9MiCrA42lLAdMGUZpwa,2YZyLoL8N0Wb9xBt1NhZWg","Anderson .Paak,Kendrick Lamar",62,True,268400,0.805,0.833,-6.73,0.12,0.0859,0.0,0.0578,0.703,109.076,1
6R66bI4nkzvvNba80pWU2t,Asesina - Original mix,"00XhexlJEXQstHimpZN910,1TtXnWcUs0FCkaZDPGYHdf,4okiIReqptfBJ5UULmWycZ","Brytiago,Darell,Barloe Team",62,False,187254,0.835,0.703,-4.177,0.231,0.56,0.0,0.144,0.502,94.211,1
0D4GpOPInKiPxEfQMchu4p,Karaoke,"4mAsWDGLUIEdo6imU77WG6,2pjb5ffSoVTr5lRYQXlnPu","Boomdabash,Alessandra Amoroso",62,False,156493,0.929,0.625,-5.728,0.14,0.289,1.2e-06,0.386,0.578,122.03,1
19hh7DkfRBrpRGYfKlw7jb,Valentine,5Rl15oVamLq7FbSb0NNBNy,5 Seconds of Summer,62,False,196628,0.746,0.767,-2.907,0.0374,0.0601,1.07e-05,0.0859,0.773,94.007,0
4kQazx3VMaDKUG1IIaC94i,Cry Alone,2kCcBybjl3SAtIcwdWpUe3,Lil Peep,62,True,167106,0.637,0.856,-5.649,0.0337,0.0366,0.0308,0.0809,0.285,160.068,0
11EDhDAVDtGPoSar6ootYA,Strangers,"26VFTg2z8YR0cCuwLzESi2,3J0BpFVUc9LeOIVeN5uNhU","Halsey,Lauren Jauregui",62,False,221205,0.69,0.784,-4.724,0.056,0.01,4.08e-05,0.22,0.284,109.969,1
0lMbuWUpfTWhEmOKxppEau,Rollin (feat. Future & Khalid),"7CajNmpbOovFoOoasH2HaY,1RyvyyTE3xzB2ZywiAwp0i,6LuN9FCkKOj5PcnpouEgny,4A0TivfinfALCAMJqqjZIk","Calvin Harris,Future,Khalid,Funk Wav",62,True,272653,0.753,0.76,-4.518,0.0859,0.446,3.13e-05,0.182,0.657,91.953,1
4EjUFjzi4ErWjklOA3Aslu,Tempo,3cjEqqelV9zb4BYE3qDQ4O,EXO,62,False,224482,0.686,0.842,-4.423,0.1,0.237,0.0,0.0683,0.519,115.944,0
5iZ4hcpCgFVijq5OOjBTKZ,the light is coming (feat. Nicki Minaj),"66CXWjxzNUsdJxJ2JdwvnR,0hCNtLu0JehylgoiP8L4Gh","Ariana Grande,Nicki Minaj",62,True,228373,0.879,0.544,-5.667,0.151,0.0149,1.14e-05,0.0291,0.67,99.005,1
6O85MfGECKBqAK2MgSbCaj,Places,"1bj5GrcLom5gZFF5t949Xl,7hssUdpvtY5oiARaUDgFZ3","Martin Solveig,Ina Wroldsen",62,False,202745,0.728,0.858,-3.866,0.0457,0.264,0.000761,0.158,0.638,122.01,1
4FFC7McrnnwAWKbAqbckTP,Woodlawn,3Gm5F95VdRxW3mqCn8RPBJ,Aminé,62,True,143152,0.784,0.586,-5.148,0.057,0.159,0.0,0.183,0.824,113.973,0
6mw02h3qbWmuq2bJCRjRAe,Millionär,"2j2rh3oQh4QEUnNTDKYSJD,1aS5tqEs9ci5P9KD9tZWa6,5eioJDe26lOqkAMbuhzZYs","187 Strassenbande,Bonez MC,Gzuz",62,True,159211,0.72,0.789,-5.255,0.339,0.176,6.4e-06,0.138,0.226,93.001,1
7nAfXgeHfDO50upcOjJOaq,Talking to Myself,6XyY86QOPPrYVGvF9ch6wz,Linkin Park,62,False,231306,0.593,0.712,-6.325,0.0286,0.00184,0.0,0.128,0.473,124.013,0
0McI9sOmkpfd4E72njtU0G,Borrowed Love (feat. Swae Lee & WizKid),"0iEtIxbK0KxaSlF7G42ZOp,1zNqQNIdeOUZHb8zbZRFMX,3tVQdUvClmAT7URs9V3rsp","Metro Boomin,Swae Lee,WizKid",62,True,230240,0.52,0.594,-8.81,0.462,0.44,0.0,0.185,0.393,129.216,1
0RYXEibxMami3QuT8kn4Iz,Marmalade (feat. Lil Yachty),"3JhNCzhSMTxs9WLGJJxWOY,6icQOAFXDZKsumw3YXyusw","Macklemore,Lil Yachty",62,True,261614,0.922,0.583,-4.982,0.0753,0.0098,0.0,0.0962,0.494,136.043,1
4bTID1qPjca9WuTZGkGRKE,28,"5RmQ8k4l3HZ8JoPb4mNsML,1OY65G9NJJHsSt1lGLZU6q","Agust D,NiiHWA",62,False,133673,0.679,0.645,-7.107,0.0513,0.0897,0.0,0.121,0.349,119.934,1
4loM16743hROPC6uIJG6wM,MET GALA,2hlmm7s2ICUX0LVIhVFlZQ,Gunna,62,True,149133,0.873,0.577,-9.151,0.271,0.353,0.0,0.111,0.956,117.089,0
2f8y4CuG57UJEmkG3ujd0D,NASTY GIRL / ON CAMERA,2hlmm7s2ICUX0LVIhVFlZQ,Gunna,62,True,230600,0.598,0.472,-10.991,0.258,0.204,1.54e-05,0.108,0.522,120.08,0
7vHmfnKJMWYWzS1H3dC5VF,In My Feelings,00FQb4jTyendYWaN8pK0wa,Lana Del Rey,62,True,238718,0.551,0.677,-6.347,0.0893,0.0589,0.0566,0.112,0.293,89.961,0
2Pn76oik9rWyoBShTSNY9Q,White Mustang,00FQb4jTyendYWaN8pK0wa,Lana Del Rey,62,False,164710,0.652,0.462,-8.683,0.0487,0.428,0.00226,0.107,0.265,114.932,0
4L6ihclQPu1hqP9r3WNJjQ,Free Woman,1HY2Jd0NmPuamShAr6KMms,Lady Gaga,62,False,191466,0.731,0.927,-3.634,0.0781,0.0228,7.15e-05,0.187,0.478,119.006,0
6NfC2FKfsfzuLIF4lThw0A,Así Soy Yo,"2R21vXR83lH98kGeO99Y66,4q3ewBCX7sLwd24euuV69X","Anuel AA,Bad Bunny",62,True,226378,0.732,0.807,-3.424,0.116,0.445,0.00152,0.0975,0.724,176.026,1
6ACiYjq5Q7e6BlhZEHz7cd,Garden Shed (feat. Estelle),"4V8LLVI7PbaPR0K2TGSxFF,5T0MSzX9RC5NA6gAI6irSn","Tyler, The Creator,Estelle",62,True,223946,0.423,0.456,-8.45,0.0579,0.381,0.016,0.12,0.148,112.984,1
6BXyD6UUPizpRpA7iOi99r,In meinem Benz,"07SFzTMeYf5P8Rd32a9Zzw,1aS5tqEs9ci5P9KD9tZWa6","AK AUSSERKONTROLLE,Bonez MC",62,True,164203,0.786,0.666,-5.266,0.536,0.167,0.0,0.235,0.737,154.862,1
2FUNBaa5DwItJtYEBgAblU,monster,1URnnhqYAYcrqrcwql10ft,21 Savage,62,True,233039,0.89,0.607,-6.916,0.124,0.158,0.000228,0.118,0.224,134.022,0
33i3xxHB4YSYGYbtJrwwO8,Foreword (feat. Rex Orange County),"4V8LLVI7PbaPR0K2TGSxFF,7pbDxGE6nQSZVfiFdq9lOL","Tyler, The Creator,Rex Orange County",62,True,194080,0.734,0.671,-7.107,0.0315,0.118,0.00317,0.352,0.113,94.025,1
4Uy3kNxW2kB8AEoXljEcth,"Familia (with Anuel Aa, feat. Bantu) - Spider-Man: Into the Spider-Verse","0hCNtLu0JehylgoiP8L4Gh,2R21vXR83lH98kGeO99Y66,6tt0iYnpHERj05WATWRiom","Nicki Minaj,Anuel AA,Bantu",62,False,174893,0.766,0.881,-5.158,0.137,0.0166,2.3e-06,0.347,0.674,112.027,1
0qp8MuZNKelOGTK2HPlXBA,Kids Turned Out Fine,13ubrt8QOOCPljQ2FL1Kca,A$AP Rocky,62,True,183120,0.302,0.669,-9.404,0.238,0.275,3.58e-05,0.369,0.127,164.8,0
1orjH4IkSH9VrWmRCToKV8,Shotta Flow 5,0ErzCpIMyLcjPiwT4elrtZ,NLE Choppa,62,True,145167,0.806,0.749,-5.268,0.328,0.0838,0.0,0.0621,0.77,140.032,0
7zTx8ePYAmPFQuxP3xlXZn,Light,0jNDKefhfSbLR9sFvcPLHo,San Holo,62,False,239853,0.57,0.763,-4.137,0.0573,0.0857,2.49e-06,0.0932,0.43,150.088,0
5itzep0nGnq7hxCfFNsTIR,difference (interlude),15UsOTVnJzReFVN1VCnxy4,XXXTENTACION,62,False,76973,0.593,0.0668,-15.268,0.0722,0.949,1.31e-05,0.194,0.19,102.456,0
4axYWgXASdsCBHuwInAubT,I don’t let go,15UsOTVnJzReFVN1VCnxy4,XXXTENTACION,62,True,121630,0.797,0.293,-7.479,0.08,0.591,0.0724,0.148,0.478,80.035,0
4hXDobvUaXyDFLnmecoY0z,Dip (feat. Nicki Minaj),"5LHRHt1k9lMyONurDHEdrp,0hCNtLu0JehylgoiP8L4Gh","Tyga,Nicki Minaj",62,True,195991,0.885,0.543,-6.338,0.2,0.0311,0.0,0.154,0.43,99.026,1
4xBjsLUSjcx2h7PcRikpQp,OMG (feat. Quavo),"4nDoRrQiYLoBzwC5BhVJzF,0VRj0yCOv2FXJNP47XQnx5","Camila Cabello,Quavo",62,False,228893,0.655,0.576,-6.735,0.0536,0.0295,0.115,0.132,0.167,139.953,1
5ld8E3DVBXCCWQ54yrkWVp,305,7n2wHs1TKAczGzO7Dd2rGr,Shawn Mendes,62,False,189072,0.562,0.869,-5.38,0.058,0.205,0.0293,0.122,0.928,164.936,0
6NYtLvyThMT0oALFdJFdzq,love language,66CXWjxzNUsdJxJ2JdwvnR,Ariana Grande,62,True,179860,0.688,0.573,-5.03,0.208,0.0686,0.0,0.0749,0.553,110.034,0
1ABS9lKaZ1uXkXCqr9zFO7,Kids Again,2wY79sveU1sp5g7SokKOiI,Sam Smith,62,False,207528,0.666,0.726,-2.998,0.0262,0.486,0.0,0.0892,0.468,128.044,0
76gUmNLXGQVOsGhfcshkFP,Madiba Riddim,3TVXtAsR1Inumwj472S9r4,Drake,62,False,205162,0.839,0.521,-10.45,0.166,0.245,0.00545,0.607,0.33,105.992,0
05KOgYg8PGeJyyWBPi5ja8,Free Smoke,3TVXtAsR1Inumwj472S9r4,Drake,62,True,218673,0.736,0.491,-6.892,0.439,0.0681,0.0,0.571,0.203,141.979,0
4JDjZ2AzlHnde5uUy0TveV,Realize,711MCceyCBcFnzjGY4Q7Un,AC/DC,62,False,217466,0.455,0.79,-4.049,0.0432,3.78e-06,0.00021,0.0866,0.22,125.964,0
7oolFzHipTMg2nL7shhdz2,Eraser,6eUKZXaKkcviH0Ku9w2n3V,Ed Sheeran,62,False,227426,0.64,0.812,-5.647,0.0834,0.086,0.0,0.0509,0.914,86.013,0
3mRcWCyteY2133a7xVMrYw,Comin Out Strong (feat. The Weeknd),"1RyvyyTE3xzB2ZywiAwp0i,1Xyo4u8uXC1ZmMpatF05PJ","Future,The Weeknd",62,True,254369,0.628,0.481,-7.775,0.475,0.29,0.0,0.118,0.33,108.761,1
4g32MdRoqwGKQd3NXIRhpU,Good Guy (feat. Jessie Reyez),"7dGJo4pcD2V6oG8kP0tJRR,3KedxarmBCyFBevnqQHy3P","Eminem,Jessie Reyez",62,True,142192,0.696,0.634,-6.918,0.281,0.244,0.0,0.437,0.728,89.973,1
7MXgrcOQAJ5VwSNUL0lDd3,Blinding Lights (with ROSALÍA) - Remix,"1Xyo4u8uXC1ZmMpatF05PJ,7ltDVBr6mKbRvohxheJ9h1","The Weeknd,ROSALÍA",62,False,216123,0.49,0.694,-5.793,0.0618,0.0133,4.62e-05,0.0946,0.249,170.903,1
5ou59ERA2f7ffyAxAcZyVz,Perfect Illusion,1HY2Jd0NmPuamShAr6KMms,Lady Gaga,62,False,182000,0.616,0.861,-5.464,0.0376,0.00145,0.0,0.357,0.68,124.988,0
2IKJtXeR5UsaUjZB46fTOK,six thirty,66CXWjxzNUsdJxJ2JdwvnR,Ariana Grande,62,True,183874,0.739,0.516,-7.154,0.0539,0.67,0.0,0.151,0.434,120.109,0
38QmUDpkoYlNbMKvpvAsrE,Mi Cama - Remix,"790FomKkXshlbRYZFtlgla,1vyhD5VmyZ7KMfW5gqLgo5,1SupJlEpv7RS2tPNRaHViT","KAROL G,J Balvin,Nicky Jam",62,False,196320,0.815,0.784,-4.423,0.0738,0.299,0.0,0.0958,0.832,162.958,1
2yg7MXp8nSPaf61HVkhEr3,The Void,0fA0VVWsXO9YnASrzqfmYu,Kid Cudi,62,True,325413,0.464,0.459,-8.736,0.0314,0.365,0.28,0.117,0.0786,142.017,0
6wvlEKW2qxucJSBXYpMV2P,TOOTIMETOOTIMETOOTIME,3mIj9lX2MWuHmhNCA7LSCW,The 1975,62,False,207851,0.662,0.827,-5.891,0.0624,0.166,0.0165,0.086,0.477,115.014,0
2oZmMp5M6L0Rh7G84Um2tF,Chain of Fools,7nwUJBm0HE4ZxD3f5cy5ok,Aretha Franklin,62,False,167066,0.721,0.567,-9.516,0.0389,0.221,0.0,0.465,0.914,116.643,0
50le2HSqQAIqB4BGD4cE9e,Black Magic (feat. Skylar Grey),"7dGJo4pcD2V6oG8kP0tJRR,4utLUGcTvOJFr6aqIJtYWV","Eminem,Skylar Grey",62,True,174863,0.674,0.807,-3.961,0.224,0.0151,3.9e-06,0.584,0.163,140.056,1
03It1uO69CjGWP3yyVe465,Chun Swae (feat. Swae Lee),"0hCNtLu0JehylgoiP8L4Gh,1zNqQNIdeOUZHb8zbZRFMX","Nicki Minaj,Swae Lee",62,True,370440,0.851,0.421,-8.022,0.0644,0.0654,0.00141,0.136,0.21,140.992,1
4CYTQpr2jc4uBScYvpEK2w,Beno!,699OTQXzgjhIYAHMy9RyPD,Playboi Carti,62,True,153333,0.923,0.562,-7.357,0.304,0.0213,0.0,0.0726,0.499,144.067,0
0cgD36xPIJBdKUNJRHYDgP,JumpOutTheHouse,699OTQXzgjhIYAHMy9RyPD,Playboi Carti,62,True,93385,0.87,0.461,-5.786,0.201,0.00456,0.0,0.11,0.485,144.053,0
204U3zjm9kkzX25Pr4Rdld,Kelly Price (feat. Travis Scott),"6oMuImdp5ZcFhWP0ESe6mG,0Y5tJX1MQlPlqiwlOH1tJY","Migos,Travis Scott",62,True,363934,0.745,0.685,-5.7,0.0313,0.53,0.0,0.176,0.437,121.977,1
76Y0gxtTxN0FyDCYh5qYQj,Get Right Witcha,6oMuImdp5ZcFhWP0ESe6mG,Migos,62,True,257545,0.95,0.743,-5.861,0.238,0.0646,1.19e-05,0.103,0.62,136.98,0
1whfVLMKWqAX3uk97VXsNN,west side,66CXWjxzNUsdJxJ2JdwvnR,Ariana Grande,62,False,132278,0.688,0.455,-8.632,0.199,0.186,0.0,0.0794,0.557,87.865,0
3pJa2fy3VW7Uxrzzz0k1A7,Angeklagt,1aS5tqEs9ci5P9KD9tZWa6,Bonez MC,62,False,168991,0.658,0.623,-9.154,0.0912,0.171,0.00528,0.114,0.305,182.011,0
1HLL8X0LH20F6Z9SLXLIjr,"No More (feat. Travis Scott, Kodak Black & 21 Savage)","0iEtIxbK0KxaSlF7G42ZOp,0Y5tJX1MQlPlqiwlOH1tJY,46SHBwWsqBkxI7EeeBEQG7,1URnnhqYAYcrqrcwql10ft","Metro Boomin,Travis Scott,Kodak Black,21 Savage",62,True,265120,0.636,0.501,-7.26,0.329,0.413,0.0,0.339,0.196,82.309,1
0SVsEdvot6vU4byv5yW0oj,That’s How You Feel,3TVXtAsR1Inumwj472S9r4,Drake,62,True,157605,0.81,0.451,-6.348,0.249,0.152,0.0537,0.108,0.359,85.417,0
6t44iU80A0h8WQ7vc4OoRj,Fake Happy,74XFHRwlV6OrjEM0A2NCMF,Paramore,62,False,235706,0.734,0.626,-5.685,0.0458,0.076,6.54e-06,0.168,0.44,98.559,0
1sBhJGPUKrdRycgKxve70v,Hot2Touch,"4bL2B6hmLlMWnUEZnorEtG,34SBu2kvAUh84umN8Pi0iI,5KPJMJR9PCfMWSfco8i4W4","Felix Jaehn,Hight,Alex Aiono",62,False,160825,0.755,0.719,-5.316,0.0421,0.000875,1.53e-05,0.326,0.813,121.986,1
2RJfK2pOvGpnxC255YOy5k,Rose-Colored Boy,74XFHRwlV6OrjEM0A2NCMF,Paramore,62,False,212853,0.768,0.826,-4.904,0.0335,0.00199,0.000374,0.031,0.926,114.997,0
1EXotCuzdXR34W1MoP6Um7,Expectations,3J0BpFVUc9LeOIVeN5uNhU,Lauren Jauregui,62,True,204066,0.576,0.443,-7.477,0.0754,0.00923,1.88e-06,0.124,0.452,180.08,0
7fQox8Ere1HDm0jhSnsFHu,Obey (with YUNGBLUD),"1Ffb6ejR6Fe5IamqA5oRUF,6Ad91Jof8Niiw0lGLLi3NW","Bring Me The Horizon,YUNGBLUD",62,True,220538,0.462,0.99,-3.175,0.211,0.000103,0.0,0.374,0.204,137.061,1
2EhJijFUs0WUmNClDBpYJq,Make It Back,4MCBfE4596Uoi2O4DtmEMz,Juice WRLD,62,True,102560,0.75,0.387,-10.123,0.487,0.122,0.0,0.0993,0.739,143.019,0
2OsDoAzo5SGq10qwmKSQBv,Jet Lag (feat. Young Scooter),"1RyvyyTE3xzB2ZywiAwp0i,4MCBfE4596Uoi2O4DtmEMz,4cmA2QDPdzh8W2ytpyUGes","Future,Juice WRLD,Young Scooter",62,True,271066,0.81,0.458,-7.495,0.105,0.266,0.0,0.174,0.493,125.049,1
7BO3y8lmogACezwHqZ1HTB,BXL ZOO,"2UwqpfQtNuhBwviIC0f2ie,5gs4Sm2WQUkcGeikMcVHbh","Damso,Hamza",62,True,201333,0.745,0.656,-6.829,0.203,0.0604,0.0,0.11,0.405,137.997,1
06FCvd7rrRcF3DdvWH5Isp,LUST.,2YZyLoL8N0Wb9xBt1NhZWg,Kendrick Lamar,62,True,307880,0.678,0.562,-9.197,0.508,0.193,0.0,0.104,0.566,94.241,0
7yN9Qx1HtE4c1fhakBz8Ay,DEUX TOILES DE MER,2UwqpfQtNuhBwviIC0f2ie,Damso,62,True,315640,0.521,0.39,-9.726,0.128,0.582,7.43e-05,0.112,0.157,104.106,0
64I6t2tuUGnIlaDIzHJ6YI,Quero Você do Jeito Que Quiser,"1yR65psqiazQpeM79CcGh8,59jlthNnbmim5l9tmNA7se","Marília Mendonça,Maiara & Maraisa",62,False,215978,0.698,0.604,-4.574,0.0457,0.501,0.0,0.251,0.353,127.707,1
3xo4Q43ei0ypZOvd2W1IqZ,Like You Do,3MZsBdqDrRTJihTHQrO6Dq,Joji,62,False,240294,0.582,0.199,-10.045,0.0321,0.953,0.00852,0.135,0.0783,66.454,0
5INKIG4QNuD4xq7qZcfPzp,Bandito,3YQKmKGau1PzlVlkL1iodx,Twenty One Pilots,62,False,330986,0.661,0.52,-8.367,0.028,0.256,0.0246,0.105,0.427,127.089,0
6gFtgkh8ShkrJn52Cbdhxy,Cut My Lip,3YQKmKGau1PzlVlkL1iodx,Twenty One Pilots,62,False,282613,0.641,0.561,-5.856,0.0355,0.12,0.0021,0.358,0.678,111.938,0
6oaQuXiRKqQq9ITJBV1XmC,Wild Life,5Pwc4xIPtQLFEnJriah9YJ,OneRepublic,62,False,267117,0.498,0.764,-8.096,0.0382,0.0118,0.0104,0.156,0.0557,115.975,0
6rbhaJsE4uLzpPf8WYSHDK,Asesina,"00XhexlJEXQstHimpZN910,1TtXnWcUs0FCkaZDPGYHdf","Brytiago,Darell",62,False,187213,0.845,0.663,-5.233,0.27,0.614,0.0,0.114,0.508,94.215,1
1lntL1cI2UIWlxjL5QiN8g,The Other,5JZ7CnR6gTvEMKX4g70Amv,Lauv,62,False,189333,0.38,0.553,-6.621,0.0653,0.421,2.63e-06,0.0788,0.384,179.629,0
2YMyVYNLmFDD0KGtNkkgFa,Kissing Strangers,"6T5tfhQCknKG4UnH90qGnz,0hCNtLu0JehylgoiP8L4Gh","DNCE,Nicki Minaj",62,True,202480,0.776,0.741,-5.804,0.041,0.0506,0.0,0.0701,0.854,120.079,1
575NJxNUVDqwJGdzBrlLbv,Lost In Japan - Remix,"7n2wHs1TKAczGzO7Dd2rGr,2qxJFvFYMEDqd7ui6kSAcq","Shawn Mendes,Zedd",62,False,201253,0.706,0.855,-5.377,0.215,0.0911,0.0,0.347,0.293,107.184,1
51wrmElSLxFzc0vSQPeTxs,Where Were You In The Morning?,7n2wHs1TKAczGzO7Dd2rGr,Shawn Mendes,62,False,200600,0.709,0.516,-7.468,0.0615,0.557,0.0,0.0992,0.465,87.992,0
62ljuuXo0zrcrtJnnOhfxT,Dear April (Side A - Acoustic),2h93pZq0e7k5yf4dywlkpM,Frank Ocean,62,False,231040,0.444,0.152,-12.87,0.0471,0.953,8.85e-05,0.0966,0.227,115.95,0
5RrrQhJKKKMJt3wB5n2N3t,Living In A Ghost Town,22bE4uQ6baNwSHPVcDxLCe,The Rolling Stones,62,False,247010,0.679,0.697,-5.369,0.0454,0.0148,0.0119,0.124,0.776,110.558,0
5ZOEulH7fvK4ZkMLTOyKL0,Demonz (feat. Brent Faiyaz) - Interlude,"4MCBfE4596Uoi2O4DtmEMz,3tlXnStJ1fFhdScmQeLpuG","Juice WRLD,Brent Faiyaz",62,True,95266,0.502,0.309,-11.389,0.0601,0.268,0.279,0.127,0.18,169.522,1
4rWC4tiO4NCwRHdh6vyu6b,Big,4MCBfE4596Uoi2O4DtmEMz,Juice WRLD,62,True,224063,0.768,0.641,-6.197,0.114,0.0628,0.0,0.0912,0.231,144.963,0
1Nj2oBISdFDSF8eDuXcALz,Start Again (feat. Logic),"5Pwc4xIPtQLFEnJriah9YJ,4xRYI6VqpkE3UwrDrAZL8L","OneRepublic,Logic",62,False,165626,0.564,0.722,-5.59,0.124,0.162,0.0,0.0931,0.276,99.083,1
3HTbI3yUJQw3fP0Po8qLcD,Verde,"1vyhD5VmyZ7KMfW5gqLgo5,51XrH5fQP2oIQynuKxSWcW","J Balvin,Sky Rompiendo",62,False,142546,0.828,0.738,-4.295,0.0516,0.0381,0.473,0.0917,0.818,94.995,1
2oHDJHNondITqbl8xZ9vPn,Bigger Than Life,4O15NlyKLIASxsJ0PrXPfz,Lil Uzi Vert,62,True,192705,0.776,0.752,-4.711,0.193,0.325,0.0,0.33,0.716,140.013,0
7DHNcoR73yUYCSn6PqBgkH,10 F*CKS (with Mansa),"2jku7tDXc6XoB6MO2hFuqg,09OSlbN2DUUOG9cbRWdWuT","Tory Lanez,Mansa",62,True,169763,0.709,0.562,-10.326,0.116,0.048,0.0,0.207,0.265,88.027,1
3WRIaWsws011vHMd9uzPjG,First Off (feat. Travis Scott),"1RyvyyTE3xzB2ZywiAwp0i,0Y5tJX1MQlPlqiwlOH1tJY","Future,Travis Scott",62,True,228366,0.734,0.683,-6.105,0.0776,0.013,0.0,0.28,0.445,162.038,1
5fHrHoJKfCgBd35zwIBmUK,D4L,"1RyvyyTE3xzB2ZywiAwp0i,3TVXtAsR1Inumwj472S9r4,50co4Is1HCEo8bhOyUWKpn","Future,Drake,Young Thug",62,True,189176,0.718,0.706,-5.709,0.06,0.0128,0.0,0.352,0.815,170.004,1
3BY2mafsbsoKGqS380Xnuz,Te Quiero Pa´Mi,"33ScadVnbm2X8kkUqOkC6Z,21451j1KhjAiaYKflxBjr1","Don Omar,Zion & Lennox",62,False,212026,0.761,0.82,-4.003,0.0623,0.125,2.1e-05,0.183,0.619,88.997,1
2BcnxwxBuar5wjCaLqm5N3,Until I Bleed Out,1Xyo4u8uXC1ZmMpatF05PJ,The Weeknd,62,True,190173,0.245,0.394,-9.887,0.0374,0.423,2.9e-05,0.093,0.148,115.233,0
6lU4BQWZomCWRfKSowfezE,Emotions,5pVRwX5ZQR7hfJ18w8ZYkl,Ufo361,62,False,146012,0.814,0.459,-10.859,0.282,0.351,0.0165,0.107,0.211,131.518,0
3ltYJpvukgAb9hLpCLoDOm,Nervous,7n2wHs1TKAczGzO7Dd2rGr,Shawn Mendes,62,False,164146,0.839,0.625,-6.761,0.0769,0.0415,0.0,0.125,0.748,121.982,0
3ZdDYeaZzeYnrP4crgXzPk,90-60-111,0JBdTCGs111JKKYfLqOEBa,Shirin David,62,True,141386,0.8,0.628,-6.615,0.285,0.103,0.0,0.391,0.745,143.979,0
2nY6MRHWpW0AGXMoGDJOjX,Réseaux,7CUFPNi1TU8RowpnFRSsZV,Niska,62,True,196453,0.795,0.667,-6.429,0.225,0.168,0.0,0.126,0.31,150.072,0
32lexhcz93AinKK0qLTZaZ,Ni Gucci Ni Prada,6SGvRyZuaSuWmP6IWUKpGf,Kenny Man,62,False,175200,0.799,0.676,-5.644,0.169,0.41,0.000777,0.325,0.91,104.956,0
5AzpZ5ADn1AFPxcEBd2Ugf,Don't Do Me Like That,4tX2TplrkIP4v05BNC903e,Tom Petty and the Heartbreakers,62,False,161786,0.758,0.805,-4.243,0.0279,0.211,1.53e-05,0.0982,0.961,116.543,0
3jq1RpStaB1YGyN3rRZGca,Sauce!,15UsOTVnJzReFVN1VCnxy4,XXXTENTACION,62,True,144724,0.68,0.313,-13.672,0.0347,0.582,0.0,0.19,0.405,135.034,0
6GCIYIWUBSLontW6divqsw,Stay Flo,2auiVi8sUZo17dLy1HwrTU,Solange,62,True,175706,0.823,0.558,-7.119,0.0278,0.397,2.03e-05,0.0821,0.674,155.974,0
2vQwlW8H1jFveGNXwZfJCV,Dead Inside (Interlude),15UsOTVnJzReFVN1VCnxy4,XXXTENTACION,62,True,86826,0.461,0.0279,-21.992,0.0412,0.973,0.00226,0.169,0.354,88.388,0
5600nq7TiBraBX2jobyJ3l,"Swan Song - From the Motion Picture ""Alita: Battle Angel""",6M2wZ9GZgrQXHCFfjv46we,Dua Lipa,62,False,182074,0.588,0.821,-6.54,0.216,0.00579,0.000275,0.208,0.509,188.098,0
0L87MffumRNWrY2SNUFcvs,Cocoon,1hzfo8twXdOegF3xireCYs,Milky Chance,62,False,255160,0.743,0.659,-6.755,0.0343,0.0998,0.00028,0.0622,0.804,114.033,0
7uDTc1eJwsD7iMZLhdp8LH,Who Needs Love,2jku7tDXc6XoB6MO2hFuqg,Tory Lanez,62,True,173870,0.76,0.674,-7.043,0.129,0.0462,0.0,0.22,0.431,101.987,0
0Fv5N0cHBsl4bzCbollCAS,Moves,0c173mlxpT3dSFRgMO8XPh,Big Sean,62,True,142906,0.812,0.522,-5.287,0.257,0.0433,0.0,0.154,0.38,75.524,0
3goH7O78TLkV9RhCAyM4AT,Fame,1qQLhymHXFPtP5U8KNKsm6,Apache 207,62,False,173760,0.811,0.645,-8.008,0.104,0.184,0.0,0.103,0.474,129.967,0
0vQcyuMEfRBd21ojZ62N2L,Boys Will Be Boys,6M2wZ9GZgrQXHCFfjv46we,Dua Lipa,62,False,166266,0.768,0.486,-5.954,0.0353,0.408,0.0,0.098,0.519,125.021,0
7uiBocndm12aKbsdnQ3Scx,Undecided,7bXgB6jMjp9ATFy66eO08Z,Chris Brown,62,True,185000,0.441,0.527,-5.318,0.0966,0.172,0.0,0.233,0.589,96.37,0
6A9wHAasMxed0firnDao1K,No Sucker (feat. Moneybagg Yo),"5f7VJjfbwm532GiveGC0ZK,3tJoFztHeIJkJWMrx0td2f","Lil Baby,Moneybagg Yo",62,True,188606,0.9,0.846,-4.884,0.224,0.025,0.0,0.204,0.851,129.966,1
4ehkZtzPTbjsRULRfQSWYu,Inside Friend (feat. John Mayer),"3qnGvpP8Yth1AqSBMqON5x,0hEurMDQu99nJRq8pTxO14","Leon Bridges,John Mayer",62,False,175432,0.693,0.259,-7.918,0.0372,0.448,0.000135,0.0995,0.361,88.972,1
2nMOodYNHBAQ3Kc1QNimZU,Cool,6M2wZ9GZgrQXHCFfjv46we,Dua Lipa,62,False,209583,0.469,0.785,-4.015,0.0664,0.133,1.55e-06,0.0931,0.79,89.719,0
39zWYYZStDgWi32sOU9AX4,Fear Inoculum,2yEwvVSSSUkcLeSTNyHKh8,TOOL,61,False,620101,0.31,0.584,-10.091,0.042,0.000827,0.512,0.0528,0.16,86.913,0
5qbcsZMwL0x46sX7VO37Ye,Up,7rkW85dBwwrJtlHRDkJDAC,NAV,61,True,199520,0.66,0.491,-6.645,0.101,0.0338,0.0,0.101,0.376,154.132,0
54l9GJGQ1UCFKe2tzt1Vxt,Only You (with Little Mix),"7DMveApC7UnC2NPfPvlHSU,3e7awlrlDSwF3iM0WBjGMp","Cheat Codes,Little Mix",61,False,189401,0.607,0.74,-4.793,0.172,0.0829,0.0,0.105,0.219,108.05,1
0jqBo5RYn008f4ZY8kPewW,Indica Badu,"4xRYI6VqpkE3UwrDrAZL8L,137W8MRPWKqSmrBGDBFSop","Logic,Wiz Khalifa",61,True,260320,0.742,0.72,-2.876,0.116,0.0402,0.000846,0.0839,0.97,77.011,1
5dQJKDx0x73seZbwSORa1T,Middle Of The Night,"7gAppWoH7pcYmphCVTXkzs,4ehtJnVumNf6xzSCDk8aLB","The Vamps,Martin Jensen",61,False,174600,0.604,0.746,-4.299,0.0529,0.00342,0.0,0.0666,0.406,130.048,1
2wDAD2hRCw8qanm6UjdLpx,Final Lullaby - Bonus Track,1Xyo4u8uXC1ZmMpatF05PJ,The Weeknd,61,True,185688,0.604,0.26,-10.498,0.0373,0.841,9.33e-05,0.327,0.317,100.964,0
6A8dnC0xkiuWN4BshmTB2I,Oceans Away,7hOGhpa8RMSuDOWntGIAJt,A R I Z O N A,61,False,194013,0.617,0.642,-8.624,0.0334,0.13,0.157,0.0929,0.221,105.885,0
0wdV94AXGRphrbkDWLNzVC,Roaring 20s,20JZFwl6HVl6yg8a4H3ZqK,Panic! At The Disco,61,False,186600,0.271,0.948,-2.207,0.263,0.0467,0.0,0.163,0.515,83.19,0
5sdb5pMhcK44SSLsj1moUh,I Found You (with Calvin Harris),"5CiGnKThu5ctn9pBxv7DGa,7CajNmpbOovFoOoasH2HaY","benny blanco,Calvin Harris",61,False,191495,0.775,0.872,-4.194,0.0469,0.033,0.0579,0.298,0.379,122.994,1
1i7iLxK9oQSo2uPxyVldRf,At My Best (feat. Hailee Steinfeld),"6TIYQ3jFPwQSRmorSezPxX,5p7f24Rk5HkUZsaS3BLG5F","Machine Gun Kelly,Hailee Steinfeld",61,False,199973,0.53,0.778,-6.673,0.168,0.00249,0.000211,0.206,0.261,169.865,1
3OJ4LEE50iFELaHiZ09zif,Purple Emoji (feat. J. Cole),"7c0XG5cIJTrrAgEC3ULPiq,6l3HvQ5sa6mXTsMTB19rO5","Ty Dolla $ign,J. Cole",61,False,163754,0.707,0.543,-4.61,0.279,0.151,0.0,0.384,0.824,144.18,1
1hSOt9IeshMkuKP9ri4hOf,Bloom,3WGpXCj9YhhfX11TToZcXP,Troye Sivan,61,False,222096,0.708,0.701,-5.196,0.0328,0.031,0.0,0.392,0.504,120.932,0
0yFWdhx0rDU4zNddqvfu33,Red Desert,5Rl15oVamLq7FbSb0NNBNy,5 Seconds of Summer,61,False,229557,0.504,0.83,-4.474,0.121,0.0205,2.49e-06,0.0563,0.449,133.929,0
295SxdR1DqunCNwd0U767w,Blanka,3NH8t45zOTqzlZgBvZRjvB,PNL,61,True,254217,0.798,0.564,-5.98,0.047,0.23,1.83e-05,0.183,0.394,108.004,0
4zsiMjB0794HztyqUkD3Zi,Sogra - Ao Vivo,"4NUePmzDvCYqilXBFa91Hg,3p7PcrEHaaKLJnPUGOtRlT","Dilsinho,Henrique & Juliano",61,False,177067,0.52,0.74,-7.185,0.0703,0.555,0.0,0.951,0.778,138.097,1
46D0hYb1B7qiU33VtXt21W,Easy,4nDoRrQiYLoBzwC5BhVJzF,Camila Cabello,61,False,194686,0.574,0.593,-5.731,0.0463,0.411,1.55e-06,0.0966,0.355,128.073,0
05mAIVLkIWc2d1UBYZBCp8,1999,"25uiPmTg16RbhZWAqwLBy5,3WGpXCj9YhhfX11TToZcXP","Charli XCX,Troye Sivan",61,False,189000,0.739,0.742,-4.586,0.0329,0.0227,1.39e-06,0.229,0.659,124.016,1
0pk1hxhJLBSZZ5RKBhcwOa,Levitating (feat. Madonna and Missy Elliott) [The Blessed Madonna Remix],"6M2wZ9GZgrQXHCFfjv46we,6tbjWDEIzxoDsBA1FuhfPW,2wIVse2owClT7go1WT98tk,4TvhRzxIL1le2PWCeUqxQw","Dua Lipa,Madonna,Missy Elliott,The Blessed Madonna",61,False,250280,0.808,0.655,-7.34,0.139,0.0373,0.0,0.208,0.56,116.029,1
2uBhGx3m5iJrtsql8Qk00j,Levitate,3YQKmKGau1PzlVlkL1iodx,Twenty One Pilots,61,False,145946,0.7,0.934,-5.941,0.17,0.0857,0.226,0.114,0.224,92.973,0
4G3gFk4oyvt8klQEVJBzea,Adriana,0Dvx6p8JDyzeOPGmaCIH1L,RAF Camora,61,False,165124,0.76,0.8,-5.777,0.0537,0.449,0.0052,0.12,0.675,135.04,0
0HEckRWFSknIupbGzavk5d,Hundred,6LuN9FCkKOj5PcnpouEgny,Khalid,61,False,277080,0.772,0.483,-10.06,0.0564,0.0521,0.000375,0.377,0.479,120.005,0
6bM4daGlfZHtKMQp8tEqVz,2012,"13bDjug9N0pyv3ZUINjkDV,4sg4no0TXdsrM1s4SVUwNF","Bausa,Juju",61,True,170200,0.805,0.619,-7.907,0.0771,0.218,0.0,0.114,0.476,98.995,1
77KMttn3Lic7ZQKDlPqp8v,INTRO,4r63FhuTkUYltbVAg5TQnk,DaBaby,61,True,172800,0.862,0.685,-7.699,0.242,0.0342,0.0,0.204,0.672,100.024,0
5sdQ7VUx6GOfsRoSxnK1YG,110,"4WZGDpNwrC0vNQyl9QzF7d,6h1s4i4XKIYv4ErDelLDN0,2jx7HzLpdKkSZkvxqXZwTR","Capital Bra,Samra,LEA",61,True,194534,0.48,0.749,-5.057,0.432,0.533,0.0,0.0997,0.419,179.056,1
4uloft7ZE54WflsuqFmjC7,Elevate,3TVXtAsR1Inumwj472S9r4,Drake,61,True,184960,0.755,0.47,-8.72,0.139,0.0153,0.0,0.118,0.0604,76.056,0
1hHe7cirScEJWgAS0JFqTL,7 Am Freestyle,"1RyvyyTE3xzB2ZywiAwp0i,4MCBfE4596Uoi2O4DtmEMz","Future,Juice WRLD",61,True,192906,0.951,0.401,-8.92,0.411,0.0185,0.0,0.149,0.539,129.976,1
1w2OwBeojIZI8hTI5WkMkV,MOWGLI II,3NH8t45zOTqzlZgBvZRjvB,PNL,61,True,225953,0.729,0.533,-10.104,0.444,0.747,4.54e-06,0.0848,0.422,155.999,0
4B7fTyj1FIPvP9tT5X3DnR,Behind Barz - Bonus,3TVXtAsR1Inumwj472S9r4,Drake,61,True,163120,0.854,0.554,-4.684,0.172,0.769,1.84e-06,0.0749,0.272,142.069,0
5zzbORcD0GwLY0wQHP1Xs1,Arcoíris,"1vyhD5VmyZ7KMfW5gqLgo5,4TAoP0f9OuWZUesao43xUW","J Balvin,Mr Eazi",61,False,186693,0.731,0.787,-5.26,0.0721,0.0853,0.0,0.316,0.393,92.971,1
6tvQzeCPwOytDlBYCIOY0n,Breathe (feat. Ina Wroldsen),"4Q6nIcaBED8qUel8bBx6Cr,7hssUdpvtY5oiARaUDgFZ3","Jax Jones,Ina Wroldsen",61,False,208106,0.722,0.744,-5.52,0.0363,0.0234,0.000157,0.143,0.686,125.985,1
12v6LfkX9YIR3uLefIAAYZ,Comprei um Lança,6qrqAYlS6lUj2BVXax7SZW,Mc Jacaré,61,True,112345,0.652,0.723,-7.576,0.112,0.238,0.000349,0.0719,0.53,130.759,0
1Jrj3k5L36dPkU6KAclU7g,Blue Tint,3TVXtAsR1Inumwj472S9r4,Drake,61,True,162800,0.888,0.377,-10.142,0.339,0.0126,0.0,0.19,0.126,133.996,0
56RVUAFH9NF8zhTZ5A9KVF,Call on Me (Ryan Riback Remix),"02A3cEvlLLCbIMVDrK2GHV,33JQK4UoS2aMPYBfdB5Ftt","Starley,Ryan Riback",61,False,222040,0.691,0.821,-4.527,0.0401,0.136,0.000115,0.092,0.759,104.961,1
7dQFpbs34ufIEU745DVclf,Aute Cuture,7ltDVBr6mKbRvohxheJ9h1,ROSALÍA,61,False,147626,0.747,0.643,-6.991,0.178,0.0756,0.00894,0.355,0.538,99.981,0
0HZgYFimoJG9Ijy8InUWcV,Bad Reputation (feat. Joe Janiak),"1vCWHaC5f2uS3yhpwWbIA6,142TY556WknD1ZRV8XilJQ","Avicii,Joe Janiak",61,False,205416,0.745,0.637,-5.959,0.0512,0.656,6.5e-06,0.0993,0.446,89.995,1
5yH8pYxNckOU1cxfPsMIaz,Agora é Tudo Meu,"6xlRSRMLgZbsSNd0BMobwy,1mXAhKnZEdF6rotyyd4GBi","DENNIS,MC Kevinho",61,False,171998,0.848,0.933,-3.306,0.106,0.7,2.81e-06,0.184,0.506,139.998,1
40nPimvmG05WYS7983bawZ,Cry for Me,4nDoRrQiYLoBzwC5BhVJzF,Camila Cabello,61,False,189133,0.721,0.805,-4.134,0.0927,0.05,0.0,0.153,0.653,118.058,0
6PoKfDY78ih5OveWirggRX,Off White VLONE (Lil Baby & Gunna feat. Lil Durk & NAV),"5f7VJjfbwm532GiveGC0ZK,2hlmm7s2ICUX0LVIhVFlZQ,3hcs9uc56yIGFCSy9leWe7,7rkW85dBwwrJtlHRDkJDAC","Lil Baby,Gunna,Lil Durk,NAV",61,True,187464,0.859,0.506,-8.115,0.418,0.105,0.0,0.113,0.153,140.973,1
4lUnFLtn8w3W76FiYDRzmO,Wait,04gDigrS5kc9YWfZHwBETP,Maroon 5,61,False,190642,0.648,0.603,-5.098,0.0507,0.0803,0.0,0.112,0.488,126.116,0
1jQvUmf16VE9WQCPuK2e8K,STOOPID,"7gZfnEnfiaHzxARJ2LeXrf,34Y0ldeyUv7jBvukWOGASO","6ix9ine,Bobby Shmurda",61,True,143250,0.733,0.63,-4.296,0.395,0.13,0.0,0.162,0.832,149.989,1
42Tohunwlh34o0mgxYx5iq,My Dawg,"1URnnhqYAYcrqrcwql10ft,0iEtIxbK0KxaSlF7G42ZOp","21 Savage,Metro Boomin",61,True,181715,0.831,0.532,-5.319,0.301,0.0652,0.0,0.464,0.364,140.105,1
1opARDDYaOeE1QUdwXmBGu,Caught Up (feat. Khalid),"4HzKw8XcD0piJmDrrPRCYk,6LuN9FCkKOj5PcnpouEgny","Majid Jordan,Khalid",61,True,247546,0.678,0.438,-8.847,0.0577,0.29,0.0,0.0838,0.501,81.498,1
4CvW0iHAs7yJhbpnJ3NSnS,Hollywood (feat. Diplo),"23TFHmajVfBtlRx5MXqgoz,5fMUXHkw8R8eOP2RNVYEZX","Sfera Ebbasta,Diplo",61,True,191869,0.848,0.708,-6.336,0.0366,0.153,0.0,0.0948,0.926,137.973,1
60Z57Wdrn0pEVpHI7d7GAX,Stepping Stone,7dGJo4pcD2V6oG8kP0tJRR,Eminem,61,True,309637,0.616,0.684,-6.032,0.311,0.0305,0.0,0.376,0.312,179.503,0
0evt4UZbdhnHtcAnxkm6A1,Normal,7dGJo4pcD2V6oG8kP0tJRR,Eminem,61,True,222477,0.907,0.64,-6.542,0.354,0.261,0.0,0.0785,0.803,120.995,0
2LseyBkPJv7r7wCt2yMEgX,High,5YGY8feqx7naU7z4HrwZM6,Miley Cyrus,61,False,196760,0.474,0.54,-6.862,0.035,0.00481,1.03e-05,0.299,0.239,72.995,0
7FCfMXYTIiQ9b4hDYs4Iol,Be the One,6M2wZ9GZgrQXHCFfjv46we,Dua Lipa,61,False,202914,0.661,0.651,-3.771,0.0499,0.117,1.32e-05,0.056,0.368,87.46,0
4hKWUzhQWsOkgT6LnDEASe,Was du Liebe nennst,13bDjug9N0pyv3ZUINjkDV,Bausa,61,False,203630,0.874,0.487,-8.154,0.0641,0.393,2.96e-05,0.0524,0.746,144.956,0
6fIjnWrv46njJHLDAY2JdC,Dedication (feat. Kendrick Lamar),"0EeQBlQJFiAfJeVN2vT9s0,2YZyLoL8N0Wb9xBt1NhZWg","Nipsey Hussle,Kendrick Lamar",61,True,245813,0.512,0.734,-5.448,0.438,0.431,0.0,0.226,0.168,93.995,1
0XOnMqLQDO89iAg7dWWwnG,pete davidson,66CXWjxzNUsdJxJ2JdwvnR,Ariana Grande,61,True,73813,0.652,0.31,-10.212,0.0509,0.43,1.16e-05,0.182,0.304,119.913,0
4J9SI7do4KOEsCexqEbjmR,Rockstar Knights (with Trippie Redd),"0fA0VVWsXO9YnASrzqfmYu,6Xgp2XMz1fhVYe7i6yNAax","Kid Cudi,Trippie Redd",61,True,231466,0.625,0.682,-6.292,0.126,0.384,4.54e-06,0.337,0.384,178.052,1
2drEUEg0TYQR6dDEHkpuPE,Patience,5INjqkS1o8h1imAzPqGZBb,Tame Impala,61,False,292267,0.546,0.859,-5.966,0.0306,0.00223,0.000947,0.0529,0.645,99.965,0
5VwwpU7KsLhgfbMEecedhJ,Get Me (feat. Kehlani),"1uNFoZAHBGtllmzznpCI3s,0cGUm45nv7Z6M6qdXYQGTX","Justin Bieber,Kehlani",61,False,185426,0.832,0.508,-6.913,0.149,0.0492,5.39e-05,0.107,0.75,109.352,1
7AtlMCIauSQZqiXSlbBPW6,Bobo,1vyhD5VmyZ7KMfW5gqLgo5,J Balvin,61,False,209426,0.729,0.888,-2.864,0.122,0.117,1.55e-05,0.125,0.8,177.908,0
0uAkm1iQLrzweZ4U1iXy6w,Alfred’s Theme,7dGJo4pcD2V6oG8kP0tJRR,Eminem,61,True,339345,0.721,0.903,-2.968,0.386,0.114,0.0,0.337,0.701,97.113,0
1zSKtBze2IReYU44W0lDzd,Can You Feel the Love Tonight,"6vWDO969PvNqNYHIOW5v0m,73sIBHcqh3Z3NyqHKZ7FOL,0FVsUxcFSlxwIM7Qs31s6J,7xX39IyguhWsTIg4eU2reH","Beyoncé,Childish Gambino,Billy Eichner,Seth Rogen",61,False,182613,0.337,0.331,-10.16,0.0385,0.657,0.0,0.085,0.35,103.203,1
5T03itPFOPGGkvVPvPiyla,Put It All on Me (feat. Ella Mai),"6eUKZXaKkcviH0Ku9w2n3V,7HkdQ0gt53LP4zmHsL0nap","Ed Sheeran,Ella Mai",61,False,197093,0.627,0.594,-8.306,0.0479,0.256,0.0,0.373,0.388,101.007,1
7jltqRIyxLXBDNZ1QlmnBp,City Of Stars,6kXm2YCtdUOpRYNKeKhfue,Ryan Gosling,61,False,111240,0.579,0.0842,-19.49,0.0561,0.953,0.0423,0.0935,0.188,98.189,0
5uYqmEN6TAAE8ss8YmprNV,Teen X (feat. Future),"699OTQXzgjhIYAHMy9RyPD,1RyvyyTE3xzB2ZywiAwp0i","Playboi Carti,Future",61,True,205995,0.437,0.671,-4.985,0.122,0.00124,9.87e-06,0.136,0.0936,197.192,1
78YTl0P96kBCBXUSzKoqAm,Control,699OTQXzgjhIYAHMy9RyPD,Playboi Carti,61,True,197789,0.705,0.752,-6.87,0.095,0.0283,0.0,0.299,0.305,142.051,0
2BVVmJQZv4fOPWavI9mkIj,Broken Arrows,1vCWHaC5f2uS3yhpwWbIA6,Avicii,61,False,232760,0.634,0.674,-7.145,0.0465,0.0487,0.00116,0.102,0.298,115.995,0
093RgZ7RXHZwIrxZhZYX4Q,Tesla (feat. Sfera Ebbasta & DrefGold),"5SulO4l40qDuV9zUGLZx7n,23TFHmajVfBtlRx5MXqgoz,6jwzGu5VdkR5tsRROYuxso","Capo Plaza,Sfera Ebbasta,DrefGold",61,False,185146,0.854,0.626,-5.14,0.0618,0.316,0.0,0.0961,0.377,140.05,1
494OU6M7NOf4ICYb4zWCf5,Sugar,04gDigrS5kc9YWfZHwBETP,Maroon 5,61,True,235493,0.748,0.788,-7.055,0.0334,0.0591,0.0,0.0863,0.884,120.076,0
7CUYHcu0RnbOnMz4RuN07w,Despacito (Featuring Daddy Yankee),"4V8Sr092TqfHkfAA5fXXqG,4VMYDCV2IEDYJArk749S6m","Luis Fonsi,Daddy Yankee",61,False,228200,0.659,0.802,-4.79,0.148,0.208,0.0,0.123,0.863,177.936,1
7KcGEssn7BnJdTgildK5y0,No Frauds,"0hCNtLu0JehylgoiP8L4Gh,3TVXtAsR1Inumwj472S9r4,55Aa2cqylxrFIXC767Z865","Nicki Minaj,Drake,Lil Wayne",61,True,272453,0.867,0.558,-6.975,0.258,0.0884,4.05e-06,0.541,0.432,139.061,1
3E2KP5AWn6Wx0NcPstzKeo,Bottiglie Privè,23TFHmajVfBtlRx5MXqgoz,Sfera Ebbasta,61,True,189867,0.669,0.618,-7.021,0.0487,0.0908,0.0,0.0934,0.206,144.905,0
50I7FNN2rl2rWiNwGxS146,No Opp Left Behind,"1URnnhqYAYcrqrcwql10ft,0iEtIxbK0KxaSlF7G42ZOp","21 Savage,Metro Boomin",61,True,194214,0.823,0.703,-2.691,0.298,0.0161,1.35e-06,0.294,0.26,178.043,1
4J4zx8xGJpuGndrVc06KaT,Diamond Heart,"7vk5e3vY1uw9plTHJAMwjN,5T8zbK3dic52T9bFu0aY8z","Alan Walker,Sophia Somajo",61,False,239834,0.499,0.638,-6.145,0.0438,0.129,0.0,0.631,0.253,89.98,1
0ycIrEpkyb4lrqE7M1emju,Inhale,2EMAnMvWE2eb56ToJVfCWs,Bryson Tiller,61,True,171173,0.498,0.705,-8.088,0.392,0.321,0.000441,0.414,0.571,156.519,0
5TXQCMKN6TgemTL3c4wRTn,Sorrows,2EMAnMvWE2eb56ToJVfCWs,Bryson Tiller,61,False,193702,0.633,0.793,-6.847,0.182,0.148,0.0,0.867,0.761,109.093,0
6e7hIhOLH9zvb3zP5O5gt0,BOY BYE,1Bl6wpkWCQ4KVgnASpvzzA,BROCKHAMPTON,61,True,142186,0.869,0.747,-7.143,0.151,0.512,0.0,0.124,0.784,124.932,0
5p3NP9mQblDsVJLdfNZJ3I,GOD.,2YZyLoL8N0Wb9xBt1NhZWg,Kendrick Lamar,61,True,248826,0.706,0.557,-5.8,0.0813,0.0347,0.0,0.276,0.205,132.98,0
475jSz0H6U3duJyNiDS0tT,Right Now (feat. Pi'erre Bourne),"699OTQXzgjhIYAHMy9RyPD,3x3jSlhyv5CiCZDZlaTq0M","Playboi Carti,Pi’erre Bourne",61,True,207013,0.687,0.602,-5.005,0.066,0.138,0.0,0.203,0.309,78.487,1
3v84EI4rMdsqJ95MxwIjQa,Sleepy Hollow,6Xgp2XMz1fhVYe7i6yNAax,Trippie Redd,61,True,101353,0.735,0.662,-7.862,0.05,0.0104,0.0,0.153,0.124,87.999,0
1KeZgPUr54C8iz3FjqzVoz,Young,69GGBxA162lTqCwzJG5jLp,The Chainsmokers,61,False,224773,0.615,0.564,-6.384,0.0291,0.0105,0.0,0.148,0.454,103.006,0
1nfyE13arjOuO54HH0zmqj,Esperándote,0tmwSHipWxN12fsoLcFU3B,Manuel Turizo,61,False,199813,0.697,0.648,-7.123,0.128,0.425,0.0,0.191,0.313,186.125,0
5BQrp63SHCVf4bzCzJePne,Don't Cry (feat. XXXTENTACION),"55Aa2cqylxrFIXC767Z865,15UsOTVnJzReFVN1VCnxy4","Lil Wayne,XXXTENTACION",61,True,249450,0.618,0.71,-6.066,0.331,0.407,0.0,0.183,0.233,112.014,1
2vsuel3g4zaLYSOY0mOMbi,Bad Luck,6LuN9FCkKOj5PcnpouEgny,Khalid,61,False,231653,0.432,0.52,-5.515,0.0548,0.277,0.371,0.138,0.303,164.047,0
0v3BMLcwUmAwyqJaf5997o,Just Got Paid,"1IueXOQyABrMOprrzwQJWN,66TrUkUZ3RM29dqeDQRgyA,6JL8zeS1NmiOftqZTRgdTz,6vXTefBL93Dj5IqAWq6OTv","Sigala,Ella Eyre,Meghan Trainor,French Montana",61,False,218250,0.732,0.922,-1.829,0.0975,0.0348,0.0,0.146,0.589,120.033,1
3uYDO9dPLTVrgfwg7EYXSf,Lift Yourself,5K4W6rqBFWDnAN6FQUkS6x,Kanye West,61,False,147904,0.877,0.435,-8.131,0.136,0.0108,1.88e-06,0.115,0.589,98.008,0
4wyNKAZe82BNlp2lHiR1FX,CANGURO,5YCc6xS5Gpj3EkaYGdjyNK,WOS,61,True,196745,0.602,0.751,-4.358,0.327,0.173,0.0,0.667,0.934,163.874,0
00R0fEFZGb5hyTgF1nrRCq,Look Over Your Shoulder (feat. Kendrick Lamar),"1YfEcTuGvBQ8xSD1f53UnK,2YZyLoL8N0Wb9xBt1NhZWg","Busta Rhymes,Kendrick Lamar",61,True,248810,0.6,0.887,-4.345,0.311,0.0438,0.0,0.68,0.681,77.896,1
2jTujnt0y344ai1rNOywgr,KMT,"3TVXtAsR1Inumwj472S9r4,3S0tlB4fE7ChxI2pWz8Xip","Drake,Giggs",61,True,162637,0.875,0.6,-6.818,0.0435,0.0189,0.0143,0.132,0.0906,119.987,1
1VEMUkGFio5uURvN8x1DZJ,Tilidin,"4WZGDpNwrC0vNQyl9QzF7d,6h1s4i4XKIYv4ErDelLDN0","Capital Bra,Samra",61,True,172035,0.631,0.673,-4.892,0.384,0.407,0.0,0.154,0.721,83.504,1
5ojXuKXBYq0apcNucYSDXq,Mamita,0eecdvMrqBftK0M1VKhaF4,CNCO,61,False,174200,0.803,0.724,-4.835,0.0541,0.112,3.67e-06,0.148,0.496,91.035,0
25B5fGr9K0VdZJiRFsnMO4,Celebration Station,4O15NlyKLIASxsJ0PrXPfz,Lil Uzi Vert,61,True,195058,0.748,0.771,-4.156,0.15,0.101,0.0,0.135,0.792,142.086,0
1RagpNpkD3KcjXMLGMe99V,Fr Fr (feat. Lil Skies),"137W8MRPWKqSmrBGDBFSop,7d3WFRME3vBY2cgoP38RDo","Wiz Khalifa,Lil Skies",61,True,195590,0.916,0.493,-7.371,0.162,0.12,2.63e-06,0.211,0.327,140.057,1
7fCNUWi6uflDTQ08srxMZk,No Excuses,6JL8zeS1NmiOftqZTRgdTz,Meghan Trainor,61,False,152862,0.827,0.658,-3.846,0.0517,0.0224,0.0,0.0417,0.523,115.016,0
6dSKDp21S6I5UOhDqjw4kB,Mouth Of The River,53XhwfbYqKCa1cC15pYq2q,Imagine Dragons,61,False,221560,0.49,0.902,-6.968,0.0411,0.00197,0.0531,0.149,0.298,96.006,0
4mq14Qa6OehdiyZFtHcdCH,13 Beaches,00FQb4jTyendYWaN8pK0wa,Lana Del Rey,61,False,295569,0.415,0.402,-9.063,0.0354,0.556,0.0677,0.198,0.237,144.033,0
6FemVsNUb2lzWsDRm14FUJ,Rain,3AQRLZ9PuTAozP28Skbq8V,The Script,61,True,209346,0.681,0.587,-7.638,0.11,0.229,0.0,0.368,0.64,93.002,0
5SxlUF7J8tyFIEF22EomeP,Pothole (feat. Jaden Smith),"4V8LLVI7PbaPR0K2TGSxFF,0xOeVMOz2fVg5BJY3N6akT","Tyler, The Creator,Jaden",61,True,237000,0.543,0.572,-8.974,0.338,0.51,7.23e-06,0.28,0.569,89.386,1
6uJwPeBGb3swi85TSr9iIz,Miracles (Someone Special),"4gzpq5DPGxSnKTe4SA8HAU,0c173mlxpT3dSFRgMO8XPh","Coldplay,Big Sean",61,False,276906,0.624,0.824,-5.501,0.0445,0.0167,0.00029,0.138,0.366,97.012,1
1XJ93XskwJf7PCyIVLbNBt,Anxiety (with Selena Gomez),"0ZED1XzwlLHW4ZaG4lOT6m,0C8ZW7ezQVs4URX5aX7Kqx","Julia Michaels,Selena Gomez",61,True,210146,0.803,0.384,-6.522,0.179,0.573,0.0,0.194,0.503,141.926,1
0fxGA5lxrdYNYoE7yJxTNZ,My December,6XyY86QOPPrYVGvF9ch6wz,Linkin Park,61,False,260560,0.73,0.585,-9.274,0.0238,0.375,0.0101,0.147,0.721,100.021,0
0G149jkGWKwrPXUGkEDgWM,Numb,1URnnhqYAYcrqrcwql10ft,21 Savage,61,True,271306,0.839,0.437,-11.344,0.285,0.0438,2.75e-06,0.131,0.464,82.008,0
5JHNg1hxZFT7TDEphhM4wj,Waiting for the End,6XyY86QOPPrYVGvF9ch6wz,Linkin Park,61,False,231680,0.487,0.961,-4.139,0.132,0.0415,1.15e-06,0.553,0.323,170.005,0
0IH3D0P8OrQFs6ajcqbm0R,Dangerous (feat. Kid Cudi),"5IcR3N7QB1j6KBL8eImZ8m,0fA0VVWsXO9YnASrzqfmYu","ScHoolboy Q,Kid Cudi",61,True,150613,0.414,0.544,-9.455,0.102,0.636,1.71e-05,0.0813,0.0569,171.867,1
5DttNeiizFqWUON9hZBqTY,Babylon,1HY2Jd0NmPuamShAr6KMms,Lady Gaga,61,False,161733,0.698,0.799,-4.372,0.0342,0.0129,5.46e-06,0.215,0.351,115.957,0
4QnC1bIaMSfDQvF4XDhV5M,Boyfriend,0C8ZW7ezQVs4URX5aX7Kqx,Selena Gomez,61,False,161188,0.811,0.512,-6.381,0.17,0.218,0.0262,0.0768,0.346,92.046,0
7bDSLyTjZ1VjU5kPHTL3Ko,Tiefschwarz (feat. Samra),"6h1s4i4XKIYv4ErDelLDN0,4lDiJcOJ2GLCK6p9q5BgfK","Samra,Kontra K",61,True,189739,0.751,0.783,-5.926,0.22,0.0715,1.94e-05,0.114,0.379,94.003,1
74gykWHknHDrg4eMdcmdRq,Farewell,7dGJo4pcD2V6oG8kP0tJRR,Eminem,61,True,247733,0.89,0.664,-6.625,0.106,0.00487,0.0,0.257,0.467,93.007,0
0ORk2pZ1dogkyfcdFfFKt8,Fire,2hPgGN4uhvXAxiXQBIXOmE,KIDS SEE GHOSTS,61,True,140526,0.709,0.751,-3.801,0.16,0.472,4.71e-06,0.182,0.37,104.999,0
1Sibh8cVXp5DPC0hRjKiim,Kids See Ghosts,"2hPgGN4uhvXAxiXQBIXOmE,6r2niOTnexy9xss5g8GWXH","KIDS SEE GHOSTS,Yasiin Bey",61,True,245098,0.841,0.682,-7.007,0.0458,0.113,9.65e-05,0.131,0.338,94.985,1
0udOCZp7yk0Ml92C0k8H8D,That's On Me,4LLpKhyESsyAXpc4laK94U,Mac Miller,61,False,217868,0.583,0.499,-10.086,0.0261,0.591,0.0104,0.33,0.342,155.199,0
1uryupl9hqVZYurJwH4G9k,3 Batidas - Ao Vivo,6m6e7D2TnV0aYMllFFwMxu,Guilherme & Benuto,61,False,157186,0.552,0.709,-5.435,0.129,0.611,0.0,0.763,0.527,117.581,0
2aSM4sbNN7cSmpYOG0sf46,My Affection (with PARTYNEXTDOOR),"57LYzLEk2LcFghVwuWbcuS,2HPaUgqeutzr3jx5a9WyDV","Summer Walker,PARTYNEXTDOOR",61,True,213933,0.632,0.495,-8.335,0.143,0.333,0.0,0.0941,0.233,77.083,1
2GByM82VgSrwywP6MVZmsm,Black & Chinese,"6extd4B6hl8VTmnlhpl2bY,0Y5tJX1MQlPlqiwlOH1tJY,0VRj0yCOv2FXJNP47XQnx5","Huncho Jack,Travis Scott,Quavo",61,True,172016,0.667,0.848,-4.156,0.0928,0.00285,0.00291,0.125,0.361,159.15,1
0XkmeG97T4mtYlWRJcrxec,Party Girl (Remix),"1XLWox9w1Yvbodui0SRhUQ,4O15NlyKLIASxsJ0PrXPfz","StaySolidRocky,Lil Uzi Vert",61,True,147672,0.752,0.375,-10.157,0.204,0.533,0.0,0.175,0.591,129.995,1
1Hd2XLitkt1PYCWSbfF5qV,Wish Wish (feat. Cardi B & 21 Savage),"0QHgL1lAIqAw0HtD7YldmP,4kYSro6naA4h99UJvo89HB,1URnnhqYAYcrqrcwql10ft","DJ Khaled,Cardi B,21 Savage",61,True,202625,0.861,0.666,-5.18,0.343,0.00218,0.0,0.272,0.853,145.041,1
3R8CyhJfVjvgIROd5RSGhQ,I Can See,4LLpKhyESsyAXpc4laK94U,Mac Miller,61,False,220853,0.699,0.503,-9.922,0.0882,0.391,0.0126,0.0996,0.0546,114.86,0
4eB8rsNNm5791m3uvEBNLR,Estado Decadente - Acústico,487N2T9nIPEHrlTZLL3SQs,Zé Neto & Cristiano,61,False,173830,0.757,0.687,-4.78,0.0658,0.586,0.0,0.111,0.583,117.927,0
0lmdsH1MIoLsMymnNpd6HU,Let Me Hold You (Turn Me On),"7DMveApC7UnC2NPfPvlHSU,1b4DN8Vj0dnj5cceMFsRYN","Cheat Codes,Dante Klein",61,False,162425,0.68,0.774,-3.136,0.0697,0.101,0.0,0.113,0.331,102.949,1
0bjgQ24UZGwKikldIyEOgf,Yea Yea,0eDvMgVFoNV3TpwtrVCoTj,Pop Smoke,61,True,185803,0.717,0.474,-8.383,0.403,0.0509,0.0,0.139,0.448,123.906,0
430qNtapCS3Ue1yoSql1oV,I Ain't Got Time!,4V8LLVI7PbaPR0K2TGSxFF,"Tyler, The Creator",61,True,206266,0.549,0.725,-7.239,0.397,0.0539,3.52e-05,0.148,0.547,108.822,0
0ZzXPo0gS5h718w7WErG44,Polvere (feat. Capo Plaza),"1AgAVqo74e2q4FVvg0xpT7,1xsYReh7zhty26wD4tprKh,7zPS3i8YJBNeDcqXUHfCMr,5SulO4l40qDuV9zUGLZx7n","Tedua,Chris Nolan,AVA,Capo Plaza",61,True,252991,0.482,0.483,-8.993,0.283,0.118,9.43e-06,0.104,0.139,181.945,1
3nAp4IvdMPPWEH9uuXFFV5,Underneath the Tree,3BmGtnKgCSGYIUhmivXKWX,Kelly Clarkson,61,False,229640,0.509,0.812,-5.438,0.0537,0.0013,1.99e-05,0.214,0.689,159.876,0
518miTxc3a15X7HB8FgJUW,Learn To Fly,"4ETSs924pXMzjIeD6E9b4u,3PhoLpVuITZKcymswpck5b","Surfaces,Elton John",61,False,209832,0.569,0.536,-6.137,0.0819,0.554,0.0,0.0655,0.656,173.695,1
5CPqOpKSk0QcJ3dGdaWcRB,On Hold,3iOvXCl6edW5Um0fXEBRXy,The xx,61,False,224133,0.723,0.669,-6.784,0.0348,0.0522,0.192,0.109,0.35,125.051,0
1xy4apMFecGGkgBeaHFZ2M,Chasing Fire,5JZ7CnR6gTvEMKX4g70Amv,Lauv,61,False,205267,0.709,0.562,-4.864,0.0724,0.0449,0.0,0.217,0.386,125.965,0
5mZXWEH2eh8zMZGCxT5aW0,"Yah Yah (feat. Royce Da 5'9"", Black Thought, Q-Tip & Denaun)","7dGJo4pcD2V6oG8kP0tJRR,6DVipHzYsPlIoA0DW8Gmns,6DJEUXZm0e2rAohdoZ5Voo,3ZotbHeyVQKxQCPDJuQ4SU,1WjexdTcXHgvlVIPCE8D1Q","Eminem,Royce Da 5'9"",Black Thought,Q-Tip,Denaun",61,True,286960,0.458,0.966,-2.107,0.384,0.14,0.0,0.11,0.356,183.586,1
1ZRjLZcNTm1vUgrexBp3px,All In,5f7VJjfbwm532GiveGC0ZK,Lil Baby,61,True,156032,0.836,0.649,-6.442,0.332,0.0716,0.0,0.0943,0.294,95.084,0
5XzombolzpiaOSTdj1W0VS,Bleed,31W5EY0aAly4Qieq6OFu6I,A Boogie Wit da Hoodie,61,True,176958,0.698,0.572,-7.735,0.198,0.135,0.0,0.154,0.391,71.446,0
3QVHSV8YKYq4L8tI5rnFgj,Stepdad,7dGJo4pcD2V6oG8kP0tJRR,Eminem,61,True,213413,0.779,0.805,-3.121,0.178,0.018,0.0,0.321,0.557,145.68,0
5DA77EqppDmCTWGovd4oTP,Sex,"7DMveApC7UnC2NPfPvlHSU,4LcUpNlXFEleaLlelmkv2R","Cheat Codes,Kris Kross Amsterdam",61,True,228360,0.51,0.692,-5.825,0.171,0.00451,0.0,0.138,0.209,102.42,1
0u695M7KyzXaPIjpEbxOkB,SICKO MODE - Skrillex Remix,"0Y5tJX1MQlPlqiwlOH1tJY,5he5w2lnU9x7JFhnwcekXX","Travis Scott,Skrillex",61,True,304512,0.651,0.833,-3.356,0.172,0.0214,0.0,0.14,0.443,155.051,1
0LEFmgIj8ABU7CelzGh5Bs,Oprah's Bank Account (Lil Yachty & DaBaby feat. Drake),"6icQOAFXDZKsumw3YXyusw,4r63FhuTkUYltbVAg5TQnk,3TVXtAsR1Inumwj472S9r4","Lil Yachty,DaBaby,Drake",61,True,205635,0.83,0.625,-3.678,0.0573,0.226,0.0,0.302,0.884,138.046,1
0oT9ElXYSxvnOOagP9efDq,JUMP (feat. YoungBoy Never Broke Again),"4r63FhuTkUYltbVAg5TQnk,7wlFDEWiM5OoIAt8RSli8b","DaBaby,YoungBoy Never Broke Again",61,True,212093,0.896,0.72,-6.262,0.355,0.169,0.0,0.252,0.966,140.1,1
2PRKaIkl62537yLUt8VhHR,Love Sick,6Xgp2XMz1fhVYe7i6yNAax,Trippie Redd,61,True,177981,0.861,0.712,-6.72,0.104,0.527,4.12e-05,0.622,0.687,119.042,0
3fJaqjV813edLN5wrxUPkc,Strangers,4TrraAsitQKl821DQY42cZ,Sigrid,61,False,233725,0.755,0.722,-6.097,0.038,0.00584,0.00104,0.0746,0.133,115.03,0
6aoGtdWXBkYQ2O2wnyIz2x,Not Ok,"23fqKkggKUBHNkbKtXEls4,5JMLG56F1X5mFmWNmS0iAp","Kygo,Chelsea Cutler",61,False,210943,0.618,0.66,-8.14,0.0372,0.0292,2.07e-06,0.325,0.408,105.0,1
6kp0inxIexxSiDJfWqq0ZL,TATI,"7gZfnEnfiaHzxARJ2LeXrf,1qSJaftSab2kTTsj7fLxvM","6ix9ine,DJ SpinKing",61,True,154565,0.779,0.767,-5.462,0.258,0.00214,0.0,0.102,0.523,91.981,1
71d7LaAgPcNcUopu3OzmP7,Make It Rain (feat. Rowdy Rebel),"0eDvMgVFoNV3TpwtrVCoTj,6LXRvV2OAtXF7685fzh3mj","Pop Smoke,Rowdy Rebel",61,True,202443,0.5,0.767,-4.105,0.403,0.162,9.79e-05,0.385,0.58,159.477,1
28fRkU3vhqAJdl9i9458pQ,MARYLEAN (feat. Marracash) - prod. Low Kidd,"7Do8se3ZoaVqUt3woqqSrD,3hBQ4zniNdQf1cqqo6hzuW,1TAoToVD5ZWFGxZE0Alzly,5AZuEF0feCXMkUCwQiQlW7","MACHETE,Salmo,Nitro,Marracash",61,True,144097,0.722,0.646,-6.743,0.31,0.0776,0.0,0.594,0.661,136.955,1
05ZXXyeZFhZtA6DAP3Aw7x,Loca (feat. Cali y El Dandee),"6ModsWtBph2rE6zCTVxvZt,5DUlefCLzVRzNWaNURTFpK","Maite Perroni,Cali Y El Dandee",61,False,234366,0.751,0.839,-3.367,0.054,0.11,0.0,0.0865,0.639,95.019,1
3uhTOxvu2h2YEm0uPNF2vi,Doch in der Nacht,1qQLhymHXFPtP5U8KNKsm6,Apache 207,61,True,191760,0.9,0.832,-6.906,0.0739,0.121,0.25,0.213,0.706,130.994,0
1Dp7JGFNjvg8Nk0CtMCcnr,Hard Feelings/Loveless,163tK9Wjr9P9DmM0AVK7lm,Lorde,61,True,367391,0.487,0.445,-10.959,0.113,0.0328,0.0104,0.0778,0.18,97.031,0
5xbrhx2tMMcN68IT3cJbhS,Ayala (Outro),15UsOTVnJzReFVN1VCnxy4,XXXTENTACION,61,True,99706,0.57,0.285,-14.125,0.0381,0.737,0.0133,0.108,0.0973,83.485,0
6Xyn0CrKfHeAo5eI8I1cDj,Run For Cover,0C0XlULifJtAgn6ZNCW2eu,The Killers,61,False,222146,0.461,0.957,-3.306,0.139,0.00156,0.00385,0.313,0.461,165.092,0
6nDSLDomNqfet6w0r1GHAz,RELENTLESS (feat. Lil Uzi Vert),"2hlmm7s2ICUX0LVIhVFlZQ,4O15NlyKLIASxsJ0PrXPfz","Gunna,Lil Uzi Vert",61,True,168106,0.881,0.517,-8.916,0.308,0.0115,0.0,0.151,0.786,115.084,1
4L0Iwsk1s8cbdBcEgdm8K5,Feu de bois,2UwqpfQtNuhBwviIC0f2ie,Damso,61,True,183306,0.789,0.633,-6.269,0.0734,0.256,1.31e-06,0.092,0.262,138.097,0
24bnCCysWnbNRNUT4LpHcP,Everything We Need,"5K4W6rqBFWDnAN6FQUkS6x,7c0XG5cIJTrrAgEC3ULPiq,028lPW2NdWHdSPCkRkcyhd","Kanye West,Ty Dolla $ign,Ant Clemons",61,False,116559,0.894,0.416,-6.823,0.0538,0.312,0.0,0.146,0.463,116.96,1
4N1c5rmWOzRmB9SMacr5wB,Loco Enamorado,"2bxxlINUlcMQQb39K7IopR,329e4yvIujISKGKz1BZZbO,2fC8dVxeS2bsfIDvFj1M4V","Abraham Mateo,Farruko,Christian Daniel",61,False,252200,0.69,0.872,-2.984,0.0588,0.226,0.0,0.0858,0.731,94.0,1
5S1IUPueD0xE0vj4zU3nSf,Bigger Than You (feat. Drake & Quavo),"17lzZA2AlOHwCwFALHttmp,3TVXtAsR1Inumwj472S9r4,0VRj0yCOv2FXJNP47XQnx5","2 Chainz,Drake,Quavo",61,True,225893,0.888,0.515,-6.246,0.271,0.247,0.0,0.446,0.264,141.009,1
76MjtLfZoTNc3BDqUVjuRH,Patek,"1RyvyyTE3xzB2ZywiAwp0i,4O15NlyKLIASxsJ0PrXPfz","Future,Lil Uzi Vert",61,True,280665,0.801,0.596,-4.72,0.0534,0.00301,0.0,0.162,0.134,120.028,1
4ot7u8Ij91aHKohSV2QYZi,Water,0cGUm45nv7Z6M6qdXYQGTX,Kehlani,61,True,122813,0.771,0.513,-7.156,0.0778,0.434,1.21e-05,0.0985,0.51,142.049,0
3Ytr1SUCUi6J3L9dRFx5iH,"Know No Better (feat. Travis Scott, Camila Cabello & Quavo)","738wLrAtLtCtFOLvQBXOXp,0Y5tJX1MQlPlqiwlOH1tJY,4nDoRrQiYLoBzwC5BhVJzF,0VRj0yCOv2FXJNP47XQnx5","Major Lazer,Travis Scott,Camila Cabello,Quavo",61,False,225849,0.738,0.814,-4.414,0.0999,0.132,9.64e-06,0.126,0.483,119.041,1
2DhNdoHxavs7Qtf5MnhZD0,EN CASITA,"4q3ewBCX7sLwd24euuV69X,1A8aoDrchH5aefQYBCfpLv","Bad Bunny,Gabriela",61,False,176440,0.779,0.764,-8.217,0.0938,0.221,0.000669,0.0909,0.675,158.093,1
3QVIBuVrIe5IHOZepa7JBZ,Slipknot,"15UsOTVnJzReFVN1VCnxy4,6HhsbprrJmKeaH8SgSlGge,0zPILh9oEH0fDagpkHTQQ8","XXXTENTACION,Kin$oul,Killstation",61,True,209098,0.448,0.541,-11.34,0.397,0.47,0.0,0.1,0.237,81.92,1
740kQ8xwSGloumdiKR5Cwz,Trillionaire (feat. Youngboy Never Broke Again),"1RyvyyTE3xzB2ZywiAwp0i,7wlFDEWiM5OoIAt8RSli8b","Future,YoungBoy Never Broke Again",61,True,167551,0.768,0.526,-7.182,0.209,0.237,0.0,0.139,0.473,139.999,1
2x8TNY9KwNvD19gVGs4WOP,Ela É do Tipo,2UMj7NCbuqy1yUZmiSYGjJ,MC Kevin o Chris,61,False,204930,0.632,0.398,-6.615,0.373,0.945,0.0,0.228,0.633,90.695,0
6YndZBGmLySgsVScckWkmO,Take Yourself Home,3WGpXCj9YhhfX11TToZcXP,Troye Sivan,61,False,249369,0.364,0.606,-9.188,0.0831,0.0748,0.000322,0.106,0.289,99.73,0
2XaInsPPUkZRkY4uFJ3AHK,Met Gala (feat. Offset),"13y7CgLHjMVRMDqxdx0Xdo,4DdkRBBYG6Yk9Ka8tdJ9BW","Gucci Mane,Offset",61,True,209142,0.817,0.587,-6.502,0.108,0.052,0.00165,0.185,0.352,140.062,1
7vuTcvFnvlqWlWb4u60nvY,Toy,4Z4afeDmHFxPmJorIwupbZ,Netta,61,False,180230,0.786,0.712,-5.349,0.0677,0.0696,0.0,0.236,0.795,130.144,0
3R4Xk37WTagjzODMNEQLvs,Bullet In A Gun,53XhwfbYqKCa1cC15pYq2q,Imagine Dragons,61,False,204853,0.816,0.735,-5.49,0.0539,0.16,0.000108,0.0665,0.476,130.029,0
1hoLUVBx0ixX3kn0EX0P5n,Kein Wort,"4sg4no0TXdsrM1s4SVUwNF,2Im8m4STDBosjfmb5hmP80,76dRoxKtDwYkgCQePok9cU","Juju,Loredana,Miksu / Macloud",61,False,162093,0.746,0.592,-6.861,0.0914,0.462,1.17e-05,0.187,0.629,160.065,1
6zZhlOWizcEG1T7zsTdI6N,IDGAF,2kCcBybjl3SAtIcwdWpUe3,Lil Peep,61,True,214293,0.615,0.66,-5.55,0.032,0.0298,0.0,0.106,0.185,115.037,0
2P0NiuAfypaw5UZJoo0n0o,It Might Be Time,5INjqkS1o8h1imAzPqGZBb,Tame Impala,61,False,273026,0.586,0.786,-3.768,0.0484,0.0212,9.35e-05,0.642,0.326,115.959,0
5kbps8unnGH4raN5WduZuq,Confía,"77ziqFxp5gaInVrF2lj4ht,4VMYDCV2IEDYJArk749S6m","Sech,Daddy Yankee",61,False,202308,0.722,0.757,-3.592,0.0782,0.17,1.31e-05,0.0657,0.763,167.987,1
0Y4hwUppbGc8aIBmiTz30A,Familiar,"5pUo3fmmHT8bhCyHE52hA6,1vyhD5VmyZ7KMfW5gqLgo5","Liam Payne,J Balvin",61,False,196552,0.636,0.805,-4.594,0.327,0.0161,0.0,0.0793,0.908,92.958,1
54h8xHewdRPnYzmbEHBhOO,I’ll Make It Up To You,53XhwfbYqKCa1cC15pYq2q,Imagine Dragons,61,False,262600,0.512,0.685,-7.475,0.0838,0.00994,0.0219,0.38,0.163,177.031,0
1uRBbjQ3uNFXCncWyNomHf,Only,53XhwfbYqKCa1cC15pYq2q,Imagine Dragons,61,False,180733,0.691,0.803,-5.029,0.0355,0.015,0.0,0.0862,0.424,104.997,0
5QskYLFPX9y7pLU0VEMNbr,Like To Be You (feat. Julia Michaels),"7n2wHs1TKAczGzO7Dd2rGr,0ZED1XzwlLHW4ZaG4lOT6m","Shawn Mendes,Julia Michaels",61,False,159400,0.736,0.45,-9.406,0.228,0.809,0.0,0.108,0.663,153.888,1
1Sl3njkhhz8nrSPZroDQ82,Complicated (feat. Kiiara),"73jBynjsVtofjRpdpRAJGk,1Cs0zKBU1kc0i8ypK3B9ai,2HkAI0YrEcgoR8QdaURqhO,4u5smJBskI6Adzv08PuiUP","Dimitri Vegas & Like Mike,David Guetta,Dimitri Vegas,Kiiara",61,False,184247,0.678,0.819,-3.306,0.0313,0.191,0.0,0.159,0.499,90.004,1
5iZ5wjTTxSIv8Cfrhj6Jla,What That Speed Bout!?,"0NWbwDZY1VkRqFafuQm6wk,0hCNtLu0JehylgoiP8L4Gh,7wlFDEWiM5OoIAt8RSli8b","Mike WiLL Made-It,Nicki Minaj,YoungBoy Never Broke Again",60,True,171165,0.755,0.81,-4.061,0.235,0.125,0.0,0.382,0.297,101.93,1
3Sg3bOiD0kE4D5DcXk48Ds,Genocidal Humanoidz,5eAWCfyUhZtHHtBdNk56l1,System Of A Down,60,False,155286,0.566,0.996,-2.086,0.213,0.0134,7.21e-05,0.311,0.0977,102.944,0
57zQSScHq19ztrMnjWCPBI,Na Raba Toma Tapão,5uYe4bcAXlMP7d4mrOYkML,Niack,60,False,165230,0.962,0.787,1.509,0.0554,0.666,5.74e-05,0.176,0.968,130.003,0
3JdwGk8j7lHN5qdzJZklam,Lovin’ Me (feat. Phoebe Bridgers),"0fA0VVWsXO9YnASrzqfmYu,1r1uxoy19fzMxunt3ONAkG","Kid Cudi,Phoebe Bridgers",60,False,165893,0.604,0.605,-7.861,0.0415,0.152,0.000845,0.157,0.168,141.527,1
6LUE5WlMgrpLouGxzJAUVv,Run It Up (feat. Pop Smoke),"7rkW85dBwwrJtlHRDkJDAC,0eDvMgVFoNV3TpwtrVCoTj","NAV,Pop Smoke",60,True,179371,0.874,0.656,-6.478,0.091,0.585,0.0,0.251,0.561,134.022,1
0bMyxvtbPa7HFemLjzw0xX,Young Wheezy (with Gunna),"7rkW85dBwwrJtlHRDkJDAC,2hlmm7s2ICUX0LVIhVFlZQ","NAV,Gunna",60,True,151481,0.917,0.529,-3.785,0.101,0.00998,0.0,0.0884,0.289,122.0,1
1QgTBfRN5m81a5K01qens6,444+222,4O15NlyKLIASxsJ0PrXPfz,Lil Uzi Vert,60,True,247347,0.791,0.513,-6.568,0.269,0.0235,2.83e-05,0.101,0.481,76.997,0
4NmE2ytXI8S2svTRSmEdpO,Small Talk,6jJ0s89eD6GaHleKKya26X,Katy Perry,60,False,161962,0.846,0.631,-5.547,0.1,0.203,0.0,0.455,0.602,115.999,0
2dqLk7ezV15LEJEwUmEbXB,Down,1xHQO9GJIW9OXHxGBISYc5,Marian Hill,60,False,197773,0.593,0.362,-14.701,0.273,0.684,0.00294,0.125,0.0522,169.998,0
24QjawKdGJmsAIVe3EhzGH,F&MU,0cGUm45nv7Z6M6qdXYQGTX,Kehlani,60,True,134853,0.717,0.597,-4.465,0.0838,0.383,0.0,0.14,0.44,77.048,0
3rRin3LyLY92kpEbkCgwf4,Basta Você Me Ligar - Ao Vivo,"5Lv2GUVwqmQBPwrTrxucE5,43DRDu6nLSeIedZ7T1A616","Os Barões Da Pisadinha,Xand Avião",60,False,182976,0.599,0.914,-2.415,0.0629,0.5,0.0,0.694,0.831,168.008,1
5cpw6QKJcoXzpNBLNUJx2i,Saved My Life,5WUlDfRSoLAfcVSX1WnrxN,Sia,60,False,235531,0.682,0.503,-5.934,0.0417,0.213,0.0,0.0944,0.382,113.988,0
2yuyaYAELoMG4ApV5wJsWR,Curve (feat. The Weeknd),"13y7CgLHjMVRMDqxdx0Xdo,1Xyo4u8uXC1ZmMpatF05PJ","Gucci Mane,The Weeknd",60,True,161989,0.76,0.476,-8.103,0.241,0.294,0.0,0.1,0.354,147.01,1
1PnAx788sAvcI3ZxTlEyX8,Second Emotion (feat. Travis Scott),"1uNFoZAHBGtllmzznpCI3s,0Y5tJX1MQlPlqiwlOH1tJY","Justin Bieber,Travis Scott",60,False,202720,0.796,0.777,-6.112,0.0567,0.0276,2.87e-05,0.095,0.96,141.97,1
021lWIHJrURZrmvYQ1xcM8,All Bad (feat. Lil Uzi Vert),"1RyvyyTE3xzB2ZywiAwp0i,4O15NlyKLIASxsJ0PrXPfz","Future,Lil Uzi Vert",60,True,207738,0.931,0.667,-7.043,0.318,0.0144,0.0,0.15,0.667,142.039,1
0xl1w2q4VLojeXp4JfazPL,Sacrifices,"3TVXtAsR1Inumwj472S9r4,17lzZA2AlOHwCwFALHttmp,50co4Is1HCEo8bhOyUWKpn","Drake,2 Chainz,Young Thug",60,True,307593,0.903,0.439,-11.813,0.397,0.0407,0.0,0.138,0.532,139.112,1
4NmOJQxl9UZItUQQtMDYBb,The Truth,"23fqKkggKUBHNkbKtXEls4,6eVWXmKBW7Iltub01D9R1c","Kygo,Valerie Broussard",60,False,193747,0.629,0.539,-7.006,0.063,0.166,0.0,0.189,0.316,109.885,1
02mYw61RoS1vXvkD9Q5dpN,BLINDFOLD (feat. Lil Baby),"2hlmm7s2ICUX0LVIhVFlZQ,5f7VJjfbwm532GiveGC0ZK","Gunna,Lil Baby",60,True,154666,0.889,0.507,-8.74,0.162,0.0562,0.0,0.116,0.219,111.994,1
3qHgGyJY4GpXNOK4WL4NSo,Red Eye,7wlFDEWiM5OoIAt8RSli8b,YoungBoy Never Broke Again,60,True,156076,0.485,0.814,-3.907,0.138,0.217,0.0,0.112,0.327,159.894,0
1xcOYJxDa5pObgxY1r0I9c,I'm Sorry,4O15NlyKLIASxsJ0PrXPfz,Lil Uzi Vert,60,True,211882,0.858,0.547,-5.822,0.29,0.213,0.0,0.104,0.303,128.02,0
7xE4vKvjqUTtHyJ9zi0k1q,Someone In The Crowd,"68Uwx1d3EbjDJhYsLjqvIq,13kKxNPnxPeeWQaAaZwvCP,4FFGJ9ERSX06Sl8hD7GRVv,21yiGQIpkiP8edfxDipQaW","Emma Stone,Callie Hernandez,Sonoya Mizuno,Jessica Rothe",60,False,259613,0.618,0.542,-9.155,0.193,0.0915,1.18e-05,0.223,0.273,127.91,1
1R17cgUv6HeQFa78dzqb7s,Mia & Sebastian’s Theme,2snm3HmsnDUDxbIChdl2Oj,Justin Hurwitz,60,False,96893,0.429,0.188,-16.252,0.0568,0.977,0.903,0.145,0.184,97.382,0
08TILUAN56HJoS1d9mNRty,Circles,181bsRPaVXVlUKXrxwZfHK,Megan Thee Stallion,60,True,170641,0.842,0.789,-8.733,0.178,0.0265,0.0,0.355,0.795,111.113,0
7Ed6BkggCS2KaKY5YlINaF,MIC Drop (feat. Desiigner) [Steve Aoki Remix],"3Nrfpe0tUJi4K4DXYWgMUX,7pFeBzX627ff0VnN6bxPR4,77AiFEVeAVj2ORpC85QVJs","BTS,Desiigner,Steve Aoki",60,False,238726,0.613,0.842,-4.332,0.219,0.0157,0.0,0.23,0.645,169.917,1
08ir631EiCA7xIms7JDp15,Book of Rhymes (feat. DJ Premier),"7dGJo4pcD2V6oG8kP0tJRR,6GEykX11lQqp92UVOQQCC7","Eminem,DJ Premier",60,True,289914,0.846,0.758,-5.364,0.279,0.264,0.0,0.0874,0.47,134.324,1
7IP0lO9tHfNwBWZ9X6TJ84,Single Again,0c173mlxpT3dSFRgMO8XPh,Big Sean,60,True,213733,0.635,0.677,-5.548,0.0909,0.161,0.0,0.154,0.253,94.95,0
3RZftiuTcLOqpsd8ZlwNhr,Hop Off A Jet (feat. Travis Scott),"50co4Is1HCEo8bhOyUWKpn,0Y5tJX1MQlPlqiwlOH1tJY","Young Thug,Travis Scott",60,True,174066,0.823,0.476,-8.951,0.242,0.0115,0.0,0.213,0.353,144.998,1
7Hc3YL8oDiAzbiAW32KXrw,Dive,0fA0VVWsXO9YnASrzqfmYu,Kid Cudi,60,True,148706,0.64,0.621,-8.269,0.0679,0.67,0.0,0.36,0.332,123.105,0
67LB1vZuG114LqRN8h8bQ2,Recap (feat. Don Toliver),"7rkW85dBwwrJtlHRDkJDAC,4Gso3d4CscCijv0lmajZWs","NAV,Don Toliver",60,True,143824,0.838,0.609,-5.161,0.0502,0.231,0.0,0.0983,0.6,127.963,1
5p3JJehpKHjr9pJT5eD2Lz,Que Se Joda,"2R21vXR83lH98kGeO99Y66,329e4yvIujISKGKz1BZZbO,1pgDilWYDWLoOgGjf1iHNu","Anuel AA,Farruko,Zion",60,True,226160,0.624,0.888,-2.13,0.099,0.238,0.0,0.317,0.824,180.088,1
01I9AEz658sQnQzCL3K3QG,HOES UP G'S DOWN,0JBdTCGs111JKKYfLqOEBa,Shirin David,60,True,130306,0.73,0.777,-6.375,0.29,0.0455,0.00106,0.0759,0.578,177.865,0
5i50gKdLAjjIr7UxRT5IVy,Alguien Robo,"07YUOmWljBTXwIseAUd9TW,2ayNSoKPCRAfjp6hQ76hRu,3E6xrwgnVfYCrCs0ePERDz","Sebastian Yatra,Nacho,Wisin",60,False,224360,0.745,0.921,-2.674,0.082,0.0897,0.0,0.178,0.651,92.973,1
5TmZYdHW6HJ9gt7Aokuql5,SUTRA,"07YUOmWljBTXwIseAUd9TW,3jGlU8UMMo44I2xeLQ6FD3","Sebastian Yatra,Dalmata",60,False,203400,0.746,0.745,-3.311,0.146,0.0474,1.71e-06,0.15,0.828,180.081,1
4zzzZ1UNfr75ASG1lUE9L1,Stay - Album Version (Edited),"5pKCCKE2ajJHZ9KAiaK11H,1buzCmyYZE4kcdLRudsb8V","Rihanna,Mikky Ekko",60,False,240706,0.621,0.31,-10.164,0.0283,0.945,6.12e-05,0.117,0.125,111.893,1
56NDFbD0tCUawnqeU2wcvv,Girls Love Beyoncé (feat. James Fauntleroy),"3TVXtAsR1Inumwj472S9r4,5ooSG9S0glqP5ZrqqaHBvT","Drake,James Fauntleroy",60,True,225011,0.619,0.489,-11.25,0.46,0.782,0.0,0.106,0.328,126.046,1
4kVo85bcmBkvMBcJl42XCA,On The Loose,1Hsdzj7Dlq2I7tHP7501T4,Niall Horan,60,False,223814,0.721,0.613,-7.051,0.0332,0.00745,2.55e-06,0.125,0.665,124.012,0
1Sb7QJRawbARgpMqyYNMkT,Distant,"6L34dW6SKMSDaGIfYDU19j,6Te49r3A6f5BiIgBRxH7FH","Maes,Ninho",60,True,162013,0.786,0.732,-6.254,0.176,0.545,0.0,0.0643,0.447,105.031,1
6mf7BNgXs8JipPr2QILnyN,Champion Of The World,4gzpq5DPGxSnKTe4SA8HAU,Coldplay,60,False,257546,0.503,0.594,-7.095,0.0263,0.00276,0.0102,0.109,0.168,108.9,0
1wLQwg0mloy3yXjL0jPE0N,Run,7jy3rLJdDQY21OgRLCZ9sD,Foo Fighters,60,False,323373,0.365,0.892,-8.036,0.0786,3.31e-05,0.0948,0.751,0.176,136.133,0
0G9vbgmLrDqjV4NUCSrsIg,Loose (feat. KSI),"71jSVPQ6yskfyvWeiwvT5s,1nzgtKYFckznkcVMR3Gg4z","S1mba,KSI",60,True,152436,0.837,0.624,-4.884,0.0763,0.0434,0.0,0.141,0.725,108.983,1
2a3dopgTF1q4rMVDJ1rwBU,Push My Luck,69GGBxA162lTqCwzJG5jLp,The Chainsmokers,60,False,181853,0.584,0.643,-6.415,0.0395,0.288,0.0,0.186,0.53,90.036,0
0pJPdSVti6cTM1Q6xYGmcf,Faking It (feat. Kehlani & Lil Yachty),"7CajNmpbOovFoOoasH2HaY,0cGUm45nv7Z6M6qdXYQGTX,6icQOAFXDZKsumw3YXyusw,4A0TivfinfALCAMJqqjZIk","Calvin Harris,Kehlani,Lil Yachty,Funk Wav",60,True,240093,0.776,0.589,-4.543,0.115,0.319,0.0,0.0715,0.668,120.034,1
6hLkeOMrhZ2CMLBp2of576,Wanted,5Pwc4xIPtQLFEnJriah9YJ,OneRepublic,60,False,136247,0.668,0.534,-6.586,0.0677,0.164,0.0,0.1,0.711,145.816,0
1RqNAiL2toZ59HTjQbFLfM,Leila,1Fg19vpUJpAAPFjnKaVYVW,Reynmen,60,False,169714,0.665,0.735,-6.059,0.0458,0.132,4.98e-06,0.144,0.259,104.952,0
3eo3Dw5OGSWCzJDVHLKE3v,Enséñame,"7cjh6y0V9SsyCrWSXTzwOs,0TeVa4xdLB8vdzjsvKH6Ri,6kaefrHSdAvxhhCVDFTCEL,6ModsWtBph2rE6zCTVxvZt,0aMqt2uGLuHj4eI8oXgVzN,5O8cudluftNZ6PCwRzvYxo,0veZkZPeWoJQ9gt6VAXlkN","RBD,Anahí,Dulce María,Maite Perroni,Christian Chávez,Christopher von Uckermann,Alfonso Herrera",60,False,221853,0.68,0.796,-5.884,0.0588,0.385,0.0,0.375,0.624,80.945,1
0z36JaXXoFXuPuQucKEsdx,ZTFO,0c173mlxpT3dSFRgMO8XPh,Big Sean,60,True,136461,0.72,0.542,-7.583,0.0482,0.0514,3.5e-06,0.136,0.374,74.977,0
5zZWKugaE2ZmnZN77HVfUH,Momentary Bliss (feat. slowthai and Slaves),"3AA28KZvwAUcZuOKwyblJQ,3r1XkJ7vCs8kHBSzGvPLdP,3xByNj8XW17oW0wsJhgzYL","Gorillaz,slowthai,Slaves",60,True,221386,0.641,0.807,-6.73,0.239,0.0851,2.38e-05,0.64,0.712,158.071,1
2qD7VoDYcrAPY0cVEfpsR5,Some que ele vem atrás,"7FNnA9vBm6EKceENgCGRMb,1yR65psqiazQpeM79CcGh8","Anitta,Marília Mendonça",60,False,194771,0.648,0.795,-5.536,0.17,0.0748,0.0,0.38,0.598,180.043,1
6Ll3qUTssdGWMxbwhMud2N,Find You,4Rxn7Im3LGfyRkY2FlHhWi,Nick Jonas,60,False,197893,0.632,0.73,-4.075,0.0338,0.00113,0.0,0.0826,0.311,125.993,0
7F7qwp7VZRVwZsNoddRRgX,Nuestro Amor,"7cjh6y0V9SsyCrWSXTzwOs,0TeVa4xdLB8vdzjsvKH6Ri,6kaefrHSdAvxhhCVDFTCEL,6ModsWtBph2rE6zCTVxvZt,0aMqt2uGLuHj4eI8oXgVzN,5O8cudluftNZ6PCwRzvYxo,0veZkZPeWoJQ9gt6VAXlkN","RBD,Anahí,Dulce María,Maite Perroni,Christian Chávez,Christopher von Uckermann,Alfonso Herrera",60,False,215746,0.541,0.769,-6.253,0.0339,0.0556,1.54e-05,0.17,0.382,129.971,1
56tOMi4N980gmsdUoyaLb3,Rebelde,"7cjh6y0V9SsyCrWSXTzwOs,0TeVa4xdLB8vdzjsvKH6Ri,6kaefrHSdAvxhhCVDFTCEL,6ModsWtBph2rE6zCTVxvZt,0aMqt2uGLuHj4eI8oXgVzN,5O8cudluftNZ6PCwRzvYxo,0veZkZPeWoJQ9gt6VAXlkN","RBD,Anahí,Dulce María,Maite Perroni,Christian Chávez,Christopher von Uckermann,Alfonso Herrera",60,False,214306,0.671,0.782,-6.498,0.047,0.0122,0.0,0.525,0.62,95.011,1
4VLTxHOyFX5FRtkpsFm5Pc,Lithuania (feat. Travis Scott),"0c173mlxpT3dSFRgMO8XPh,0Y5tJX1MQlPlqiwlOH1tJY","Big Sean,Travis Scott",60,True,199250,0.676,0.82,-5.217,0.0554,0.0493,0.0,0.615,0.618,152.028,1
6zrJLhslleCHby0wbUnvVy,Future Nostalgia,6M2wZ9GZgrQXHCFfjv46we,Dua Lipa,60,False,184881,0.875,0.813,-4.502,0.0579,0.00618,0.0,0.321,0.859,114.993,0
4Aykm3xrOFSHrAnv80KUhh,ROCKSTAR (feat. Roddy Ricch) - BLM REMIX,"4r63FhuTkUYltbVAg5TQnk,757aE44tKEUQEqRuT6GnEB","DaBaby,Roddy Ricch",60,True,204546,0.747,0.689,-7.246,0.242,0.197,0.0,0.0884,0.75,89.901,1
39pS70eeDvyCAF3t8NAlVV,Good Drank,"17lzZA2AlOHwCwFALHttmp,13y7CgLHjMVRMDqxdx0Xdo,0VRj0yCOv2FXJNP47XQnx5","2 Chainz,Gucci Mane,Quavo",60,True,222706,0.836,0.776,-0.804,0.239,0.274,0.0,0.113,0.37,130.033,1
1bRO28yzxgO3y3UmNR29TZ,"I Do It (ft. Big Sean, Lil Baby)","55Aa2cqylxrFIXC767Z865,0c173mlxpT3dSFRgMO8XPh,5f7VJjfbwm532GiveGC0ZK","Lil Wayne,Big Sean,Lil Baby",60,True,184440,0.804,0.528,-3.231,0.378,0.125,0.0,0.41,0.321,138.005,1
5dKesZwp6deuhEeW8F1UEi,Hit Contagiante,"2Cra8I2P4OnMkVguqZRVwi,2UMj7NCbuqy1yUZmiSYGjJ,07qgzS86XBNsyrY6MAVDAc,7C7NNCiIFavKH6oDarjp0v","Felipe Original,MC Kevin o Chris,Sodré,JS o Mão de Ouro",60,False,137125,0.819,0.684,-7.169,0.119,0.132,0.0,0.0942,0.959,170.187,1
2TsD9kSbgYx5fSNRsoNURE,POP STAR (feat. Kevin Gates),"4r63FhuTkUYltbVAg5TQnk,1gPhS1zisyXr5dHTYZyiMe","DaBaby,Kevin Gates",60,True,183144,0.815,0.76,-4.632,0.331,0.0242,0.0,0.203,0.729,81.537,1
5hYTyyh2odQKphUbMqc5gN,"How Far I'll Go - From ""Vaiana""",2wUjUUtkb5lvLKcGKsKqsR,Alessia Cara,60,False,175517,0.314,0.555,-9.601,0.37,0.157,0.000108,0.067,0.159,179.666,0
6uAFJ75WDAoAPyCWJAtvks,Good In Bed,6M2wZ9GZgrQXHCFfjv46we,Dua Lipa,60,True,218754,0.68,0.701,-5.001,0.0917,0.138,0.000191,0.168,0.649,94.06,0
6xRWoYwfwIKnT8bQGzKbxR,God Is,5K4W6rqBFWDnAN6FQUkS6x,Kanye West,60,False,203141,0.656,0.637,-3.867,0.0256,0.34,0.0,0.187,0.267,105.037,0
1OfLNb6dQ9dra1B58iT9Ex,3am,26VFTg2z8YR0cCuwLzESi2,Halsey,60,True,234858,0.385,0.871,-4.604,0.0795,0.00906,0.0,0.579,0.538,189.76,0
3dJj6o9o1fRgrojWjailuz,Nobody Can Save Me,6XyY86QOPPrYVGvF9ch6wz,Linkin Park,60,False,225546,0.645,0.688,-4.749,0.0341,0.0107,0.0,0.186,0.433,139.957,0
1cG0umU5TKStygKsPFZ9pY,Shed a Light,"3t5xRXzsuZmMDkQzgOX35S,1Cs0zKBU1kc0i8ypK3B9ai,7DMveApC7UnC2NPfPvlHSU","Robin Schulz,David Guetta,Cheat Codes",60,False,191379,0.483,0.787,-5.244,0.102,0.112,0.0,0.257,0.58,122.058,1
3X3TlieuOl8aWzw2HeigUo,So Done (feat. Khalid),"3DiDSECUqqY1AuBP8qtaIa,6LuN9FCkKOj5PcnpouEgny","Alicia Keys,Khalid",60,False,234866,0.399,0.459,-6.359,0.0938,0.813,0.0,0.11,0.375,82.528,1
5F8ffc8KWKNawllr5WsW0r,Surtada - Remix Brega Funk,"36SRwzRkX5zW3ABjJrevqX,0e68cnJyUTJu1nEuxxMSLm,1B5n6jsxvFldc6Nq8Wx8VJ","Dadá Boladão,Tati Zaqui,OIK",60,False,152783,0.832,0.55,-7.026,0.0587,0.249,8.17e-06,0.182,0.881,154.064,1
6ofuqm2qLMi9lBFEF9mJMb,Hasta Que Salga el Sol,1i8SpTcr7yvPOmcqrbnVXY,Ozuna,60,False,188480,0.857,0.823,-4.22,0.0516,0.0206,0.00077,0.0593,0.57,96.048,0
4FnWH9l7gxQmrNpfA5AZKP,LIFE LIFE,2UwqpfQtNuhBwviIC0f2ie,Damso,60,True,160666,0.851,0.62,-7.621,0.206,0.195,1.15e-05,0.228,0.276,122.003,0
32arZ09m8FH1vTNJn2xdmH,COEUR EN MIETTES,"2UwqpfQtNuhBwviIC0f2ie,2HPiMwJktBXqakN0hnON2R","Damso,Lous and The Yakuza",60,True,208040,0.715,0.595,-8.578,0.0464,0.64,0.00586,0.122,0.775,139.952,1
3CJbxqRQ0JNCqboWDNUUeX,"I Will (feat. KXNG Crooked, Royce Da 5'9"" & Joell Ortiz)","7dGJo4pcD2V6oG8kP0tJRR,6fFfnKGVI6X3lkCr8Qw1g1,6DVipHzYsPlIoA0DW8Gmns,1q13yHC6Syg5Y8iPLrRnCq","Eminem,KXNG Crooked,Royce Da 5'9"",Joell Ortiz",60,True,303000,0.635,0.543,-5.941,0.067,0.0454,0.000678,0.272,0.036,98.743,1
438wODjSTL2jgn1nePaNew,SUGAR (Remix) [feat. Dua Lipa],"1Bl6wpkWCQ4KVgnASpvzzA,6M2wZ9GZgrQXHCFfjv46we","BROCKHAMPTON,Dua Lipa",60,False,222008,0.661,0.523,-5.902,0.0381,0.483,0.0,0.469,0.536,122.948,1
0fWBFDRTIuk8ZgNdZqhCer,So Good (& Metro Boomin),"0c173mlxpT3dSFRgMO8XPh,0iEtIxbK0KxaSlF7G42ZOp,3u579Gdap91lMptBSdXTpf","Big Sean,Metro Boomin,Kash Doll",60,True,268720,0.619,0.404,-8.333,0.441,0.0144,0.0,0.115,0.566,90.008,1
4BHzHISX21PYwGXiBEUQ70,BBO (Bad Bitches Only),"6oMuImdp5ZcFhWP0ESe6mG,1URnnhqYAYcrqrcwql10ft","Migos,21 Savage",60,True,251858,0.808,0.771,-5.719,0.0645,0.0413,1.29e-06,0.18,0.471,161.94,1
000xQL6tZNLJzIrtIgxqSl,Still Got Time (feat. PARTYNEXTDOOR),"5ZsFI1h6hIdQRw2ti0hz81,2HPaUgqeutzr3jx5a9WyDV","ZAYN,PARTYNEXTDOOR",60,False,188490,0.748,0.627,-6.029,0.0639,0.131,0.0,0.0852,0.524,120.963,1
2WOJ7D52Ng3myrKlEf4Azj,Big Body Benz,1aS5tqEs9ci5P9KD9tZWa6,Bonez MC,60,False,148283,0.884,0.451,-8.969,0.393,0.0731,0.00573,0.268,0.311,94.024,0
7ynCQo1KpBOyTdTdAnjSLZ,Move Your Body - Single Mix,5WUlDfRSoLAfcVSX1WnrxN,Sia,60,False,252080,0.664,0.883,-3.406,0.0353,0.00151,0.0926,0.072,0.381,127.962,0
2qzUpSVI4NnPyWxbXwumTj,BLACK PARADE,6vWDO969PvNqNYHIOW5v0m,Beyoncé,60,True,281272,0.824,0.555,-5.817,0.05,0.00337,6.42e-06,0.217,0.0611,120.002,0
1n4jwRVXdkK2U34nBDUKKT,BLOOD.,2YZyLoL8N0Wb9xBt1NhZWg,Kendrick Lamar,60,True,118066,0.357,0.238,-16.78,0.265,0.142,0.0859,0.55,0.494,156.907,0
67lKDoCZbRCJDa4RT68eme,Secret (feat. Summer Walker),"1URnnhqYAYcrqrcwql10ft,57LYzLEk2LcFghVwuWbcuS","21 Savage,Summer Walker",60,True,210461,0.727,0.496,-10.386,0.178,0.0893,0.00011,0.0987,0.504,130.061,1
2SSyJ6hTS0JeHTg63wVDZ7,Next To You,2EMAnMvWE2eb56ToJVfCWs,Bryson Tiller,60,False,190144,0.639,0.439,-8.425,0.0601,0.0375,3.56e-06,0.0699,0.559,141.408,0
3707IBa4HnS3zDDoWfeUBl,I Warned Myself,6VuMaDnrHyPL1p4EHjYLi7,Charlie Puth,60,False,159782,0.488,0.311,-11.467,0.297,0.562,0.000548,0.161,0.579,184.112,0
3yv7994DWTEk3ihwy75YBQ,Don’t Stop (feat. Young Thug),"181bsRPaVXVlUKXrxwZfHK,50co4Is1HCEo8bhOyUWKpn","Megan Thee Stallion,Young Thug",60,True,187940,0.933,0.757,-3.212,0.117,0.00184,0.0,0.135,0.544,137.993,1
5PfTI3zrQbZEWcQdycMqJM,"Gang Up (with Young Thug, 2 Chainz & Wiz Khalifa feat. PnB Rock)","50co4Is1HCEo8bhOyUWKpn,17lzZA2AlOHwCwFALHttmp,137W8MRPWKqSmrBGDBFSop,21WS9wngs9AqFckK7yYJPM","Young Thug,2 Chainz,Wiz Khalifa,PnB Rock",60,True,231653,0.631,0.732,-4.706,0.203,0.0304,0.0,0.261,0.549,151.779,1
11XegnWeJHBDtj9IsNwngu,Said N Done,"1URnnhqYAYcrqrcwql10ft,0iEtIxbK0KxaSlF7G42ZOp","21 Savage,Metro Boomin",60,True,231831,0.775,0.566,-6.661,0.283,0.0381,0.000341,0.127,0.479,160.351,1
4XLu3tTSZiPFVC9mmuR6Zp,All These Years,4nDoRrQiYLoBzwC5BhVJzF,Camila Cabello,60,False,164373,0.732,0.436,-7.409,0.117,0.609,0.0,0.108,0.475,94.852,0
1JDhNQ0oOT7XpclZn3aQ8F,West Coast Shit (feat. Tyga & Quavo),"0eDvMgVFoNV3TpwtrVCoTj,5LHRHt1k9lMyONurDHEdrp,0VRj0yCOv2FXJNP47XQnx5","Pop Smoke,Tyga,Quavo",60,True,192000,0.831,0.762,-5.656,0.207,0.0885,0.0,0.107,0.495,99.999,1
27qRmG3zOWPvMYUkpPdQ1g,Gan-Ga - Remix,"6w9ToX5slZ4uIdmD17hJ3c,2R21vXR83lH98kGeO99Y66","Bryant Myers,Anuel AA",60,True,193363,0.861,0.572,-6.537,0.415,0.382,0.0,0.0853,0.396,90.052,1
0tPQPaOKM32WgMSbPCYyRH,Dirty Sexy Money (feat. Charli XCX & French Montana),"1Cs0zKBU1kc0i8ypK3B9ai,4D75GcNG95ebPtNvoNVXhz,25uiPmTg16RbhZWAqwLBy5,6vXTefBL93Dj5IqAWq6OTv","David Guetta,Afrojack,Charli XCX,French Montana",60,True,172687,0.721,0.873,-4.741,0.119,0.0789,0.0,0.0824,0.552,79.943,1
3iq9nhbI8fcnNamxMft1uv,Real Friends,4nDoRrQiYLoBzwC5BhVJzF,Camila Cabello,60,False,214386,0.726,0.304,-8.677,0.131,0.839,0.0,0.0853,0.813,91.97,0
4D7NrSeqkTarBrJ80b2sBc,Leaders (feat. NAV),"4O15NlyKLIASxsJ0PrXPfz,7rkW85dBwwrJtlHRDkJDAC","Lil Uzi Vert,NAV",60,True,194843,0.95,0.654,-5.895,0.307,0.0744,0.0,0.138,0.886,132.936,1
4qNWEOMyexn7b8Icyk29t9,Little Engine,7dGJo4pcD2V6oG8kP0tJRR,Eminem,60,True,177293,0.769,0.811,-4.162,0.228,0.0234,0.0,0.0451,0.76,155.081,0
5YxP1CkunbhUQVvctFOHa7,fuck 3x,19i93sA0D7yS9dYoVNBqAA,tha Supreme,60,True,161266,0.655,0.814,-5.472,0.0823,0.0698,0.0,0.107,0.69,180.082,0
6SUocL0caib4mLHe8ZrZzi,Sun Comes Up (feat. James Arthur),"4WN5naL3ofxrVBgFpguzKo,4IWBUUAFIplrNtaOHcJPRM","Rudimental,James Arthur",60,False,232627,0.619,0.858,-5.28,0.0929,0.00791,0.0,0.173,0.23,106.017,1
2xKDKtJBLDPd7BF3VmSQQO,Invincible,2yEwvVSSSUkcLeSTNyHKh8,TOOL,60,False,764456,0.459,0.567,-9.133,0.0571,0.00989,0.786,0.109,0.389,87.477,0
364spZLB5bhNlnPrzvUB41,Reply (feat. Lil Uzi Vert),"31W5EY0aAly4Qieq6OFu6I,4O15NlyKLIASxsJ0PrXPfz","A Boogie Wit da Hoodie,Lil Uzi Vert",60,True,183588,0.512,0.623,-6.553,0.0808,0.0187,0.0,0.13,0.219,112.15,1
4etKC4ngPKsQDHUMnYgV3A,"Down Like That (feat. Rick Ross, Lil Baby & S-X)","1nzgtKYFckznkcVMR3Gg4z,0JYmighF3zbuA81Di54CZN,5f7VJjfbwm532GiveGC0ZK,1sBkRIssrMs1AbVkOJbc7a","KSI,S-X,Lil Baby,Rick Ross",60,True,175462,0.591,0.8,-4.956,0.286,0.353,0.0,0.247,0.592,139.472,1
568OIKgeHyGRD3uWR44JbO,Racks 2 Skinny,6oMuImdp5ZcFhWP0ESe6mG,Migos,60,True,178024,0.814,0.584,-5.425,0.0819,0.00839,0.0,0.0646,0.405,141.016,0
6dNB3XdAzx7kTf5wa8Rg89,Wieso tust Du dir das an?,1qQLhymHXFPtP5U8KNKsm6,Apache 207,60,True,176066,0.857,0.473,-6.962,0.0549,0.296,0.474,0.121,0.461,133.966,0
0WhDotK0QXigmsrlw0DxKK,Evoluiu,"2UMj7NCbuqy1yUZmiSYGjJ,07qgzS86XBNsyrY6MAVDAc","MC Kevin o Chris,Sodré",60,True,179644,0.776,0.465,-6.368,0.434,0.466,0.0,0.363,0.694,149.829,1
7mW8ar9hy7GSeH4lohyOKs,Hope Not,41MozSoPIsD1dJM0CLPjZF,BLACKPINK,60,False,191030,0.556,0.423,-4.998,0.0274,0.441,0.0,0.0867,0.179,110.086,0
7GRTrWsP3yo2Fx8umJfA1X,Freeee (Ghost Town Pt. 2),"2hPgGN4uhvXAxiXQBIXOmE,7c0XG5cIJTrrAgEC3ULPiq","KIDS SEE GHOSTS,Ty Dolla $ign",60,True,206605,0.334,0.81,-4.855,0.0632,0.00457,0.0,0.158,0.306,151.643,1
7GCKSaadrwpoVSiwbEGkfv,Everybody Hates Me,69GGBxA162lTqCwzJG5jLp,The Chainsmokers,60,False,223466,0.471,0.755,-6.612,0.0455,0.00836,0.0,0.368,0.512,154.801,0
2vs5ubqg8QUbfyWZpMfvWe,Astronauts,"1RyvyyTE3xzB2ZywiAwp0i,4MCBfE4596Uoi2O4DtmEMz","Future,Juice WRLD",60,True,169920,0.732,0.586,-7.868,0.232,0.0402,2.66e-06,0.121,0.73,76.48,1
1sPLURKAosM3Jampgp9AWq,Sandra’s Rose,3TVXtAsR1Inumwj472S9r4,Drake,60,True,216333,0.487,0.85,-5.427,0.25,0.047,0.0,0.142,0.523,152.102,0
1fLhGF1JfGQYj6EZLndD86,Baby (feat. MARINA & Luis Fonsi),"6MDME20pz9RveH9rEXvrOM,6CwfuxIqcltXDGjfZsMd9A,4V8Sr092TqfHkfAA5fXXqG","Clean Bandit,MARINA,Luis Fonsi",60,False,205440,0.755,0.74,-5.354,0.04,0.356,1.05e-05,0.0994,0.33,116.946,1
3Kuu5vASpXK8oRsxOvau6P,Think About You,"23fqKkggKUBHNkbKtXEls4,6eVWXmKBW7Iltub01D9R1c","Kygo,Valerie Broussard",60,False,208566,0.673,0.596,-7.891,0.0354,0.166,0.0,0.11,0.19,123.969,1
45PxuJqJBnPXZKLxoo9Apj,SUPERPOSITION,"20wkVLutqVOYrc0kxFs7rA,0hEurMDQu99nJRq8pTxO14","Daniel Caesar,John Mayer",60,True,263794,0.589,0.279,-11.209,0.0408,0.911,0.000128,0.087,0.333,115.656,1
3JJYIoJ5FyY9E0DGjr7SXF,Enemies,5JZ7CnR6gTvEMKX4g70Amv,Lauv,60,False,194754,0.696,0.693,-4.64,0.044,0.175,0.0,0.122,0.601,126.025,0
1DUSuNhF8P5vUGNPpQiZa5,My Bad,6LuN9FCkKOj5PcnpouEgny,Khalid,60,False,166101,0.645,0.568,-9.127,0.0823,0.543,0.266,0.257,0.391,84.999,0
1oUudyBYVGMIC8JXeIsFzq,CLOSE (feat. Travis Scott) - From SR3MM,"7iZtZyCzp3LItcw1wtPI3D,1zNqQNIdeOUZHb8zbZRFMX,7EEiVZvj6RCEtVX2F2pyxu,0Y5tJX1MQlPlqiwlOH1tJY","Rae Sremmurd,Swae Lee,Slim Jxmmi,Travis Scott",60,True,193510,0.691,0.736,-4.993,0.0321,0.104,0.0,0.111,0.0395,140.034,1
4RbbzNY4MEcgzewYWkIsGu,Price On My Head (feat. The Weeknd),"7rkW85dBwwrJtlHRDkJDAC,1Xyo4u8uXC1ZmMpatF05PJ","NAV,The Weeknd",60,True,217775,0.768,0.574,-6.104,0.136,0.384,1.65e-05,0.336,0.278,74.949,1
03nPEoQOYMuDe7KmGljpmd,"No Brainer (feat. Justin Bieber, Chance the Rapper & Quavo)","0QHgL1lAIqAw0HtD7YldmP,1uNFoZAHBGtllmzznpCI3s,1anyVhU62p31KFi8MEzkbf,0VRj0yCOv2FXJNP47XQnx5","DJ Khaled,Justin Bieber,Chance the Rapper,Quavo",60,True,260000,0.527,0.761,-4.708,0.341,0.073,0.0,0.0865,0.653,135.543,1
7wcyO1rrH3Ru4t659IjG41,Crushed Up,1RyvyyTE3xzB2ZywiAwp0i,Future,60,True,149948,0.781,0.597,-6.794,0.23,0.0415,0.0,0.152,0.544,158.043,0
6pGuOWYOFDcSgmVvFWRWSv,The Flute Song,1z7b1Pr1rSlvWRzsW3HOrS,Russ,60,True,147600,0.789,0.524,-7.942,0.273,0.212,0.0,0.221,0.343,138.064,0
0kCqaybZgYcLYxzZymmBoc,"Quem Pegou, Pegou - Ao Vivo",3p7PcrEHaaKLJnPUGOtRlT,Henrique & Juliano,60,False,184325,0.69,0.67,-5.345,0.0317,0.299,0.0,0.749,0.579,104.022,0
50Hv5NZIM0puIUoBttjpfb,King of the Clouds,20JZFwl6HVl6yg8a4H3ZqK,Panic! At The Disco,60,False,160746,0.285,0.922,-1.932,0.247,0.237,0.0,0.159,0.472,198.063,0
2lYTJK94hb0fd1LQtb6Dhk,Don't Leave Me Alone (feat. Anne-Marie),"1Cs0zKBU1kc0i8ypK3B9ai,1zNqDE7qDGCsyzJwohVaoX","David Guetta,Anne-Marie",60,False,183750,0.659,0.738,-5.072,0.0477,0.118,0.0,0.115,0.481,127.95,1
7sFYVcKSb24qg0dAkqLEFj,Mi Cama,790FomKkXshlbRYZFtlgla,KAROL G,60,False,151400,0.826,0.815,-4.773,0.0875,0.222,6.96e-05,0.0964,0.68,163.073,0
4YhN72dRYL2Z3MsaKyT7rS,Stay (Don't Go Away) [feat. Raye],"1Cs0zKBU1kc0i8ypK3B9ai,5KKpBU5eC2tJDzf0wmlRp2","David Guetta,RAYE",60,False,185942,0.669,0.797,-5.68,0.0624,0.259,0.0,0.199,0.552,119.865,1
6Dma0t0hOe6Bd6u5YRKF3n,"No New Friends (feat. Sia, Diplo, and Labrinth)","5WUlDfRSoLAfcVSX1WnrxN,5fMUXHkw8R8eOP2RNVYEZX,2feDdbD5araYcm6JhFHHw7,6IZ4ctovY9dl7bgHClAvKJ","Sia,Diplo,Labrinth,LSD",60,False,175826,0.725,0.703,-4.641,0.0466,0.0632,0.000251,0.14,0.638,106.032,1
4178A5NkEjcsGc64jpBO6d,Calypso,"4V8Sr092TqfHkfAA5fXXqG,2ExGrw6XpbtUAJHTLtUXUD","Luis Fonsi,Stefflon Don",60,False,200346,0.866,0.859,-3.087,0.0587,0.138,0.0,0.401,0.923,109.972,1
3xBHLZwRfi0fjO9euaj5zf,WRLD On Drugs,"1RyvyyTE3xzB2ZywiAwp0i,4MCBfE4596Uoi2O4DtmEMz","Future,Juice WRLD",60,True,217000,0.819,0.719,-8.084,0.168,0.0172,1.11e-05,0.107,0.575,149.97,1
3F57PtOdqRpD6euFYqtKXX,I Am (Lil Baby & Gunna),"5f7VJjfbwm532GiveGC0ZK,2hlmm7s2ICUX0LVIhVFlZQ","Lil Baby,Gunna",60,True,145059,0.822,0.461,-6.506,0.449,0.328,0.0,0.122,0.268,130.003,1
1s3XtkdfT3obSCbQVWtvX9,La misère est si belle,3NH8t45zOTqzlZgBvZRjvB,PNL,60,True,304524,0.803,0.624,-6.764,0.0477,0.451,0.000734,0.1,0.628,95.968,0
74ZovzRxHBvCq5yIwe8boh,OKRA,4V8LLVI7PbaPR0K2TGSxFF,"Tyler, The Creator",60,True,151026,0.589,0.57,-9.54,0.361,0.0456,1.51e-06,0.137,0.441,136.203,0
0sXvjZV7p4uvyPN4uQo3FH,Neon Gravestones,3YQKmKGau1PzlVlkL1iodx,Twenty One Pilots,60,False,240266,0.73,0.427,-9.834,0.138,0.379,0.000309,0.0893,0.392,149.45,0
1HpzOCZbNWzxvvXfSGtSrX,Find U Again (feat. Camila Cabello),"3hv9jJF3adDNsBSIQDqcjp,4nDoRrQiYLoBzwC5BhVJzF","Mark Ronson,Camila Cabello",60,False,176416,0.605,0.664,-7.162,0.0316,0.00548,3e-06,0.204,0.164,103.997,1
5ExHDzOoOhC4xZGPh9zyQZ,Shorty,"1RyvyyTE3xzB2ZywiAwp0i,4MCBfE4596Uoi2O4DtmEMz","Future,Juice WRLD",60,True,121000,0.795,0.386,-10.638,0.18,0.245,0.0,0.0973,0.619,131.971,1
4DnHUy01jEA4b5ydC3HgsT,Live It Up - Official Song 2018 FIFA World Cup Russia,"1SupJlEpv7RS2tPNRaHViT,41qil2VaGbD194gaEcmmyx,4poL7YCSkG7kMnWjAdDU91","Nicky Jam,Will Smith,Era Istrefi",60,False,207977,0.582,0.944,-0.928,0.185,0.00573,1.27e-06,0.547,0.8,143.97,1
1ob7M7lGdLSE0IWi2ymy6x,KOODA,7gZfnEnfiaHzxARJ2LeXrf,6ix9ine,60,True,142582,0.889,0.649,-4.409,0.33,0.169,0.0,0.228,0.169,91.197,0
3hhs1XHsWvbH0mP9D1BT2Z,Stop Snitchin,0A0FS04o6zMoto8OKPsDwY,YG,60,True,149880,0.924,0.714,-5.502,0.282,0.00479,4.56e-06,0.172,0.601,90.468,0
7iEoaTyBCqLaAwJnOP1BTn,The Games We Play,0ONHkAv9pCAFxb0zJwDNTy,Pusha T,60,True,166120,0.694,0.796,-3.696,0.198,0.0713,0.0163,0.096,0.592,78.033,0
6kXNnS7JJz0nAv4XEwEmQJ,Heart Upon My Sleeve (feat. Imagine Dragons),"1vCWHaC5f2uS3yhpwWbIA6,53XhwfbYqKCa1cC15pYq2q","Avicii,Imagine Dragons",60,False,254165,0.588,0.601,-5.983,0.0332,0.316,0.0,0.148,0.38,126.06,1
5yNEdBlZMxpcVtGKz5NFk5,Side Effects,"69GGBxA162lTqCwzJG5jLp,1oKdM70mJD8VvDOTKeS8t1","The Chainsmokers,Emily Warren",60,False,172746,0.673,0.71,-6.744,0.0324,0.00277,0.0,0.55,0.54,110.017,1
0JR7iZZ6Ql79sXW3rbiS3F,Ain't Livin Right (feat. Gunna),"1RyvyyTE3xzB2ZywiAwp0i,4MCBfE4596Uoi2O4DtmEMz,2hlmm7s2ICUX0LVIhVFlZQ","Future,Juice WRLD,Gunna",60,True,230533,0.755,0.503,-8.06,0.206,0.0492,0.0,0.226,0.524,142.011,1
6BKAKoo7J2vwJGZJs5dhGD,CrasH,5IcR3N7QB1j6KBL8eImZ8m,ScHoolboy Q,60,True,161480,0.825,0.644,-6.001,0.175,0.0311,0.0,0.086,0.79,132.019,0
5xzCzOAOfRi4DOttSzvznR,Lullaby,"1IueXOQyABrMOprrzwQJWN,4fwuXg6XQHfdlOdmw36OHa","Sigala,Paloma Faith",60,False,204022,0.725,0.834,-3.913,0.037,0.0784,1.27e-05,0.0834,0.859,120.026,1
1ABQT5SxlUTNapSbSzblGx,F9mily (You & Me),"7jVv8c5Fj3E9VhNjxT4snq,4exLIFE8sISLr28sqG1qNX","Lil Nas X,Travis Barker",60,False,162720,0.556,0.534,-7.75,0.0332,0.019,0.00063,0.0859,0.408,170.054,1
5J64qSSq0VZuh0CiI9o9Nq,Tú No Amas,"2T1aUibqR2QC2sINIDQOAK,64aJYyrXljOodnUG6jvhRD,2R21vXR83lH98kGeO99Y66,790FomKkXshlbRYZFtlgla,4SsVbpTthjScTS7U2hmr1X","Mambo Kingz,DJ Luian,Anuel AA,KAROL G,Arcangel",60,False,273321,0.803,0.589,-5.889,0.0954,0.442,1.15e-06,0.634,0.562,140.057,1
7iMDaY1LnASwCk2uUpMtii,High (feat. Elton John),"50co4Is1HCEo8bhOyUWKpn,3PhoLpVuITZKcymswpck5b","Young Thug,Elton John",60,True,195160,0.759,0.498,-10.615,0.0776,0.223,5.84e-05,0.406,0.244,126.972,1
3eG36tERWexe2lm75Ea3Y8,Cheum,4LXBc13z5EWsc5N32bLxfH,Nekfeu,60,True,196026,0.872,0.613,-4.884,0.319,0.265,0.0,0.0819,0.339,139.888,0
1Jl21sidRpEdlVBvYbssLx,Sin (feat. Jaden Smith),"50co4Is1HCEo8bhOyUWKpn,0xOeVMOz2fVg5BJY3N6akT","Young Thug,Jaden",60,True,202533,0.889,0.385,-11.767,0.165,0.00544,0.0,0.274,0.235,125.995,1
3d3k8g4GTVx9EFIFlOZOEX,ZEIG DICH,6wWVKhxIU2cEi0K81v7HvP,Rammstein,60,False,255845,0.545,0.942,-4.283,0.0417,0.00108,0.0246,0.0585,0.365,165.066,0
3ji4bcQugJj5B6NRGYDNwP,Thursday,4ScCswdRlyA23odg9thgIO,Jess Glynne,60,False,216239,0.82,0.582,-4.441,0.0454,0.428,0.0,0.0419,0.309,112.064,0
7hlhojpax9zg2FNdBLY5ox,Because I Had You,7n2wHs1TKAczGzO7Dd2rGr,Shawn Mendes,60,False,142480,0.879,0.338,-9.753,0.106,0.32,0.0,0.312,0.69,102.1,0
6cX1iTffMIAU8lEWSOYIIO,Leanin',2kCcBybjl3SAtIcwdWpUe3,Lil Peep,60,True,206493,0.501,0.486,-6.6,0.0298,0.19,0.0,0.103,0.318,139.872,0
2dKtWPLZvbCzwLRliNn8UI,Can't Love,6Xgp2XMz1fhVYe7i6yNAax,Trippie Redd,60,True,169411,0.842,0.567,-6.504,0.0525,0.00244,1.89e-05,0.168,0.256,135.991,0
739vCwA3EpBSkk3uDsI2wB,Lemon (feat. Drake) - Drake Remix,"5wPoxI5si3eJsYYwyXV4Wi,5pKCCKE2ajJHZ9KAiaK11H,3TVXtAsR1Inumwj472S9r4","N.E.R.D,Rihanna,Drake",60,True,226106,0.777,0.657,-6.434,0.237,0.000738,3.34e-06,0.0932,0.245,189.992,1
2wZjsbwmWfNVslgV5afl1L,Out The Mud,"5f7VJjfbwm532GiveGC0ZK,1RyvyyTE3xzB2ZywiAwp0i","Lil Baby,Future",60,True,157816,0.746,0.497,-5.785,0.149,0.00944,8.6e-05,0.101,0.25,160.051,1
1l9G7M8gNyQsgOGWZGoQsT,Look What I Found,1HY2Jd0NmPuamShAr6KMms,Lady Gaga,60,False,175240,0.849,0.493,-4.1,0.0417,0.456,0.000463,0.133,0.447,97.012,0
74gguwbBvfBTurNJUWFOsC,Largado As Traças - Acústico,487N2T9nIPEHrlTZLL3SQs,Zé Neto & Cristiano,60,False,217846,0.799,0.743,-6.062,0.041,0.587,0.0,0.287,0.669,121.99,0
1KFN3kB4hc6r7ILpifFsqf,Veneno,7FNnA9vBm6EKceENgCGRMb,Anitta,60,False,158004,0.792,0.768,-5.074,0.107,0.046,3.39e-06,0.067,0.295,89.917,0
2FoRvrNWBtrJiSgIjmivKG,Hate Me,2kCcBybjl3SAtIcwdWpUe3,Lil Peep,60,True,180600,0.328,0.619,-7.136,0.282,0.266,1.95e-06,0.178,0.405,67.153,0
1MUL6DO2gVimj2YrVedubd,Creep On Me,"0JOxt5QOwq0czoJxvSc5hS,6vXTefBL93Dj5IqAWq6OTv,540vIaP2JwjQb9dm3aArA4","GASHI,French Montana,DJ Snake",60,False,194777,0.449,0.597,-4.401,0.14,0.347,1.03e-05,0.197,0.505,134.598,1
0nFCpnM7nistUWXRZpzOWM,HO PAURA DI USCIRE 2 - prod. Mace,"7Do8se3ZoaVqUt3woqqSrD,3hBQ4zniNdQf1cqqo6hzuW,0jdNdfi4vAuVi7a6cPDFBM","MACHETE,Salmo,Lazza",60,True,177036,0.838,0.853,-5.126,0.283,0.168,0.0,0.545,0.692,119.939,1
1KXFoiT2n4QXRsFvhWNI4I,Why,7n2wHs1TKAczGzO7Dd2rGr,Shawn Mendes,60,False,238173,0.693,0.416,-9.231,0.0494,0.649,1.62e-06,0.0631,0.235,127.027,0
7dxKdQC9Vo1hDxIUnt1z0Q,Rollercoaster,7gOdHgIoIKoe4i9Tta6qdD,Jonas Brothers,60,False,181813,0.697,0.58,-7.986,0.0451,0.0583,0.0,0.393,0.467,123.977,0
2hgk8iKN9UdoM4ILlJ9F5N,Love Her,7gOdHgIoIKoe4i9Tta6qdD,Jonas Brothers,60,False,193133,0.74,0.337,-6.039,0.0282,0.178,0.0,0.0944,0.56,103.002,0
2B1fuWoWaYnCXbjYp1gXg5,Boomerang,53XhwfbYqKCa1cC15pYq2q,Imagine Dragons,60,False,187800,0.429,0.559,-7.493,0.152,0.139,0.00928,0.121,0.347,100.073,0
76KDy62J99FKu6ZsxMJy3j,Amor de Verdade,"2ZXnTEyYopSLCDiz5Z0XIf,5yES5e4EJpUB0tfmWi3eao","MC Kekel,MC Rita",60,False,197333,0.638,0.724,-7.966,0.0851,0.138,0.0,0.112,0.461,120.235,1
7p0tz5SeCrSxTLSvwR8W3D,Let You Know,"6nxWCVXbOlEVRexSbLsTer,3Bd1cgCjtCI32PYvDC3ynO","Flume,London Grammar",60,False,199579,0.759,0.694,-4.075,0.0418,0.0544,0.0,0.131,0.374,117.056,1
4uCbetXW9LStYPUjCpBVp9,Son of a Preacher Man,7nwUJBm0HE4ZxD3f5cy5ok,Aretha Franklin,60,False,199266,0.474,0.473,-11.454,0.0601,0.545,1.25e-06,0.0356,0.561,77.583,0
64A5aseVdsvdNOjobGQclN,Letzte Träne,4lDiJcOJ2GLCK6p9q5BgfK,Kontra K,60,False,175922,0.705,0.919,-5.087,0.244,0.435,1.38e-05,0.168,0.607,134.029,0
4TWflhgevIGo448fWc6mQq,Red Room,4DdkRBBYG6Yk9Ka8tdJ9BW,Offset,60,True,241440,0.936,0.559,-8.587,0.157,0.479,0.0,0.128,0.527,112.347,0
5bITfqKGaPakO1l99hOMsI,No Quiero Amarte (feat. Zion & Lennox),"14zUHaJZo1mnYtn6IBRaRP,21451j1KhjAiaYKflxBjr1","Justin Quiles,Zion & Lennox",60,False,235315,0.734,0.793,-4.731,0.0454,0.128,0.0,0.0658,0.511,89.961,1
6HR1z11h0ROUlWP4Kx8Z7G,Mad Stalkers,"1URnnhqYAYcrqrcwql10ft,4DdkRBBYG6Yk9Ka8tdJ9BW,0iEtIxbK0KxaSlF7G42ZOp","21 Savage,Offset,Metro Boomin",59,True,202666,0.9,0.365,-6.395,0.235,0.147,0.185,0.179,0.136,135.003,1
5Lb1pjnll07UQKxNpnnGBy,Punto G,790FomKkXshlbRYZFtlgla,KAROL G,59,False,181586,0.787,0.751,-4.738,0.0865,0.00796,0.000139,0.0857,0.926,165.961,0
1ggYjU6zdFHgANcku82boU,Afterthought,"3MZsBdqDrRTJihTHQrO6Dq,0Cp8WN4V8Tu4QJQwCN5Md4","Joji,BENEE",59,False,194871,0.668,0.547,-8.024,0.0353,0.398,0.0766,0.0931,0.192,83.5,1
0WCEaydwN65cvwaW8aqptF,History,188VINPQh5dyNfLUkevKqf,Olivia Holt,59,False,203992,0.76,0.63,-6.752,0.0582,0.096,0.0,0.113,0.502,100.977,0
044qU7kwVZaDwzWnRsmVVL,I Dare You,3iOvXCl6edW5Um0fXEBRXy,The xx,59,False,233280,0.752,0.543,-9.483,0.0398,0.623,0.0706,0.107,0.282,126.001,0
2fHZHwEp6TP2ClC1S8ihVN,BPM,2UwqpfQtNuhBwviIC0f2ie,Damso,59,True,182533,0.852,0.447,-12.241,0.539,0.291,0.0214,0.105,0.36,160.065,0
6pSYjx66rlqRmGGTHhnjCo,Fazer Falta,7me0S5Z40qVWj3gzyK8aC3,Mc Livinho,59,False,210960,0.532,0.467,-6.499,0.117,0.0133,2.91e-06,0.226,0.249,76.792,0
3WDIhWoRWVcaHdRwMEHkkS,Mama (feat. Ellie Goulding),"6MDME20pz9RveH9rEXvrOM,0X2BH1fck6amBIoJhDVmmJ","Clean Bandit,Ellie Goulding",59,False,189973,0.737,0.714,-6.138,0.0367,0.225,3.79e-06,0.267,0.608,102.046,1
0NJp8GyCOWnQh71xKSPfuV,Freaky,2jku7tDXc6XoB6MO2hFuqg,Tory Lanez,59,True,173926,0.966,0.563,-5.764,0.0618,0.00202,0.0,0.105,0.363,104.991,0
3aDYo34VzVf2i8aJyJk0ca,Mit den Jungz,"2j2rh3oQh4QEUnNTDKYSJD,5eioJDe26lOqkAMbuhzZYs,1aS5tqEs9ci5P9KD9tZWa6,10XY9PZCJKzUFzZOdtlQLU","187 Strassenbande,Gzuz,Bonez MC,LX",59,True,233220,0.59,0.71,-5.657,0.342,0.0634,0.0,0.0967,0.271,125.523,1
0rqY8g1Y1zaA4YwU6vhBQg,Boot,1qQLhymHXFPtP5U8KNKsm6,Apache 207,59,False,193017,0.534,0.565,-7.536,0.295,0.0665,0.0035,0.111,0.496,194.032,0
3BUWNzPWz2mDbptZmGEXpB,Let It All Work Out,55Aa2cqylxrFIXC767Z865,Lil Wayne,59,True,316192,0.551,0.562,-6.862,0.163,0.0218,0.0,0.302,0.438,135.679,0
1CDVadnneswMxi6gBqJTtC,Legend,3YQKmKGau1PzlVlkL1iodx,Twenty One Pilots,59,False,172560,0.716,0.575,-6.209,0.0368,0.0948,0.000257,0.0829,0.797,85.937,0
7daBwTiPNOVgoMUG4SICgh,Pet Cheetah,3YQKmKGau1PzlVlkL1iodx,Twenty One Pilots,59,False,198360,0.653,0.684,-7.052,0.199,0.0615,0.000387,0.27,0.355,110.049,0
1oc3jna2ablnfIKLYbKujl,If You're Over Me,5vBSrE1xujD2FXYRarbAXc,Years & Years,59,False,189000,0.67,0.853,-4.515,0.0884,0.0622,0.0,0.0602,0.615,103.843,0
5KPKjcE2trO2hBWRzkb2Mo,Bounce Back,3e7awlrlDSwF3iM0WBjGMp,Little Mix,59,False,160551,0.781,0.854,-4.115,0.074,0.0263,0.000216,0.344,0.41,103.021,0
2hLu8L8SNfCN4yKyPdX0h3,That's What Love Is,1uNFoZAHBGtllmzznpCI3s,Justin Bieber,59,False,165120,0.639,0.437,-6.959,0.0355,0.692,0.0,0.12,0.751,147.575,0
3qzp4hb3YaRIkezSceqpRR,Guiding Light,3gd8FJtBJtkRxdfbTu19U2,Mumford & Sons,59,False,217633,0.55,0.686,-8.653,0.0423,0.0562,1.22e-05,0.0684,0.3,100.05,0
7rLDARtJALM7QdiJDMXW7m,Pray You Catch Me,6vWDO969PvNqNYHIOW5v0m,Beyoncé,59,False,195986,0.25,0.215,-13.676,0.037,0.632,0.0717,0.401,0.0746,174.824,0
2bBMODHVTXGwE2aZYfbgCt,Ascension (feat. Vince Staples),"3AA28KZvwAUcZuOKwyblJQ,68kEuyFKyqrdQQLLsmiatm","Gorillaz,Vince Staples",59,True,155973,0.676,0.905,-2.569,0.147,0.594,0.0,0.154,0.519,152.186,1
0wfbD5rAksdXUzRvMfM3x5,The One,69GGBxA162lTqCwzJG5jLp,The Chainsmokers,59,True,177573,0.76,0.303,-11.362,0.0284,0.238,8.09e-06,0.294,0.15,99.991,0
0CBQ0m3mufWH75LTYB3s6h,Let It Fly (feat. Travis Scott),"55Aa2cqylxrFIXC767Z865,0Y5tJX1MQlPlqiwlOH1tJY","Lil Wayne,Travis Scott",59,True,186872,0.902,0.819,-3.321,0.316,0.041,0.0,0.106,0.745,89.0,1
6ZBqCuo8fUGSZJGYR9LNwL,Do The Most,2jku7tDXc6XoB6MO2hFuqg,Tory Lanez,59,True,144098,0.874,0.635,-6.703,0.164,0.0326,0.0,0.0676,0.369,102.022,0
0Y7di9ZCmB6Elad5WISaPc,Dedicate,55Aa2cqylxrFIXC767Z865,Lil Wayne,59,True,189908,0.879,0.662,-6.162,0.309,0.033,0.0,0.716,0.724,117.975,0
7inXu0Eaeg02VsM8kHNvzM,Let It Snow! Let It Snow! Let It Snow! (with The B. Swanson Quartet),"1Mxqyy3pSjf8kZZL4QVxS0,0JXiS2FrAg3wQYJHcmZdrc","Frank Sinatra,B. Swanson Quartet",59,False,155453,0.603,0.321,-11.489,0.0599,0.881,0.0,0.34,0.844,143.104,1
48MQ3gJuiksM6zyLPRTFKj,Alunissons,4LXBc13z5EWsc5N32bLxfH,Nekfeu,59,True,278333,0.378,0.323,-11.555,0.041,0.819,0.000433,0.213,0.273,131.324,0
3zJw3rugfpVrmBeDDnUYzy,Happy Xmas (War Is Over) - Remastered 2010,"4x1nvY2FN8jxqAFA0DA02H,2s4tjL6W3qrblOe0raIzwJ","John Lennon,Yoko Ono",59,False,214333,0.328,0.607,-11.076,0.0315,0.318,0.0,0.765,0.395,146.537,1
1FN3Bo2tGTBxvEb5b83vFV,Les étoiles vagabondes,4LXBc13z5EWsc5N32bLxfH,Nekfeu,59,True,234053,0.789,0.47,-6.373,0.421,0.355,0.0,0.158,0.441,79.982,0
7LRmDx4pMTQuOBBwRT1MCT,Don't Rush (feat. Headie One),"6M6XXCcO5gI68XpIlrUL3Z,6UCQYrcJ6wab6gnQ89OJFh","Young T & Bugsey,Headie One",59,True,207826,0.963,0.449,-8.701,0.323,0.185,0.00616,0.18,0.337,108.043,1
6ZtrGCcn38kGImt2GPFbJB,Shot In The Dark,711MCceyCBcFnzjGY4Q7Un,AC/DC,59,False,185133,0.599,0.787,-4.708,0.0338,2.07e-05,5.27e-05,0.064,0.822,114.065,0
3wdfLVUhmX64lIyWIIEW8s,Ice Tray,"6i392l38cR3uBPF0DbNs7S,0VRj0yCOv2FXJNP47XQnx5,6icQOAFXDZKsumw3YXyusw","Quality Control,Quavo,Lil Yachty",59,True,213613,0.89,0.504,-5.444,0.123,0.023,0.0,0.123,0.222,129.969,1
4gavOCQdZ2g86gkvi17FM7,Wonderful Christmastime - Edited Version / Remastered 2011,4STHEaNw4mPZ2tzheohgXB,Paul McCartney,59,False,227653,0.774,0.511,-8.914,0.0319,0.322,0.0,0.0672,0.771,94.736,0
1yfyIdEw5U2bD5I6gxQCxW,"Tough Love (feat. Agnes, Vargas & Lagola)","1vCWHaC5f2uS3yhpwWbIA6,6SsTlCsuCYleNza6xGwynu,2fVW2ix4ANKiofDZIsy1XR","Avicii,Agnes,Vargas & Lagola",59,False,191248,0.402,0.754,-4.837,0.0432,0.143,0.0,0.358,0.621,108.17,1
6YAxCn4juTWn5hWl2hzHGw,You Better Move,4O15NlyKLIASxsJ0PrXPfz,Lil Uzi Vert,59,True,196638,0.842,0.556,-6.793,0.442,0.159,0.0,0.204,0.306,118.836,0
6OocN63GLU7NF0wHdewhID,Invisible,6XyY86QOPPrYVGvF9ch6wz,Linkin Park,59,False,214346,0.47,0.74,-6.093,0.07,0.0455,0.0,0.091,0.562,84.841,0
3O7p9Itz8PXUoAjD2vmuM6,Beautiful People Beautiful Problems (feat. Stevie Nicks),"00FQb4jTyendYWaN8pK0wa,7crPfGd2k81ekOoSqQKWWz","Lana Del Rey,Stevie Nicks",59,False,253531,0.509,0.43,-8.387,0.0325,0.834,0.000854,0.0927,0.128,122.919,1
59kRq8rb5uJCrSYYbGCk7o,Só Você,5JbQpbeFaKfuZVFzKwaawP,MC Rogerinho,59,False,187141,0.834,0.522,-4.433,0.0479,0.023,0.0,0.663,0.892,129.96,0
0yc37FvbXRwwFaQxzpxbsd,Somebody To Love,5Pwc4xIPtQLFEnJriah9YJ,OneRepublic,59,False,181408,0.401,0.503,-8.084,0.0437,0.0158,0.0,0.134,0.236,118.491,0
4iiWcajF1fEUpwcUewc464,"Life Is Good (feat. Drake, DaBaby & Lil Baby) - Remix","1RyvyyTE3xzB2ZywiAwp0i,4r63FhuTkUYltbVAg5TQnk,3TVXtAsR1Inumwj472S9r4,5f7VJjfbwm532GiveGC0ZK","Future,DaBaby,Drake,Lil Baby",59,True,315346,0.81,0.566,-8.33,0.433,0.107,0.0,0.122,0.582,142.069,1
3nWzRkoCa44adZZ00li9sF,Go Legend (& Metro Boomin),"0c173mlxpT3dSFRgMO8XPh,0iEtIxbK0KxaSlF7G42ZOp,0Y5tJX1MQlPlqiwlOH1tJY","Big Sean,Metro Boomin,Travis Scott",59,True,268946,0.649,0.591,-8.914,0.116,0.014,0.0,0.188,0.21,150.008,1
4IvenHmD0spfFDOKphoUDp,After Dark (feat. Static Major & Ty Dolla $ign),"3TVXtAsR1Inumwj472S9r4,3pbi8H08p95NUZ7m6ybxUV,7c0XG5cIJTrrAgEC3ULPiq","Drake,Static Major,Ty Dolla $ign",59,True,289560,0.65,0.429,-13.071,0.192,0.0386,0.0,0.139,0.333,141.855,1
4smLSyGtyNJLPb9J1Iuwsb,Sans peine,6Te49r3A6f5BiIgBRxH7FH,Ninho,59,False,157273,0.789,0.657,-5.941,0.278,0.0428,0.0,0.093,0.555,137.079,0
2iFgHPoa7FNHwgLnjXzu7F,PUPPE,6wWVKhxIU2cEi0K81v7HvP,Rammstein,59,False,273706,0.581,0.822,-7.341,0.0574,0.0229,0.0,0.126,0.3,116.929,0
4dZTZbmJBCCofAExHwefda,Lottery (Renegade),5bgfj5zUoWpyeVatGDjn6H,K CAMP,59,True,170946,0.915,0.556,-8.601,0.216,0.0145,0.000179,0.0733,0.67,148.964,0
1K7WzjKDcDdVbKNGrB0gej,Rave de Favela (feat. BEAM),"738wLrAtLtCtFOLvQBXOXp,4mb1xtQVGSK5dh8AbtwBiR,7FNnA9vBm6EKceENgCGRMb,46MWeeHNVMYRIIofQBEX98","Major Lazer,MC Lan,Anitta,BEAM",59,True,154153,0.891,0.894,-4.595,0.145,0.0466,0.000244,0.161,0.671,130.045,1
5ASM6Qjiav2xPe7gRkQMsQ,Sleigh Ride,7CyeXFnOrfC1N6z4naIpgo,The Ronettes,59,False,181266,0.529,0.772,-7.013,0.0287,0.403,2.21e-06,0.316,0.853,91.751,0
4otQJBpb8okSeykALR3eCH,Something Real (with London On Da Track & Chris Brown),"57LYzLEk2LcFghVwuWbcuS,5Nf5yishRW9Ye174sJISkg,7bXgB6jMjp9ATFy66eO08Z","Summer Walker,London On Da Track,Chris Brown",59,True,183137,0.685,0.667,-3.837,0.0365,0.0564,0.0,0.115,0.643,95.518,1
0DXytBddBKZYbfDMP4X0kc,Rêves bizarres (feat. Damso),"4FpJcNgOvIpSBeJgRg3OfN,2UwqpfQtNuhBwviIC0f2ie","Orelsan,Damso",59,False,212608,0.816,0.652,-6.157,0.231,0.11,0.0,0.0957,0.736,143.995,1
6Dq8FZrvx9S28iyaKSwn9x,"Jealous (feat. Chris Brown, Lil Wayne & Big Sean)","0QHgL1lAIqAw0HtD7YldmP,7bXgB6jMjp9ATFy66eO08Z,55Aa2cqylxrFIXC767Z865,0c173mlxpT3dSFRgMO8XPh","DJ Khaled,Chris Brown,Lil Wayne,Big Sean",59,True,255101,0.614,0.685,-3.684,0.147,0.0133,0.0,0.313,0.61,94.9,1
4EQSeRRJmk3h3HQ5KlkzVy,Confessions of a Dangerous Mind,4xRYI6VqpkE3UwrDrAZL8L,Logic,59,True,283866,0.806,0.756,-4.093,0.208,0.385,0.0,0.11,0.637,141.97,0
0PEwVF6TStGXMTnQMAk9kl,Sex mit dir,1qQLhymHXFPtP5U8KNKsm6,Apache 207,59,True,173200,0.845,0.559,-7.182,0.0605,0.375,0.0372,0.0965,0.43,119.951,0
5HvtbJxOYLSACcPuhf62wT,Dancing In The Dark,53XhwfbYqKCa1cC15pYq2q,Imagine Dragons,59,False,233933,0.692,0.309,-10.358,0.173,0.81,0.000841,0.0953,0.616,133.978,0
51wFQM8W0YfXTmHusXUr5i,MAMACITA,"5LHRHt1k9lMyONurDHEdrp,0A0FS04o6zMoto8OKPsDwY,6GI52t8N5F02MxU0g5U69P","Tyga,YG,Santana",59,True,202653,0.786,0.733,-4.961,0.127,0.0257,0.0,0.143,0.358,101.046,1
6AyWdCtEn1DdxjnxPeojR2,Live Off My Closet (feat. Future),"5f7VJjfbwm532GiveGC0ZK,1RyvyyTE3xzB2ZywiAwp0i","Lil Baby,Future",59,True,173061,0.807,0.678,-3.244,0.177,0.0345,0.0,0.0986,0.21,147.004,1
5Hkj1XjMJv5QCGc9NwZm6z,Never Know (feat. SHIRIN DAVID),"3CJKkU0XuElRT1z8rEtIYg,0JBdTCGs111JKKYfLqOEBa","Luciano,Shirin David",59,True,196933,0.874,0.542,-7.064,0.344,0.0621,0.124,0.181,0.481,142.016,1
5TCBWmEBrin7etRa4Lswr1,When To Say When,3TVXtAsR1Inumwj472S9r4,Drake,59,True,223124,0.41,0.82,-6.808,0.533,0.252,0.0,0.538,0.526,170.718,0
57AHPLhNAWpiS7g198jeTA,Paper Houses,1Hsdzj7Dlq2I7tHP7501T4,Niall Horan,59,False,214525,0.431,0.426,-8.555,0.0336,0.12,3.25e-06,0.0861,0.261,177.351,0
4zI04ezdmrN0lT2pHykYrd,Pain = BESTFRIEND - feat. Travis Barker,"15UsOTVnJzReFVN1VCnxy4,4exLIFE8sISLr28sqG1qNX","XXXTENTACION,Travis Barker",59,False,101516,0.671,0.628,-5.117,0.0273,0.536,0.151,0.12,0.595,135.005,1
1g3J9W88hTG173ySZR6E9S,Tilidin Weg,1aS5tqEs9ci5P9KD9tZWa6,Bonez MC,59,False,180950,0.882,0.53,-8.544,0.233,0.113,0.479,0.0838,0.171,109.09,0
3Nicl8C2nJMUwdekcgZWZC,International Criminal,"5tHiL8SKSaZGMBUPIiSmX4,1aS5tqEs9ci5P9KD9tZWa6,2NUz5P42WqkxilbI8ocN76,53EHeXzGs4HheTCTnwfPEr","KitschKrieg,Bonez MC,Vybz Kartel,SFR",59,True,181772,0.741,0.594,-7.478,0.419,0.0255,1.43e-05,0.095,0.489,75.395,1
45ZGEdLxCZvdMX9jWlsAAx,I Don't Belong In This Club,"2jnIB6XdLvnJUeNTy5A0J2,3JhNCzhSMTxs9WLGJJxWOY","Why Don't We,Macklemore",59,False,222620,0.797,0.543,-5.744,0.0439,0.0202,0.0,0.0726,0.164,115.036,1
6YfTl5YupXOQBKiJJLrxcw,Death (feat. DaBaby),"6Xgp2XMz1fhVYe7i6yNAax,4r63FhuTkUYltbVAg5TQnk","Trippie Redd,DaBaby",59,True,172195,0.802,0.82,-5.969,0.146,0.0579,0.0,0.149,0.613,164.005,1
7HwvPmK74MBRDhCIyMXReP,blun7 a swishland,19i93sA0D7yS9dYoVNBqAA,tha Supreme,59,True,167760,0.692,0.792,-5.984,0.245,0.13,0.0,0.255,0.566,129.883,0
3qk4wRMDlaeagZGjSYbsOV,Sober,"02kJSzxNuaWGqwubyUba0Z,6VuMaDnrHyPL1p4EHjYLi7","G-Eazy,Charlie Puth",59,True,203960,0.558,0.766,-5.953,0.231,0.263,0.0,0.32,0.182,96.281,1
5qykEZTHAcplCLrynoLRnN,In Your Head,7dGJo4pcD2V6oG8kP0tJRR,Eminem,59,True,182640,0.647,0.778,-5.257,0.224,0.00164,0.0,0.389,0.252,82.918,0
3l8yQMdniG6Os8gUBNXV57,Outro: Her,3Nrfpe0tUJi4K4DXYWgMUX,BTS,59,False,228612,0.481,0.927,-5.704,0.27,0.317,0.0,0.0583,0.448,88.931,0
6J7ZSdEEYo3ns4gnHdwRL0,Seek Bromance - Avicii Vocal Edit,"7iLc4hrjOjQPfg1E3cCHg1,1vCWHaC5f2uS3yhpwWbIA6","Tim Berg,Avicii",59,False,200991,0.515,0.837,-2.552,0.0401,0.0868,0.0,0.0403,0.52,126.026,1
4UqlViBXM2Aqn4yGHMmRGv,Eyes Closed,26VFTg2z8YR0cCuwLzESi2,Halsey,59,False,202438,0.565,0.681,-4.995,0.0419,0.0231,8.43e-06,0.0852,0.0399,130.156,0
1Znlc3UZAbSodFaMBjdpsX,love yourself (interlude),15UsOTVnJzReFVN1VCnxy4,XXXTENTACION,59,True,48422,0.746,0.338,-13.472,0.109,0.674,0.000375,0.529,0.469,120.053,0
1VNARx6Sm6ZYAsDMCGiU1B,LUNEDI',3hBQ4zniNdQf1cqqo6hzuW,Salmo,59,True,205266,0.571,0.762,-8.225,0.46,0.425,7.55e-06,0.114,0.467,124.382,0
1ArLnG0bHaHPXqf08sEKM0,Consequences - orchestra,4nDoRrQiYLoBzwC5BhVJzF,Camila Cabello,59,False,181913,0.547,0.289,-8.131,0.0348,0.645,0.0,0.148,0.213,104.851,0
7L95O7D34EWhwtDCQkwGMR,No Issue,"1RyvyyTE3xzB2ZywiAwp0i,4MCBfE4596Uoi2O4DtmEMz","Future,Juice WRLD",59,True,184960,0.818,0.443,-11.444,0.404,0.114,0.0,0.412,0.722,74.491,1
5fcM0StdQxMjzulVGhFkHN,8 Out Of 10,3TVXtAsR1Inumwj472S9r4,Drake,59,True,195720,0.534,0.684,-7.874,0.717,0.164,0.0,0.499,0.338,170.416,0
7aV2mflaASUmGhCErm7kBO,The Mack,"15NtJjjHRFybdNSMyM9smT,6V3F8MZrOKdT9fU686ybE9,6PXS4YHDkKvl1wkIl4V8DL","Nevada,Mark Morrison,Fetty Wap",59,False,167038,0.707,0.883,-4.281,0.0602,0.0707,0.0,0.23,0.541,106.031,1
1AaJX4YEeklJyRYisD10JT,Jeune Lossa,6Te49r3A6f5BiIgBRxH7FH,Ninho,59,True,217480,0.746,0.566,-9.455,0.0669,0.67,6.65e-05,0.121,0.485,135.043,0
2JoIjuzRplpYGvvLpSW2on,Sad Song (feat. TINI),"4AVFqumd2ogHFlRbKIjp1t,7vXDAI8JwjW531ouMGbfcp","Alesso,TINI",59,False,154024,0.734,0.693,-6.474,0.0361,0.0878,0.0,0.341,0.55,110.021,1
2tnlNVAhuQGgoFJxALVeXx,Uptown Vibes (feat. Fabolous & Anuel AA),"20sxb77xiYeusSH8cVdatc,2R21vXR83lH98kGeO99Y66,0YWxKQj2Go9CGHCp77UOyy","Meek Mill,Anuel AA,Fabolous",59,True,190411,0.655,0.835,-3.451,0.059,0.0459,0.0,0.409,0.165,91.035,1
5nFyaoBWwwMJ9fv33tZ2MB,What I Need (feat. Kehlani),"3LjhVl7GzYsza1biQjTpaN,0cGUm45nv7Z6M6qdXYQGTX","Hayley Kiyoko,Kehlani",59,False,219520,0.633,0.793,-4.126,0.055,0.0537,0.0,0.16,0.414,103.97,1
7x9nXsowok1JszkVztI5NI,Writing on the Wall (feat. Post Malone & Cardi B),"6vXTefBL93Dj5IqAWq6OTv,1fctva4kpRbg2k3v7kwRuS,246dkjvS1zLTtiykXe5h60,4kYSro6naA4h99UJvo89HB","French Montana,Rvssian,Post Malone,Cardi B",59,True,201270,0.773,0.836,-2.326,0.153,0.283,2.1e-05,0.0828,0.497,112.01,1
0w1ZtnzQmtmuuoKxHT0pLL,Summer Games,3TVXtAsR1Inumwj472S9r4,Drake,59,False,247893,0.776,0.482,-11.268,0.0356,0.481,0.0457,0.11,0.128,136.015,0
6fqpsCQ7jF7OgQolXgYovX,Aún Hay Algo,"7cjh6y0V9SsyCrWSXTzwOs,0TeVa4xdLB8vdzjsvKH6Ri,6kaefrHSdAvxhhCVDFTCEL,6ModsWtBph2rE6zCTVxvZt,0aMqt2uGLuHj4eI8oXgVzN,5O8cudluftNZ6PCwRzvYxo,0veZkZPeWoJQ9gt6VAXlkN","RBD,Anahí,Dulce María,Maite Perroni,Christian Chávez,Christopher von Uckermann,Alfonso Herrera",59,False,214933,0.611,0.82,-2.784,0.0316,0.0084,0.0,0.107,0.786,94.981,1
2RAeY8dPj6KmStROfEigjV,Peak,3TVXtAsR1Inumwj472S9r4,Drake,59,True,206026,0.689,0.217,-13.539,0.0387,0.847,0.000123,0.106,0.272,92.007,0
71SEHJPt1iDwGkBhUOAXDP,Survival,3TVXtAsR1Inumwj472S9r4,Drake,59,True,136186,0.685,0.593,-9.083,0.284,0.134,0.0,0.123,0.144,84.763,0
6EfBMJQwe2xLgldra6DaYp,YAYA,7gZfnEnfiaHzxARJ2LeXrf,6ix9ine,59,True,149857,0.672,0.733,-5.377,0.0566,0.00289,0.0,0.199,0.354,105.043,0
67ojvEGRPAUCOohuMPqoRC,110,"4WZGDpNwrC0vNQyl9QzF7d,6h1s4i4XKIYv4ErDelLDN0,5Yo5iU2nf4H41waPl4ZnS1","Capital Bra,Samra,LEA",59,True,194534,0.48,0.749,-5.057,0.432,0.533,0.0,0.0997,0.419,179.056,1
22mQXNE0nCuWq4yOwcadIn,Dinero,"2DlGxzQSjYe5N6G9nkYghR,0QHgL1lAIqAw0HtD7YldmP,4kYSro6naA4h99UJvo89HB","Jennifer Lopez,DJ Khaled,Cardi B",59,False,213750,0.721,0.881,-2.528,0.342,0.41,7.61e-06,0.292,0.643,127.759,1
2CTN6UuO2dNEVZXR0DJVk2,Only Want You,5CCwRZC6euC8Odo6y9X8jr,Rita Ora,59,False,180760,0.654,0.528,-6.224,0.0412,0.0599,7.14e-05,0.0975,0.376,82.014,0
6qAxQhNfM909QrDGLYEocf,Frühstück in Paris,"4WZGDpNwrC0vNQyl9QzF7d,3utZ2yeQk0Z3BCOBWP7Vlu","Capital Bra,Cro",59,False,151360,0.744,0.644,-5.562,0.0641,0.229,0.0,0.204,0.577,96.852,1
7FzhZ7C3NhM1UyqSHV9ytY,Burning,2wY79sveU1sp5g7SokKOiI,Sam Smith,59,False,203289,0.493,0.221,-9.301,0.0486,0.874,0.0,0.285,0.353,82.273,0
0YevRlTDW9tyIwViCyke8Q,Anxiety - Intro,4MCBfE4596Uoi2O4DtmEMz,Juice WRLD,59,True,70394,0.307,0.528,-11.337,0.108,0.972,0.00056,0.222,0.58,174.795,0
3KixNgUEaDtrKJVzdqjU5q,Landed,3TVXtAsR1Inumwj472S9r4,Drake,59,True,152195,0.881,0.636,-4.629,0.287,0.00606,0.0,0.111,0.715,163.949,0
1oJ8EDr2pv94IvSd6ZmDgo,MAMA,"7gZfnEnfiaHzxARJ2LeXrf,0hCNtLu0JehylgoiP8L4Gh,5K4W6rqBFWDnAN6FQUkS6x","6ix9ine,Nicki Minaj,Kanye West",59,True,192405,0.761,0.672,-5.887,0.212,0.0893,9.77e-06,0.14,0.437,160.077,1
18xmRkPWE0sGUzFyNNAAhN,Dying in LA,20JZFwl6HVl6yg8a4H3ZqK,Panic! At The Disco,59,False,229053,0.346,0.35,-4.988,0.0328,0.876,1.98e-06,0.0708,0.315,126.444,0
4KilYheWwxakB1L43ECTeP,Gigolò (feat. Sfera Ebbasta & Capo Plaza),"0jdNdfi4vAuVi7a6cPDFBM,23TFHmajVfBtlRx5MXqgoz,5SulO4l40qDuV9zUGLZx7n","Lazza,Sfera Ebbasta,Capo Plaza",59,True,164301,0.795,0.634,-8.771,0.142,0.0889,0.0,0.0874,0.39,97.512,1
5IF6IBPqbclVR7SQKmCIyA,Just Like You,57WHJIHrjOE3iAxpihhMnp,Louis Tomlinson,59,True,205217,0.703,0.628,-5.914,0.203,0.364,0.0,0.384,0.471,138.032,0
2SpfMQ5TuKsMj1trNwrLVA,El Anillo,2DlGxzQSjYe5N6G9nkYghR,Jennifer Lopez,59,False,176816,0.87,0.691,-4.11,0.18,0.0248,0.0,0.0861,0.469,130.056,0
4PS1e8f2LvuTFgUs1Cn3ON,The Christmas Song (Merry Christmas To You),7v4imS0moSyGdXyLgVTIV7,Nat King Cole,59,False,192160,0.319,0.21,-15.231,0.0341,0.92,8.06e-05,0.138,0.209,78.696,0
5VJ1eVOnlAlaA2mQcwmKC8,HOLD ME TIGHT OR DON’T,4UXqAaa6dQYAk18Lv7PEgX,Fall Out Boy,59,False,210360,0.581,0.921,-4.319,0.051,0.00645,2.69e-06,0.109,0.829,95.967,0
5iIgIxtMNeogKaFUfvuAbs,Gib Ihm,0JBdTCGs111JKKYfLqOEBa,Shirin David,59,True,162996,0.928,0.402,-10.641,0.32,0.217,3.38e-05,0.0957,0.578,97.976,0
4LAGHmHcSt0HHwXCJcFri6,91's,3NH8t45zOTqzlZgBvZRjvB,PNL,59,True,233596,0.779,0.705,-7.834,0.0827,0.277,0.0,0.0804,0.228,103.048,0
09FfQO3PqHO4HIJL511Ksi,Nice Guy (with Jessie Reyez),"7dGJo4pcD2V6oG8kP0tJRR,3KedxarmBCyFBevnqQHy3P","Eminem,Jessie Reyez",59,True,150801,0.65,0.639,-5.962,0.458,0.0942,0.0,0.135,0.563,139.226,1
1crSsvtU9wZB15dIQXV2QH,Moving On and Getting Over,0hEurMDQu99nJRq8pTxO14,John Mayer,59,False,265360,0.85,0.461,-9.018,0.0531,0.591,0.0405,0.0922,0.621,94.037,0
1dQ84P0W0lOckT02lPEhhP,Millidelphia (feat. Swizz Beatz),"20sxb77xiYeusSH8cVdatc,2cADQgiLMjNhbsfeN52Bf3","Meek Mill,Swizz Beatz",59,True,215838,0.851,0.702,-4.172,0.268,0.0854,0.0,0.374,0.179,126.94,1
0OwX5aROoW1Iip8FV51Efg,Alarm,1zNqDE7qDGCsyzJwohVaoX,Anne-Marie,59,True,205593,0.756,0.589,-5.093,0.232,0.0812,0.0,0.176,0.811,146.928,0
2koUj1Fn5TKFEkChSmBPIb,Heaven On Earth,0fA0VVWsXO9YnASrzqfmYu,Kid Cudi,59,True,201093,0.786,0.61,-6.736,0.0558,0.379,0.00082,0.0765,0.228,130.036,0
0kLA41xkWzzYzMIEGFuDkP,HaifischNikez Allstars,"10XY9PZCJKzUFzZOdtlQLU,0b62itBWBdLgiecXjXCqKC,1aS5tqEs9ci5P9KD9tZWa6,5eioJDe26lOqkAMbuhzZYs,5qZLYtTL3ldN6Uw7OXHESR","LX,Maxwell,Bonez MC,Gzuz,Sa4",59,True,182925,0.764,0.744,-5.529,0.448,0.162,0.0,0.122,0.507,87.538,1
6CfrYuD3YRDYdYvH9jNtXY,No Long Talk,"3TVXtAsR1Inumwj472S9r4,3S0tlB4fE7ChxI2pWz8Xip","Drake,Giggs",59,True,149568,0.913,0.608,-6.839,0.234,0.0671,0.0,0.533,0.578,97.063,1
3AMnOVxEHUgVrythGgqPhI,Say A',31W5EY0aAly4Qieq6OFu6I,A Boogie Wit da Hoodie,59,True,214853,0.831,0.814,-5.18,0.474,0.391,0.0,0.109,0.846,161.041,0
1E6DEDWDKHoOW0fcFuDghV,Don't Pretend (feat. SAFE),"6LuN9FCkKOj5PcnpouEgny,3bnpcWBcvlfq4hPFJjNPbz","Khalid,SAFE",59,False,165840,0.697,0.551,-8.833,0.0815,0.258,0.00551,0.124,0.219,89.0,1
6VHdcVbiKLYYOcMbIqBcuK,Lumbra,"5DUlefCLzVRzNWaNURTFpK,5EvFsr3kj42KNv97ZEnqij","Cali Y El Dandee,Shaggy",59,False,197086,0.724,0.84,-3.581,0.0392,0.053,0.0,0.727,0.835,92.01,1
2j9wr1cxfYcMJoANfmoJA9,$€ Freestyle,23TFHmajVfBtlRx5MXqgoz,Sfera Ebbasta,59,True,164468,0.813,0.67,-8.661,0.335,0.2,0.0,0.376,0.38,136.079,0
2Ce5IyMlVRVvN997ZJjJJA,Selfish (feat. Rihanna),"1RyvyyTE3xzB2ZywiAwp0i,5pKCCKE2ajJHZ9KAiaK11H","Future,Rihanna",59,True,251422,0.415,0.369,-10.044,0.0741,0.0303,7.64e-06,0.383,0.0913,95.746,1
3cg9A9GVyZAT2CPevqWr65,Cambio,"1i8SpTcr7yvPOmcqrbnVXY,2R21vXR83lH98kGeO99Y66","Ozuna,Anuel AA",59,False,370491,0.548,0.542,-6.839,0.139,0.274,0.0,0.0967,0.649,174.043,1
3uMB82o0qa7erhiZBW9KQC,Big For Your Boots,2SrSdSvpminqmStGELCSNd,Stormzy,59,True,238418,0.515,0.902,-4.729,0.383,0.0313,0.0,0.093,0.628,174.589,0
3Uw2se3aQU1UFrpRBvBnB4,Sept. 16,0fA0VVWsXO9YnASrzqfmYu,Kid Cudi,59,False,249040,0.646,0.645,-7.214,0.0338,0.764,0.114,0.137,0.473,140.987,0
35zrlBOjpfDPMcZzglWOuV,Thought Contagion,12Chz98pHFMPJEknJQMWvI,Muse,59,False,206106,0.479,0.765,-3.669,0.0427,0.000965,2.96e-05,0.0825,0.39,139.917,0
6NriykdkRrjQMZo1sfVYUo,"no body, no crime (feat. HAIM)","06HL4z0CvFAxyc27GXpf02,4Ui2kfOqGujY81UcPrb5KE","Taylor Swift,HAIM",59,False,215626,0.547,0.613,-7.577,0.0264,0.431,0.0,0.102,0.528,79.011,1
78eouBKVRyhbSzJwChr6QM,Don't Hurt Yourself (feat. Jack White),"6vWDO969PvNqNYHIOW5v0m,4FZ3j1oH43e7cukCALsCwf","Beyoncé,Jack White",59,True,233666,0.614,0.686,-6.483,0.21,0.0105,1.36e-06,0.184,0.645,136.537,1
52eYVUkFTOVozbVFIaFrnV,Tony Tone,13ubrt8QOOCPljQ2FL1Kca,A$AP Rocky,59,True,208373,0.512,0.783,-4.013,0.269,0.139,0.0,0.0831,0.33,69.88,0
0DJBgBiYeSn6n1AXAkFVE8,I Am,1CoZyIx7UvdxT5c8UkMzHd,Jorja Smith,59,True,208760,0.601,0.583,-5.725,0.263,0.144,9.73e-05,0.183,0.32,148.785,0
7dRj3sTBYkNbEx5kdNHriv,MANTRA,1Ffb6ejR6Fe5IamqA5oRUF,Bring Me The Horizon,59,True,233297,0.502,0.817,-3.508,0.0447,0.000477,0.0,0.153,0.617,90.024,0
0AaV4MJrgmLV3XhoiWXjjb,evermore (feat. Bon Iver),"06HL4z0CvFAxyc27GXpf02,4LEiUm1SRbFMgfqnQTwUbQ","Taylor Swift,Bon Iver",59,False,304106,0.395,0.27,-10.672,0.0309,0.937,0.00249,0.111,0.314,120.94,1
0zzsyWc45eUcSjw4FNHxeN,Sine From Above (with Elton John),"1HY2Jd0NmPuamShAr6KMms,3PhoLpVuITZKcymswpck5b","Lady Gaga,Elton John",59,False,244880,0.642,0.792,-5.746,0.0488,0.158,9.84e-06,0.68,0.0903,122.965,1
5sWbwccBcyHsg5LEKWGZo9,BRACKETS,6l3HvQ5sa6mXTsMTB19rO5,J. Cole,59,True,315771,0.678,0.567,-9.148,0.261,0.188,1.67e-06,0.164,0.658,84.039,0
6pLKMPAUlBCjHjylj2Nbd9,Risiko,"1aS5tqEs9ci5P9KD9tZWa6,0Dvx6p8JDyzeOPGmaCIH1L","Bonez MC,RAF Camora",59,True,223381,0.773,0.74,-7.21,0.0895,0.155,0.514,0.159,0.226,117.023,1
2FNPJWVdGxYhWaotd6rULS,Sandcastles,6vWDO969PvNqNYHIOW5v0m,Beyoncé,59,True,182720,0.33,0.357,-10.171,0.0348,0.866,1.76e-05,0.19,0.101,84.119,0
0U9dP3BUlAgq9KkJXOijBH,SKRR,"2NJWI8byqTSqDaJRnqJY2z,5pVRwX5ZQR7hfJ18w8ZYkl","KALIM,Ufo361",59,True,119039,0.803,0.649,-6.599,0.132,0.163,2.72e-05,0.152,0.584,125.038,1
2K3bjojp1sCLdMMoO5lJ2p,Milionària,7ltDVBr6mKbRvohxheJ9h1,ROSALÍA,59,True,138370,0.857,0.574,-6.441,0.416,0.602,1.24e-06,0.0663,0.906,116.008,0
5qJF3xMbNjsPuqQDRkfUl1,Dear my friend (feat. Kim Jong Wan of NELL),"5RmQ8k4l3HZ8JoPb4mNsML,7ksQJtsXSRSrI5306UwIgH","Agust D,Kim Jong Wan",59,True,292078,0.56,0.735,-6.344,0.0638,0.0181,8.54e-06,0.0571,0.27,148.026,1
7nuQ1LgM6l5FLaJmlODoqj,Higher,7n2wHs1TKAczGzO7Dd2rGr,Shawn Mendes,59,False,160143,0.748,0.783,-4.419,0.0558,0.0167,1.58e-05,0.314,0.935,120.049,0
70zRDnEkOhVb51fZA13khd,Yallah Goodbye (feat. Gringo),"3drqpTL4sQOckmAfF9i1wg,5Sjj30aHCmKcM9SdVX7PBK","Summer Cem,GRiNGO",59,True,141586,0.875,0.738,-6.172,0.175,0.0215,0.023,0.112,0.21,104.953,1
1gRMO4h3NGb1ZJA7TNdMPj,Zoulou tchaing,3NH8t45zOTqzlZgBvZRjvB,PNL,59,True,325555,0.656,0.381,-8.757,0.0802,0.653,0.0,0.116,0.166,84.907,0
6HWGLValLZlHVPjbwEW4Kq,The Last Of The Real Ones,4UXqAaa6dQYAk18Lv7PEgX,Fall Out Boy,59,False,230400,0.572,0.88,-5.213,0.0481,0.00548,0.0,0.18,0.546,115.073,0
4lAQfuREAHG8IC0PiiigBt,Strawberry Peels (feat. Young Thug & Gunna),"4O15NlyKLIASxsJ0PrXPfz,2hlmm7s2ICUX0LVIhVFlZQ,50co4Is1HCEo8bhOyUWKpn","Lil Uzi Vert,Gunna,Young Thug",59,True,115350,0.862,0.65,-6.978,0.355,0.0207,0.0,0.568,0.658,131.194,1
5mTJcvxRxq3uF5wUjjciDw,Lucky Strike,3WGpXCj9YhhfX11TToZcXP,Troye Sivan,59,False,208967,0.612,0.694,-7.363,0.0514,0.579,0.0,0.0914,0.564,103.031,0
5vnpANH92iEajvGwE2oQ6r,Real Friends,"4nDoRrQiYLoBzwC5BhVJzF,1zNqQNIdeOUZHb8zbZRFMX","Camila Cabello,Swae Lee",59,False,223583,0.701,0.512,-6.869,0.0969,0.235,5.07e-06,0.135,0.663,91.947,1
3Hh0ZcGIqIkSiJVZGLcVLx,YOSHI (feat. Fabri Fibra) - prod. Strage,"7Do8se3ZoaVqUt3woqqSrD,0ffKEtMDnROKWyJtXUnLbJ,19i93sA0D7yS9dYoVNBqAA,7u710e44HW3K7A5eTnRqHC","MACHETE,Dani Faiv,tha Supreme,Fabri Fibra",59,True,211994,0.751,0.66,-6.24,0.348,0.228,0.0,0.0827,0.634,166.809,1
13e6f8t7RKXuxZ0JdaaJRG,Jorja Interlude,3TVXtAsR1Inumwj472S9r4,Drake,59,True,107673,0.735,0.373,-10.478,0.104,0.762,0.00202,0.288,0.237,123.081,0
0y7Ao3CVJsyKFmqdjutiIF,WUNNA,2hlmm7s2ICUX0LVIhVFlZQ,Gunna,59,True,158240,0.89,0.455,-9.0,0.255,0.0217,0.0058,0.11,0.313,148.009,0
7F1LWA9sIlTorHUo4amGqk,Reminder - Remix,"1Xyo4u8uXC1ZmMpatF05PJ,13ubrt8QOOCPljQ2FL1Kca,50co4Is1HCEo8bhOyUWKpn","The Weeknd,A$AP Rocky,Young Thug",59,True,221968,0.751,0.654,-5.665,0.206,0.153,0.0,0.104,0.527,160.035,1
0UauNGiFTVXTsgvVz6LBMf,Look Up At The Stars,7n2wHs1TKAczGzO7Dd2rGr,Shawn Mendes,59,False,211850,0.359,0.585,-4.722,0.0374,0.0576,0.0,0.194,0.447,168.026,0
5TnLXSd4h6G06Fbt2ApOpa,Mannequin Challenge (feat. Juice WRLD),"50co4Is1HCEo8bhOyUWKpn,4MCBfE4596Uoi2O4DtmEMz","Young Thug,Juice WRLD",59,True,162400,0.857,0.583,-7.466,0.086,0.0899,0.0,0.204,0.443,132.01,1
3n58u3LOFw8mITLvfPvQBz,Manicomio,00me4Ke1LsvMxt5kydlMyU,Cosculluela,59,False,228662,0.744,0.754,-3.829,0.24,0.0213,1.33e-06,0.14,0.841,180.039,0
0AUurCHJ6A8Ua4yXyKXNuM,Jet Lag,5dHt1vcEm9qb8fCyLcB3HL,A$AP Ferg,59,True,203720,0.85,0.803,-3.297,0.292,0.0085,2.41e-05,0.104,0.433,169.986,0
2n7Ao4nyESBa5ti8gcAbBt,Damaged,0fA0VVWsXO9YnASrzqfmYu,Kid Cudi,58,True,150853,0.625,0.581,-7.1,0.0316,0.553,0.00111,0.254,0.267,142.04,0
5a0nHa7F4S9hb0Zi0zLS8w,SUGA's Interlude,"26VFTg2z8YR0cCuwLzESi2,0ebNdVaOfp6N0oZ1guIxM8,3Nrfpe0tUJi4K4DXYWgMUX","Halsey,SUGA,BTS",58,False,138204,0.55,0.732,-6.88,0.105,0.0864,0.0,0.0425,0.246,153.836,1
3BDxv4ORzOpXAsa4lWVl4i,(Fuck A) Silver Lining,20JZFwl6HVl6yg8a4H3ZqK,Panic! At The Disco,58,True,168613,0.577,0.939,-1.352,0.108,0.0272,0.0,0.24,0.714,105.092,0
1CKd1PnqfYx0H12V9MSaIY,Get Low (with Liam Payne),"2qxJFvFYMEDqd7ui6kSAcq,5pUo3fmmHT8bhCyHE52hA6","Zedd,Liam Payne",58,False,204583,0.716,0.917,-3.674,0.0527,0.0215,7.91e-06,0.0515,0.501,107.969,1
5trCWbYtza0QUxdmF9HAPX,One of the Drunks,20JZFwl6HVl6yg8a4H3ZqK,Panic! At The Disco,58,True,198946,0.424,0.892,-3.78,0.193,0.0426,0.0,0.711,0.762,174.008,0
6PFoEnjp0PAe5siGswjH9i,Dancing's Not a Crime,20JZFwl6HVl6yg8a4H3ZqK,Panic! At The Disco,58,False,219466,0.526,0.891,-1.549,0.0482,0.0375,0.0,0.375,0.804,94.095,0
4Q4jmPHwu0wrJvqrld0FQ6,I Would Like,1Xylc3o4UrD53lo9CvFvVg,Zara Larsson,58,False,226720,0.486,0.713,-3.949,0.0524,0.0853,0.0,0.0839,0.297,121.028,0
6Pw3Gvw4wNMZfTYZa6IQal,The Way I Are (Dance with Somebody) [feat. Lil Wayne],"64M6ah0SkkRsnPGtGiRAbb,55Aa2cqylxrFIXC767Z865","Bebe Rexha,Lil Wayne",58,False,187787,0.466,0.659,-6.077,0.115,0.00282,0.0,0.273,0.36,186.169,1
12VqHHz4wvVcnEdSivjLeQ,Alive,6LuN9FCkKOj5PcnpouEgny,Khalid,58,False,177413,0.386,0.406,-10.419,0.0425,0.832,0.0597,0.171,0.205,78.616,0
0E8CA9JBoEs3tD0JQJUpQb,Perplexing Pegasus - From SR3MM,"7iZtZyCzp3LItcw1wtPI3D,1zNqQNIdeOUZHb8zbZRFMX,7EEiVZvj6RCEtVX2F2pyxu","Rae Sremmurd,Swae Lee,Slim Jxmmi",58,True,204787,0.898,0.447,-8.849,0.0772,0.000676,1.04e-05,0.365,0.308,145.964,1
0WLhJ2NBuZHuoHY8pLVHJ0,Contact (feat. Tyga),"5LHRHt1k9lMyONurDHEdrp,137W8MRPWKqSmrBGDBFSop","Tyga,Wiz Khalifa",58,True,155913,0.84,0.692,-5.399,0.0356,0.00181,0.0,0.344,0.145,100.046,1
0Vl4eICpXMjtiK0RhdaWov,Zu Ende,"6h1s4i4XKIYv4ErDelLDN0,65AzRSW0jKSs0WtttEXrOw","Samra,ELIF",58,True,197861,0.707,0.747,-5.212,0.279,0.307,0.0,0.183,0.491,80.025,1
6vjymPak0JRQC2P84XlI9t,Unholy,5YGY8feqx7naU7z4HrwZM6,Miley Cyrus,58,False,130186,0.824,0.534,-4.679,0.0363,0.0357,3.62e-06,0.0877,0.206,141.983,0
2SxR5RitJdsG6wINvJLBSD,Tunnel Vision (Outro),0eDvMgVFoNV3TpwtrVCoTj,Pop Smoke,58,True,132587,0.718,0.66,-7.39,0.325,0.363,0.0,0.159,0.659,142.879,0
4Tc9PHEoeP17PQj3OOKXPu,Diana (feat. King Combs),"0eDvMgVFoNV3TpwtrVCoTj,41I5xI04kixwmonDBl0Sda","Pop Smoke,King Combs",58,True,188976,0.794,0.792,-6.889,0.186,0.22,0.0,0.0998,0.546,126.994,1
2CDcXWYWilHTXrsOXJza8n,Deep Reverence (feat. Nipsey Hussle),"0c173mlxpT3dSFRgMO8XPh,0EeQBlQJFiAfJeVN2vT9s0","Big Sean,Nipsey Hussle",58,True,231351,0.631,0.848,-4.839,0.31,0.138,0.0,0.379,0.265,91.879,1
385VOmGbguaPG57TgoW8Lh,24 Hours,7n2wHs1TKAczGzO7Dd2rGr,Shawn Mendes,58,False,150781,0.351,0.368,-8.132,0.0557,0.488,0.00603,0.124,0.362,84.224,0
0vbbhcA6okLzvsy6WSTlLg,Lay It All on Me (feat. Ed Sheeran),"4WN5naL3ofxrVBgFpguzKo,6eUKZXaKkcviH0Ku9w2n3V","Rudimental,Ed Sheeran",58,False,242440,0.669,0.747,-7.108,0.0428,0.141,0.0,0.185,0.483,122.531,1
3Yw09dj3cTXsAzlLjgBfIP,Talk Up (feat. Jay-Z),"3TVXtAsR1Inumwj472S9r4,3nFkdlSjzX9mRTtwJOzDYB","Drake,JAY-Z",58,True,223240,0.759,0.479,-10.65,0.186,0.0039,5.3e-06,0.302,0.347,140.089,1
3OEer2dQj1eWhSqxatGiru,Revenge (feat. Eminem),"1KCSPY1glIKqW2TotWuXOR,7dGJo4pcD2V6oG8kP0tJRR","P!nk,Eminem",58,True,226160,0.725,0.749,-7.474,0.356,0.0452,0.0,0.175,0.761,87.03,1
0bZFa5DZcx9HWx25m2Nd19,Dream,7n2wHs1TKAczGzO7Dd2rGr,Shawn Mendes,58,False,214751,0.492,0.672,-6.779,0.0366,0.539,0.000212,0.116,0.229,140.027,0
5b2QnYcT9rQIkhRWt4HztQ,Walk On Water (feat. Beyoncé),"7dGJo4pcD2V6oG8kP0tJRR,6vWDO969PvNqNYHIOW5v0m","Eminem,Beyoncé",58,True,303640,0.49,0.598,-4.814,0.186,0.801,0.0,0.576,0.61,84.004,1
4hiUYb2nb6NlfTP9CD38Pe,On My Way,"2o5jDhtHVPhrJdv3cEQ99Z,1Dn88PoQjnQgLTOaokePFz","Tiësto,Bright Sparks",58,False,183710,0.629,0.764,-4.023,0.036,0.00981,0.0,0.221,0.577,123.972,1
56KDoLjFIm7Yc7fX1XgpNw,Always Been You,7n2wHs1TKAczGzO7Dd2rGr,Shawn Mendes,58,False,167193,0.37,0.39,-6.958,0.0419,0.229,0.0,0.0823,0.309,124.802,0
5jpNBhgAk5OmfB0W5i5NaO,Piece Of You,7n2wHs1TKAczGzO7Dd2rGr,Shawn Mendes,58,False,175781,0.757,0.628,-3.944,0.077,0.0147,0.0,0.05,0.609,100.004,0
507tQXutCPYNFkpOq8tmKF,Don't Worry Bout Me,1Xylc3o4UrD53lo9CvFvVg,Zara Larsson,58,False,208811,0.752,0.706,-6.274,0.0636,0.0797,0.000752,0.129,0.33,125.041,0
0IAkpYTRomExXOUJonNMTR,Expensive (feat. Nicki Minaj),"7c0XG5cIJTrrAgEC3ULPiq,0hCNtLu0JehylgoiP8L4Gh","Ty Dolla $ign,Nicki Minaj",58,True,135740,0.866,0.531,-6.859,0.0703,0.0379,0.0,0.0937,0.266,99.069,1
3EfugazgSddQvzZpkof5I4,Ciao Adios,1zNqDE7qDGCsyzJwohVaoX,Anne-Marie,58,False,200104,0.698,0.882,-3.078,0.0863,0.127,0.0,0.15,0.445,106.083,0
06scTb0zbkxYNgpAB3J9fN,B.I.T.C.H.,181bsRPaVXVlUKXrxwZfHK,Megan Thee Stallion,58,True,183142,0.742,0.731,-4.362,0.306,0.0851,0.0,0.131,0.547,174.019,0
011ZwIM48eD8ee2UBpG8nK,"12.38 (feat. 21 Savage, Ink & Kadhja Bonet)","73sIBHcqh3Z3NyqHKZ7FOL,1URnnhqYAYcrqrcwql10ft,4ZhFCxPekpmV12n2xMeF2z,6sqZoZxe9BQwk7Zxh6STfF","Childish Gambino,21 Savage,Ink,Kadhja Bonet",58,True,392186,0.691,0.524,-9.718,0.16,0.197,4.29e-05,0.488,0.41,164.047,1
7BpYWzZwrsljT1eIjb0TqR,Told You So,74XFHRwlV6OrjEM0A2NCMF,Paramore,58,False,188946,0.639,0.814,-5.632,0.0385,0.0029,2.98e-05,0.0529,0.904,123.922,0
3sJHkcxojoJD2Ytbo1yLLF,Two High,5DK8eK7fjvRsziXzyr3sFA,Moon Taxi,58,False,213120,0.649,0.762,-5.153,0.0447,0.0852,0.00383,0.118,0.48,107.034,0
3oHiR89Y8gn6xt3YGAAzFj,NASTY (feat. Ashanti & Megan Thee Stallion),"4r63FhuTkUYltbVAg5TQnk,5rkVyNGXEgeUqKkB5ccK83,181bsRPaVXVlUKXrxwZfHK","DaBaby,Ashanti,Megan Thee Stallion",58,True,215053,0.768,0.635,-4.925,0.15,0.0289,0.0,0.312,0.64,160.992,1
0ZN72tCEgbwPXEtj6TPMxK,Still Ballin (feat. Wiz Khalifa),"4xRYI6VqpkE3UwrDrAZL8L,137W8MRPWKqSmrBGDBFSop","Logic,Wiz Khalifa",58,True,239986,0.79,0.677,-5.27,0.104,0.0151,1.06e-05,0.169,0.75,160.001,1
63SHcJzckFykS8faA5zojY,Vem Me Satisfazer,"09EYYUcfEDOvj3D5f45L99,6ac253D3NynjiNAjkkR2TJ","MC Ingryd,DJ Henrique da VK",58,False,188388,0.862,0.561,-5.703,0.335,0.596,0.0,0.108,0.541,99.864,1
1NgCWYuBLfqBDA3b8MgSVU,Twenty One,6LuN9FCkKOj5PcnpouEgny,Khalid,58,False,184200,0.776,0.445,-8.574,0.0371,0.212,0.00409,0.124,0.405,109.981,0
01uk7IzZyFNfQTDBXxx6NB,One Last Song,2wY79sveU1sp5g7SokKOiI,Sam Smith,58,False,192922,0.672,0.53,-6.43,0.0284,0.367,0.0,0.321,0.485,103.326,0
2KBRNUt33CrlaFPEz4bQYs,Favorite Bitch (feat. Ty Dolla $ign),"7dGJo4pcD2V6oG8kP0tJRR,7c0XG5cIJTrrAgEC3ULPiq","Eminem,Ty Dolla $ign",58,True,236719,0.626,0.835,-5.842,0.319,0.0331,0.0,0.345,0.681,172.063,1
5ZX1X9Rl4zbx1Wwyn3idVD,No Peace,"2wY79sveU1sp5g7SokKOiI,1ooV8YZC1KbpEcrmI8WH0F","Sam Smith,Yebba",58,False,283294,0.66,0.542,-8.11,0.077,0.343,3.89e-06,0.122,0.152,135.828,1
5esKpsrB3TbGHwFaAjIGMx,Move Ya Hips (feat. Nicki Minaj & MadeinTYO),"5dHt1vcEm9qb8fCyLcB3HL,0hCNtLu0JehylgoiP8L4Gh,5SyGEPymt1G2uto47tVWvZ","A$AP Ferg,Nicki Minaj,MadeinTYO",58,True,146009,0.809,0.68,-4.883,0.222,0.0535,1.2e-06,0.11,0.0653,143.988,1
4CyCHkhRsDXUeP5K4Y3xjU,Sie ruft,1qQLhymHXFPtP5U8KNKsm6,Apache 207,58,False,152013,0.819,0.507,-7.336,0.0881,0.482,0.00628,0.105,0.634,130.009,0
5b6zjsBrZCqe6RFycLz2tc,schizophrenia,15UsOTVnJzReFVN1VCnxy4,XXXTENTACION,58,False,80190,0.606,0.349,-10.032,0.198,0.0762,0.0711,0.1,0.239,180.055,0
0nCVLAhIUrLQ34Vw5vTXNP,If Walls Could Talk,5Rl15oVamLq7FbSb0NNBNy,5 Seconds of Summer,58,False,182292,0.588,0.79,-4.762,0.0776,0.00879,0.0,0.0954,0.499,121.899,0
4UQajPk0EPvbwWTl0fYi4C,Moving Along,5Rl15oVamLq7FbSb0NNBNy,5 Seconds of Summer,58,False,197517,0.713,0.829,-4.297,0.203,0.00529,0.0,0.221,0.845,149.996,0
1pMrGc8rMC5qx0zMak8tkd,Talk Fast,5Rl15oVamLq7FbSb0NNBNy,5 Seconds of Summer,58,False,187234,0.803,0.719,-3.354,0.0474,0.0318,2.88e-05,0.0742,0.608,145.983,0
6fOOKqQWcSy33ApU1wqkkW,Paradise,6LuN9FCkKOj5PcnpouEgny,Khalid,58,False,173653,0.581,0.452,-9.558,0.15,0.206,0.00329,0.0881,0.523,75.046,0
7CRVv14VLogIh8BZLcRpJM,Modern Slavery,"6extd4B6hl8VTmnlhpl2bY,0Y5tJX1MQlPlqiwlOH1tJY,0VRj0yCOv2FXJNP47XQnx5","Huncho Jack,Travis Scott,Quavo",58,True,148559,0.744,0.739,-3.735,0.224,0.00161,0.0,0.28,0.507,134.008,1
38TgLPNHsPzgqri5G4SPun,Majesty (with Labrinth & feat. Eminem),"0hCNtLu0JehylgoiP8L4Gh,2feDdbD5araYcm6JhFHHw7,7dGJo4pcD2V6oG8kP0tJRR","Nicki Minaj,Labrinth,Eminem",58,True,295653,0.81,0.73,-5.209,0.223,0.314,0.0,0.105,0.568,157.004,1
7wC76LWyNxaP3hjGzbWOcN,CABRIOLET (feat. Sfera Ebbasta),"3hBQ4zniNdQf1cqqo6hzuW,23TFHmajVfBtlRx5MXqgoz","Salmo,Sfera Ebbasta",58,True,185573,0.548,0.531,-7.436,0.264,0.15,1.05e-05,0.0919,0.309,150.058,1
12o6dxWGk29uIAP3OWY0pM,Homemade Dynamite,163tK9Wjr9P9DmM0AVK7lm,Lorde,58,True,189796,0.762,0.437,-5.581,0.0568,0.252,2.86e-06,0.0901,0.217,106.965,0
2WWruw7ul9N7eqoHELyMc2,The Beautiful & Damned,"02kJSzxNuaWGqwubyUba0Z,1yFie7615gesdLbvVVpYU5","G-Eazy,Zoe Nash",58,True,189306,0.656,0.804,-5.191,0.363,0.173,0.0,0.837,0.314,125.882,1
2c3qwFINQyRGwyqI97UQiA,Forever Ever,"6Xgp2XMz1fhVYe7i6yNAax,50co4Is1HCEo8bhOyUWKpn,07V3atNq2TyPNDYmzp6Dyy","Trippie Redd,Young Thug,Reese LAFLARE",58,True,237983,0.689,0.426,-9.449,0.0368,0.388,0.0,0.129,0.411,90.049,1
4W9XGjEUVG9junR70FOLii,Lick,4DdkRBBYG6Yk9Ka8tdJ9BW,Offset,58,True,204515,0.959,0.539,-6.611,0.0958,0.172,0.0,0.108,0.657,103.0,0
5WEqjIUHkwZ5h3DSE7F9bM,Friend Of Mine (feat. Vargas & Lagola),"1vCWHaC5f2uS3yhpwWbIA6,2fVW2ix4ANKiofDZIsy1XR","Avicii,Vargas & Lagola",58,False,159863,0.701,0.717,-4.367,0.056,0.0181,0.00599,0.0713,0.666,109.999,1
24FR8mXTaiGZPrxnkf1kcP,Hit My Line,4xRYI6VqpkE3UwrDrAZL8L,Logic,58,False,265190,0.62,0.786,-5.22,0.167,0.143,0.0,0.46,0.679,164.057,0
2wDjpPW3HZdA9quPPmZAMu,Trust Nobody (feat. Selena Gomez & Tory Lanez),"2LZDXcxJWgsJfKXZv9a5eG,0C8ZW7ezQVs4URX5aX7Kqx,2jku7tDXc6XoB6MO2hFuqg","Cashmere Cat,Selena Gomez,Tory Lanez",58,True,215670,0.42,0.636,-7.216,0.22,0.494,0.0,0.122,0.784,156.104,1
7rLegaz7zKB6EtDNzcslKE,Medley da Gaiola - DENNIS Remix,"2UMj7NCbuqy1yUZmiSYGjJ,6xlRSRMLgZbsSNd0BMobwy","MC Kevin o Chris,DENNIS",58,False,239999,0.896,0.756,-5.56,0.228,0.711,0.0,0.0779,0.686,140.073,1
0ERnYArznxdTBEIj1VSta8,man i is,4xRYI6VqpkE3UwrDrAZL8L,Logic,58,True,269231,0.754,0.778,-2.745,0.134,0.365,6.96e-05,0.152,0.95,74.999,0
4WfjYOo0JxommRm1PyObJl,High For Hours,6l3HvQ5sa6mXTsMTB19rO5,J. Cole,58,True,251308,0.87,0.446,-9.818,0.424,0.449,0.0,0.16,0.684,95.518,0
7LEydI5NfjY6mZfKwYIptZ,Down (feat. Gucci Mane),"1l8Fu6IkuTP0U5QetQJ5Xt,13y7CgLHjMVRMDqxdx0Xdo","Fifth Harmony,Gucci Mane",58,False,165200,0.53,0.512,-7.094,0.133,0.0162,7.04e-05,0.128,0.401,196.121,1
0OMt4Qyetdbw2eUEvKBdHH,Remind Me,7dGJo4pcD2V6oG8kP0tJRR,Eminem,58,True,225173,0.764,0.867,-3.856,0.296,0.125,0.0,0.717,0.767,93.969,0
3J6bLodhUHgNyzEZLgcieN,Love Me Land,1Xylc3o4UrD53lo9CvFvVg,Zara Larsson,58,False,159810,0.302,0.481,-7.023,0.0625,0.0945,5.33e-06,0.142,0.252,216.334,0
6TrdeNEgbKuBqIToRfdWMY,Everybody Business,0cGUm45nv7Z6M6qdXYQGTX,Kehlani,58,True,165009,0.43,0.703,-3.684,0.229,0.521,0.0,0.132,0.435,45.78,0
1fvCggAYrW0VtCljtqv4h2,Last Memory,3EW0kQ1skZiK1NHg3Spt9J,Takeoff,58,True,162132,0.854,0.708,-5.805,0.244,0.175,0.0,0.241,0.172,118.032,0
4b7mLZQWsy0rLnrMtPA9fQ,borderline (feat. Missy Elliott),"66CXWjxzNUsdJxJ2JdwvnR,2wIVse2owClT7go1WT98tk","Ariana Grande,Missy Elliott",58,True,177533,0.761,0.818,-5.238,0.0978,0.058,0.0,0.11,0.348,110.99,1
4GyMIm2BEMoOXjmIvSpfLi,King Of My City,31W5EY0aAly4Qieq6OFu6I,A Boogie Wit da Hoodie,58,True,148676,0.48,0.679,-6.776,0.264,0.452,0.0,0.152,0.29,81.186,0
3r1cV21xPMkgCmxk8VqWOB,Cherry Lady,4WZGDpNwrC0vNQyl9QzF7d,Capital Bra,58,False,135596,0.838,0.549,-7.145,0.0755,0.877,0.000964,0.115,0.654,114.445,0
40rXWke6SnXiGkSmaT8ZUr,Fantasía,1i8SpTcr7yvPOmcqrbnVXY,Ozuna,58,False,175186,0.695,0.719,-5.938,0.0903,0.227,0.000171,0.0884,0.781,180.074,0
66z5CuZkqkb18VhFTRwbZk,Hard To Choose One,1RyvyyTE3xzB2ZywiAwp0i,Future,58,True,193656,0.884,0.436,-9.922,0.255,0.011,0.0,0.101,0.254,119.013,0
2FhEj9lvEIaJihjFprRrGt,Snitching (feat. Quavo & Future),"0eDvMgVFoNV3TpwtrVCoTj,0VRj0yCOv2FXJNP47XQnx5,1RyvyyTE3xzB2ZywiAwp0i","Pop Smoke,Quavo,Future",58,True,259346,0.944,0.579,-4.961,0.191,0.0381,0.0,0.253,0.769,135.033,1
4EjbAh7YHU3VARkfkamZ8R,The Pale Moonlight,0fA0VVWsXO9YnASrzqfmYu,Kid Cudi,58,True,176293,0.576,0.807,-7.733,0.252,0.455,6.6e-05,0.209,0.612,160.009,0
3MR5Lnhd6uCIgLXSK7nmyX,Pa' La Cultura,"1Cs0zKBU1kc0i8ypK3B9ai,365Q4cNnnlsQErzPsUzyXY,0haZhu4fFKt0Ag94kZDiz2,2bxxlINUlcMQQb39K7IopR,3EiLUeyEcA6fbRPSHkG5kb,0tmwSHipWxN12fsoLcFU3B,21451j1KhjAiaYKflxBjr1,1GAymyGBvB4gQy5Z5LZ1Wj,23wEWD21D4TPYiJugoXmYb,3XcCT5MPlQPWFTJyzXbfuX","David Guetta,HUMAN(X),Sofía Reyes,Abraham Mateo,De La Ghetto,Manuel Turizo,Zion & Lennox,Lalo Ebratt,Thalia,Maejor",58,False,235603,0.755,0.854,-4.288,0.0517,0.0249,1.58e-05,0.389,0.588,105.038,1
2ZDRkJrKbceJRgLKkuex14,4 Da Kidz,0fA0VVWsXO9YnASrzqfmYu,Kid Cudi,58,True,184240,0.41,0.602,-9.545,0.0589,0.407,0.142,0.635,0.393,134.224,0
4anzVbFPUuZTw0KQeZ0qnu,WAS ICH LIEBE,6wWVKhxIU2cEi0K81v7HvP,Rammstein,58,False,269045,0.571,0.665,-4.953,0.044,0.001,0.0621,0.0874,0.582,172.005,0
0N8MGHEDAq29ip7RrlrTeN,Beach House,69GGBxA162lTqCwzJG5jLp,The Chainsmokers,58,False,206120,0.537,0.837,-4.477,0.039,0.19,0.0,0.348,0.533,90.083,0
7f2voPcnDEAzX4yB8SLnU2,Lord I Know,0fA0VVWsXO9YnASrzqfmYu,Kid Cudi,58,True,212040,0.613,0.572,-9.6,0.157,0.583,0.295,0.102,0.0389,180.061,0
0ptaq4BSl6jrXfGyLzJjYE,Italiana,"2iK8weavvfS2xJCmzNzNE5,3pgCLfNbw5ozIfoNsvDU7i","J-AX,Fedez",58,False,174172,0.686,0.744,-7.122,0.111,0.0302,0.0,0.0486,0.637,121.839,1
5HqRQwSAPAgJBQ3bhtpUTg,Nice to Meet Ya (feat. Nicki Minaj),"6JL8zeS1NmiOftqZTRgdTz,0hCNtLu0JehylgoiP8L4Gh","Meghan Trainor,Nicki Minaj",58,False,197003,0.754,0.561,-6.279,0.333,0.0111,0.0267,0.126,0.539,192.034,1
2BNkTvg1kHAAfGvqh56x5a,Getting Over You,5JZ7CnR6gTvEMKX4g70Amv,Lauv,58,False,255885,0.604,0.507,-7.928,0.0382,0.273,2.27e-06,0.0943,0.114,91.984,0
2XDhuJvvx2wcIROXbfTTYr,Believe,7dGJo4pcD2V6oG8kP0tJRR,Eminem,58,True,315346,0.886,0.488,-5.628,0.184,0.166,0.0,0.343,0.114,130.064,0
6jmZlyf9DxcIoRrjw02YXm,Old Town Road - Remix,"7jVv8c5Fj3E9VhNjxT4snq,60rpJ9SgigSd16DOAG7GSa,6xvpfMjWTougrRRtK7iikz,50co4Is1HCEo8bhOyUWKpn","Lil Nas X,Billy Ray Cyrus,Mason Ramsey,Young Thug",58,False,171293,0.891,0.503,-5.777,0.226,0.0576,0.0,0.0763,0.674,136.009,1
6ZelF5APDN5r6XnFqcnvWR,Give No Fxk,"6oMuImdp5ZcFhWP0ESe6mG,0Y5tJX1MQlPlqiwlOH1tJY,50co4Is1HCEo8bhOyUWKpn","Migos,Travis Scott,Young Thug",58,True,224243,0.904,0.627,-5.608,0.222,0.0303,5.68e-06,0.0923,0.236,145.976,1
5dS2dvXVPe7AR6UwBpnomW,Make It To Heaven (with Raye),"1Cs0zKBU1kc0i8ypK3B9ai,19HFRWmRCl27kTk6LeqAO8,5KKpBU5eC2tJDzf0wmlRp2","David Guetta,MORTEN,RAYE",58,False,172380,0.587,0.92,-4.697,0.0914,0.0936,0.073,0.185,0.35,126.035,1
53mrVsi49rLHIaKBiSvElG,do re mi (feat. Gucci Mane),"2cFrymmkijnjDg9SS92EPM,13y7CgLHjMVRMDqxdx0Xdo","blackbear,Gucci Mane",58,True,233705,0.746,0.647,-6.388,0.052,0.007,0.0,0.156,0.196,112.015,1
05rJdH2MRLJ3sQoEUO78qs,Paradinha,7FNnA9vBm6EKceENgCGRMb,Anitta,58,False,141316,0.695,0.775,-5.041,0.0887,0.0117,0.191,0.0702,0.869,180.054,0
2KAkkba3PaYFegfmYpUITv,Dans l'espace (feat. Heuss l'Enfoiré),"1lB3I3SI30v2ZOpR4XQqzJ,3YwqjMyrRfuixi2pbgTGCE","Gambi,Heuss L'enfoiré",58,True,169702,0.916,0.57,-6.278,0.18,0.0286,1.96e-06,0.0851,0.7,110.05,1
2mNbgyi0gori4b1rFSPgIb,Sober,163tK9Wjr9P9DmM0AVK7lm,Lorde,58,True,197235,0.795,0.488,-10.349,0.192,0.2,0.00364,0.133,0.528,107.734,0
17UUYZ290omPaJY4wKeyHh,Me Dijeron,1i8SpTcr7yvPOmcqrbnVXY,Ozuna,58,False,170133,0.8,0.841,-2.817,0.0524,0.0273,0.0,0.291,0.798,94.023,0
6aPDvttLmezuUlv60ExTH9,Fades Away (feat. Noonie Bao),"1vCWHaC5f2uS3yhpwWbIA6,1vIuPjtFhqIPE2n9W2ePgO","Avicii,Noonie Bao",58,False,178958,0.53,0.525,-8.319,0.0585,0.228,2.2e-06,0.0812,0.225,134.236,1
6igOR5QCn09zAVF2ikZjsV,Surf (feat. Gunna),"50co4Is1HCEo8bhOyUWKpn,2hlmm7s2ICUX0LVIhVFlZQ","Young Thug,Gunna",58,True,184093,0.93,0.561,-8.053,0.25,0.101,0.0,0.0992,0.596,140.987,1
0gGfmw4csswZmFPj9YK8GW,7empest,2yEwvVSSSUkcLeSTNyHKh8,TOOL,58,True,943528,0.323,0.804,-7.397,0.0369,7.35e-05,0.835,0.0957,0.384,144.756,0
5cGpjfgAvidLy6znwkCxkP,Can't Be Broken,55Aa2cqylxrFIXC767Z865,Lil Wayne,58,True,193243,0.58,0.577,-5.997,0.2,0.125,0.0,0.086,0.153,99.283,0
6bGwKHXHNLmTy6yt147FPh,If You Know You Know,0ONHkAv9pCAFxb0zJwDNTy,Pusha T,58,True,202120,0.46,0.697,-5.954,0.325,0.0186,0.0,0.362,0.701,153.426,0
7vRfxLcDDwgYW2WTrtEgUV,The Next Best American Record,00FQb4jTyendYWaN8pK0wa,Lana Del Rey,58,False,349347,0.569,0.354,-9.862,0.0315,0.616,2.75e-05,0.112,0.118,108.083,0
5PAAUJTKLT0nCmHUlLdPXb,Andere Welt,"4WZGDpNwrC0vNQyl9QzF7d,0iFq8SzyZaaQ2Fn6CLDxqW,5p7mWeX4RlvqBCxylfiXdE","Capital Bra,Clueso,KC Rebell",58,True,189686,0.692,0.764,-5.233,0.113,0.574,0.0,0.106,0.564,84.029,1
350aUOZhGtTOK1dQbQFKNc,Allah’ından Bul,6LnJKrtFnTEGdbWQ2riWCL,Ezhel,58,True,181074,0.893,0.49,-6.563,0.0589,0.197,0.000387,0.102,0.517,108.032,0
45zJRuzK9e6AO527NOW7Fy,"Calipso (with Dardust) (feat. Sfera Ebbasta, Mahmood & Fabri Fibra)","1UCxzrM5WJh9ure5vCcsim,23TFHmajVfBtlRx5MXqgoz,06nvjg4wBANK6DCHjqtPNd,7u710e44HW3K7A5eTnRqHC","Charlie Charles,Sfera Ebbasta,Mahmood,Fabri Fibra",58,True,190699,0.775,0.661,-6.178,0.183,0.0261,2.09e-05,0.112,0.467,112.029,1
3kCwyvhvVTyehIzYN2I0nF,Omertà,3TVXtAsR1Inumwj472S9r4,Drake,58,True,219506,0.646,0.899,-2.232,0.298,0.0337,0.0,0.232,0.685,164.119,0
56JyMaElW79S7TDWh1Zw1m,On A Roll,14scxEoUN7Dcx1m4EQ7oHe,Ashley O,58,False,154447,0.736,0.81,-6.354,0.0906,0.077,0.0,0.0523,0.387,125.011,0
2uMTscYuCT3BZ0OCzH3MwN,"If I'm Lyin', I'm Flyin'",46SHBwWsqBkxI7EeeBEQG7,Kodak Black,58,True,130929,0.715,0.617,-5.558,0.242,0.1,3.62e-06,0.186,0.289,176.108,0
03vyB3AHCuEGfhh7wPc7Yf,When You're Ready,7n2wHs1TKAczGzO7Dd2rGr,Shawn Mendes,58,False,169586,0.49,0.473,-8.887,0.129,0.792,0.0,0.113,0.603,171.535,0
3xWEI23MLJrD0dpDcDUTW6,Déjate Llevar,"1ackd5XprZEkH3McKbQD51,5LeiVcEnsZcwc133TUhJNW,0tmwSHipWxN12fsoLcFU3B,5oOyEfGd8NxAKA41zGQhoj,1o9x7ez0NvhDb7gBqrYnUj","Juan Magán,Belinda,Manuel Turizo,Snova,B-Case",58,False,233080,0.675,0.724,-5.503,0.0787,0.0166,0.0,0.697,0.506,92.051,1
1Szfm2XAx3Kgl55dyl8sTU,Time (feat. Meek Mill),"5f7VJjfbwm532GiveGC0ZK,20sxb77xiYeusSH8cVdatc","Lil Baby,Meek Mill",58,True,182723,0.781,0.487,-8.823,0.589,0.0335,0.0,0.163,0.344,95.879,1
4CstQ0SUkl0YkoeZkIZlIx,100 Miles and Running (ft. Wale & John Lindahl),"4xRYI6VqpkE3UwrDrAZL8L,67nwj3Y5sZQLl72VNUHEYE,2ei3ToTz5SL3pVp17X0Vkd","Logic,Wale,John Lindahl",58,True,353453,0.835,0.929,-3.595,0.0653,0.579,1.28e-06,0.38,0.96,119.047,1
1b6tPXXCV2fSNtR3SKWUQA,Available,1uNFoZAHBGtllmzznpCI3s,Justin Bieber,58,False,195333,0.702,0.608,-6.843,0.0359,0.0736,0.0,0.129,0.597,75.012,0
7gevvAspxft2qQmcvJjNBH,A Good Night,"5y2Xq6xcjJb2jVM54GHK3t,1okJ4NC308qbtY9LyHn6DO","John Legend,BloodPop®",58,True,203453,0.53,0.707,-5.516,0.203,0.104,0.0,0.105,0.696,109.827,1
439TlnnznSiBbQbgXiBqAd,m.A.A.d city,"2YZyLoL8N0Wb9xBt1NhZWg,4XqfpACObRB5AsBcUYjL8X","Kendrick Lamar,MC Eiht",58,True,350120,0.487,0.729,-6.815,0.271,0.0538,4.07e-06,0.44,0.217,91.048,1
0CfmNX2TXk7yoJqHJiixnp,She Bad,"4kYSro6naA4h99UJvo89HB,0A0FS04o6zMoto8OKPsDwY","Cardi B,YG",58,True,230952,0.791,0.504,-7.864,0.266,0.0183,0.0,0.0963,0.355,159.949,1
3fV9z98dnQLSIPIMMJXCm7,Veleno 7,"4upwdFMlZBmQ68jP9jPzjK,3MkkSf3u5KU52Mb2iMrqeX","Gemitaiz,MadMan",58,True,173960,0.806,0.843,-6.237,0.0601,0.156,1.24e-05,0.363,0.327,132.991,1
3CHiuPXn9ufDJhVy1xI4Jf,"MACHETE SATELLITE (feat. Salmo, Taxi B & Greg Willen)","0VitAFMCI2apQxKzDjg1PU,2KXYAKQTxHuUHDtVgeGn6w,1gs79u8PKkWAW1yfymbkTt,3hBQ4zniNdQf1cqqo6hzuW,5FkcU4BVzPptuB6AjobZIL,51ltJZ6rB893AdzgCxSOV3","BLOODY VINYL,Slait,Young Miles,Salmo,Taxi B,Greg Willen",58,True,146986,0.507,0.898,-4.493,0.477,0.079,0.0,0.0835,0.527,142.828,1
4gALhhysObk59C3fxeTLwh,One Night Stand,4WZGDpNwrC0vNQyl9QzF7d,Capital Bra,58,True,162334,0.645,0.636,-6.128,0.437,0.397,1.49e-06,0.0818,0.897,101.933,0
3WaDoMDQRqDdgtCDLxanpN,Snitches & Rats (feat. Young Nudy),"1URnnhqYAYcrqrcwql10ft,0iEtIxbK0KxaSlF7G42ZOp,5yPzzu25VzEk8qrGTLIrE1","21 Savage,Metro Boomin,Young Nudy",58,True,187772,0.821,0.671,-5.893,0.18,0.00843,8.5e-05,0.0972,0.494,145.953,1
2ZrHbO88rM6Ijeg0aJmSzl,Patient,6VuMaDnrHyPL1p4EHjYLi7,Charlie Puth,58,False,190533,0.675,0.604,-6.266,0.193,0.752,0.0,0.111,0.456,168.034,0
4aTtHoSBB0CuQGA6vXBNyp,Home (feat. Bonn),"60d24wfXkVzDSfLS6hyCjZ,7Io0XduXk7aOHFHA7sLru2","Martin Garrix,Bonn",58,False,239067,0.466,0.612,-4.855,0.0307,0.0655,4.07e-06,0.132,0.236,128.114,1
1jDbQz6tr52WgScCTXMnaN,POP,4O15NlyKLIASxsJ0PrXPfz,Lil Uzi Vert,58,True,227474,0.741,0.599,-6.672,0.419,0.00961,0.0,0.785,0.276,139.891,0
2FBpJGt00G0h1q0RHuqaGO,Yummy - Summer Walker Remix,"1uNFoZAHBGtllmzznpCI3s,57LYzLEk2LcFghVwuWbcuS","Justin Bieber,Summer Walker",58,False,209213,0.655,0.578,-5.711,0.0534,0.311,0.0,0.109,0.546,145.869,1
6MbH1QiphMCPTqVEVC7UYi,Nothings Into Somethings,3TVXtAsR1Inumwj472S9r4,Drake,58,False,153724,0.766,0.234,-7.544,0.159,0.332,0.00156,0.358,0.256,96.882,0
0o7glLPfZgns8ZF14Wlpf7,Love So Soft,3BmGtnKgCSGYIUhmivXKWX,Kelly Clarkson,58,False,172426,0.811,0.596,-5.428,0.0621,0.00755,1.15e-05,0.0588,0.673,130.03,0
60brXKLTC15vK0av5gIldm,Confirmation,1uNFoZAHBGtllmzznpCI3s,Justin Bieber,58,False,170586,0.438,0.315,-8.186,0.0375,0.608,0.0,0.151,0.449,190.064,0
6PzOPrXx8tJEqace76yrv2,E.T.A.,1uNFoZAHBGtllmzznpCI3s,Justin Bieber,58,False,176733,0.465,0.494,-7.595,0.066,0.49,0.0,0.127,0.457,127.298,0
1u0THw5xaGd7sYzJEh48Lt,Jenny of Oldstones (Game of Thrones),1moxjboGR7GNWYIMWsRjgG,Florence + The Machine,58,False,188638,0.27,0.195,-10.653,0.0797,0.931,9.73e-06,0.0949,0.171,46.489,0
0IQCOAw9ZAI6WnXIrl481F,Hoje Eu Vou Parar Na Gaiola,"7me0S5Z40qVWj3gzyK8aC3,7ecRwFks8F2vYad383BkKf","Mc Livinho,Rennan da Penha",58,True,177093,0.65,0.361,-7.153,0.404,0.0331,0.0,0.0978,0.844,89.803,1
1JkrD47SDpAbyvqKtolcea,Thotiana (Remix),"3Fl1V19tmjt57oBdxXKAjJ,4kYSro6naA4h99UJvo89HB,3elR9fj2COXgTJlJm7NtP7","Blueface,Cardi B,YG",58,True,297546,0.911,0.721,-4.833,0.28,0.0364,0.0,0.111,0.69,104.11,1
1YqXXJDSlDHrp66g9as4uo,Change Your Life (feat. Jhené Aiko),"0cGUm45nv7Z6M6qdXYQGTX,5ZS223C6JyBfXasXxrRqOk","Kehlani,Jhené Aiko",58,True,191128,0.665,0.749,-6.526,0.0834,0.0375,1.95e-06,0.0837,0.701,146.886,1
5f5r2N4Lp9WoULWPH9zp2W,Can't Have Everything,3TVXtAsR1Inumwj472S9r4,Drake,58,True,228437,0.856,0.572,-8.429,0.373,0.0136,1.55e-06,0.121,0.454,82.445,0
7bJ4mu7MHa3rHiNyKjOoSl,Ice Melts,"3TVXtAsR1Inumwj472S9r4,50co4Is1HCEo8bhOyUWKpn","Drake,Young Thug",58,True,250770,0.813,0.551,-7.605,0.353,0.08,0.0,0.386,0.598,124.957,1
2MHCiOohBZEQuLgDTPvSzF,Love on Me,"4sTQVOfp9vEMCemLw50sbu,3iN9k8uvm4WrgdlOigOH8D","Galantis,Hook N Sling",58,False,205920,0.562,0.906,-2.085,0.0758,0.105,0.0,0.145,0.674,124.146,1
2RQAG0wQt35UzAPEyVJFWN,Love Drought,6vWDO969PvNqNYHIOW5v0m,Beyoncé,58,False,237440,0.455,0.535,-10.602,0.0426,0.0209,0.64,0.126,0.216,157.01,0
7IWTIkiWGWNQyYfOLdMrGD,Burn Out (feat. Dewain Whitmore),"60d24wfXkVzDSfLS6hyCjZ,7MFJyevu6jq0shwDuVLymu,1E1W3to8HhGSkkIEUMwEjd","Martin Garrix,Justin Mylo,Dewain Whitmore",58,False,200322,0.594,0.722,-5.751,0.0398,0.0156,0.0,0.0667,0.407,127.877,1
0LtVx5vsq9nfpGsWgjUin6,"City Of Stars - From ""La La Land"" Soundtrack","6kXm2YCtdUOpRYNKeKhfue,68Uwx1d3EbjDJhYsLjqvIq","Ryan Gosling,Emma Stone",58,False,149720,0.483,0.121,-15.133,0.0349,0.91,0.0,0.0885,0.419,106.032,1
7GwYENSg87oERcW0Wacd6m,SKYBOX,2hlmm7s2ICUX0LVIhVFlZQ,Gunna,58,True,178096,0.779,0.707,-6.527,0.16,0.0991,0.0,0.0934,0.343,140.894,0
7p2ewixAShLpjDZrnzZK7c,Get Up 10,4kYSro6naA4h99UJvo89HB,Cardi B,58,True,231453,0.806,0.57,-6.927,0.246,0.0977,0.0,0.105,0.454,93.015,0
2yUy5eFAFWAichjrySJWA2,Happiness Over Everything (H.O.E.) (feat. Future & Miguel),"5ZS223C6JyBfXasXxrRqOk,1RyvyyTE3xzB2ZywiAwp0i,360IAlyVv4PCEVjgyMZrxK","Jhené Aiko,Future,Miguel",58,False,188160,0.415,0.674,-8.134,0.335,0.131,0.0,0.202,0.867,134.769,1
4Q8aDd3H6LF8t4eY7So9O8,Light It Up (with Tyga & Chris Brown),"64KEffDW9EtZ1y2vBYgq8T,5LHRHt1k9lMyONurDHEdrp,7bXgB6jMjp9ATFy66eO08Z","Marshmello,Tyga,Chris Brown",58,True,137448,0.81,0.625,-3.593,0.071,0.0407,1.53e-06,0.118,0.598,100.019,1
4SHhui9S7lFYGHXikfneGo,Drugs & The Internet,5JZ7CnR6gTvEMKX4g70Amv,Lauv,58,True,178560,0.454,0.583,-6.596,0.133,0.321,1.06e-05,0.332,0.216,89.134,0
1WoM4mof0Nl1xPtwf6h6ow,FLY,"5p7mWeX4RlvqBCxylfiXdE,3drqpTL4sQOckmAfF9i1wg","KC Rebell,Summer Cem",58,False,174893,0.835,0.596,-6.637,0.297,0.137,1.09e-06,0.164,0.897,100.706,1
4KgTrzmfiWNcVneh2Dd1Ou,Sometimes...,4V8LLVI7PbaPR0K2TGSxFF,"Tyler, The Creator",58,True,36160,0.552,0.415,-11.996,0.0451,0.959,0.000239,0.164,0.36,72.862,0
2QgfDF0fQ4sskDthP8MG5w,asmr,1URnnhqYAYcrqrcwql10ft,21 Savage,58,True,171713,0.84,0.543,-7.738,0.476,0.0399,0.0,0.117,0.161,170.067,0
5MvLsT03RBp67RLoeISCdl,Do You Mean,"69GGBxA162lTqCwzJG5jLp,7c0XG5cIJTrrAgEC3ULPiq,5vBrKGOjN10BMwB0cJADj4","The Chainsmokers,Ty Dolla $ign,bülow",58,False,193186,0.6,0.666,-9.827,0.0394,0.102,0.0,0.118,0.566,99.989,1
0rrfXLr1p1yxsUy7LrKoYT,Mutual,7n2wHs1TKAczGzO7Dd2rGr,Shawn Mendes,58,False,148360,0.917,0.474,-6.694,0.156,0.259,0.0,0.133,0.801,115.053,0
1GtVGc1UYin3zpMUdNSSpM,Midnight,4xRYI6VqpkE3UwrDrAZL8L,Logic,58,True,241426,0.568,0.607,-7.438,0.108,0.0867,0.0,0.0972,0.269,95.056,0
3VTNVsTTu05dmTsVFrmGpK,Fairytale of New York (feat. Kirsty MacColl),"2wzMOQwNT6ZvVB4amvhFAH,6UlNIFEuWlBqb4TvlVCekq","The Pogues,Kirsty MacColl",58,False,272466,0.271,0.551,-7.48,0.0457,0.582,4.16e-05,0.256,0.428,78.111,1
7vTspUAmMKFkUpKL9HLZNL,Trap This Way (This Way),4O15NlyKLIASxsJ0PrXPfz,Lil Uzi Vert,58,True,185438,0.71,0.586,-5.331,0.381,0.248,0.0,0.193,0.207,175.987,0
2ludbmtPoyCPe2K08fAlFl,Helium (Sia vs. David Guetta & Afrojack),"5WUlDfRSoLAfcVSX1WnrxN,1Cs0zKBU1kc0i8ypK3B9ai,4D75GcNG95ebPtNvoNVXhz","Sia,David Guetta,Afrojack",58,False,237372,0.542,0.587,-6.145,0.035,0.0977,0.0,0.2,0.243,136.915,1
5eGX87IiKsGuzS3iw4CfCX,September - Recorded at The Tracking Room Nashville,06HL4z0CvFAxyc27GXpf02,Taylor Swift,58,False,187823,0.641,0.444,-6.482,0.0239,0.412,0.00121,0.179,0.588,107.081,0
7JDbfYUHjDzQPFSDh5lzGs,Enigma,1HY2Jd0NmPuamShAr6KMms,Lady Gaga,58,False,179760,0.669,0.804,-4.035,0.036,0.0306,0.0,0.694,0.184,116.001,0
48BycLu4MtbVvCumpvMMbP,Snake Skin,6Xgp2XMz1fhVYe7i6yNAax,Trippie Redd,58,True,186944,0.669,0.557,-8.835,0.0498,0.0574,0.0,0.0662,0.553,144.043,0
07qlsG6DYRLBbovwca9Vbr,You Let Me Walk Alone,21aa4pj9BvbFB2iT8kRpnq,Michael Schulte,58,False,177886,0.451,0.279,-9.953,0.03,0.783,0.0,0.103,0.424,74.786,0
4aZfvvgfoSfmSZpfwQYzC0,Ihr Hobby,"1aS5tqEs9ci5P9KD9tZWa6,0b62itBWBdLgiecXjXCqKC","Bonez MC,Maxwell",58,False,185329,0.774,0.814,-6.145,0.0584,0.204,0.456,0.118,0.254,109.019,1
5I30ByMf5nhgbSokY1EZiN,Anybody (feat. Nicki Minaj),"50co4Is1HCEo8bhOyUWKpn,0hCNtLu0JehylgoiP8L4Gh","Young Thug,Nicki Minaj",58,True,254946,0.901,0.472,-8.416,0.194,0.0381,0.0,0.11,0.479,120.0,1
5HCXMBxZIVaVLXpyoqPM3g,Leave the City,3YQKmKGau1PzlVlkL1iodx,Twenty One Pilots,58,False,280493,0.506,0.379,-11.64,0.0334,0.726,0.00458,0.0956,0.299,134.985,0
2Mfv5HaqnI18Q9JRv9hqnn,Still Learning,26VFTg2z8YR0cCuwLzESi2,Halsey,58,False,211784,0.708,0.661,-6.543,0.0546,0.0396,0.000244,0.113,0.317,102.046,0
4MAsYGSgxsaj73dC2lvFC4,WORKIN ME,0VRj0yCOv2FXJNP47XQnx5,Quavo,58,True,169657,0.792,0.657,-4.245,0.191,0.205,4.1e-06,0.196,0.228,169.969,0
6XOYVSmNDjKUNMXooU4s4z,No Vacancy,5Pwc4xIPtQLFEnJriah9YJ,OneRepublic,58,False,223189,0.71,0.73,-4.001,0.0607,0.0571,0.0,0.139,0.48,99.986,0
2PCKWNZYcwyFKd4lVRWE8k,LA LA,2rhFzFmezpnW82MNqEKVry,Ski Mask The Slump God,58,True,147413,0.765,0.574,-8.456,0.31,0.0585,0.0,0.22,0.606,140.017,0
3oxCefEI6Tc6Z6t20J4IvH,Disrespectful,"1URnnhqYAYcrqrcwql10ft,4DdkRBBYG6Yk9Ka8tdJ9BW,0iEtIxbK0KxaSlF7G42ZOp","21 Savage,Offset,Metro Boomin",58,True,160320,0.799,0.381,-7.147,0.464,0.354,3.12e-06,0.135,0.0488,158.021,1
3ZLyt2ndLFBh148XRYjYYZ,All We Got (feat. Kanye West & Chicago Children's Choir),"1anyVhU62p31KFi8MEzkbf,5K4W6rqBFWDnAN6FQUkS6x,6e64nPdtxyICfh90RJukpg","Chance the Rapper,Kanye West,Chicago Children's Choir",58,False,203794,0.531,0.544,-8.615,0.462,0.308,1.89e-06,0.0835,0.398,131.921,1
6CrnvqCxBKVWahSiQwOesM,Hands,4LLpKhyESsyAXpc4laK94U,Mac Miller,58,True,199981,0.739,0.627,-8.608,0.171,0.0459,0.0,0.159,0.542,74.962,0
2BKPabEQlWzx7jSs1XWnp1,SENTIMENTAL,2UwqpfQtNuhBwviIC0f2ie,Damso,58,True,206720,0.793,0.487,-9.082,0.114,0.317,0.0398,0.0976,0.395,98.974,0
5GNjiM8jZCgbqjHklAcT9e,All I Am,4ScCswdRlyA23odg9thgIO,Jess Glynne,58,False,219520,0.755,0.682,-4.799,0.0339,0.0265,0.0,0.189,0.498,122.049,0
1lItf5ZXJc1by9SbPeljFd,Juju on That Beat (TZ Anthem),"7nKeLE1toRtW4M279iS26h,5AsWcQXw4RJFRWBbwa0ti0","Zay Hilfigerrr,Zayion McCall",58,False,144244,0.807,0.887,-3.892,0.275,0.00381,0.0,0.391,0.78,160.517,1
7LAhKXDNWwq3CmnFP3UIOP,Nightmare,"4DdkRBBYG6Yk9Ka8tdJ9BW,0iEtIxbK0KxaSlF7G42ZOp","Offset,Metro Boomin",58,True,147986,0.739,0.405,-10.897,0.0852,0.442,0.211,0.158,0.127,157.09,1
7jnaow1bGpKO2VkgtYE8Vv,Tigers,5wV3FoaNbDB6X9INuQvs1K,Bilal Wahib,58,False,130714,0.841,0.485,-12.808,0.1,0.124,1.34e-06,0.166,0.725,111.943,0
6hyQVqfHFvsJDjcmj4qrHf,Fun Tonight,1HY2Jd0NmPuamShAr6KMms,Lady Gaga,58,False,173426,0.645,0.923,-4.262,0.0725,0.364,1.06e-06,0.14,0.323,117.945,0
0pGC7cwCOakpvCFYiawNhM,FEEL THE BEAT,"1yxSLGMDHlW21z4YXirZDS,1r4hJ1h58CWwUQe3MxPuau","Black Eyed Peas,Maluma",58,True,237714,0.896,0.528,-5.981,0.0849,0.114,0.000189,0.773,0.312,104.991,1
5q5gzmbBS5yQzos2BvVr1t,Nights With You,0bdfiayQAKewqEvaU6rXCv,MØ,58,False,197494,0.763,0.671,-4.029,0.1,0.401,1.16e-05,0.375,0.602,120.06,0
7roKDmJDOzkpfGpUQJ5EnL,Business Is Business (Lil Baby & Gunna),"5f7VJjfbwm532GiveGC0ZK,2hlmm7s2ICUX0LVIhVFlZQ","Lil Baby,Gunna",58,True,162268,0.821,0.636,-6.038,0.0899,0.288,0.0,0.104,0.4,142.008,1
619pVMIK3WvX529JIkQTY3,Give Yourself A Try,3mIj9lX2MWuHmhNCA7LSCW,The 1975,58,True,196588,0.331,0.784,-5.002,0.0561,3.12e-05,0.0,0.427,0.902,182.964,0
1uULQtJ8rbsX5TwjPpPc9Q,4L,1URnnhqYAYcrqrcwql10ft,21 Savage,58,True,288364,0.879,0.41,-9.233,0.551,0.000897,2.09e-05,0.108,0.0703,80.011,0
3wS2dXzQw58b1e3AR8YStR,Interlude : Set me free,5RmQ8k4l3HZ8JoPb4mNsML,Agust D,58,False,140198,0.31,0.416,-10.429,0.0346,0.0755,3.34e-05,0.18,0.207,129.925,0
4R5xvs5X0phd0EYWyGigju,Medicina,7FNnA9vBm6EKceENgCGRMb,Anitta,58,False,141508,0.798,0.784,-3.545,0.0667,0.0441,0.0129,0.149,0.653,93.96,0
4lozYCMRLtEc46exlhoK2Q,I'm so Groovy,1RyvyyTE3xzB2ZywiAwp0i,Future,58,True,261751,0.938,0.478,-9.739,0.265,0.0418,0.00884,0.0801,0.386,138.059,0
0dy5NFDnx5fuZvE8ZXEX35,Shotz Fired,1aS5tqEs9ci5P9KD9tZWa6,Bonez MC,58,True,179843,0.839,0.594,-9.087,0.139,0.249,0.0264,0.165,0.58,76.007,0
3GOjD8hwXOxbTF3apTqSqX,Bad Husband (feat. X Ambassadors),"7dGJo4pcD2V6oG8kP0tJRR,3NPpFNZtSTHheNBaWC82rB","Eminem,X Ambassadors",57,True,287893,0.514,0.72,-5.189,0.322,0.0738,0.0,0.148,0.478,96.237,1
7eAJEMhjeQLLp4HSdJJ58b,Unterwegs,1qQLhymHXFPtP5U8KNKsm6,Apache 207,57,False,172226,0.706,0.772,-6.765,0.189,0.376,8.76e-06,0.0884,0.304,99.186,0
75nKBP8jQu681pTNCtrEnn,Running Over (feat. Lil Dicky),"1uNFoZAHBGtllmzznpCI3s,1tqhsYv8yBBdwANFNzHtcr","Justin Bieber,Lil Dicky",57,False,179626,0.774,0.603,-7.319,0.0591,0.438,4.37e-05,0.0869,0.977,149.982,1
6m6Oy3F6GG0zRwH03rWmTv,Still Serving,"1URnnhqYAYcrqrcwql10ft,4DdkRBBYG6Yk9Ka8tdJ9BW,0iEtIxbK0KxaSlF7G42ZOp","21 Savage,Offset,Metro Boomin",57,True,231786,0.926,0.544,-6.827,0.0727,0.413,9.54e-05,0.112,0.656,115.951,1
5537GkcZu99NDs1gH9iCOY,Sober Up (feat. Rivers Cuomo),"6s22t5Y3prQHyaHWUN1R1C,4LAz9VRX8Nat9kvIzgkg2v","AJR,Rivers Cuomo",57,False,218760,0.647,0.616,-4.948,0.0272,0.277,0.0,0.0816,0.79,93.019,1
4DwppHaJ76CJ0GYOFwrQoJ,Jusqu'à minuit (feat. JuL),"6Te49r3A6f5BiIgBRxH7FH,3IW7ScrzXmPvZhB27hmfgy","Ninho,Jul",57,True,260683,0.772,0.643,-6.367,0.159,0.425,0.0,0.102,0.609,112.015,1
6YHnhfw8yMCx4vZvsgem3D,Hasta la vista,3NH8t45zOTqzlZgBvZRjvB,PNL,57,True,216284,0.826,0.76,-6.382,0.117,0.392,0.0,0.132,0.813,99.974,0
2wOXxtHZgRkkrkEbKLzzqs,1.5,1URnnhqYAYcrqrcwql10ft,21 Savage,57,True,148655,0.885,0.52,-8.353,0.359,0.000244,1.16e-06,0.454,0.306,84.022,0
0P1O6JO2i19etVxXqgPHpa,Lost It (feat. Quavo & Offset),"1pPmIToKXyGdsCF6LmqLmI,0VRj0yCOv2FXJNP47XQnx5,4DdkRBBYG6Yk9Ka8tdJ9BW","Rich The Kid,Quavo,Offset",57,True,272152,0.827,0.642,-4.29,0.242,0.00905,1.5e-06,0.0865,0.181,145.004,1
6LXMUR2rpxFBDo6nilS3yX,Cool Out,53XhwfbYqKCa1cC15pYq2q,Imagine Dragons,57,False,217866,0.636,0.718,-4.833,0.0313,0.00483,6.51e-06,0.292,0.437,143.929,0
5Ncjypx5upZS5ZZTaqUzIf,Honsool,5RmQ8k4l3HZ8JoPb4mNsML,Agust D,57,True,219808,0.478,0.574,-8.886,0.0606,0.00036,0.00719,0.157,0.187,71.984,0
2b1yiFEFZYuvlBnClvNJHP,Taco Tuesday,6oMuImdp5ZcFhWP0ESe6mG,Migos,57,True,96563,0.945,0.65,-7.071,0.154,0.000515,0.0,0.135,0.804,129.007,0
1Mb187X5w3OUQNH6P5M28Y,Ex (feat. YG),"7c0XG5cIJTrrAgEC3ULPiq,0A0FS04o6zMoto8OKPsDwY","Ty Dolla $ign,YG",57,True,163133,0.77,0.426,-5.717,0.0473,0.0116,0.0,0.273,0.523,102.056,1
1A85fOmviQuGgkF6Lww6Nd,Midnight Train,2wY79sveU1sp5g7SokKOiI,Sam Smith,57,False,207164,0.713,0.597,-7.117,0.0692,0.377,2.86e-05,0.179,0.399,96.06,0
4xs1uoAjiWAEecX9yKGSF6,Nowhere Fast (feat. Kehlani),"7dGJo4pcD2V6oG8kP0tJRR,0cGUm45nv7Z6M6qdXYQGTX","Eminem,Kehlani",57,True,264173,0.7,0.74,-4.617,0.184,0.254,0.0,0.0682,0.663,79.015,1
107CfwBqfICzcKur8k7UCA,Tragic Endings (feat. Skylar Grey),"7dGJo4pcD2V6oG8kP0tJRR,4utLUGcTvOJFr6aqIJtYWV","Eminem,Skylar Grey",57,True,252026,0.634,0.771,-4.957,0.295,0.429,0.0,0.689,0.522,80.971,1
5O8x1YlmLQopQHErxtDfi9,UnFazed (feat. The Weeknd),"4O15NlyKLIASxsJ0PrXPfz,1Xyo4u8uXC1ZmMpatF05PJ","Lil Uzi Vert,The Weeknd",57,True,190355,0.778,0.707,-3.606,0.0746,0.0459,0.0,0.111,0.458,126.684,1
4OGIeHtYhRTJ8iW21UUyZW,Bad Bitch From Tokyo (Intro),0eDvMgVFoNV3TpwtrVCoTj,Pop Smoke,57,True,48000,0.645,0.64,-6.871,0.179,0.395,1.04e-05,0.286,0.674,140.248,0
0PQsrLxPbOBBwwmXCnGvcF,Diamonds (with Normani),"181bsRPaVXVlUKXrxwZfHK,2cWZOOzeOm4WmBJRnD5R7I","Megan Thee Stallion,Normani",57,True,199301,0.785,0.753,-3.841,0.0873,0.188,1.01e-06,0.265,0.488,94.012,1
4K1vOdIFqskQv3zoI0FdAk,Say It First,2wY79sveU1sp5g7SokKOiI,Sam Smith,57,False,247554,0.566,0.407,-10.293,0.0914,0.766,0.000185,0.111,0.156,119.781,0
0Zl4G9qcdXV5hVhdOirNHG,Goddamn (feat. A Boogie wit da Hoodie),"5LHRHt1k9lMyONurDHEdrp,31W5EY0aAly4Qieq6OFu6I","Tyga,A Boogie Wit da Hoodie",57,True,211039,0.951,0.573,-6.002,0.227,0.0667,0.0,0.119,0.42,105.052,1
1p1SbqeipOd4ezKUpxqaz6,"Baby, You Make Me Crazy",2wY79sveU1sp5g7SokKOiI,Sam Smith,57,False,207966,0.513,0.648,-7.714,0.0994,0.00739,4.87e-05,0.176,0.497,169.743,0
5ozqshq2dtU7SYCpCBu0NE,One More Year,5INjqkS1o8h1imAzPqGZBb,Tame Impala,57,False,324013,0.602,0.88,-5.414,0.0354,0.057,0.46,0.284,0.493,114.009,0
1ZyQGXH9dZ4AecevHhKUxi,World Gone Mad,7EQ0qTo7fWT7DPxmxtSYEc,Bastille,57,True,195700,0.505,0.68,-3.423,0.0336,0.283,0.0,0.175,0.362,139.843,0
5xDrO9DEDJGUQGfyoHvgDJ,Last Christmas,66CXWjxzNUsdJxJ2JdwvnR,Ariana Grande,57,False,203653,0.504,0.8,-2.763,0.0391,0.125,0.0,0.109,0.789,205.945,0
5Tj4faD9lGyMw8ZatUYR6G,Flood My Wrist (feat. Lil Uzi Vert),"31W5EY0aAly4Qieq6OFu6I,5TM9R6dNoJSMq23yZQD6Ee,4O15NlyKLIASxsJ0PrXPfz","A Boogie Wit da Hoodie,Don Q,Lil Uzi Vert",57,True,180935,0.904,0.672,-6.544,0.197,0.00382,3e-06,0.138,0.398,139.984,1
6A4Jc8npNo79BOgsrPptLA,Somebody's Watching Me - Single Version,3xs0LEzcPXtgNfMNcHzLIP,Rockwell,57,False,236480,0.767,0.712,-4.128,0.0324,0.0409,8.08e-05,0.132,0.804,124.092,0
4mbb7hmfDR6M9cQaLdYSFd,Ferrari,"2R21vXR83lH98kGeO99Y66,55Aa2cqylxrFIXC767Z865","Anuel AA,Lil Wayne",57,True,188779,0.842,0.732,-4.811,0.149,0.575,0.0,0.176,0.629,140.074,1
44KKhCyI0BGS6LvVyDqJtH,Esskeetit,3wyVrVrFCkukjdVIdirGVY,Lil Pump,57,True,181714,0.934,0.505,-7.648,0.168,0.0229,0.0,0.0867,0.691,139.93,0
3IEHJ5lWMxExmrn2zlhcVu,Champion,4UXqAaa6dQYAk18Lv7PEgX,Fall Out Boy,57,False,192533,0.318,0.914,-4.147,0.279,0.000958,8.98e-05,0.368,0.323,187.773,0
6XkEw1h2Hq4fGnSm0JuSIs,Strip (feat. Sharaya J),"3e7awlrlDSwF3iM0WBjGMp,6Z4puj0KYgtcxJrVXKmvBX","Little Mix,Sharaya J",57,False,199213,0.677,0.542,-7.01,0.341,0.0729,0.0,0.213,0.46,123.751,1
3ZwQCZ2LuYwuQ6R1p1CJ3w,Juro Que,7ltDVBr6mKbRvohxheJ9h1,ROSALÍA,57,False,170075,0.645,0.495,-6.77,0.107,0.845,0.000534,0.333,0.627,81.852,0
3ZYwSDF9knZI0RVlKR4PHC,Bad Company (feat. BlocBoy JB),"13ubrt8QOOCPljQ2FL1Kca,4TEJudQY2pXxVHPE3gD2EU","A$AP Rocky,BlocBoy JB",57,True,183809,0.901,0.529,-7.94,0.413,0.0679,0.0,0.536,0.343,144.941,1
1Xm2e1vDwOMeJJioWuG1s7,Soldi in Nero - feat. Sfera Ebbasta,"2K5nCggbhSZ00YCYP5qkZS,23TFHmajVfBtlRx5MXqgoz","Shiva,Sfera Ebbasta",57,False,183797,0.748,0.662,-4.832,0.285,0.149,0.0,0.17,0.346,157.918,1
18ssFhD04lWo1RzpcohnrG,Anyone,6S2OmqARrzebs0tKUEyXyp,Demi Lovato,57,True,227813,0.557,0.387,-6.338,0.0374,0.876,0.0,0.111,0.317,129.98,0
3IvMYBE7A3c7to1aEcfFJk,Deep Pockets,3TVXtAsR1Inumwj472S9r4,Drake,57,True,222928,0.473,0.824,-3.68,0.163,0.482,0.0,0.605,0.374,77.888,0
1miln1rdxYSBD0NOeIQeJG,Temperature Rising,2jku7tDXc6XoB6MO2hFuqg,Tory Lanez,57,False,136333,0.566,0.521,-5.453,0.0455,0.00612,0.0,0.0809,0.073,131.853,0
4EmunTy7kNBYQivOa8F6b8,Alfred - Interlude,7dGJo4pcD2V6oG8kP0tJRR,Eminem,57,True,30133,0.429,0.231,-20.43,0.402,0.878,0.0,0.279,0.914,74.545,0
2GriTXl7gRSBv1A2IGZtnL,Juice WRLD Speaks From Heaven - Outro,4MCBfE4596Uoi2O4DtmEMz,Juice WRLD,57,True,30582,0.396,0.373,-14.097,0.0989,0.991,0.0978,0.545,0.526,125.231,0
5sCwso3aURYAdieWEFI1nE,Icy (feat. Gucci Mane),"4xRYI6VqpkE3UwrDrAZL8L,13y7CgLHjMVRMDqxdx0Xdo","Logic,Gucci Mane",57,True,265266,0.827,0.522,-4.866,0.0845,0.163,1.19e-06,0.109,0.477,151.99,1
3cdxShmWeMHolKPDi3SRXM,Menace,3NH8t45zOTqzlZgBvZRjvB,PNL,57,True,188864,0.756,0.552,-6.912,0.0596,0.119,0.0,0.104,0.4,146.095,0
1r33iukEx0COYuBzyXPmPP,Hun43rd,13ubrt8QOOCPljQ2FL1Kca,A$AP Rocky,57,True,242746,0.584,0.546,-9.321,0.0762,0.444,0.0,0.355,0.355,136.335,0
1dzwFgBlZNxt28aQOinNGn,Changes,13ubrt8QOOCPljQ2FL1Kca,A$AP Rocky,57,True,314653,0.478,0.326,-10.992,0.0693,0.468,0.000221,0.323,0.338,137.04,0
3tTV4DYlhkiXRNiiXwIAPf,Medellín (with Maluma),"6tbjWDEIzxoDsBA1FuhfPW,1r4hJ1h58CWwUQe3MxPuau","Madonna,Maluma",57,False,298164,0.82,0.685,-7.093,0.288,0.0603,1.82e-05,0.671,0.462,91.98,1
0247StOpd3AkeBQzANX4Zf,Do They Know It's Christmas? - 1984 Version,35S20clEkkSNUo23ViaslZ,Band Aid,57,False,222533,0.599,0.642,-6.936,0.0363,0.164,3.33e-05,0.0992,0.349,115.412,0
3MrTi2XjvQCZm8V1P1ryuR,Cataleya,6h1s4i4XKIYv4ErDelLDN0,Samra,57,True,171681,0.708,0.794,-4.409,0.306,0.0763,0.0,0.168,0.69,90.125,0
0oQc0F6KUE7QY7k5TU6bic,Chromatica II,1HY2Jd0NmPuamShAr6KMms,Lady Gaga,57,False,41866,0.184,0.297,-14.534,0.0359,0.473,0.893,0.527,0.113,75.824,0
4MzhmCOgPB7xb87f1CXjlA,Thug Love,31W5EY0aAly4Qieq6OFu6I,A Boogie Wit da Hoodie,57,True,181744,0.54,0.643,-4.707,0.288,0.428,0.0,0.174,0.328,178.125,0
0YbXuCsQwrsh5x0hgnED6z,Antes y Después,"2R21vXR83lH98kGeO99Y66,1WMwuNKzEFtU6pPkdtryYS,0eHQ9o50hj6ZDNBt6Ys1sD,12vb80Km0Ew53ABfJOepVz","Anuel AA,Kendo Kaponi,Yandel,Ñengo Flow",57,True,414819,0.732,0.634,-5.587,0.36,0.171,0.0,0.204,0.533,173.886,1
3nTDO6k4R6i3FpKx0QNgJ5,So High,2rhFzFmezpnW82MNqEKVry,Ski Mask The Slump God,57,True,149813,0.7,0.435,-12.597,0.0428,0.122,0.000549,0.114,0.21,141.914,0
0oImBBuW9pWxX8RIgLAGRH,Smog,2UwqpfQtNuhBwviIC0f2ie,Damso,57,True,168093,0.884,0.679,-6.051,0.0899,0.0205,0.000172,0.115,0.489,146.021,0
6mCqxnyOhr4tHMbRbQL4Yn,"Enzo (with Sheck Wes, feat. Offset, 21 Savage & Gucci Mane)","540vIaP2JwjQb9dm3aArA4,2RDOrhPqAM4jzTRCEb19qX,4DdkRBBYG6Yk9Ka8tdJ9BW,1URnnhqYAYcrqrcwql10ft,13y7CgLHjMVRMDqxdx0Xdo","DJ Snake,Sheck Wes,Offset,21 Savage,Gucci Mane",57,True,248053,0.787,0.728,-4.049,0.0417,0.0902,0.0,0.316,0.198,119.945,1
4m5Cd9kAbIxg6t9sMrQWtk,TIC TOC,"7gZfnEnfiaHzxARJ2LeXrf,5f7VJjfbwm532GiveGC0ZK","6ix9ine,Lil Baby",57,True,135739,0.82,0.691,-6.646,0.0723,0.0115,0.0,0.344,0.683,142.027,1
0T6RSXxFhW8dRTWHI604ld,One Minute (feat. Kanye West & Travis Barker),"15UsOTVnJzReFVN1VCnxy4,5K4W6rqBFWDnAN6FQUkS6x,4exLIFE8sISLr28sqG1qNX","XXXTENTACION,Kanye West,Travis Barker",57,True,197758,0.568,0.636,-4.265,0.204,0.00671,0.0,0.105,0.879,113.497,1
3tcoEYOZUHKB3RKNByIN13,For Real,4O15NlyKLIASxsJ0PrXPfz,Lil Uzi Vert,57,True,177048,0.902,0.673,-7.481,0.458,0.159,0.0,0.289,0.615,132.066,0
1mmAqhLcvPrknbslMiDlyU,Particular Taste,7n2wHs1TKAczGzO7Dd2rGr,Shawn Mendes,57,False,175573,0.967,0.352,-7.122,0.122,0.0378,0.000121,0.0676,0.612,111.982,0
5N521RK66Z1FP0Oz6B4OlT,Gunz N Butter (feat. Juicy J),"13ubrt8QOOCPljQ2FL1Kca,5gCRApTajqwbnHHPbr2Fpi","A$AP Rocky,Juicy J",57,True,213573,0.852,0.632,-8.08,0.43,0.606,0.0,0.142,0.715,140.489,1
7kph8uPhOXHMfKzPJvIeah,Rich Sex (feat. Lil Wayne),"0hCNtLu0JehylgoiP8L4Gh,55Aa2cqylxrFIXC767Z865","Nicki Minaj,Lil Wayne",57,True,192600,0.876,0.637,-5.157,0.259,0.0515,0.0,0.0677,0.553,146.958,1
3CidPLqWXqgesJlwYVJZdy,Plastic Doll,1HY2Jd0NmPuamShAr6KMms,Lady Gaga,57,False,221666,0.743,0.853,-4.842,0.04,0.0019,3.49e-05,0.0872,0.422,121.028,0
29uWfSrklmIxzRIqFFK9jj,Self,6LuN9FCkKOj5PcnpouEgny,Khalid,57,False,229960,0.618,0.693,-7.889,0.333,0.44,0.759,0.101,0.439,143.98,0
6t2ubAB4iSYOuIpRAOGd4t,Cake - Challenge Version,"0jnsk9HBra6NMjO2oANoPY,3hPPNy5OBzCU1icQO7Nrok","Flo Rida,99 Percent",57,False,157164,0.786,0.854,-4.247,0.0523,0.0729,1.63e-06,0.179,0.687,105.078,1
6c0I7CfL9ziGZN8yYkLppP,Sharp Edges,6XyY86QOPPrYVGvF9ch6wz,Linkin Park,57,False,178200,0.652,0.714,-5.678,0.0562,0.145,0.0,0.154,0.624,112.029,0
1Pz3QmQFBFuI60rxCQBeW6,Kills You Slowly,69GGBxA162lTqCwzJG5jLp,The Chainsmokers,57,True,213320,0.696,0.429,-8.736,0.0554,0.0518,0.0,0.128,0.242,149.967,0
4so0Wek9Ig1p6CRCHuINwW,White Christmas,"6ZjFtWeHP9XN7FeKSUe80S,69UfPJgUmFFAVT740qGVZi,735L650pvygCZZlPMyHqsN","Bing Crosby,Ken Darby Singers,John Scott Trotter & His Orchestra",57,False,177480,0.317,0.158,-16.485,0.0381,0.673,0.353,0.338,0.247,130.503,1
5v6gozUHFv9OoNdFYz6p8V,Six Feet Apart,718COspgdWOnwOFpJHRZHS,Luke Combs,57,False,199068,0.565,0.598,-5.894,0.0276,0.335,0.0,0.124,0.449,155.814,0
4e6l3QGj4RZesjDLVqYk3H,Marlboro Rot,6h1s4i4XKIYv4ErDelLDN0,Samra,57,False,191000,0.789,0.812,-3.981,0.168,0.236,0.0,0.13,0.417,94.03,0
73VrGWg4I2DJiWXtbseyiG,You’re The Best Thing About Me,51Blml2LZPmy7TTiAg47vQ,U2,57,False,225400,0.653,0.775,-6.723,0.0366,0.00181,0.0,0.331,0.82,117.016,0
18HNGxDOcshRU2Hdu8tMOM,POPOPOP,1lB3I3SI30v2ZOpR4XQqzJ,Gambi,57,True,155632,0.833,0.652,-6.194,0.308,0.0486,0.000134,0.145,0.413,130.002,0
7pYFPMeK0TnaTGdS6qOtEr,Waterfall,"7KUri7klyLaIFXLcuuOMCd,1KCSPY1glIKqW2TotWuXOR,5WUlDfRSoLAfcVSX1WnrxN","Stargate,P!nk,Sia",57,False,200029,0.372,0.919,-1.68,0.3,0.0987,0.0,0.234,0.419,182.785,1
1yYBOIXO2H9LDqEPui42GM,BaeBae,6h1s4i4XKIYv4ErDelLDN0,Samra,57,False,167826,0.628,0.712,-4.864,0.156,0.282,0.0,0.156,0.45,86.627,0
7G2XZhDNHo7SSDWSVxC0UT,Terremoto,"7FNnA9vBm6EKceENgCGRMb,1mXAhKnZEdF6rotyyd4GBi","Anitta,MC Kevinho",57,False,146276,0.891,0.805,-5.836,0.0898,0.329,0.0,0.277,0.967,95.045,1
6KVxMOxlSYpC5nrvyWhYhx,Call My Friends,7n2wHs1TKAczGzO7Dd2rGr,Shawn Mendes,57,False,171078,0.53,0.79,-5.031,0.0344,0.0512,1.07e-06,0.122,0.438,146.09,0
1etiUDkISHELzQGMY79ryt,Quarter Past Midnight,7EQ0qTo7fWT7DPxmxtSYEc,Bastille,57,False,201799,0.504,0.821,-3.356,0.0598,0.275,0.0,0.0418,0.458,155.131,0
3thLnNvO9IctWoccbsZyJV,Different (feat. Yung Bans),"1RyvyyTE3xzB2ZywiAwp0i,4MCBfE4596Uoi2O4DtmEMz,6WkUZyqghQei2G809wMKuZ","Future,Juice WRLD,Yung Bans",57,True,151013,0.456,0.516,-10.512,0.459,0.098,0.0,0.115,0.684,77.058,1
46mT9NR7N9Zf5MolcrBgE3,Chrome Heart Tags,4O15NlyKLIASxsJ0PrXPfz,Lil Uzi Vert,57,True,212821,0.702,0.768,-4.055,0.0669,0.541,0.0,0.105,0.574,70.056,0
3pTScODwk9tggZzmuH6xDY,What's the Move (feat. Lil Uzi Vert),"50co4Is1HCEo8bhOyUWKpn,4O15NlyKLIASxsJ0PrXPfz","Young Thug,Lil Uzi Vert",57,True,251080,0.961,0.438,-7.877,0.31,0.0431,0.0,0.139,0.412,124.018,1
1RsD951uUUlJx0MRioZfev,Cry About It Later,6jJ0s89eD6GaHleKKya26X,Katy Perry,57,False,189772,0.692,0.67,-5.829,0.0871,0.0796,1.65e-05,0.248,0.445,126.004,0
4Rq2BMG5VWMhb2whSx8bf4,Tommy Lee (feat. SAINt JHN & Post Malone) - Remix,"1MXZ0hsGic96dWRDKwAwdr,0H39MdGGX6dbnnQPt6NQkZ,246dkjvS1zLTtiykXe5h60","Tyla Yaweh,SAINt JHN,Post Malone",57,True,230488,0.504,0.597,-6.237,0.1,0.206,0.0,0.0949,0.557,117.974,1
5Cg98kiDYtCEHmjcKD0CJD,I Know You (feat. Yung Pinch),"7d3WFRME3vBY2cgoP38RDo,61qMnYXa1GxSBoV3IiYKjZ","Lil Skies,Yung Pinch",57,True,211200,0.773,0.602,-6.384,0.108,0.194,0.000443,0.141,0.442,74.896,1
138oQeapLds5IeJrdRfeUd,Intro,7n2wHs1TKAczGzO7Dd2rGr,Shawn Mendes,57,False,62422,0.498,0.199,-11.011,0.0353,0.933,0.000573,0.493,0.47,76.046,0
0g4xPTe9fP1gPiXPMQKj7Z,Not a Pop Song,3e7awlrlDSwF3iM0WBjGMp,Little Mix,57,False,179413,0.624,0.651,-4.715,0.0372,0.279,0.0,0.0782,0.355,139.115,0
5IwUFTiNkarb5HEtNRtRtc,mother tongue,1Ffb6ejR6Fe5IamqA5oRUF,Bring Me The Horizon,57,False,217424,0.598,0.872,-4.567,0.0328,0.0196,0.0,0.326,0.609,107.009,0
3fFBZvG777xoKyvcrBq7lc,Red Bentley (feat. Young Thug),"1RyvyyTE3xzB2ZywiAwp0i,4MCBfE4596Uoi2O4DtmEMz,50co4Is1HCEo8bhOyUWKpn","Future,Juice WRLD,Young Thug",57,True,207866,0.903,0.609,-7.555,0.237,0.0301,1.61e-05,0.179,0.268,149.991,1
7HdZY9UJTylIiNcSDFyUDc,Miss You (with Major Lazer & Tory Lanez),"2LZDXcxJWgsJfKXZv9a5eG,738wLrAtLtCtFOLvQBXOXp,2jku7tDXc6XoB6MO2hFuqg","Cashmere Cat,Major Lazer,Tory Lanez",57,False,186231,0.747,0.641,-4.502,0.0925,0.25,0.00107,0.106,0.453,100.028,1
1NHlyKgtR4roNylOhidKSv,Girls Have Fun (feat. G-Eazy & Rich The Kid),"5LHRHt1k9lMyONurDHEdrp,02kJSzxNuaWGqwubyUba0Z,1pPmIToKXyGdsCF6LmqLmI","Tyga,G-Eazy,Rich The Kid",57,True,175710,0.888,0.74,-5.363,0.238,0.00586,0.0,0.218,0.664,100.003,1
1e9QSdX5uLUw6vbrkZJyXi,Fendi Drip,"3CJKkU0XuElRT1z8rEtIYg,5pVRwX5ZQR7hfJ18w8ZYkl,5f7VJjfbwm532GiveGC0ZK","Luciano,Ufo361,Lil Baby",57,False,220880,0.827,0.646,-6.122,0.505,0.0827,0.0,0.123,0.711,168.025,1
44nlOJLjLqwNgYcT277V25,Make Eem Run!,"0O1cTzccAEKaEFShgzAK9V,15UsOTVnJzReFVN1VCnxy4,2rhFzFmezpnW82MNqEKVry","Bass Santana,XXXTENTACION,Ski Mask The Slump God",57,True,192000,0.936,0.514,-8.908,0.271,0.747,0.0,0.11,0.812,129.997,1
11Fo4dAH31K7UZHGqCkCmE,I Love You,"2XnBwblw31dfGnspMIwgWz,6KZDXtSj0SzGOV705nNeh3","Axwell /\ Ingrosso,Kid Ink",57,True,190986,0.654,0.859,-4.321,0.166,0.336,0.0,0.0947,0.704,114.87,1
4GBkffrtA51p17JH35irGA,‘tis the damn season,06HL4z0CvFAxyc27GXpf02,Taylor Swift,57,False,229840,0.575,0.435,-8.193,0.0311,0.737,5.38e-05,0.105,0.351,145.91,0
4wBcaYqLPm7EtDVoJQORU4,Bust Me,4O15NlyKLIASxsJ0PrXPfz,Lil Uzi Vert,57,True,194451,0.734,0.703,-6.256,0.355,0.237,1.99e-06,0.413,0.608,151.923,0
0aTiUssEOy0Mt69bsavj6K,Descending,2yEwvVSSSUkcLeSTNyHKh8,TOOL,57,False,817832,0.33,0.611,-9.571,0.0495,0.00219,0.769,0.107,0.241,172.606,0
4KzOYxD4qIkUtZV9ZYakGu,original me (feat. dan reynolds of imagine dragons),"6Ad91Jof8Niiw0lGLLi3NW,3k3gbUT7bF0jYmFmAKBQtU","YUNGBLUD,Dan Reynolds",57,True,205320,0.471,0.786,-5.24,0.192,0.00888,1.89e-06,0.187,0.61,160.01,1
3TjhLjBbR74kY1MicLTD9n,"This Is Halloween - From ""The Nightmare Before Christmas""",164hs3x1Tsp3FgJWNHee1r,The Citizens of Halloween,57,False,196573,0.569,0.508,-12.823,0.0502,0.768,0.0,0.145,0.647,167.624,0
7FtZFla3ZH6PqsAJ9MvVCM,Steppin On Niggas,"1URnnhqYAYcrqrcwql10ft,0iEtIxbK0KxaSlF7G42ZOp","21 Savage,Metro Boomin",57,True,140832,0.849,0.635,-4.068,0.254,0.000608,8.44e-06,0.062,0.798,89.484,1
6cHxkkZ3TZUKsjd13pIO1p,Puta Madre,0Dvx6p8JDyzeOPGmaCIH1L,RAF Camora,57,True,209032,0.844,0.784,-6.218,0.0346,0.47,0.0,0.245,0.95,125.974,0
4WdCxlUyj3TCTBaJx5s9tF,Don't Kill My Vibe,4TrraAsitQKl821DQY42cZ,Sigrid,57,False,184320,0.543,0.783,-4.834,0.117,0.222,7.5e-05,0.244,0.294,150.0,0
64mK5Yd0rdGeXVkMFspEyt,Un Poco De Tu Amor,"7cjh6y0V9SsyCrWSXTzwOs,0TeVa4xdLB8vdzjsvKH6Ri,6kaefrHSdAvxhhCVDFTCEL,6ModsWtBph2rE6zCTVxvZt,0aMqt2uGLuHj4eI8oXgVzN,5O8cudluftNZ6PCwRzvYxo,0veZkZPeWoJQ9gt6VAXlkN","RBD,Anahí,Dulce María,Maite Perroni,Christian Chávez,Christopher von Uckermann,Alfonso Herrera",57,False,206120,0.785,0.773,-7.61,0.0334,0.0296,8.12e-06,0.0667,0.892,119.996,1
1BuTNbYxxFYezD1tT8AJR9,MOVE TO MIAMI,"7qG3b048QCHVRO5Pv1T5lw,0TnOYISbd1XYRBk9myaseg","Enrique Iglesias,Pitbull",57,True,168680,0.738,0.857,-4.127,0.0515,0.0186,1.85e-06,0.0848,0.845,99.958,1
1fEl5TPKRJAsuP6TqZ23hB,D Rose,3wyVrVrFCkukjdVIdirGVY,Lil Pump,57,True,135497,0.781,0.553,-4.277,0.0735,0.201,0.000233,0.383,0.308,121.968,0
11jGgkrtDbYaKlN0y1nPbC,Tik Tok (feat. Marracash & Guè Pequeno),"23TFHmajVfBtlRx5MXqgoz,5AZuEF0feCXMkUCwQiQlW7,7F2utINZ6tSokSiZTQBE27","Sfera Ebbasta,Marracash,Guè Pequeno",57,True,230388,0.723,0.673,-7.636,0.137,0.0985,0.0,0.323,0.302,120.046,1
5BxBGvLJdwBBjCYJRdezxM,Male,23TFHmajVfBtlRx5MXqgoz,Sfera Ebbasta,57,True,161873,0.598,0.687,-6.444,0.0341,0.0113,0.0,0.289,0.422,157.001,0
75bVc27bDSOAhMAL38cXpV,Méchant,"7CUFPNi1TU8RowpnFRSsZV,6Te49r3A6f5BiIgBRxH7FH","Niska,Ninho",57,True,191133,0.531,0.803,-3.929,0.339,0.325,0.0,0.368,0.414,97.51,1
6XGddj522FQRHXEhBtjiJu,Strobelite (feat. Peven Everett),"3AA28KZvwAUcZuOKwyblJQ,0v2oB2xMS64U3lcU5DFuCY","Gorillaz,Peven Everett",57,False,272666,0.64,0.864,-4.909,0.0869,0.0409,1.55e-06,0.136,0.497,105.107,1
6eUncuJutsFi9BGO1JaBHh,If I'm Lucky,07YZf4WDAMNwqr4jfgOZ8y,Jason Derulo,57,False,212013,0.897,0.634,-6.264,0.161,0.00413,0.0,0.0686,0.506,112.048,0
2SRVj6ceeIffVEm9NFyRHI,Nummer unterdrückt,"1aS5tqEs9ci5P9KD9tZWa6,0Dvx6p8JDyzeOPGmaCIH1L","Bonez MC,RAF Camora",57,True,208794,0.812,0.749,-6.296,0.0881,0.2,0.00124,0.15,0.773,139.962,1
19Ec2gbNtQTE44IizcPjtD,Wassup (feat. Future),"4O15NlyKLIASxsJ0PrXPfz,1RyvyyTE3xzB2ZywiAwp0i","Lil Uzi Vert,Future",57,True,193313,0.762,0.622,-6.293,0.223,0.352,0.0,0.145,0.626,130.019,1
4sWGHlZGM1XA7TyWdtBAbA,Moon Relate,4O15NlyKLIASxsJ0PrXPfz,Lil Uzi Vert,57,True,181825,0.867,0.768,-3.73,0.0791,0.18,0.0,0.254,0.34,102.021,0
6V43u5SCjkfMpxMAXRPifr,Sentou e Gostou,"5GqnSMX8p2hxqsM6LqDty3,0tvACMjTDrW7HCo4F2wiIb,2kMDiFDvjMOoLfcZbLgA6s","MC JottaPê,DJ RD,MC M10",57,False,163200,0.702,0.672,-3.308,0.397,0.261,0.000988,0.0916,0.722,131.453,1
0AhJag7VI8uFf3mJFsTwvf,I Can Show You,4O15NlyKLIASxsJ0PrXPfz,Lil Uzi Vert,57,True,120076,0.817,0.656,-7.086,0.277,0.051,0.0,0.115,0.314,139.915,0
4GVwjLRT7oSsKby7Vy8EHr,Skit,3Nrfpe0tUJi4K4DXYWgMUX,BTS,57,False,179547,0.703,0.321,-13.135,0.884,0.864,0.0,0.908,0.544,114.822,0
4SnlSaLJJ7reJMCHM5YUuX,Lotus,4O15NlyKLIASxsJ0PrXPfz,Lil Uzi Vert,57,True,193861,0.802,0.748,-5.708,0.207,0.24,0.0,0.165,0.516,150.063,0
1aYcpI8hXtpAEdBq8fp1pH,Quiero Mas,"1i8SpTcr7yvPOmcqrbnVXY,3E6xrwgnVfYCrCs0ePERDz,0eHQ9o50hj6ZDNBt6Ys1sD","Ozuna,Wisin,Yandel",57,False,244293,0.768,0.821,-4.7,0.0437,0.0256,3.17e-06,0.165,0.516,94.011,1
3e39X4Q74yJzsYUEeyf4ws,OFF THE RIP,4r63FhuTkUYltbVAg5TQnk,DaBaby,57,True,115609,0.801,0.693,-4.002,0.323,0.0104,0.0,0.376,0.602,164.084,0
0FnxK9FEAQyPJ284QcieNb,5 Am in Toronto,3TVXtAsR1Inumwj472S9r4,Drake,57,True,205264,0.555,0.88,-4.325,0.265,0.0678,0.0,0.0723,0.391,87.195,0
1LV5cAo02H8h5YlZNcjULM,Always Forever,2EMAnMvWE2eb56ToJVfCWs,Bryson Tiller,57,False,170053,0.605,0.489,-7.234,0.174,0.168,2.36e-06,0.187,0.326,147.341,0
1HF6P40Z7nfExGaB1Gk99v,Got The Guap (feat. Young Thug),"4O15NlyKLIASxsJ0PrXPfz,50co4Is1HCEo8bhOyUWKpn","Lil Uzi Vert,Young Thug",57,True,176756,0.837,0.601,-5.628,0.198,0.21,0.0,0.0928,0.749,142.977,1
3QIrkRSTz3yPd44HzN6qJr,Summer Cem (feat. Luciano),"3drqpTL4sQOckmAfF9i1wg,3CJKkU0XuElRT1z8rEtIYg","Summer Cem,Luciano",57,True,160546,0.874,0.589,-6.871,0.079,0.179,8.49e-05,0.113,0.454,135.025,1
7lEhOiFtcLXY4P7cuTKuQ8,Zum Zum,"4VMYDCV2IEDYJArk749S6m,3jFjgKOGfVLWfXX8q5wrsg,4SsVbpTthjScTS7U2hmr1X","Daddy Yankee,R.K.M & Ken-Y,Arcangel",57,False,235773,0.839,0.832,-2.492,0.0531,0.0622,4.59e-06,0.282,0.529,92.004,1
3caMfJGFp53NAH2TuigdNj,Hunter,4sTQVOfp9vEMCemLw50sbu,Galantis,57,False,183466,0.509,0.712,-5.747,0.111,0.186,0.0,0.102,0.653,99.831,0
7BKUWh5sdtdS17crohRe4L,Black SpiderMan,"4xRYI6VqpkE3UwrDrAZL8L,4L1YBxxAxQx0HG8lgPcFcJ","Logic,Damian Lemar Hudson",57,True,331266,0.611,0.867,-5.298,0.0896,0.11,0.000105,0.346,0.336,140.032,1
1CCDIow4pPYyJYzhtTUYz2,RAW SHIT (feat. Migos),"4r63FhuTkUYltbVAg5TQnk,6oMuImdp5ZcFhWP0ESe6mG","DaBaby,Migos",57,True,216677,0.874,0.714,-4.946,0.233,0.0273,0.0,0.356,0.85,130.046,1
5Z5nbOXhsSbySVC7WUc6y9,Four Out Of Five,7Ln80lUS6He07XvHI8qqHH,Arctic Monkeys,57,False,312346,0.601,0.863,-4.31,0.0685,0.0626,0.0,0.0717,0.676,130.189,0
3loy88Lp5qoTHhL8GhRfVZ,Mekanın Sahibi,3S6gaE89XewFAvZqsMuJDJ,Norm Ender,57,False,191504,0.893,0.63,-5.769,0.159,0.254,0.0,0.116,0.434,123.029,0
15fZrZhdK0g1BS9sDeW6sD,Love No More,"6t1gpxYbY8OlLA7D2RiikQ,6G1yTgvoYsuVb2Ja8cVVJ2","Loud Luxury,anders",57,False,168635,0.767,0.678,-6.249,0.054,0.0221,4.82e-05,0.258,0.217,121.01,1
6tuzPD1zPPvwMbGiD0TBay,Fuleragem,14D0I0RYqvIorkPL2EWoQh,MC WM,57,False,141473,0.808,0.836,-2.3,0.0506,0.00857,0.00016,0.113,0.755,94.979,0
4vIKzWqtn44umal5jXq4wE,1000 Nights (feat. Meek Mill & A Boogie Wit da Hoodie),"6eUKZXaKkcviH0Ku9w2n3V,20sxb77xiYeusSH8cVdatc,31W5EY0aAly4Qieq6OFu6I","Ed Sheeran,Meek Mill,A Boogie Wit da Hoodie",57,False,212306,0.778,0.589,-5.548,0.269,0.467,0.0,0.0902,0.513,98.001,1
41xKiK40e7MFu1bqcGSz1d,PUNANI,7gZfnEnfiaHzxARJ2LeXrf,6ix9ine,57,True,115254,0.841,0.541,-7.121,0.229,0.0186,0.0,0.123,0.42,97.961,0
14P8s5aiDr32gcQ5ESaYBO,Puste sie weg,4lDiJcOJ2GLCK6p9q5BgfK,Kontra K,57,False,191102,0.82,0.693,-6.808,0.0996,0.0708,0.0366,0.0906,0.575,92.456,0
6KjbNLbRjuoa8rEq5yNA6H,Honest,69GGBxA162lTqCwzJG5jLp,The Chainsmokers,57,False,208000,0.673,0.514,-10.772,0.0465,0.0121,8.5e-05,0.385,0.312,100.035,0
5d35jcJj7WjDQBOHCHPY6t,Melodien,"4WZGDpNwrC0vNQyl9QzF7d,4sg4no0TXdsrM1s4SVUwNF","Capital Bra,Juju",57,False,159517,0.751,0.529,-7.407,0.143,0.0849,0.0,0.0944,0.33,100.262,1
0jeJR3LdrC2QJNviq7wjzp,In Cold Blood,3XHO7cRUPCLOr6jwp8vsx5,alt-J,57,True,206853,0.495,0.745,-5.475,0.035,0.142,0.000441,0.194,0.589,143.398,0
7FiIQXpIeLo3ITfGGpb8PB,Vamos pra Gaiola,"2UMj7NCbuqy1yUZmiSYGjJ,5hPHLE5ssifxHX5bhK8iXR","MC Kevin o Chris,FP do Trem Bala",57,True,161600,0.872,0.971,-5.576,0.281,0.917,0.00143,0.121,0.521,149.987,1
0Tcw8w9pvPrZoORgxsNASW,Over Your Head,"1RyvyyTE3xzB2ZywiAwp0i,4O15NlyKLIASxsJ0PrXPfz","Future,Lil Uzi Vert",57,True,186842,0.773,0.742,-5.453,0.162,0.00198,0.0,0.558,0.35,148.949,1
3iEqGBZ2wcpVzhiAcwXVC6,If You’re Too Shy (Let Me Know) - Edit,3mIj9lX2MWuHmhNCA7LSCW,The 1975,57,False,239876,0.651,0.806,-4.842,0.0311,0.00399,0.00455,0.0927,0.386,125.641,0
6rAGFgcGtlIdYxlhDizXNo,SMASH! - feat. PnB Rock,"15UsOTVnJzReFVN1VCnxy4,21WS9wngs9AqFckK7yYJPM","XXXTENTACION,PnB Rock",57,True,109556,0.819,0.513,-9.005,0.433,0.153,0.0,0.138,0.607,140.032,1
1ShHhJlzaLuoZbJ3aP4z0m,Invisible Things,5JZ7CnR6gTvEMKX4g70Amv,Lauv,57,False,197306,0.733,0.552,-7.404,0.0993,0.0833,7.59e-06,0.141,0.279,125.311,0
14kRWkCWBYfQqILflEcpSJ,Chama Ela (feat. Pedro Sampaio),"0jTDeBJQr3unrK29LklnAv,5wbf52LA6kcaboHSN6NEF1","Lexa,PEDRO SAMPAIO",57,False,120200,0.888,0.841,-1.933,0.147,0.46,9.12e-05,0.0568,0.964,149.994,1
2QpxC2yag7Ec7Ut1dovXKb,Diamonds (feat. Capital Bra),"3drqpTL4sQOckmAfF9i1wg,4WZGDpNwrC0vNQyl9QzF7d","Summer Cem,Capital Bra",57,True,197013,0.763,0.495,-8.685,0.272,0.0887,0.0,0.07,0.347,154.794,1
2OvV4NjEBRE9v8Oo7QeUCq,Jump (with Trippie Redd),"0ZED1XzwlLHW4ZaG4lOT6m,6Xgp2XMz1fhVYe7i6yNAax","Julia Michaels,Trippie Redd",57,True,207856,0.654,0.547,-6.598,0.127,0.25,0.0,0.0961,0.507,173.981,1
6MNGxu8MprKGkchUchkJsy,Machika,"1vyhD5VmyZ7KMfW5gqLgo5,3ECsaSd1fom8coUUkkFzqt,7FNnA9vBm6EKceENgCGRMb","J Balvin,Jeon,Anitta",57,False,189653,0.615,0.833,-3.377,0.39,0.0524,0.0,0.171,0.538,212.117,1
5DiuFfnqqyWKat40eY8r8y,Celebrate (feat. Travis Scott & Post Malone),"0QHgL1lAIqAw0HtD7YldmP,0Y5tJX1MQlPlqiwlOH1tJY,246dkjvS1zLTtiykXe5h60","DJ Khaled,Travis Scott,Post Malone",57,False,206498,0.362,0.714,-3.07,0.0835,0.269,0.0,0.21,0.309,67.4,1
5tRmoZRoupvMYPV1oezFrH,X,4O15NlyKLIASxsJ0PrXPfz,Lil Uzi Vert,57,True,173797,0.623,0.58,-7.076,0.332,0.0043,0.0,0.394,0.301,163.159,0
0RUTnY2B3s05fZuCHsNaUP,Alien,"74KM79TiuVKeVCqs8QtB0B,1HBjj22wzbscIZ9sEb5dyf","Sabrina Carpenter,Jonas Blue",57,False,174840,0.72,0.659,-4.727,0.0403,0.0588,0.0,0.0662,0.567,105.955,1
46Mk1NVIpCcRIAXY92mWAW,THE NEWS,2HPaUgqeutzr3jx5a9WyDV,PARTYNEXTDOOR,57,False,267384,0.74,0.465,-8.27,0.0411,0.304,0.00404,0.101,0.276,116.74,0
6G41AeVgQkpvEbTxN5fNkW,Habiba,0Jsk5iYMr5aNjHury7blm1,Boef,57,True,215978,0.898,0.813,-5.725,0.306,0.113,0.0,0.0854,0.771,126.986,0
2Wf2u3sZ8rR1sdiBuSbeR0,DadBod,4xRYI6VqpkE3UwrDrAZL8L,Logic,57,True,294748,0.81,0.708,-4.657,0.328,0.71,0.0,0.557,0.722,92.272,0
0LKErfBZ5FbBiLB4OcZRbL,El Clavo,3MHaV05u0io8fQbZ2XPtlC,Prince Royce,57,False,172749,0.827,0.78,-3.315,0.133,0.0435,0.0,0.133,0.658,80.015,0
2rgOAX5Cj3pk8JFnaPwJbd,STAI ZITTO (feat. Fabri Fibra),"3hBQ4zniNdQf1cqqo6hzuW,7u710e44HW3K7A5eTnRqHC","Salmo,Fabri Fibra",57,True,202573,0.705,0.796,-5.214,0.295,0.0917,0.0,0.335,0.909,100.196,1
1IBUPdwV9TvaipSODdt8QY,Maghreb Gang (feat. French Montana & Khaled),"2JwyRtuXf2l6sTnSnGVIa1,6vXTefBL93Dj5IqAWq6OTv,28ztjHIXceRRntmTUfnmUX","Farid Bang,French Montana,Khaled",57,True,159800,0.738,0.568,-5.341,0.186,0.0246,0.0,0.146,0.399,99.933,1
7bUcBztfGqO7cSI2gMZeCI,Opps (with Yugen Blakrok),"68kEuyFKyqrdQQLLsmiatm,3kv1Edgn5HlEWCuEKr1Y9x","Vince Staples,Yugen Blakrok",57,True,180893,0.706,0.775,-6.819,0.335,0.152,3.32e-05,0.416,0.847,127.929,1
4BGmYEDOK1swwoxTtfmVZD,Peace & Love,"1UCxzrM5WJh9ure5vCcsim,23TFHmajVfBtlRx5MXqgoz,3egWSWp7Y4FyCKIyvXbw7L","Charlie Charles,Sfera Ebbasta,Ghali",57,True,182745,0.68,0.785,-5.313,0.0615,0.14,0.0,0.309,0.319,152.962,1
2tpfOljBdskx8G331TjRps,APPARTENGO - Il sangue (feat. Massimo Pericolo),"5AZuEF0feCXMkUCwQiQlW7,1El4YQA8oCXX7ynFSxRTFq","Marracash,Massimo Pericolo",57,True,255449,0.782,0.637,-5.892,0.0911,0.198,0.0,0.171,0.801,129.981,1
4Rif4wqdvzy84dhP1apC4Y,Royal Rumble,"5sRQkVexJlax2iISuqL8cV,4WZGDpNwrC0vNQyl9QzF7d,6h1s4i4XKIYv4ErDelLDN0,3ZuBEj9ppJe8GSdKaMTfMN,3CJKkU0XuElRT1z8rEtIYg","Kalazh44,Capital Bra,Samra,Nimo,Luciano",57,True,245000,0.591,0.888,-3.161,0.274,0.105,2.63e-05,0.0928,0.574,126.881,1
3fd5jcZKAzoiivM4ZDwhyU,Two of Us,57WHJIHrjOE3iAxpihhMnp,Louis Tomlinson,57,False,217855,0.614,0.605,-5.411,0.0321,0.226,0.0,0.124,0.329,127.107,0
7fiFJADUcHwTdYLmnZeLAy,Hesitate,7gOdHgIoIKoe4i9Tta6qdD,Jonas Brothers,57,False,208840,0.622,0.485,-7.259,0.0322,0.227,0.0,0.0889,0.236,118.051,0
3gicyfiEVMGONgzygpWjNT,Grip,"5iNrZmtVMtYev5M9yoWpEq,7EQ0qTo7fWT7DPxmxtSYEc","Seeb,Bastille",57,False,198074,0.598,0.904,-2.293,0.0507,0.331,0.0,0.264,0.503,138.091,1
3tkFCUaISwablf9MJydsuB,Lesbian (feat. Gunna & Young Thug),"0iEtIxbK0KxaSlF7G42ZOp,2hlmm7s2ICUX0LVIhVFlZQ,50co4Is1HCEo8bhOyUWKpn","Metro Boomin,Gunna,Young Thug",57,True,206813,0.8,0.406,-8.892,0.268,0.636,0.0,0.109,0.274,120.999,1
2kJAhu7mesSEkML8zviSNX,Only 1 (Interlude) (with Travis Scott),"0iEtIxbK0KxaSlF7G42ZOp,0Y5tJX1MQlPlqiwlOH1tJY","Metro Boomin,Travis Scott",57,True,80466,0.317,0.239,-12.036,0.0331,0.744,0.0,0.169,0.391,78.251,1
6JnRLa50GuHzF0ucg9AGMI,Wild Love,4EzkuveR9pLvDVFNx6foYD,James Bay,57,False,197280,0.443,0.608,-6.708,0.0669,0.0828,0.000234,0.102,0.23,70.124,0
1WnqWQcWcuQbVzgE7ecfCY,Every Hour,"5K4W6rqBFWDnAN6FQUkS6x,2c9O21YLFy4tFI9zCVhbFg","Kanye West,Sunday Service Choir",57,False,112239,0.588,0.793,-6.23,0.0794,0.466,0.000647,0.913,0.694,76.997,1
454Epa1vrCGFddHXKyC1kb,Water,"5K4W6rqBFWDnAN6FQUkS6x,028lPW2NdWHdSPCkRkcyhd","Kanye West,Ant Clemons",57,False,168419,0.505,0.281,-12.404,0.1,0.57,0.000254,0.163,0.283,82.338,1
1MksGqIztTT6M9R1ErKVs8,No Favors,"0c173mlxpT3dSFRgMO8XPh,7dGJo4pcD2V6oG8kP0tJRR","Big Sean,Eminem",57,True,325840,0.482,0.781,-5.334,0.411,0.629,2.87e-06,0.413,0.336,57.967,1
4U6ubKsTd8RBDP5tPPhh7I,"You Stay (feat. Meek Mill, J Balvin, Lil Baby & Jeremih)","0QHgL1lAIqAw0HtD7YldmP,20sxb77xiYeusSH8cVdatc,1vyhD5VmyZ7KMfW5gqLgo5,5f7VJjfbwm532GiveGC0ZK,3KV3p5EY4AvKxOlhGHORLg","DJ Khaled,Meek Mill,J Balvin,Lil Baby,Jeremih",57,True,275275,0.479,0.63,-5.628,0.133,0.0314,0.0,0.073,0.227,117.988,1
7r6aR2f57resC5r93LwMfK,Hands On,"5K4W6rqBFWDnAN6FQUkS6x,2ndyVAdV9UqF1XjyTJt484","Kanye West,Fred Hammond",57,False,203174,0.514,0.393,-8.72,0.529,0.558,0.0,0.282,0.598,78.039,1
6X5zsgjDlssIkv0sVYZgx1,TATTOO,6wWVKhxIU2cEi0K81v7HvP,Rammstein,57,False,251658,0.612,0.96,-4.547,0.091,0.00262,7.93e-05,0.0846,0.302,141.042,0
1UZs9dauJnxrqYxMIzxnwC,DIAMANT,6wWVKhxIU2cEi0K81v7HvP,Rammstein,57,False,154298,0.347,0.272,-11.841,0.0375,0.813,2.37e-05,0.102,0.122,140.506,0
1MfuskV4ODUp14C2dnyPgW,Blame It on Your Love (feat. Lizzo),"25uiPmTg16RbhZWAqwLBy5,56oDRnqbIiwx4mymNEv7dS","Charli XCX,Lizzo",57,True,191113,0.716,0.757,-2.666,0.0487,0.0249,0.0,0.286,0.558,100.007,1
3FHXUqaUer9o231Je1zxIN,I Don't Want Your Money (feat. H.E.R.),"6eUKZXaKkcviH0Ku9w2n3V,3Y7RZ31TRPVadSFVy1o8os","Ed Sheeran,H.E.R.",57,False,204506,0.468,0.63,-6.536,0.0843,0.31,0.0,0.137,0.762,91.419,1
1pZdegOXTZ2ftINo3oUuRZ,Bedroom Floor,5pUo3fmmHT8bhCyHE52hA6,Liam Payne,57,False,188233,0.678,0.679,-7.093,0.0644,0.301,0.000136,0.112,0.218,119.977,0
79HTe42PihWUUq4BDjcuCq,Usted,"1ackd5XprZEkH3McKbQD51,3Ces1OJeGOVGcUB0wPaPXJ","Juan Magán,Mala Rodríguez",57,False,233748,0.712,0.833,-4.101,0.0618,0.0155,0.0,0.273,0.326,104.879,1
7r6LNJT2LqpLpEyZQJPygt,Patek Water (feat. Offset),"1RyvyyTE3xzB2ZywiAwp0i,50co4Is1HCEo8bhOyUWKpn,4DdkRBBYG6Yk9Ka8tdJ9BW","Future,Young Thug,Offset",57,True,189480,0.86,0.561,-5.757,0.185,0.274,0.0,0.108,0.354,152.984,1
15f16lrsDzFeNpHYBTzHLI,SEX,6wWVKhxIU2cEi0K81v7HvP,Rammstein,57,False,236529,0.608,0.93,-3.97,0.0604,0.000561,0.00175,0.156,0.432,123.018,0
2dfqS3MRtbLZSZA1IL8xY5,Skepta Interlude,3TVXtAsR1Inumwj472S9r4,Drake,56,True,143213,0.745,0.822,-6.354,0.252,0.0103,4.2e-06,0.155,0.415,86.733,0
4Q9vx0KwTiOMaRjOZkaxst,My Collection,1RyvyyTE3xzB2ZywiAwp0i,Future,56,True,255556,0.697,0.459,-8.498,0.448,0.729,8.35e-06,0.0971,0.409,80.085,0
3YeImruYgPnQtn4QgHqi04,Somo o No Somos,2R21vXR83lH98kGeO99Y66,Anuel AA,56,True,236650,0.735,0.607,-5.369,0.0466,0.621,2.55e-06,0.0793,0.57,142.006,0
719aY5gAzJbx2PHjyalZQu,Du bist mein,"2otUckChxWf2cp6UP2cD6e,2Im8m4STDBosjfmb5hmP80,0Kwf0zcciIFGLCKiqNcO6Q","Zuna,Loredana,SRNO",56,True,160357,0.761,0.556,-6.943,0.364,0.138,0.000175,0.0976,0.521,187.81,1
62hTXlVQacy3pjBW4ntRPl,1000 Doves,1HY2Jd0NmPuamShAr6KMms,Lady Gaga,56,False,215480,0.668,0.826,-4.466,0.0383,0.0236,1.07e-05,0.474,0.388,122.973,0
7I6p0xNYahHpUUXj785URX,Birth Of The Cruel,05fG473iIaoy82BF1aGhL8,Slipknot,56,True,275839,0.432,0.953,-4.469,0.0821,0.000147,0.138,0.129,0.481,148.189,0
2lDWYLNnfYyXngjz4plpy2,Audition (The Fools Who Dream),68Uwx1d3EbjDJhYsLjqvIq,Emma Stone,56,False,228266,0.396,0.153,-11.598,0.0475,0.791,0.0,0.348,0.308,127.458,0
00B7TZ0Xawar6NZ00JFomN,Best Life (feat. Chance The Rapper),"4kYSro6naA4h99UJvo89HB,1anyVhU62p31KFi8MEzkbf","Cardi B,Chance the Rapper",56,True,284855,0.62,0.625,-7.438,0.553,0.287,0.0,0.314,0.665,167.911,1
6UiQFxMYJgILcLTjLrO0OQ,Seventeen,3WGpXCj9YhhfX11TToZcXP,Troye Sivan,56,False,218350,0.612,0.743,-7.25,0.0442,0.165,4.35e-05,0.319,0.347,118.913,0
2KokOIKdw4zZutDil85Ugh,White Sand,"6oMuImdp5ZcFhWP0ESe6mG,0Y5tJX1MQlPlqiwlOH1tJY,7c0XG5cIJTrrAgEC3ULPiq,0c173mlxpT3dSFRgMO8XPh","Migos,Travis Scott,Ty Dolla $ign,Big Sean",56,True,202834,0.827,0.591,-7.504,0.0744,0.0307,0.0,0.273,0.402,142.113,1
6rJmWa5DvQ3Nby3tdcX2L0,East Atlanta Love Letter (feat. Future),"4IVAbR2w4JJNJDDRFP3E83,1RyvyyTE3xzB2ZywiAwp0i","6LACK,Future",56,True,246088,0.581,0.315,-11.947,0.0781,0.389,1.68e-05,0.0766,0.185,61.381,1
0YkbYk24ODhuewb79zZZzM,You Wreck Me,2UZMlIwnkgAEDBsw1Rejkn,Tom Petty,56,False,202893,0.479,0.89,-4.527,0.0374,0.000605,0.000345,0.0932,0.795,164.491,0
4I39irD0xSyfRA099AsWow,You Don't Do It For Me Anymore,6S2OmqARrzebs0tKUEyXyp,Demi Lovato,56,False,197720,0.373,0.418,-6.316,0.0533,0.0901,0.0,0.0918,0.117,95.557,0
03CbQgFxnBFoaaVJTfEqMD,medicine,1Ffb6ejR6Fe5IamqA5oRUF,Bring Me The Horizon,56,True,227265,0.615,0.858,-3.3,0.0396,0.00393,0.0,0.0789,0.323,97.038,0
187Pge0WmJNoS73kaIORSE,Figurinha - Ao Vivo,"7M83IzPXGA4ClZJ5reW2Ro,3shPgAzHMyRwWOkXeoWKeB","Douglas & Vinicius,MC Bruninho",56,False,206001,0.591,0.757,-3.322,0.0734,0.346,0.0,0.931,0.574,76.094,1
3JDPPLA5oReVAkrEDcBllG,Shit Changed,"5pVRwX5ZQR7hfJ18w8ZYkl,78wZzI7u1cOjXKuYzqZI6l","Ufo361,Sonus030",56,False,183839,0.826,0.528,-9.221,0.175,0.141,0.000362,0.104,0.318,157.001,1
5erLs80hB2TbFWgSAbVQpe,No Auto (feat. Lil Durk),"4O15NlyKLIASxsJ0PrXPfz,3hcs9uc56yIGFCSy9leWe7","Lil Uzi Vert,Lil Durk",56,True,135064,0.713,0.681,-7.645,0.351,0.00286,0.0,0.291,0.635,159.107,1
1vBeIXlzbAieGoDqInav5j,Money Bag,4kYSro6naA4h99UJvo89HB,Cardi B,56,True,229004,0.947,0.788,-6.138,0.124,0.107,0.000691,0.108,0.454,129.977,0
5d1rmWWF1725tnYjq6rMDB,Way To Break My Heart (feat. Skrillex),"6eUKZXaKkcviH0Ku9w2n3V,5he5w2lnU9x7JFhnwcekXX","Ed Sheeran,Skrillex",56,False,190293,0.726,0.731,-6.298,0.159,0.11,3.45e-06,0.0928,0.437,170.125,1
42TXKY5AaAn4dzAcRLyNoK,Ta Tum Tum,"1mXAhKnZEdF6rotyyd4GBi,0MInKJqZscEeNc5K3K0mkE","MC Kevinho,Simone & Simaria",56,False,164157,0.749,0.68,-7.084,0.13,0.252,3.21e-06,0.0931,0.772,174.164,1
3d9JucRI60arArgQXqtfjJ,Falling,4AVFqumd2ogHFlRbKIjp1t,Alesso,56,False,202313,0.709,0.72,-3.94,0.0366,0.263,0.0,0.347,0.675,115.987,0
3ibRxEv4KkcU9e259eyNJA,Sua Cara (feat. Anitta & Pabllo Vittar),"738wLrAtLtCtFOLvQBXOXp,7FNnA9vBm6EKceENgCGRMb,6tzRZ39aZlNqlUzQlkuhDV","Major Lazer,Anitta,Pabllo Vittar",56,False,167310,0.789,0.767,-4.612,0.0715,0.00812,0.000348,0.101,0.637,99.957,1
6ucmgsair6pvRYfwgvI6e0,"SPIRIT - From Disney's ""The Lion King""",6vWDO969PvNqNYHIOW5v0m,Beyoncé,56,False,277030,0.238,0.435,-8.096,0.0497,0.00956,0.0,0.0981,0.0447,78.797,0
6jiwr6xTHqjdun5d3cEwXV,Elsie's Baby Boy (flashback),0fA0VVWsXO9YnASrzqfmYu,Kid Cudi,56,True,219213,0.615,0.663,-7.812,0.0384,0.208,0.377,0.366,0.128,95.158,0
42w7pX3r1TpLR0i55Ek5ND,Bluffin',6LuN9FCkKOj5PcnpouEgny,Khalid,56,False,199240,0.529,0.314,-10.323,0.0461,0.354,0.000436,0.102,0.288,129.666,0
7oqftogUN82Q7VNy2TmTJW,MOOD 4 EVA (feat. Oumou Sangaré),"6vWDO969PvNqNYHIOW5v0m,3nFkdlSjzX9mRTtwJOzDYB,73sIBHcqh3Z3NyqHKZ7FOL,65CKKZilbcSKkAPC9a5Mvh","Beyoncé,JAY-Z,Childish Gambino,Oumou Sangaré",56,False,272068,0.608,0.709,-6.175,0.374,0.119,0.0,0.337,0.709,105.742,1
4mLkiFppf8Xvem6BSY34qw,blazed (feat. Pharrell Williams),"66CXWjxzNUsdJxJ2JdwvnR,2RdwBSPQiwcmiDo9kixcl8","Ariana Grande,Pharrell Williams",56,True,196360,0.795,0.759,-6.348,0.0528,0.0793,0.0,0.0805,0.855,110.021,1
0YOXGfOvoxzAl9XkxH8eEK,Bloody Waters (with Anderson .Paak & James Blake),"0g9vAlRPK9Gt3FKCekk4TW,3jK9MiCrA42lLAdMGUZpwa,53KwLdlmrlCelAZMaLVZqU","Ab-Soul,Anderson .Paak,James Blake",56,True,272306,0.5,0.61,-8.812,0.453,0.198,0.0,0.165,0.195,180.457,1
0VPKan5aM2nQy5voiAjjUo,Cœurs,3NH8t45zOTqzlZgBvZRjvB,PNL,56,True,357947,0.681,0.61,-9.629,0.0413,0.432,0.00158,0.144,0.121,104.995,0
3rFF7kSm5qBOOPs6ljFgPp,The Cut Off (feat. kiLL edward),"6l3HvQ5sa6mXTsMTB19rO5,3EWxytcxaM0tksU6v3je2Q","J. Cole,kiLL edward",56,True,237295,0.734,0.543,-7.979,0.4,0.186,0.0,0.372,0.336,78.168,1
1USJRpWDFhxwhCajPXBeel,You Owe Me,69GGBxA162lTqCwzJG5jLp,The Chainsmokers,56,False,190013,0.679,0.435,-8.238,0.0449,0.237,1.54e-06,0.112,0.326,89.996,0
04CyO54TZk5tEylFg2Df41,Love Is Madness (feat. Halsey),"0RqtSIYZmd4fiBKVFqyIqD,26VFTg2z8YR0cCuwLzESi2","Thirty Seconds To Mars,Halsey",56,False,234866,0.382,0.675,-6.56,0.0441,0.0128,0.000246,0.219,0.449,106.171,1
1Bdptrvb7nQkq8kCw3siE9,Feels (feat. Young Thug & J Hus),"6eUKZXaKkcviH0Ku9w2n3V,50co4Is1HCEo8bhOyUWKpn,2a0uxJgbvvIRI4GX8pYfcr","Ed Sheeran,Young Thug,J Hus",56,False,150786,0.665,0.68,-4.898,0.291,0.112,0.0,0.096,0.69,91.667,1
2webQDZmtGioeu3zUUi9We,Traicionera - Remix,"07YUOmWljBTXwIseAUd9TW,00me4Ke1LsvMxt5kydlMyU,5DUlefCLzVRzNWaNURTFpK","Sebastian Yatra,Cosculluela,Cali Y El Dandee",56,False,209320,0.766,0.747,-3.95,0.0619,0.0293,0.0,0.38,0.856,91.06,1
4AlrLQ2RMxOwz1gTTkb4vQ,Deadz (feat. 2 Chainz),"6oMuImdp5ZcFhWP0ESe6mG,17lzZA2AlOHwCwFALHttmp","Migos,2 Chainz",56,True,274096,0.862,0.785,-3.571,0.232,0.162,0.0,0.128,0.372,123.012,1
5n9NAd0Y5OUeOGU0nVtLua,Chang,3NH8t45zOTqzlZgBvZRjvB,PNL,56,True,314367,0.745,0.456,-9.482,0.0874,0.44,0.0,0.072,0.124,94.032,0
1Bxzw8ag71snOU9IbhXVD6,Kids in Love (feat. The Night Game),"23fqKkggKUBHNkbKtXEls4,79QO0Xmn1dZhvaLicS2Yrs","Kygo,The Night Game",56,False,263400,0.499,0.673,-4.505,0.0348,0.399,1.21e-06,0.208,0.301,121.87,1
5HnxL39pSgVVQMLP7WnSfv,Missing My Idols,6Xgp2XMz1fhVYe7i6yNAax,Trippie Redd,56,True,146923,0.706,0.637,-7.284,0.37,0.0598,0.0,0.164,0.528,85.819,0
38YP1STiBe3AZevFFJILf4,Weiss,6h1s4i4XKIYv4ErDelLDN0,Samra,56,False,162702,0.6,0.525,-6.585,0.423,0.393,0.0,0.111,0.436,96.989,0
2gtFMLjQpCTGekMi4oXZxN,Wells Fargo (with JID & EARTHGANG feat. Buddy & Guapdad 4000) - Interlude,"1iNqsUDUraNWrj00bqssQG,6U3ybJ9UHNKEdsH7ktGBZ7,5MbNzCW3qokGyoo9giHA3V,6PDLwWvgYNMfBRLqC1h5cJ,0NcPKaSNIHAM2RfioH9vMT","Dreamville,JID,EARTHGANG,Buddy,Guapdad 4000",56,True,123413,0.8,0.826,-3.198,0.107,0.0706,4.76e-06,0.181,0.241,148.021,1
0fg8CqpjdojMyXLNzM2PaJ,Run Up (feat. PARTYNEXTDOOR & Nicki Minaj),"738wLrAtLtCtFOLvQBXOXp,2HPaUgqeutzr3jx5a9WyDV,0hCNtLu0JehylgoiP8L4Gh","Major Lazer,PARTYNEXTDOOR,Nicki Minaj",56,True,203180,0.803,0.743,-3.602,0.0681,0.105,2.12e-06,0.099,0.674,108.005,1
6onwlDmIVKE8bBgyBRSuS0,FRIENDS (feat. kiLL edward),"6l3HvQ5sa6mXTsMTB19rO5,3EWxytcxaM0tksU6v3je2Q","J. Cole,kiLL edward",56,True,257646,0.715,0.652,-7.909,0.396,0.101,0.0,0.11,0.498,109.28,1
0vVMlbdYx2080Oa9FndPZr,long story short,06HL4z0CvFAxyc27GXpf02,Taylor Swift,56,False,215920,0.546,0.732,-7.715,0.0423,0.674,0.184,0.0972,0.571,157.893,0
5tBdxqz8gauIO8Hh8qwo0H,Money Spread (feat. Young Nudy),"4O15NlyKLIASxsJ0PrXPfz,5yPzzu25VzEk8qrGTLIrE1","Lil Uzi Vert,Young Nudy",56,True,217008,0.778,0.618,-6.432,0.219,0.0234,0.0,0.298,0.212,135.879,1
4TBp0V4Slb8emBDN8PWU3j,Giovani Re,23TFHmajVfBtlRx5MXqgoz,Sfera Ebbasta,56,True,168342,0.762,0.621,-7.24,0.0285,0.0604,7.83e-06,0.277,0.458,114.95,0
3XFaGEb6daqdj39ThpJ2XI,Critical Darling,05fG473iIaoy82BF1aGhL8,Slipknot,56,False,385818,0.297,0.952,-3.674,0.0913,0.000683,0.00643,0.239,0.0721,137.676,0
0Uv5Kp8sEnriJjkX4oLfNI,Paul - Skit,6bwVWdQfr6ttzrGLboVkjg,Paul Rosenberg,56,False,35240,0.636,0.335,-13.327,0.966,0.993,0.0,0.342,0.561,161.68,0
2BjNjFJAQTxqUPGpOnrese,Come This Way,4O15NlyKLIASxsJ0PrXPfz,Lil Uzi Vert,56,True,172757,0.682,0.741,-4.489,0.249,0.127,0.0,0.239,0.619,164.043,0
0B8B8cVRFIG1yznoQe7c9s,Setting Fires,"69GGBxA162lTqCwzJG5jLp,6ioOEWNNGK40H8xrGj6XPW","The Chainsmokers,XYLØ",56,False,247426,0.626,0.717,-5.751,0.0375,0.017,0.0,0.261,0.56,105.039,1
2Iv6YBslkxslMJQsxshZh5,CANTARES DE NAVIDAD,5TphiK6LsT4X5NOZxq3NJB,Trio Vegabajeño,56,False,199720,0.764,0.523,-7.371,0.0406,0.777,0.0,0.352,0.962,118.671,0
6C9SwoZ5OrxcvkntgA5t8s,4pm in Calabasas,3TVXtAsR1Inumwj472S9r4,Drake,56,True,240217,0.743,0.66,-4.802,0.418,0.115,0.0,0.101,0.549,192.031,0
4BD9yUEFI07WaDJ381DDMq,DNA,"5p7mWeX4RlvqBCxylfiXdE,3drqpTL4sQOckmAfF9i1wg,4WZGDpNwrC0vNQyl9QzF7d","KC Rebell,Summer Cem,Capital Bra",56,False,253346,0.828,0.686,-5.242,0.264,0.0519,2.23e-06,0.11,0.544,156.033,1
13Npvj6mfPFQL5DiBKWSIQ,Killa Killa (feat. Aiyana-Lee),"1nzgtKYFckznkcVMR3Gg4z,2IZXxSIGhFtkHJyMh6UTln","KSI,Aiyana-Lee",56,True,151594,0.715,0.582,-4.636,0.0774,0.079,0.0,0.124,0.489,183.931,1
1AVu7Kc2MRrLfOG1RCEf07,Aura,"1i8SpTcr7yvPOmcqrbnVXY,2tYwhzzfvvDr29BbBFcHhB","Ozuna,Arthur Hanlon",56,False,187653,0.527,0.486,-5.267,0.0508,0.947,1.28e-06,0.119,0.255,107.906,1
77khP2fIVhSW23NwxrRluh,A Holly Jolly Christmas - Single Version,0MHgLfmQdutffmvWe5XBTN,Burl Ives,56,False,135533,0.683,0.375,-13.056,0.0303,0.579,0.0,0.076,0.888,140.467,0
2fGxYYMQbVqgIdaqfz2OwA,Younger Now,5YGY8feqx7naU7z4HrwZM6,Miley Cyrus,56,False,248773,0.548,0.873,-4.881,0.0618,0.00129,4.55e-05,0.138,0.328,121.918,0
01DOm09B2AbiTARAbXVI6g,CHopstix (feat. Travis Scott),"5IcR3N7QB1j6KBL8eImZ8m,0Y5tJX1MQlPlqiwlOH1tJY","ScHoolboy Q,Travis Scott",56,True,180453,0.958,0.6,-6.996,0.118,0.0391,0.0,0.274,0.607,127.933,1
2TE4xW3ImvpltVU0cPcKUn,Merry Christmas Everyone,0wi4yTYlGtEnbGo4ltZTib,Shakin' Stevens,56,False,220160,0.534,0.904,-3.315,0.0369,0.129,0.0,0.128,0.96,202.899,0
6E39QsoWB7JjphPF9xCQSN,Outlet,7pFeBzX627ff0VnN6bxPR4,Desiigner,56,True,268813,0.65,0.801,-2.178,0.0694,0.117,0.000231,0.347,0.356,124.123,0
6WCXBUFa0z3l9DoOY3k5Xe,Instant Destiny,5INjqkS1o8h1imAzPqGZBb,Tame Impala,56,False,194706,0.381,0.829,-4.564,0.0598,0.0226,0.000274,0.402,0.509,165.935,0
3AQrryq4mc956K3RtLZAFo,Tonight (I Wish I Was Your Boy),3mIj9lX2MWuHmhNCA7LSCW,The 1975,56,False,247265,0.496,0.444,-7.231,0.0522,0.123,1.67e-05,0.214,0.282,172.108,0
4HUZBG98TYbxSR9V1V2DWS,Tudo Ok,"0yApzRdrUqTGqX9MULdnmV,606eWexxNhc6Mj0RuCxMA9,7C7NNCiIFavKH6oDarjp0v","Thiaguinho MT,Mila,JS o Mão de Ouro",56,False,178500,0.814,0.755,-6.164,0.0942,0.239,0.0,0.306,0.963,79.976,1
1xsP6AITcWNigBYBYVnVZw,Handsome,"1anyVhU62p31KFi8MEzkbf,181bsRPaVXVlUKXrxwZfHK","Chance the Rapper,Megan Thee Stallion",56,True,173489,0.869,0.607,-6.192,0.333,0.025,0.0,0.0906,0.531,160.011,1
4LkEHc33eXcXFQNwxruw7W,ARGENTINA,2hlmm7s2ICUX0LVIhVFlZQ,Gunna,56,True,149133,0.804,0.725,-9.463,0.0838,0.0912,0.0,0.0708,0.356,139.967,0
4O2XaXdnpyUPj90lNq1bIR,Simmer,6Rx1JKzBrSzoKQtmbVmBnM,Hayley Williams,56,True,266115,0.781,0.598,-7.418,0.043,0.213,0.00271,0.118,0.362,109.97,0
5b195aHKKd6oTr4f7DoRCo,Olabilir,5wyWp867LWGjFmYZXVSFnZ,MERO,56,True,208023,0.738,0.78,-6.677,0.0345,0.324,2.51e-06,0.0989,0.779,139.914,0
62zKJrpbLxz6InR3tGyr7o,JACKBOYS,7A8S43ryYdbWpJKeHRZRcq,JACKBOYS,56,True,46836,0.413,0.13,-25.166,0.0336,0.9,0.82,0.111,0.0676,123.342,0
2Na0z2gfN67Rzf0vp74Wi3,Lose You,3TVXtAsR1Inumwj472S9r4,Drake,56,True,305373,0.526,0.583,-9.172,0.376,0.699,0.0,0.372,0.378,89.837,0
6fLVTVaHWaEfVKfEgbkf4D,Losses,3TVXtAsR1Inumwj472S9r4,Drake,56,True,271183,0.551,0.57,-7.385,0.351,0.28,0.0,0.424,0.505,85.687,0
0jWm0VyD8p3MrSInczpows,BLAME IT ON BABY,4r63FhuTkUYltbVAg5TQnk,DaBaby,56,True,125906,0.875,0.687,-5.734,0.387,0.236,0.0,0.141,0.864,109.791,0
7JhTr0G0gr3ESY3B9uqPi4,Dig Down,12Chz98pHFMPJEknJQMWvI,Muse,56,False,228146,0.325,0.418,-6.052,0.0582,0.08,0.000335,0.158,0.197,190.738,0
0veNpTQFqfmTX0rsJmO2rO,"The Man, The Myth, The Legend - Interlude",4MCBfE4596Uoi2O4DtmEMz,Juice WRLD,56,True,136544,0.667,0.447,-14.625,0.761,0.916,0.0,0.612,0.829,83.534,0
54OB85nuxYGfl7qRQXuz7c,Ahora,1vyhD5VmyZ7KMfW5gqLgo5,J Balvin,56,False,254720,0.804,0.791,-3.438,0.0598,0.118,0.000162,0.0814,0.809,87.996,0
7zC3NyXdjzeebeKmXuGvHC,This is Halloween - Pop Version,2VYQTNDsvvKN9wmU5W7xpj,Marilyn Manson,56,False,202333,0.48,0.944,-6.775,0.178,0.127,0.000211,0.0938,0.312,168.176,0
5gNZjp6r2TfC3uh9iopWxt,Paris c'est magique,6Te49r3A6f5BiIgBRxH7FH,Ninho,56,True,187399,0.701,0.731,-5.721,0.277,0.645,0.0,0.116,0.433,184.782,0
6l26j7uCiDstBiYTuiaInV,In The Dark,0A0FS04o6zMoto8OKPsDwY,YG,56,True,191813,0.943,0.261,-8.067,0.16,0.0045,0.0114,0.104,0.0635,102.001,0
5xMzazov0IHYllrc8U2K6F,Ni Tú Ni Yo (feat. Gente de Zona),"2DlGxzQSjYe5N6G9nkYghR,2cy1zPcrFcXAJTP0APWewL","Jennifer Lopez,Gente De Zona",56,False,215880,0.673,0.907,-3.716,0.074,0.123,0.0,0.423,0.768,109.04,1
3hXGamYfZIrMsvMWLA0JXW,Never Let You Go (feat. John Newman),"23fqKkggKUBHNkbKtXEls4,34v5MVKeQnIo0CWYMbbrPf","Kygo,John Newman",56,False,232906,0.742,0.745,-4.966,0.0831,0.0702,0.0,0.0909,0.527,123.017,1
1HagMz5nWk1HmevNCBOxF3,Answerphone (feat. Yxng Bane),"2uFC1dAj5b0YU7vulKNZ0p,66TrUkUZ3RM29dqeDQRgyA,5AbLpsnTQVNB3OEadYiVrK","Banx & Ranx,Ella Eyre,Yxng Bane",56,False,190920,0.671,0.834,-3.928,0.0885,0.0387,0.0,0.454,0.454,113.021,1
0ro5QCkSCtbfhMHnvMase3,How to Talk,4O15NlyKLIASxsJ0PrXPfz,Lil Uzi Vert,56,True,201544,0.728,0.73,-5.402,0.213,0.741,0.0,0.705,0.736,136.052,0
4IJEw3fDvS6XF4sDc3bvjK,AYA,"2y1VzMKAa5nmfXKtJL9jnj,6LnJKrtFnTEGdbWQ2riWCL","Murda,Ezhel",56,False,196583,0.743,0.68,-4.344,0.103,0.113,0.123,0.183,0.694,180.059,1
5AVPelpkccFdZdepfo2GhM,Sirenen (feat. AK Ausserkontrolle),"07SFzTMeYf5P8Rd32a9Zzw,4lDiJcOJ2GLCK6p9q5BgfK","AK AUSSERKONTROLLE,Kontra K",56,True,204551,0.74,0.722,-6.283,0.296,0.088,0.0,0.113,0.483,78.582,1
6XlSyYFTU1nodeWwwzVgTV,Sangria Wine,"2RdwBSPQiwcmiDo9kixcl8,4nDoRrQiYLoBzwC5BhVJzF","Pharrell Williams,Camila Cabello",56,False,202853,0.831,0.713,-3.646,0.094,0.181,0.0,0.0572,0.69,132.109,1
0nWMTq3fBceV1uZlhFn6of,Oxy (feat. Lil Wayne),"1RyvyyTE3xzB2ZywiAwp0i,55Aa2cqylxrFIXC767Z865","Future,Lil Wayne",56,True,180080,0.811,0.526,-7.003,0.161,0.00779,0.0642,0.13,0.248,149.954,1
4l2rsMfr20dj6nf6i6F3Y8,Might Not Give Up (feat. Young Thug),"31W5EY0aAly4Qieq6OFu6I,50co4Is1HCEo8bhOyUWKpn","A Boogie Wit da Hoodie,Young Thug",56,True,225265,0.687,0.592,-6.378,0.224,0.203,0.0,0.279,0.246,178.83,1
4iQ5gmTAzWfK8JyFC2LBox,What's Free (feat. Rick Ross & Jay Z),"20sxb77xiYeusSH8cVdatc,3nFkdlSjzX9mRTtwJOzDYB,1sBkRIssrMs1AbVkOJbc7a","Meek Mill,JAY-Z,Rick Ross",56,True,362839,0.511,0.718,-6.293,0.404,0.000322,0.0,0.111,0.267,166.42,1
2QoOyCFpDo4NblMLP7vBRT,Is There More,3TVXtAsR1Inumwj472S9r4,Drake,56,True,226906,0.636,0.538,-7.725,0.312,0.738,0.0,0.149,0.514,83.508,0
14nAQy3fHVzDb7LKxpS7Ld,Pretty Mami,4O15NlyKLIASxsJ0PrXPfz,Lil Uzi Vert,56,True,264124,0.697,0.531,-5.527,0.0402,0.409,0.0,0.142,0.621,139.972,0
5OaBhC8NjdqDhHF9I6r9lS,Fai rumore,2QWrpLRDeBD1NwWAsytBRi,Diodato,56,False,216140,0.417,0.626,-6.055,0.0366,0.218,0.0,0.0805,0.144,143.358,0
0yFvWTLs3iIwDbc91noXGT,GRoCERIES,"1anyVhU62p31KFi8MEzkbf,6lEhBhAv6HOopjXssi09cq,3CbYyyd8wH3RT6t0jwpdzC","Chance the Rapper,TisaKorean,Murda Beatz",56,False,226845,0.906,0.596,-5.88,0.243,0.0578,0.0,0.109,0.701,144.038,1
0LfMuWu6FKNSDHEoxHu9iK,m12ano - feat. Mara Sattei,"19i93sA0D7yS9dYoVNBqAA,0zoMmzmyi8N8LwzhyXPvtk","tha Supreme,Mara Sattei",56,True,188426,0.577,0.514,-6.407,0.0392,0.0431,3.22e-05,0.0843,0.479,64.822,1
0lc70Jh2s1iOMuv9XIEhFy,Castle,7dGJo4pcD2V6oG8kP0tJRR,Eminem,56,True,254760,0.612,0.819,-4.592,0.321,0.0274,0.000646,0.0938,0.279,84.977,0
0chdEzeIcgfNYbWJBpgvzR,Arose,7dGJo4pcD2V6oG8kP0tJRR,Eminem,56,True,274626,0.612,0.904,-6.076,0.429,0.182,0.0,0.17,0.555,75.801,0
1SxagO9GK0UUeEYLmH8Pln,Toxic Waste,6Xgp2XMz1fhVYe7i6yNAax,Trippie Redd,56,True,173129,0.728,0.517,-11.404,0.0629,0.0555,1.95e-06,0.107,0.379,111.974,0
41hwbZ1yF705MxJ7H9bwEu,No Pressure Intro,4xRYI6VqpkE3UwrDrAZL8L,Logic,56,True,174900,0.794,0.845,-6.118,0.387,0.372,0.0,0.124,0.831,93.939,0
0EPxmvsG1BY5td4aTOkWBF,Deu Onda,3Nipsl6GVwwGyeAk0J29C6,MC G15,56,True,143800,0.931,0.604,-1.41,0.0573,0.456,0.0,0.0488,0.864,129.926,0
3lay6f81Lhy0qp2Uvp4cNJ,Houdini (feat. Swarmz & Tion Wayne),"1nzgtKYFckznkcVMR3Gg4z,2yPprAQlrIQWu60g09B9MZ,7b79bQFziJFedJb75k6hFt","KSI,Swarmz,Tion Wayne",56,False,169354,0.572,0.519,-8.054,0.243,0.000415,2.34e-05,0.129,0.704,100.453,1
7hHf4gz7kGmkuwa6XMc88W,Stamm Fort (feat. Sfera Ebbasta),"3yiEJ9SByXZMXTwaKdVFN4,23TFHmajVfBtlRx5MXqgoz","Luche,Sfera Ebbasta",56,False,171375,0.78,0.521,-5.094,0.123,0.0983,0.000125,0.0967,0.643,160.087,1
7vJS1DPc3FzBtqBs8n3mW5,Bad To You (with Normani & Nicki Minaj),"66CXWjxzNUsdJxJ2JdwvnR,2cWZOOzeOm4WmBJRnD5R7I,0hCNtLu0JehylgoiP8L4Gh","Ariana Grande,Normani,Nicki Minaj",56,False,171840,0.727,0.583,-7.385,0.0718,0.065,0.0,0.106,0.629,147.983,1
2ap9kKsIEiWa4bzsjqACEx,SWAG,0A0FS04o6zMoto8OKPsDwY,YG,56,True,151752,0.861,0.58,-7.07,0.338,0.0188,2.22e-06,0.0767,0.805,157.875,0
79R3qLqdbwUSYWX4cEOpbJ,What in XXXTarnation,"15UsOTVnJzReFVN1VCnxy4,2rhFzFmezpnW82MNqEKVry","XXXTENTACION,Ski Mask The Slump God",56,True,164520,0.862,0.6,-5.522,0.151,0.16,0.0,0.102,0.433,119.072,1
7v8OynJxOxHoeS5C2UA9Y7,Nicht verdient,"4WZGDpNwrC0vNQyl9QzF7d,2Im8m4STDBosjfmb5hmP80","Capital Bra,Loredana",56,False,176952,0.719,0.65,-7.274,0.232,0.381,0.0,0.167,0.488,77.981,1
6Q9ue1D2FU489FD4Uln3SX,Start Over,53XhwfbYqKCa1cC15pYq2q,Imagine Dragons,56,False,186080,0.698,0.928,-5.024,0.102,0.00529,0.000102,0.144,0.767,98.008,0
0QV16pno66L6K3fn4W13b7,No Sleep Leak,4O15NlyKLIASxsJ0PrXPfz,Lil Uzi Vert,56,True,189229,0.788,0.689,-7.211,0.13,0.0112,0.0,0.22,0.681,136.045,0
39hRcGieqFaKfZ7LN91Vy5,QUALCOSA IN CUI CREDERE - Lo scheletro (feat. Guè Pequeno),"5AZuEF0feCXMkUCwQiQlW7,7F2utINZ6tSokSiZTQBE27","Marracash,Guè Pequeno",56,True,212316,0.646,0.874,-4.313,0.22,0.232,0.0,0.177,0.319,79.588,1
7nXk8UzwYn0bKNH8NVz6xO,Yesterday,53XhwfbYqKCa1cC15pYq2q,Imagine Dragons,56,False,205113,0.565,0.642,-6.162,0.0473,0.237,0.0,0.418,0.566,156.027,0
0sMmtnF7by7WPNeRXCam9H,WEIT WEG,6wWVKhxIU2cEi0K81v7HvP,Rammstein,56,False,260915,0.351,0.833,-5.109,0.0508,0.0112,0.000292,0.166,0.303,202.036,0
5Y3Tj0wJhKAaPbwWxXxZGS,Feelings Mutual,4O15NlyKLIASxsJ0PrXPfz,Lil Uzi Vert,56,True,233645,0.585,0.691,-6.015,0.259,0.105,0.0,0.088,0.349,125.978,0
4tHqQMWSqmL6YjXwsqthDI,Carol of the Bells,"6lBN3Tzt61u8i9AJoAhKzF,3dRfiJ2650SZu6GbydcHNb","Mykola Dmytrovych Leontovych,John Williams",56,False,85266,0.418,0.106,-22.507,0.0448,0.994,0.0292,0.179,0.8,46.718,1
23XTYrwfHXY8H1PuQYJbDA,Harder Than My Demons,0c173mlxpT3dSFRgMO8XPh,Big Sean,56,True,131274,0.736,0.735,-6.2,0.112,0.0907,0.0,0.209,0.398,107.029,0
5KGTKwOePys7aH4o6EzXEP,I'm Still Here,5WUlDfRSoLAfcVSX1WnrxN,Sia,56,False,241910,0.437,0.719,-4.569,0.0376,0.00697,3.86e-05,0.0765,0.284,169.976,0
60IkVf7UfQXmt5CwkpcX8a,From the Inside,6XyY86QOPPrYVGvF9ch6wz,Linkin Park,56,False,173933,0.466,0.965,-2.597,0.0904,0.042,0.0,0.101,0.453,95.028,0
2pXpURmn6zC5ZYDMms6fwa,It's Beginning to Look a Lot Like Christmas (with Mitchell Ayres & His Orchestra),"5v8jlSmAQfrkTjAlpUfWtu,1Ml4OuStDoympbREURAM15,0HS96tPggl2nwiz3gNWWI5","Perry Como,The Fontane Sisters,Mitchell Ayres & His Orchestra",56,False,155933,0.724,0.276,-12.25,0.0599,0.76,0.0,0.116,0.718,112.874,1
39RWYLt6hgk9BbhkDgaHW9,Crush A Lot,5f7VJjfbwm532GiveGC0ZK,Lil Baby,56,True,159754,0.92,0.458,-5.643,0.315,0.0171,0.0,0.107,0.403,132.992,0
7ntUbTIwmwOD6ygCMRZT6e,"Writing on the Wall (feat. Post Malone, Cardi B & Rvssian)","6vXTefBL93Dj5IqAWq6OTv,246dkjvS1zLTtiykXe5h60,4kYSro6naA4h99UJvo89HB,1fctva4kpRbg2k3v7kwRuS","French Montana,Post Malone,Cardi B,Rvssian",56,True,201270,0.774,0.836,-2.323,0.152,0.288,2.44e-05,0.0824,0.494,112.014,1
2ZE3DJuizYTad2S4CvRRhK,Easy Love,5JZ7CnR6gTvEMKX4g70Amv,Lauv,56,False,224449,0.745,0.481,-8.291,0.054,0.302,3.67e-06,0.0808,0.229,137.001,0
1a0Mg4XPdt4EKsUz5beRZY,okay,"49tQo2QULno7gxHutgccqF,0ZED1XzwlLHW4ZaG4lOT6m","LANY,Julia Michaels",56,True,169182,0.71,0.721,-7.674,0.214,0.0508,2.88e-06,0.152,0.555,119.919,1
6VDz4m1vEGHDDqQojf1mpc,"Wu Tang Forever (ft. Ghostface Killah, Raekwon, RZA, Method Man, Inspectah Deck, Cappadonna, Jackpot Scotty Wotty, U-God, Masta Killa, GZA)","4xRYI6VqpkE3UwrDrAZL8L,6FD0unjzGQhX3b6eMccMJe,2yQf6b8hxahZaT5dHlWaB1,4iCwCMnqsNZ6atvRiADgtn,4VmEWwd8y9MCLwexFMdpwt,4OBbOrkD4geIjOLrICN3wO,0dS5xeDefwoUNasLUHnCjR,09XH5qagU5qcWhYXcQYsjX,0G070wUUUBptmqGEKAAUVx,0ME1RawvWt3qOJnYnxVqeh,6ns6XAOsw4B0nDUIovAOUO","Logic,Ghostface Killah,Raekwon,RZA,Method Man,Inspectah Deck,Cappadonna,Jackpot Scotty Wotty,U-God,Masta Killa,GZA",56,True,487960,0.725,0.809,-4.941,0.309,0.134,0.0,0.369,0.755,90.991,1
7e0nXDIIa6hFqI4HmuanLP,Soul Food II,4xRYI6VqpkE3UwrDrAZL8L,Logic,56,True,333777,0.457,0.909,-4.749,0.328,0.13,0.0,0.48,0.615,87.412,0
22ppznuzVF9LKamaaqMMqu,Fuego,39E15l8zeCDYpSZwFNX4G2,Eleni Foureira,56,False,183397,0.589,0.758,-4.578,0.117,0.0648,0.0,0.606,0.589,101.037,0
2LgsKzO8lCeXk0TMd9veWW,Vor der Tür,5eioJDe26lOqkAMbuhzZYs,Gzuz,56,True,171020,0.856,0.726,-6.263,0.189,0.0158,0.000767,0.104,0.197,100.953,0
05r1GGg1Rhs0RcUg27C82a,Famous (feat. Reginae Carter),"55Aa2cqylxrFIXC767Z865,66jpZDjMcxF3SfDfwK7GXe","Lil Wayne,Reginae Carter",56,True,242050,0.623,0.568,-5.664,0.144,0.0302,0.0,0.25,0.115,149.852,1
2RMOwSvOGQyy985Vx4VSGQ,Verdinha,"3CDoRporvSjdzTrm99a3gi,3kgQWNZNpp8d8JQZhuKbPP,3yJLZoq3Ra2VmSW5teVgih","LUDMILLA,Topo La Maskara,Walshy Fire",56,False,160395,0.845,0.954,-3.656,0.124,0.345,5.21e-05,0.115,0.63,137.995,1
7gHZGXSJzM29WA384suYY2,Secure The Bag,4O15NlyKLIASxsJ0PrXPfz,Lil Uzi Vert,56,True,238425,0.803,0.719,-4.485,0.392,0.344,0.0,0.425,0.549,129.945,0
6V9kwssTrwkKT72imgowj9,My Type,"69GGBxA162lTqCwzJG5jLp,1oKdM70mJD8VvDOTKeS8t1","The Chainsmokers,Emily Warren",56,False,217413,0.604,0.603,-6.324,0.0389,0.0357,0.0,0.126,0.15,94.989,1
7zGEU6BXl2c4TxpzIAr7BI,Never Leave Me (feat. Joe Janiak),"1vCWHaC5f2uS3yhpwWbIA6,142TY556WknD1ZRV8XilJQ","Avicii,Joe Janiak",56,False,171726,0.629,0.662,-5.581,0.0939,0.303,0.0,0.0762,0.45,82.368,1
6WhzFzROw3aq3rPWjgYlxr,Gold,4u5smJBskI6Adzv08PuiUP,Kiiara,56,False,225882,0.6,0.412,-9.343,0.344,0.615,0.0025,0.134,0.408,113.049,0
2SlzpQnpdEetONMktRWUKS,Takotsubo,4LXBc13z5EWsc5N32bLxfH,Nekfeu,56,True,284786,0.74,0.536,-9.401,0.513,0.549,0.0,0.629,0.532,82.124,0
7Ek9e3eIuktIFjpDRQfmHE,Mios mit Bars,3CJKkU0XuElRT1z8rEtIYg,Luciano,56,False,232146,0.677,0.633,-7.353,0.0467,0.111,0.179,0.217,0.404,145.012,0
60APt5N2NRaKWf5xzJdzyC,"Heatstroke (feat. Young Thug, Pharrell Williams & Ariana Grande)","7CajNmpbOovFoOoasH2HaY,50co4Is1HCEo8bhOyUWKpn,2RdwBSPQiwcmiDo9kixcl8,66CXWjxzNUsdJxJ2JdwvnR,4A0TivfinfALCAMJqqjZIk","Calvin Harris,Young Thug,Pharrell Williams,Ariana Grande,Funk Wav",56,True,229160,0.784,0.728,-4.549,0.0539,0.34,0.0,0.222,0.713,110.165,1
34i4yxPrHWquuR4kjiivFO,Somebody Else,1Fr6agZ6iSM5Ynn2k4C8sc,VÉRITÉ,56,True,233076,0.674,0.593,-6.47,0.0582,0.201,0.000529,0.209,0.464,116.995,0
5Lgqu1th1KqlG97OF2gWGe,Window Pain - Outro,6l3HvQ5sa6mXTsMTB19rO5,J. Cole,56,True,286729,0.719,0.626,-9.351,0.397,0.0607,0.0,0.0728,0.179,75.032,0
5JUu0unA8VwhTZ9LkMWUVI,Since Way Back,"3TVXtAsR1Inumwj472S9r4,2HPaUgqeutzr3jx5a9WyDV","Drake,PARTYNEXTDOOR",56,False,368035,0.468,0.266,-11.121,0.13,0.348,9.55e-06,0.209,0.222,153.294,1
6qP73DRFGojLuIk1siIhNE,Dile la Verdad,"7ciBW1p3KBsYIkFk4UmwS8,4IMAo2UQchVFyPH24PAjUs,0tmwSHipWxN12fsoLcFU3B","The Rudeboyz,Jowell & Randy,Manuel Turizo",56,False,219029,0.886,0.701,-3.504,0.141,0.292,1.16e-05,0.0574,0.823,103.0,1
2aG2nLUd8NNI7vFuOLBCe0,Autre monde,3NH8t45zOTqzlZgBvZRjvB,PNL,56,True,281670,0.501,0.452,-7.867,0.0893,0.836,2.11e-05,0.132,0.119,134.778,0
12SCPvDuy54Tl8H2jSELxF,Don't Say You Love Me,1l8Fu6IkuTP0U5QetQJ5Xt,Fifth Harmony,56,False,193066,0.585,0.633,-4.944,0.1,0.497,0.0,0.145,0.378,101.707,0
1NcXkWB3UwXfMt8izByICb,Big God,1moxjboGR7GNWYIMWsRjgG,Florence + The Machine,56,False,241760,0.625,0.366,-8.388,0.0331,0.528,2.1e-05,0.0958,0.219,72.992,0
04zxGiXcmNQ0m9oDXtwo18,Busted and Blue,3AA28KZvwAUcZuOKwyblJQ,Gorillaz,56,False,277053,0.183,0.458,-9.651,0.0459,0.876,0.776,0.355,0.0661,69.352,0
3yIZgYN7AKO3cDueyhpuCS,This Week,5f7VJjfbwm532GiveGC0ZK,Lil Baby,56,True,196863,0.891,0.525,-7.666,0.214,0.00214,0.0,0.0887,0.15,133.126,0
6rVNnvyNeibts1uOqdSNIw,Mother,6VuMaDnrHyPL1p4EHjYLi7,Charlie Puth,56,False,162864,0.407,0.697,-5.612,0.342,0.375,5.07e-06,0.125,0.632,179.681,0
1yQvL8SzbF5JCroRKk9F07,Belly (Lil Baby & Gunna),"5f7VJjfbwm532GiveGC0ZK,2hlmm7s2ICUX0LVIhVFlZQ","Lil Baby,Gunna",56,True,191724,0.766,0.692,-5.343,0.0705,0.175,0.0,0.0844,0.426,120.028,1
7ijJ5crvsnCvCLJbHpyq3j,Final Fantasy,3TVXtAsR1Inumwj472S9r4,Drake,56,True,219960,0.461,0.449,-10.998,0.442,0.428,8.29e-06,0.115,0.104,86.505,0
52i143Ph5c3RQaQFBXWix1,Word On The Street,5f7VJjfbwm532GiveGC0ZK,Lil Baby,56,True,172985,0.888,0.432,-9.275,0.0934,0.0562,0.0,0.112,0.173,99.965,0
74fV8TuLZKVzSIOOGu8wwI,Go Stupid (feat. NLE Choppa & Mike WiLL Made-It),"6AgTAQt8XS6jRWi4sX7w49,44IvvHRk2XF243QLA2VOa8,0ErzCpIMyLcjPiwT4elrtZ,0NWbwDZY1VkRqFafuQm6wk","Polo G,Stunna 4 Vegas,NLE Choppa,Mike WiLL Made-It",56,True,165726,0.92,0.833,-3.18,0.253,0.0277,0.0,0.0596,0.645,141.034,1
1JPd9BSiiN7xrKE64Qo30m,Einsam an der Spitze,4WZGDpNwrC0vNQyl9QzF7d,Capital Bra,56,False,171146,0.738,0.706,-4.839,0.298,0.262,0.0,0.161,0.541,80.092,0
6uNAgsZPuMM5InDczRkbnN,D'JA ROULÉ,2UwqpfQtNuhBwviIC0f2ie,Damso,56,True,183266,0.876,0.494,-8.76,0.133,0.0201,0.609,0.112,0.287,148.015,0
7hBJCiMzo1kZzzRfGOpWwE,MEVTR,2UwqpfQtNuhBwviIC0f2ie,Damso,56,True,165293,0.625,0.641,-6.463,0.205,0.156,0.000169,0.223,0.378,134.074,0
4KpKyRFwN0gcwj58Uqjv7q,STARING AT THE SKY,15UsOTVnJzReFVN1VCnxy4,XXXTENTACION,56,False,85123,0.557,0.338,-9.892,0.0257,0.134,0.00184,0.14,0.689,140.935,0
0Clb9aiXWa0dvVff5aN4VN,Think Before I Talk,3AVfmawzu83sp94QW7CEGm,Astrid S,55,False,184908,0.775,0.597,-5.666,0.159,0.36,0.0,0.156,0.537,122.069,0
23jEeXRyrjFbfs2Q8tBwdI,Physical (feat. Hwa Sa),"6M2wZ9GZgrQXHCFfjv46we,7bmYpVgQub656uNTu6qGNQ","Dua Lipa,Hwa Sa",55,False,193696,0.661,0.873,-3.333,0.0482,0.0288,0.00164,0.136,0.687,146.943,1
5C6WBcv7ILoSpREAZsnArO,Big Pac,6Te49r3A6f5BiIgBRxH7FH,Ninho,55,True,183747,0.771,0.717,-6.054,0.196,0.487,0.0,0.246,0.577,140.028,0
200cTjC6si5Xz9af2QeHi2,Wolke 10,5wyWp867LWGjFmYZXVSFnZ,MERO,55,True,172826,0.77,0.797,-4.985,0.0693,0.0662,3.81e-06,0.0858,0.393,100.003,0
32iPykTXUNZ9oGyACGUybq,How Did I Get Here (feat. J. Cole),"4DdkRBBYG6Yk9Ka8tdJ9BW,6l3HvQ5sa6mXTsMTB19rO5","Offset,J. Cole",55,True,276794,0.883,0.544,-7.92,0.233,0.507,1.6e-06,0.08,0.114,129.993,1
1n4vgMWmmNlXrvyxQFhUEl,If You’re Too Shy (Let Me Know),3mIj9lX2MWuHmhNCA7LSCW,The 1975,55,False,319370,0.639,0.63,-6.1,0.0325,0.0151,0.0374,0.0959,0.218,125.648,0
0ROE31C8Wu4neZoR9stM9e,Sasuke,4O15NlyKLIASxsJ0PrXPfz,Lil Uzi Vert,55,True,251336,0.859,0.477,-6.116,0.428,0.00414,0.0,0.0819,0.153,145.979,0
1u0CD4fcBUB1xrG9fNgejh,Clout (feat. 21 Savage),"7c0XG5cIJTrrAgEC3ULPiq,1URnnhqYAYcrqrcwql10ft","Ty Dolla $ign,21 Savage",55,True,200373,0.88,0.728,-6.939,0.205,0.136,5.42e-05,0.337,0.715,160.976,1
07FOCFJhMmCVQDyWX1d3gR,Algorhythm,73sIBHcqh3Z3NyqHKZ7FOL,Childish Gambino,55,False,212106,0.715,0.649,-11.294,0.109,0.036,0.0199,0.0795,0.478,100.077,0
5uu28fUesZMl89lf9CLrgN,Feels Great (feat. Fetty Wap & CVBZ),"7DMveApC7UnC2NPfPvlHSU,6PXS4YHDkKvl1wkIl4V8DL,0pt7PX4Hftlg8mV1ySU84Q","Cheat Codes,Fetty Wap,CVBZ",55,True,193568,0.522,0.833,-3.715,0.0575,0.0454,0.0,0.127,0.296,180.009,1
0VJYhKhrHgJ7fgjGaC2k07,The Explanation,15UsOTVnJzReFVN1VCnxy4,XXXTENTACION,55,True,50747,0.597,0.113,-34.475,0.954,0.461,0.000393,0.148,0.313,81.311,0
7vg47qMIEdLfNdTE3WLf0T,Darth Vader,"1URnnhqYAYcrqrcwql10ft,4DdkRBBYG6Yk9Ka8tdJ9BW,0iEtIxbK0KxaSlF7G42ZOp","21 Savage,Offset,Metro Boomin",55,True,228893,0.724,0.284,-10.494,0.392,0.557,0.0175,0.121,0.144,150.98,1
3ZbJMlEL4Kcme0ONRO7Slx,You Can Cry,"64KEffDW9EtZ1y2vBYgq8T,5gCRApTajqwbnHHPbr2Fpi,4IWBUUAFIplrNtaOHcJPRM","Marshmello,Juicy J,James Arthur",55,False,194533,0.491,0.617,-4.545,0.147,0.0974,0.0,0.27,0.17,126.816,1
1R6VwZ8TuHRzxZUxe88n4I,Rule The World (feat. Ariana Grande),"17lzZA2AlOHwCwFALHttmp,66CXWjxzNUsdJxJ2JdwvnR","2 Chainz,Ariana Grande",55,True,245893,0.592,0.584,-6.232,0.0893,0.158,2.63e-06,0.132,0.447,88.073,1
3qC3qmZNDXu62hc8YbhWsy,Dear Boy,1vCWHaC5f2uS3yhpwWbIA6,Avicii,55,False,479333,0.686,0.581,-5.911,0.112,0.000276,0.1,0.3,0.253,124.995,0
7vbjH8laThXpcBXeLNPm3M,Run Up the Racks,"1URnnhqYAYcrqrcwql10ft,0iEtIxbK0KxaSlF7G42ZOp","21 Savage,Metro Boomin",55,True,189800,0.825,0.364,-7.635,0.121,0.141,0.311,0.195,0.177,153.028,1
4T4CZ3Q4z3GG7lU720YYhM,Soltera,"47MpMsUfWtgyIIBEFOr4FE,0qTZZWLzuD59Un5r1speHm,1r3tpVQ08jFAA2P4xzV5o4","Lunay,Chris Jedi,Gaby Music",55,False,213913,0.779,0.731,-4.324,0.0399,0.445,0.0,0.252,0.847,91.991,1
0R6Jlsq25eZB3Wftpxi3oF,Jonestown (Interlude),246dkjvS1zLTtiykXe5h60,Post Malone,55,False,112013,0.38,0.454,-10.271,0.0362,0.755,0.623,0.263,0.288,77.592,0
2XEsbmynS9dLSzNSuZzfXF,Same Thing,5f7VJjfbwm532GiveGC0ZK,Lil Baby,55,True,162791,0.902,0.85,-6.39,0.358,0.0389,0.0,0.0838,0.556,120.132,0
2b7rt5gCEy2p2zTp656s4U,How,5f7VJjfbwm532GiveGC0ZK,Lil Baby,55,True,181999,0.582,0.488,-8.208,0.455,0.00168,0.0,0.0941,0.309,80.322,0
4NbffevAm9frDOlBMDp0hl,Whatever You Want,1KCSPY1glIKqW2TotWuXOR,P!nk,55,True,242813,0.573,0.742,-3.783,0.0432,0.00475,0.0,0.339,0.263,90.053,0
0C6bsQq58Ue1XfL5PKTO6D,Verkackt,"5eioJDe26lOqkAMbuhzZYs,1aS5tqEs9ci5P9KD9tZWa6","Gzuz,Bonez MC",55,True,136974,0.774,0.805,-5.896,0.302,0.0509,0.0,0.149,0.261,92.735,1
4waeGjPW1ovLjhbScVibAH,La vivance (feat. Koba LaD),"6Te49r3A6f5BiIgBRxH7FH,1q7T9rFQ2a2ukA1PU51fo3","Ninho,Koba LaD",55,True,181857,0.741,0.81,-3.929,0.0776,0.222,0.0,0.174,0.604,105.065,1
0IuE6FnXPCdZ8NLuuvJRhb,On Track,5INjqkS1o8h1imAzPqGZBb,Tame Impala,55,False,301786,0.388,0.648,-5.578,0.038,0.116,4.19e-06,0.082,0.112,163.861,0
0ibOcbkp2XG46Do8jcy0bL,Nephew (feat. Lil Pump),"21dooacK2WGBB5amYvKyfM,3wyVrVrFCkukjdVIdirGVY","Smokepurpp,Lil Pump",55,True,202962,0.792,0.454,-6.753,0.458,0.00422,0.0,0.285,0.674,161.993,1
41wZE5FpxbPaZqXtlmBhPG,Keine Liebe,"18ISxWwWjV6rPLoVCXf1dz,13bDjug9N0pyv3ZUINjkDV","RIN,Bausa",55,False,197933,0.818,0.795,-4.973,0.0416,0.124,0.000637,0.235,0.538,104.084,1
7LCElzlYw3myTHvC2MQWve,24 Stunden,6h1s4i4XKIYv4ErDelLDN0,Samra,55,True,174082,0.79,0.715,-6.977,0.281,0.268,0.0,0.124,0.187,105.022,0
52uHpw5tjtvml4jadVpG8X,Krantenwijk,"3AlRiyjMywTVNzTcHbf9QT,0Jsk5iYMr5aNjHury7blm1","Lil Kleine,Boef",55,False,202892,0.94,0.803,-4.057,0.113,0.537,0.0,0.125,0.89,120.02,1
3Ex5RFJRUdpHcDOLXJOVLy,Raising Hell (feat. Big Freedia),"6LqNN22kT3074XbTVUrhzX,2gyv1akuIB9fQvXoGSPaJr","Kesha,Big Freedia",55,True,169680,0.676,0.869,-4.689,0.132,0.00134,6.77e-05,0.0692,0.271,114.991,1
4tW7mc0pab35DznfVlr3px,Allein,4WZGDpNwrC0vNQyl9QzF7d,Capital Bra,55,False,222900,0.799,0.583,-7.199,0.115,0.75,5.93e-06,0.136,0.322,119.93,0
6lt8iodSkYWEV0ifKCSlfg,Stripes Like Burberry,"1RyvyyTE3xzB2ZywiAwp0i,4O15NlyKLIASxsJ0PrXPfz","Future,Lil Uzi Vert",55,True,274313,0.758,0.574,-7.833,0.217,0.216,0.0,0.144,0.706,144.081,1
7sBgFMWqDWQgrsNSpIBoe8,Jesus Is Lord,5K4W6rqBFWDnAN6FQUkS6x,Kanye West,55,False,49292,0.243,0.26,-5.876,0.0305,0.828,4.03e-05,0.532,0.327,76.61,0
39YLC6osLe9btq1vpsDglx,Party For One,6sFIWsNpZYqfjUpaCgueju,Carly Rae Jepsen,55,False,184533,0.685,0.638,-6.539,0.0367,0.0371,0.0,0.0987,0.414,123.442,0
2rUwQj4SWaP2anuGDtNpYR,Self-Made,2EMAnMvWE2eb56ToJVfCWs,Bryson Tiller,55,True,167853,0.932,0.702,-3.459,0.0904,0.00304,1.86e-05,0.267,0.533,143.001,0
1p3IwVdURZOKKont78V3lg,Stay Frosty Royal Milk Tea,4UXqAaa6dQYAk18Lv7PEgX,Fall Out Boy,55,True,171053,0.462,0.849,-4.635,0.0742,0.000791,5.6e-06,0.201,0.586,145.942,0
43jBqV3j3Xi1g6wO0bhIMd,Now and Later,6d47Z08T4snK50HgTEHo5Z,Sage The Gemini,55,False,193181,0.781,0.57,-5.874,0.188,0.273,0.0,0.196,0.858,107.059,0
27P4XoNXXEV4lTc3sB61RK,Up To Something (feat. Travis Scott & Young Thug),"0iEtIxbK0KxaSlF7G42ZOp,0Y5tJX1MQlPlqiwlOH1tJY,50co4Is1HCEo8bhOyUWKpn","Metro Boomin,Travis Scott,Young Thug",55,True,184360,0.799,0.616,-8.809,0.157,0.319,0.0,0.134,0.667,114.014,1
13X0XdLMOdtbXVtAj2ox4h,Besándote,4bw2Am3p9ji3mYsXNXtQcd,Piso 21,55,False,181048,0.724,0.809,-4.96,0.056,0.0345,0.0,0.169,0.496,95.037,0
34isqXjbTstbYwl2MfdzDq,Sorry for Now,6XyY86QOPPrYVGvF9ch6wz,Linkin Park,55,False,203653,0.608,0.584,-6.652,0.0352,0.00995,0.0,0.203,0.251,94.956,0
6qZANDqrSAvfuSjcxBP1PD,10AM/Save The World (feat. Gucci Mane),"0iEtIxbK0KxaSlF7G42ZOp,13y7CgLHjMVRMDqxdx0Xdo","Metro Boomin,Gucci Mane",55,True,226320,0.719,0.501,-8.84,0.239,0.257,0.0,0.189,0.419,136.025,1
4kuexchmxuc5NXmokfo1WH,Verleden Tijd,"6m1LYS5NQonxjOcQFPQOb5,3AlRiyjMywTVNzTcHbf9QT","Frenna,Lil Kleine",55,True,195469,0.771,0.661,-6.718,0.0916,0.131,5.45e-06,0.114,0.183,104.884,1
7wR5r0KYGXBpyWXCdyYs3F,Nina Cried Power,"2FXC3k01G6Gw61bmprjgqS,0cTSCsVx04SSht9V6cpKN0","Hozier,Mavis Staples",55,False,225306,0.29,0.889,-2.611,0.159,0.00949,0.0,0.0821,0.651,98.835,1
11cCVYamncF0ezwjj1irQ0,Where U From,"6extd4B6hl8VTmnlhpl2bY,0Y5tJX1MQlPlqiwlOH1tJY,0VRj0yCOv2FXJNP47XQnx5","Huncho Jack,Travis Scott,Quavo",55,True,251968,0.756,0.757,-2.969,0.0772,0.0542,0.0,0.211,0.284,140.073,1
0BSPhsCKfwENstErymcD80,Adam and Eve,"20qISvAhX20dpIbOOzGK3q,1W3FSF1BLpY3hlVIgvenLz","Nas,The-Dream",55,True,250760,0.624,0.803,-5.107,0.218,0.0453,0.0,0.318,0.172,92.401,1
0KJEIWTEKMfBL2J7Sn3X5I,Gang Gang,6oMuImdp5ZcFhWP0ESe6mG,Migos,55,True,181318,0.639,0.611,-9.826,0.159,0.256,0.0,0.112,0.526,180.072,0
45FMZNp09Z0FMjjOUVGAzm,How U Feel,"6extd4B6hl8VTmnlhpl2bY,0Y5tJX1MQlPlqiwlOH1tJY,0VRj0yCOv2FXJNP47XQnx5","Huncho Jack,Travis Scott,Quavo",55,True,205681,0.853,0.79,-2.557,0.158,0.0474,1.22e-05,0.382,0.46,139.986,1
4vwfOiyWxXeEdx4ejAJgdx,Eye 2 Eye,"6extd4B6hl8VTmnlhpl2bY,0Y5tJX1MQlPlqiwlOH1tJY,0VRj0yCOv2FXJNP47XQnx5,3EW0kQ1skZiK1NHg3Spt9J","Huncho Jack,Travis Scott,Quavo,Takeoff",55,True,190678,0.818,0.65,-4.328,0.148,0.00122,0.0,0.104,0.163,146.015,1
3D1rlKmZdpYUeMtRRLNawc,Let Me Live (feat. Anne-Marie & Mr Eazi),"4WN5naL3ofxrVBgFpguzKo,738wLrAtLtCtFOLvQBXOXp,1zNqDE7qDGCsyzJwohVaoX,4TAoP0f9OuWZUesao43xUW","Rudimental,Major Lazer,Anne-Marie,Mr Eazi",55,False,205760,0.662,0.844,-5.495,0.0669,0.00295,4.78e-05,0.525,0.763,145.007,1
1jg9clsGCDqOumfS0X5xm9,Living Proof,4nDoRrQiYLoBzwC5BhVJzF,Camila Cabello,55,False,194440,0.735,0.514,-5.464,0.082,0.109,0.0,0.359,0.517,77.566,0
2DcZd7oFgctIJZG5pFncyD,Flames (with ZAYN),"6cEuCEZu7PAE9ZSzLLc2oQ,5ZsFI1h6hIdQRw2ti0hz81,1igVsxmGxt1VTKPulM0EuA","R3HAB,ZAYN,Jungleboi",55,False,155526,0.358,0.644,-8.027,0.0811,0.154,0.0,0.0898,0.436,152.085,1
5FOCkGt7bp22nBVfQ4WSIT,Indecente,7FNnA9vBm6EKceENgCGRMb,Anitta,55,False,205187,0.874,0.602,-5.118,0.127,0.16,0.000842,0.096,0.587,127.997,0
0ZPCxNK4DIrF8KqrN3DxfA,Negative Energy,"6Xgp2XMz1fhVYe7i6yNAax,1CUeN4GnHAGUk9nAXPorF4","Trippie Redd,Kodie Shane",55,True,178285,0.659,0.672,-7.442,0.264,0.413,0.0,0.125,0.452,139.868,1
7uenITonAmg7wXmFd3kkms,I Tried Loving,6Xgp2XMz1fhVYe7i6yNAax,Trippie Redd,55,True,193510,0.624,0.686,-4.809,0.0436,0.181,0.0,0.19,0.223,160.076,0
284fVGdbsPtigjjI0jmKXo,Loyalty Before Royalty,6Xgp2XMz1fhVYe7i6yNAax,Trippie Redd,55,True,142648,0.808,0.701,-4.837,0.0984,0.00212,2.1e-05,0.126,0.154,158.068,0
5xhJmd0I15jFcEdqxfCzKk,It Won't Kill Ya,"69GGBxA162lTqCwzJG5jLp,7wjeXCtRND2ZdKfMJFu6JC","The Chainsmokers,Louane",55,False,217613,0.572,0.53,-8.521,0.0654,0.0647,0.000169,0.127,0.12,170.138,1
6Dqja51kHdm93TJGkX7T16,Real Feel,6Xgp2XMz1fhVYe7i6yNAax,Trippie Redd,55,True,258552,0.837,0.57,-5.221,0.0767,0.372,0.0,0.0862,0.425,74.514,0
66FltlEV09mPJYAyfYm8De,Bang Bang,1cNDP5yjU5vjeR8qMf4grg,YNW Melly,55,True,260333,0.657,0.522,-7.632,0.397,0.156,0.0,0.0811,0.442,179.687,0
3EApebexZ7YqDIqw2EMTDh,I Might Need Security,1anyVhU62p31KFi8MEzkbf,Chance the Rapper,55,True,240640,0.514,0.693,-5.868,0.408,0.177,0.0,0.351,0.287,110.568,0
4hUR3thIs01mQUtVmZFJ8F,The Overpass,20JZFwl6HVl6yg8a4H3ZqK,Panic! At The Disco,55,False,177800,0.517,0.955,-1.848,0.167,0.0224,0.0,0.364,0.61,132.951,0
4KaIJ1FWXUoAAnOts1YWjD,Prayers Up (feat. Travis Scott & A-Trak),"7CajNmpbOovFoOoasH2HaY,0Y5tJX1MQlPlqiwlOH1tJY,3TaUSUXn41GixL7zbvrIDt,4A0TivfinfALCAMJqqjZIk","Calvin Harris,Travis Scott,A-Trak,Funk Wav",55,True,204280,0.821,0.637,-4.276,0.161,0.433,0.0,0.209,0.778,86.01,1
6NpsaQyLvPLjtVLWc26GKu,Rohdiamant ٢٠٢٠,6h1s4i4XKIYv4ErDelLDN0,Samra,55,False,160909,0.472,0.785,-4.983,0.663,0.185,0.0,0.258,0.338,73.568,0
0sSvwmaVvkcIARs3uaLmlj,Voyage léger,4LXBc13z5EWsc5N32bLxfH,Nekfeu,55,True,202693,0.75,0.561,-7.839,0.233,0.258,0.0,0.122,0.147,120.098,0
3Nc86B5XmDlG1KuEeSLD8x,Ew,3MZsBdqDrRTJihTHQrO6Dq,Joji,55,False,207710,0.48,0.373,-9.297,0.0278,0.804,0.067,0.12,0.0376,114.078,0
2RCp9QBnFSxdKe8RD4xF8s,Momentz (feat. De La Soul),"3AA28KZvwAUcZuOKwyblJQ,1Z8ODXyhEBi3WynYw0Rya6","Gorillaz,De La Soul",55,True,196906,0.781,0.98,-5.077,0.285,0.0549,2.74e-06,0.597,0.487,140.235,1
7FJ7lHtpbWvPKe3zCoeAWC,Kansas,3AA28KZvwAUcZuOKwyblJQ,Gorillaz,55,False,248493,0.641,0.792,-6.453,0.0272,0.0725,0.513,0.175,0.67,87.069,0
0P2Dxoy0mdzM9NlFQoLZbc,Hollywood (feat. Snoop Dogg & Jamie Principle),"3AA28KZvwAUcZuOKwyblJQ,7hJcb9fa4alzcOq3EaNPoG,5obQFNrkFoWB51hm1JTHMw","Gorillaz,Snoop Dogg,Jamie Principle",55,True,293493,0.685,0.631,-10.338,0.0926,0.0249,7.67e-05,0.211,0.72,104.126,1
5BX0UF54txMgYG73sVNeJJ,Menteur menteur,4LXBc13z5EWsc5N32bLxfH,Nekfeu,55,True,225426,0.864,0.702,-7.146,0.131,0.356,0.0,0.105,0.845,137.98,0
1FmdAhS8FqRoEJ4jcSfuKZ,ICONIC (ft. Jaden Smith),"4xRYI6VqpkE3UwrDrAZL8L,0xOeVMOz2fVg5BJY3N6akT","Logic,Jaden",55,True,298133,0.388,0.777,-5.55,0.241,0.00575,0.0,0.288,0.192,175.933,1
5UtiebKGhsSce9gX1qCqic,BONNIE & CLYDE,"2Im8m4STDBosjfmb5hmP80,1pkDzgHvVqC17qYGKfLPpb","Loredana,Mozzik",55,True,175906,0.792,0.62,-4.832,0.266,0.11,1.61e-05,0.085,0.637,169.985,1
6AFIVhbJLR7YVvW9fLFMu1,Huracan,"6h1s4i4XKIYv4ErDelLDN0,4WZGDpNwrC0vNQyl9QzF7d","Samra,Capital Bra",55,True,182238,0.681,0.701,-5.192,0.442,0.388,0.0,0.132,0.518,170.072,1
43ay9lQZ5rfNcOOHhRF2cM,The Greatest Show,"5F1aoppMtU3OMiltO8ymJ2,7HV2RI2qNug4EcQqLbCAKS,6U1dBXJhC8gXFjamvFTmHg,6sCbFbEjbYepqswM1vWjjs,63nv0hWWDob56Rk8GlNpN8","Hugh Jackman,Keala Settle,Zac Efron,Zendaya,The Greatest Showman Ensemble",55,False,302146,0.417,0.824,-7.36,0.105,0.000239,0.0545,0.0725,0.4,157.92,1
1L3NV7VrCiuE8C5QlhdeQL,Filthy,31TPClRtHm23RisEBtV3X7,Justin Timberlake,55,False,293946,0.745,0.579,-5.771,0.138,0.0354,0.0118,0.246,0.645,97.002,0
6y4pOReFqH2wzo4CV91cZC,Mess,55Aa2cqylxrFIXC767Z865,Lil Wayne,55,True,212427,0.641,0.579,-8.276,0.0896,0.479,9.58e-05,0.214,0.421,145.995,0
2iLGgm4O5Hia8aSfSzXS3H,If You Leave Me Now (feat. Boyz II Men),"6VuMaDnrHyPL1p4EHjYLi7,6O74knDqdv3XaWtkII7Xjp","Charlie Puth,Boyz II Men",55,False,243160,0.435,0.274,-7.84,0.0358,0.902,0.0,0.158,0.422,136.123,1
2AwyHlbA6f641SEkizD5JG,Dope Niggaz (feat. Snoop Dogg),"55Aa2cqylxrFIXC767Z865,7hJcb9fa4alzcOq3EaNPoG","Lil Wayne,Snoop Dogg",55,True,205983,0.752,0.709,-5.053,0.28,0.0401,0.0,0.0601,0.644,84.974,1
5md87aD3pGXRghKUbZdyh8,Strangers,7gOdHgIoIKoe4i9Tta6qdD,Jonas Brothers,55,False,233853,0.594,0.842,-4.892,0.072,0.0312,0.0,0.071,0.573,129.986,0
5dkZ2DrcPJrqwlRQe6Q35e,#PROUDCATOWNERREMIX,"15UsOTVnJzReFVN1VCnxy4,2OaHYHb2XcFPvqL3VsyPzU","XXXTENTACION,Rico Nasty",55,True,157293,0.783,0.522,-6.229,0.39,0.0287,4.13e-05,0.127,0.235,145.127,1
1ktmwAlpfYjFQkrCBHmbPK,ROSE MARTHE'S LOVE,2UwqpfQtNuhBwviIC0f2ie,Damso,55,True,191426,0.812,0.546,-8.711,0.245,0.0364,0.00641,0.109,0.416,145.047,0
16x6tqeSkIjoLEf7SJLlYy,Ratchet Happy Birthday,3TVXtAsR1Inumwj472S9r4,Drake,55,True,207306,0.648,0.535,-13.295,0.1,0.458,0.00246,0.106,0.444,168.03,0
4AhSkRYioEIfGvCV19peYN,Suncity (feat. Empress Of),"6LuN9FCkKOj5PcnpouEgny,5QuBVnBPEzwYvFrgBbwpmU","Khalid,Empress Of",55,False,189493,0.695,0.639,-6.897,0.153,0.107,0.000657,0.118,0.344,90.027,1
2MfcvcvWSUkstTDZXYIakq,Transformer (feat. Nicki Minaj),"1RyvyyTE3xzB2ZywiAwp0i,0hCNtLu0JehylgoiP8L4Gh","Future,Nicki Minaj",55,True,196333,0.753,0.616,-7.34,0.165,0.00151,7.1e-06,0.291,0.287,156.83,1
46hDiH4YvAWXE04GskkIHS,Why Would I Stop?,0c173mlxpT3dSFRgMO8XPh,Big Sean,55,True,152263,0.778,0.727,-6.115,0.0837,0.0212,0.0,0.101,0.218,119.972,0
5mTdAqporE8e0dEk1U8Pkx,B.I.D,2jku7tDXc6XoB6MO2hFuqg,Tory Lanez,55,True,164133,0.758,0.697,-5.614,0.0859,0.11,0.0,0.0887,0.559,154.969,0
28irpKCCK9nn9DZSik2zEx,Glow,"3TVXtAsR1Inumwj472S9r4,5K4W6rqBFWDnAN6FQUkS6x","Drake,Kanye West",55,True,206119,0.688,0.384,-8.824,0.375,0.2,0.0,0.708,0.432,162.098,1
4LH1gsNA3wUS6QKkGZoJN8,XXL,4r63FhuTkUYltbVAg5TQnk,DaBaby,55,True,153863,0.914,0.655,-5.333,0.294,0.00245,0.0,0.0817,0.705,143.975,0
5rBZF2fl4Avi4K0tvrQ0YF,Fingers,5ZsFI1h6hIdQRw2ti0hz81,ZAYN,55,True,171240,0.666,0.426,-9.228,0.147,0.383,1.56e-05,0.109,0.587,159.963,0
74ABBu8osxqmuFOAKcWWpG,Forgiveness,74XFHRwlV6OrjEM0A2NCMF,Paramore,55,False,219760,0.768,0.804,-7.351,0.0349,0.0611,0.00511,0.0695,0.776,112.028,0
1zl1smQ584EZKCfLVeYWNq,Berlin lebt,4WZGDpNwrC0vNQyl9QzF7d,Capital Bra,55,True,183828,0.651,0.655,-6.652,0.373,0.139,1.45e-06,0.104,0.393,78.665,0
18ULKfQl3KpCnklAKFfO2t,Old Fashioned,20JZFwl6HVl6yg8a4H3ZqK,Panic! At The Disco,55,False,166733,0.52,0.878,-1.768,0.0616,0.0133,0.0,0.0433,0.783,168.033,0
43IfdE75ficQgsI8QGBvwb,Mama/Show Love (feat. YBN Cordae),"4xRYI6VqpkE3UwrDrAZL8L,0huGjMyP507tBCARyzSkrv","Logic,Cordae",55,True,241306,0.574,0.823,-4.322,0.124,0.116,0.0,0.0898,0.256,154.053,1
07NMFSwppnky8JyIQIxAQZ,This Ain't That,"6Xgp2XMz1fhVYe7i6yNAax,5zctI4wO9XSKS8XwcnqEHk","Trippie Redd,Lil Mosey",55,True,207058,0.716,0.68,-4.755,0.0589,0.114,0.0,0.366,0.219,76.47,1
3vKU0GTHo5nl3kTCYAiqc3,Black Panther,2YZyLoL8N0Wb9xBt1NhZWg,Kendrick Lamar,55,True,130613,0.612,0.588,-9.355,0.355,0.62,3.85e-06,0.264,0.48,90.251,0
4KfL3Ne8bc9bC2PUB8QGwA,Ich weiß nicht mal wie sie heißt,"4WZGDpNwrC0vNQyl9QzF7d,4WoSAKuoaPxrbwp3Y1PvKb","Capital Bra,Bozza",55,False,168750,0.498,0.836,-3.905,0.184,0.525,0.0,0.0994,0.609,199.846,1
5lar0mCUejpILVkAz50s2J,Train food,15UsOTVnJzReFVN1VCnxy4,XXXTENTACION,55,True,164082,0.492,0.712,-7.278,0.691,0.564,9.1e-05,0.357,0.23,137.453,0
6VrBWh90BiwWmwKtvwWFcq,Ambiente,1vyhD5VmyZ7KMfW5gqLgo5,J Balvin,55,False,248826,0.789,0.731,-6.245,0.101,0.139,1.92e-06,0.635,0.79,81.009,0
17FyWGvqby379Q92sn23jW,Queen,7n2wHs1TKAczGzO7Dd2rGr,Shawn Mendes,55,False,204693,0.877,0.688,-7.254,0.11,0.193,0.0,0.0872,0.921,131.022,0
6W6ijKiufUsBBcgJPKis6T,Is Your Love Enough?,3e7awlrlDSwF3iM0WBjGMp,Little Mix,55,False,224600,0.762,0.854,-2.757,0.0818,0.00642,1.11e-06,0.131,0.615,105.969,0
34t13rSSZtr22CjcmroMmh,I Know You (feat. Bastille),"2JyWXPbkqI5ZJa3gwqVa0c,7EQ0qTo7fWT7DPxmxtSYEc","Craig David,Bastille",55,False,214960,0.56,0.746,-5.098,0.0894,0.151,0.0,0.0834,0.259,140.813,1
3GmfHF5RUe6r5C9UbvIXQp,Neptun,"5p7mWeX4RlvqBCxylfiXdE,0Dvx6p8JDyzeOPGmaCIH1L","KC Rebell,RAF Camora",55,False,197832,0.426,0.669,-7.154,0.0907,0.295,0.035,0.108,0.0983,93.136,1
5sK3o66yupTNIK6gWgzGjf,Dance Again,0C8ZW7ezQVs4URX5aX7Kqx,Selena Gomez,55,False,170498,0.784,0.552,-7.261,0.0871,0.0447,0.0,0.192,0.465,111.984,0
11OwAR3GlBj9E35Cznf7Lj,Vulnerable,0C8ZW7ezQVs4URX5aX7Kqx,Selena Gomez,55,False,192172,0.695,0.573,-8.882,0.167,0.132,0.000137,0.156,0.38,100.031,0
11Ey4yJVeWEsA73KjACkVY,Ring,0C8ZW7ezQVs4URX5aX7Kqx,Selena Gomez,55,False,148776,0.873,0.51,-5.35,0.0661,0.565,3.13e-06,0.0738,0.871,110.953,0
2C0hTkdEoikhKzDCJl32QZ,Crowded Room (feat. 6LACK),"0C8ZW7ezQVs4URX5aX7Kqx,4IVAbR2w4JJNJDDRFP3E83","Selena Gomez,6LACK",55,False,186459,0.724,0.415,-8.408,0.0518,0.764,2.51e-06,0.103,0.328,89.999,1
63mdJr3NMY3wReOkNE6c6W,People You Know,0C8ZW7ezQVs4URX5aX7Kqx,Selena Gomez,55,False,194900,0.695,0.62,-8.082,0.0521,0.0881,5.43e-05,0.111,0.62,150.032,0
6ayTAnEwP3Yo4DOjLsN5r2,Hola (feat. Maluma),"0jnsk9HBra6NMjO2oANoPY,1r4hJ1h58CWwUQe3MxPuau","Flo Rida,Maluma",55,False,192376,0.757,0.711,-5.693,0.0769,0.0207,3.04e-05,0.11,0.649,113.026,1
4vfsh1GHqHZtTlkusq9j5E,Wiggle It (feat. City Girls),"6vXTefBL93Dj5IqAWq6OTv,37hAfseJWi0G3Scife12Il","French Montana,City Girls",55,True,172048,0.806,0.76,-4.69,0.0465,0.0114,3.11e-05,0.126,0.554,101.965,1
6ImrWnhjEOw5re3cGLMIHJ,Buck Shots,13ubrt8QOOCPljQ2FL1Kca,A$AP Rocky,55,True,167813,0.433,0.85,-5.79,0.416,0.325,0.0,0.356,0.58,159.956,0
17Yq72h0p15OhCbZ5lJ5gd,Bickenhead,4kYSro6naA4h99UJvo89HB,Cardi B,55,True,181623,0.884,0.814,-5.333,0.303,0.154,1.67e-06,0.158,0.907,155.938,0
40Zb4FZ6nS1Hj8RVfaLkCV,Slide (feat. Blueface & Lil Tjay),"6vXTefBL93Dj5IqAWq6OTv,3Fl1V19tmjt57oBdxXKAjJ,6jGMq4yGs7aQzuGsMgVgZR","French Montana,Blueface,Lil Tjay",55,True,186344,0.532,0.704,-3.895,0.26,0.093,0.0,0.184,0.591,96.004,1
38lQ7lYhN3eSWepnZHaiBF,Rolex,"4WZGDpNwrC0vNQyl9QzF7d,3drqpTL4sQOckmAfF9i1wg,5p7mWeX4RlvqBCxylfiXdE","Capital Bra,Summer Cem,KC Rebell",55,False,235954,0.813,0.59,-6.542,0.345,0.346,0.0,0.0335,0.716,91.985,1
3CGZ7wfk4skmuyQgua1C1K,Chromatica I,1HY2Jd0NmPuamShAr6KMms,Lady Gaga,55,False,60400,0.231,0.457,-10.773,0.0318,0.0126,0.875,0.327,0.0588,65.827,0
5FTrzXtDMz3adIbLmVShk4,UKA UKA,6Xgp2XMz1fhVYe7i6yNAax,Trippie Redd,55,True,164334,0.722,0.868,-5.34,0.16,0.135,0.0,0.101,0.671,87.011,0
0Gux2yTMWYOlcBUNjGJu5p,Pull Up N Wreck (& Metro Boomin),"0c173mlxpT3dSFRgMO8XPh,0iEtIxbK0KxaSlF7G42ZOp,1URnnhqYAYcrqrcwql10ft","Big Sean,Metro Boomin,21 Savage",55,True,227533,0.507,0.442,-7.279,0.367,0.0129,0.000148,0.174,0.107,173.03,1
3pZO6GoVPeSYDxxsH6vCdj,Sunset (with J. Cole feat. Young Nudy),"1iNqsUDUraNWrj00bqssQG,6l3HvQ5sa6mXTsMTB19rO5,5yPzzu25VzEk8qrGTLIrE1","Dreamville,J. Cole,Young Nudy",55,True,178373,0.924,0.385,-7.049,0.185,0.187,0.0,0.132,0.39,129.976,1
5gqh2FMBquUEwDsRUU4pCF,Shenmue,3NH8t45zOTqzlZgBvZRjvB,PNL,55,True,249598,0.909,0.582,-5.357,0.0665,0.0696,4.78e-05,0.0984,0.844,126.063,0
40FUPlp2KJvdHY5ABnK100,GUESS WHAT (feat. Rick Ross),"1z7b1Pr1rSlvWRzsW3HOrS,1sBkRIssrMs1AbVkOJbc7a","Russ,Rick Ross",55,True,206013,0.738,0.785,-10.035,0.272,0.0711,1.59e-05,0.117,0.357,92.008,1
6rDaCGqcQB1urhpCrrD599,Album of the Year - Freestyle,6l3HvQ5sa6mXTsMTB19rO5,J. Cole,55,True,138872,0.705,0.816,-7.046,0.32,0.0805,0.0,0.476,0.929,94.211,0
6m3LlhdZ0HWn4D7Nnm06MQ,Together,6Xgp2XMz1fhVYe7i6yNAax,Trippie Redd,55,True,164576,0.615,0.444,-6.773,0.0282,0.893,8.06e-06,0.127,0.125,120.098,0
2lAyctg5FocS67eksHoyIg,Quem Me Dera,"3OxZ4asD88P1lJJmLcXz4K,6OpOg5HVCc8xVf7OVrd5Fk","Márcia Fellipe,Jerry Smith",55,False,147990,0.815,0.723,-3.611,0.0574,0.115,0.0,0.184,0.896,149.918,1
3zesxb7sOGbeSwUrzLUP0f,Palace,2wY79sveU1sp5g7SokKOiI,Sam Smith,55,False,187156,0.345,0.193,-10.236,0.0328,0.74,4.2e-06,0.117,0.268,77.547,0
0PaAB17axL9hn88mHiw8g0,Não Fala Não pra Mim,"1zEo6Fk1iaaOYFlFPBHCFn,6OpOg5HVCc8xVf7OVrd5Fk","Humberto & Ronaldo,Jerry Smith",55,False,196613,0.741,0.794,-2.555,0.0402,0.591,0.0,0.236,0.765,157.987,1
3PIDciSFdrQxSQSihim3hN,Christmas (Baby Please Come Home),4iHNK0tOyZPYnBU7nGAgpQ,Mariah Carey,55,False,153240,0.561,0.782,-7.444,0.0317,0.022,0.0,0.109,0.704,127.148,0
26AuyrZGzWWiYZPSd3XBIg,Bloodstream,69GGBxA162lTqCwzJG5jLp,The Chainsmokers,55,True,224280,0.62,0.627,-5.889,0.0259,0.0317,0.0,0.172,0.164,90.955,0
2LUOkrWpTz1q5QeZY5jAHi,Song For No One,7n2wHs1TKAczGzO7Dd2rGr,Shawn Mendes,55,False,191887,0.328,0.393,-5.164,0.0285,0.0867,9.54e-05,0.104,0.237,96.241,0
4Zxdw0Hno7YDu0IzvY76Qo,Rent Money,1RyvyyTE3xzB2ZywiAwp0i,Future,55,True,265366,0.694,0.493,-8.581,0.373,0.0331,2.04e-06,0.431,0.313,166.457,0
6B3zy3LOKHndqsviCr2z15,Em Calls Paul - Skit,7dGJo4pcD2V6oG8kP0tJRR,Eminem,55,True,49023,0.707,0.314,-10.115,0.747,0.977,0.0,0.109,0.602,104.014,0
0yYwS7CXKIPC4kWPvZQfsT,No Way!,4GvEc3ANtPPjt1ZJllr5Zl,Bazzi,55,True,112105,0.665,0.709,-4.117,0.0407,0.174,0.0,0.142,0.357,76.058,0
4fzyvSu73BhGvi96p2zwjL,Christmas Lights,4gzpq5DPGxSnKTe4SA8HAU,Coldplay,55,False,242495,0.312,0.418,-9.146,0.0296,0.131,0.000679,0.0836,0.237,130.795,0
2mvabkN1i2gLnGAPUVdwek,Christmas Tree Farm,06HL4z0CvFAxyc27GXpf02,Taylor Swift,55,False,228026,0.598,0.68,-4.505,0.0331,0.06,0.0,0.324,0.437,134.002,0
0RBOFW5424gCCCZrgECbt6,Romance Com Safadeza,"1AL2GKpmRrKXkYIcASuRFa,7FNnA9vBm6EKceENgCGRMb","Wesley Safadão,Anitta",55,False,172654,0.544,0.903,-4.11,0.0693,0.216,0.0,0.117,0.765,155.97,1
3QiAAp20rPC3dcAtKtMaqQ,Blue Christmas,43ZHCT0cAZBISjO8DG9PnE,Elvis Presley,55,False,129173,0.465,0.27,-16.661,0.0425,0.9,0.00104,0.145,0.58,94.518,0
76IVpz47q3ghkxoUeTTEKb,COLT,6h1s4i4XKIYv4ErDelLDN0,Samra,55,True,179812,0.544,0.53,-6.168,0.428,0.345,0.0,0.0981,0.184,90.093,0
1tlBuoIRrtqFs9bE9dmli5,Extra Luv (feat. YG),"1RyvyyTE3xzB2ZywiAwp0i,0A0FS04o6zMoto8OKPsDwY","Future,YG",55,True,246173,0.831,0.573,-6.408,0.221,0.188,0.000883,0.109,0.229,100.015,1
3EQ9QP2E7wjYQba8OSPBst,Intro,20sxb77xiYeusSH8cVdatc,Meek Mill,55,True,213402,0.678,0.76,-5.546,0.221,0.0557,0.0,0.359,0.24,96.044,0
1qyFlfPREPbRcS2BNszdYI,Dreams Money Can Buy,3TVXtAsR1Inumwj472S9r4,Drake,55,True,253803,0.423,0.587,-6.635,0.529,0.765,0.0,0.114,0.33,180.331,0
1KqvRRQd3lfM0pAlkGPrgD,Shape of You (feat. Nyla & Kranium) - Major Lazer Remix,"6eUKZXaKkcviH0Ku9w2n3V,4VZY0nxYMSNotbS7WjNVQy,1LKo6ZA3RNvKtLa6zDu32S,738wLrAtLtCtFOLvQBXOXp","Ed Sheeran,Nyla,Kranium,Major Lazer",55,False,192000,0.682,0.812,-2.691,0.118,0.00574,0.0,0.0553,0.347,104.891,1
2WqTKOAUmv7hz9ZzGnXHrY,Realist In It (feat. Gucci Mane & Offset),"5f7VJjfbwm532GiveGC0ZK,13y7CgLHjMVRMDqxdx0Xdo,4DdkRBBYG6Yk9Ka8tdJ9BW","Lil Baby,Gucci Mane,Offset",55,True,222958,0.932,0.658,-7.708,0.353,0.207,0.0,0.118,0.695,109.973,1
0TFVOjSvPTjFHkiZZekK5k,Pineapple (feat. Gucci Mane & Quavo),"7c0XG5cIJTrrAgEC3ULPiq,13y7CgLHjMVRMDqxdx0Xdo,0VRj0yCOv2FXJNP47XQnx5","Ty Dolla $ign,Gucci Mane,Quavo",55,True,218260,0.964,0.555,-6.245,0.0499,0.0301,0.000567,0.128,0.338,130.017,1
3IJPE9ICRq5PxVZxdv1sEv,Incredible,1RyvyyTE3xzB2ZywiAwp0i,Future,54,True,248049,0.79,0.438,-6.462,0.133,0.0634,0.0,0.1,0.247,90.022,0
4AsvGVDWs16fqIiIdDzyvX,Happy New Year,0LcJLqbBmaGUft1e9Mm8HV,ABBA,54,False,263693,0.51,0.375,-9.185,0.0288,0.813,0.0,0.145,0.25,132.552,0
7liO3TEHfUqLnIlN54CW1D,Million Dollar Play,"1RyvyyTE3xzB2ZywiAwp0i,4O15NlyKLIASxsJ0PrXPfz","Future,Lil Uzi Vert",54,True,166636,0.839,0.502,-5.886,0.398,0.11,0.0,0.115,0.585,150.07,1
6flur5o18COKeafnjLHRiJ,Be Like Me (feat. Lil Wayne),"3wyVrVrFCkukjdVIdirGVY,55Aa2cqylxrFIXC767Z865","Lil Pump,Lil Wayne",54,True,240000,0.948,0.396,-8.08,0.173,0.00335,0.0,0.192,0.593,104.006,1
6cPyTS0Kk2sc4xQwC93kOg,Break Up Every Night,69GGBxA162lTqCwzJG5jLp,The Chainsmokers,54,True,207520,0.624,0.806,-5.957,0.0437,0.00411,0.0,0.0872,0.528,149.999,0
5C2ry6OWozoqrEDyBz7MOX,Hell and High Water,"738wLrAtLtCtFOLvQBXOXp,2wUjUUtkb5lvLKcGKsKqsR,5fMUXHkw8R8eOP2RNVYEZX","Major Lazer,Alessia Cara,Diplo",54,False,145411,0.474,0.772,-5.925,0.26,0.368,3.32e-06,0.183,0.427,169.893,1
3yhhv0VCmKkAWD9ysDLpTE,Shots Fired,181bsRPaVXVlUKXrxwZfHK,Megan Thee Stallion,54,True,170870,0.826,0.655,-4.775,0.3,0.000761,0.0,0.0841,0.45,184.057,0
4AgK0CwpwcekXVdAoYB2VO,Ferrari,"3GBBxBdoolb0B5YizZq9bF,5wyWp867LWGjFmYZXVSFnZ","Eno,MERO",54,True,172320,0.73,0.725,-4.889,0.318,0.387,0.0,0.153,0.625,79.648,1
4IIuCotvqijraSdnVLaFnM,Beautiful Trip,0fA0VVWsXO9YnASrzqfmYu,Kid Cudi,54,False,37013,0.331,0.513,-15.392,0.632,0.972,0.953,0.882,0.42,133.971,0
51HrDv54pSe1IqynORNXBd,O Bebê,1jP5486DmekkkTzam51qk7,"MC Kevinho, MC Kekel",54,False,178118,0.81,0.749,-3.734,0.114,0.248,0.0,0.241,0.795,165.057,0
2chEq24EHjyw9Zjmwq0hlS,Auto Blu,"2K5nCggbhSZ00YCYP5qkZS,64rxQRJsLgZwHHyWKB8fiF","Shiva,Eiffel 65",54,True,166086,0.82,0.783,-6.146,0.0621,0.0158,0.0,0.0938,0.653,130.015,1
2GwberkV36NoC5snp51cLC,Can’t Imagine,7n2wHs1TKAczGzO7Dd2rGr,Shawn Mendes,54,False,149768,0.412,0.162,-14.356,0.146,0.849,2.16e-06,0.354,0.375,179.63,0
2Y0ktCGrGoGcQFXsGztvhi,Naughty List (with Dixie),"5pUo3fmmHT8bhCyHE52hA6,3DKkhRCGOG4e8IUPYFPfWs","Liam Payne,Dixie",54,False,154746,0.619,0.771,-2.204,0.0601,0.0318,0.0,0.114,0.704,81.966,1
6eIygPhGcBFKKcxlGTJlY0,Changing,0hEurMDQu99nJRq8pTxO14,John Mayer,54,False,213080,0.43,0.336,-7.778,0.0285,0.583,0.00273,0.132,0.393,183.674,0
4tyX1rw9X309WkEdh2As4B,coney island (feat. The National),"06HL4z0CvFAxyc27GXpf02,2cCUtGK9sDU2EoElnk0GNB","Taylor Swift,The National",54,False,275320,0.529,0.536,-11.269,0.0627,0.826,0.00082,0.141,0.304,107.873,1
7rdUtXasA973gmrr2Xxh3E,"Homemade Dynamite (Feat. Khalid, Post Malone & SZA) - REMIX","163tK9Wjr9P9DmM0AVK7lm,6LuN9FCkKOj5PcnpouEgny,246dkjvS1zLTtiykXe5h60,7tYKF4w9nC0nq9CsPZTHyP","Lorde,Khalid,Post Malone,SZA",54,True,214254,0.781,0.548,-4.997,0.0764,0.229,0.0,0.127,0.175,106.996,1
1rP5gAqMlm8d6UnfseuzSm,Real Baby Pluto,"1RyvyyTE3xzB2ZywiAwp0i,4O15NlyKLIASxsJ0PrXPfz","Future,Lil Uzi Vert",54,True,196636,0.898,0.567,-6.446,0.302,0.0165,0.0,0.109,0.602,141.973,1
4BzvWX9B1viL3cj4bMxmx0,B.L.F.L.,"39KEQQAG9JhIt71g9NEVhh,4WZGDpNwrC0vNQyl9QzF7d","Azet,Capital Bra",54,True,159911,0.427,0.828,-3.263,0.308,0.146,0.0,0.106,0.509,75.942,1
3LgB6VOPYNZ6ADmCi0p8nt,Will,6C1ohJrd5VydigQtaGy5Wa,Joyner Lucas,54,False,201395,0.773,0.664,-7.443,0.146,0.06,0.109,0.121,0.37,142.946,0
0l4CWlipuaIS4vzsNNWC4V,SPLIT DECISION,2HPaUgqeutzr3jx5a9WyDV,PARTYNEXTDOOR,54,True,186339,0.38,0.274,-13.106,0.169,0.854,0.000685,0.105,0.27,178.027,0
2URDbWGmPz3vhagl25p8OC,Tranquility Base Hotel & Casino,7Ln80lUS6He07XvHI8qqHH,Arctic Monkeys,54,True,212093,0.584,0.835,-4.326,0.0297,0.0411,0.0147,0.199,0.781,142.2,0
2kPQFWoXuRz6jNsEo48Inm,Something Human,12Chz98pHFMPJEknJQMWvI,Muse,54,False,226786,0.589,0.903,-4.834,0.0526,0.06,0.00446,0.124,0.541,105.006,0
1r0faljjM2b876iNoaDUh5,Sacrifices,"0c173mlxpT3dSFRgMO8XPh,6oMuImdp5ZcFhWP0ESe6mG","Big Sean,Migos",54,True,287320,0.779,0.56,-7.564,0.253,0.258,0.0,0.241,0.421,142.032,1
3OoZagIW3YK8vjt0ws6NOI,Shining (feat. Beyoncé & Jay-Z),"0QHgL1lAIqAw0HtD7YldmP,6vWDO969PvNqNYHIOW5v0m,3nFkdlSjzX9mRTtwJOzDYB","DJ Khaled,Beyoncé,JAY-Z",54,True,283253,0.773,0.81,-5.171,0.116,0.0479,4.45e-06,0.271,0.567,112.002,1
1YNQscOx6OqBQjxgJVhEeW,"Girls (feat. Cardi B, Bebe Rexha & Charli XCX)","5CCwRZC6euC8Odo6y9X8jr,64M6ah0SkkRsnPGtGiRAbb,25uiPmTg16RbhZWAqwLBy5,4kYSro6naA4h99UJvo89HB","Rita Ora,Bebe Rexha,Charli XCX,Cardi B",54,True,221153,0.728,0.69,-4.344,0.0524,0.0164,0.0,0.104,0.415,94.028,1
6XjEOPgbgHKcaHcunEHSJJ,UFF,"4VuARVJiWGsH2msKTdsKdQ,5eioJDe26lOqkAMbuhzZYs","Veysel,Gzuz",54,True,167626,0.815,0.828,-3.559,0.232,0.041,0.0,0.314,0.311,139.972,1
7jhlKPpAUqgV1m6AOTO19U,Too Much (feat. Timbaland),"5ZsFI1h6hIdQRw2ti0hz81,5Y5TRrQiqgUO4S36tzjIRZ","ZAYN,Timbaland",54,True,187160,0.446,0.635,-4.476,0.0533,0.00434,0.000642,0.122,0.301,89.856,1
0lSVjlxmAMSJGFSjVB1FtU,Abracadabra (feat. Future),"23TFHmajVfBtlRx5MXqgoz,1RyvyyTE3xzB2ZywiAwp0i","Sfera Ebbasta,Future",54,True,192964,0.846,0.681,-7.091,0.174,0.0461,0.0,0.112,0.809,131.988,1
6mzTuMlbCgEtoCitsszlqP,What Would I Change It To (feat. Aluna),"1vCWHaC5f2uS3yhpwWbIA6,5ITI6SEoUZMIXXkzCfr4oE","Avicii,Aluna",54,False,185454,0.785,0.495,-8.865,0.0946,0.305,4.82e-06,0.0936,0.586,109.992,1
0dj1CtyRxZ4bnIT4Q20jNT,Wake Up Alone,"69GGBxA162lTqCwzJG5jLp,5ZS223C6JyBfXasXxrRqOk","The Chainsmokers,Jhené Aiko",54,False,215720,0.643,0.52,-5.968,0.0334,0.0102,0.0,0.11,0.23,75.168,1
0NZUqq4iLQddokgtiC44Kb,PIE (feat. Chris Brown),"1RyvyyTE3xzB2ZywiAwp0i,7bXgB6jMjp9ATFy66eO08Z","Future,Chris Brown",54,True,211240,0.755,0.6,-6.431,0.309,0.144,0.0,0.117,0.652,155.982,1
6i759FCuKx713ZnYjtpQGU,True Colors,1Xyo4u8uXC1ZmMpatF05PJ,The Weeknd,54,False,206026,0.616,0.424,-8.237,0.251,0.284,0.0,0.173,0.582,76.676,0
3Z3QhZAZpqwZa1phsbQ3JZ,Driving Home for Christmas,5KEG7G8LDYlHgFDqZyEEs2,Chris Rea,54,False,240213,0.497,0.661,-9.047,0.0361,0.328,0.000317,0.211,0.894,180.225,0
4S1GTwPVpkSy7CsJIDKPEz,You Deserve Better,4IWBUUAFIplrNtaOHcJPRM,James Arthur,54,False,207773,0.516,0.56,-7.116,0.486,0.0322,0.0,0.15,0.696,98.94,0
042x9bsUBWW2fJgJ6fUh61,Not Going Home,"5X4LWwbUFNzPkEas04uU82,78DWNk8gFHU30TGITAgbM7,71WExccCBN2mw0klSzfYzz","DVBBS,CMC$,Gia Koka",54,False,195186,0.713,0.733,-6.431,0.152,0.0933,2.23e-05,0.237,0.502,108.992,1
7cW1wHpSLYgKWzoWlOCPFJ,Global,5f7VJjfbwm532GiveGC0ZK,Lil Baby,54,True,169826,0.672,0.565,-6.504,0.441,0.106,0.0,0.113,0.313,163.827,0
6pUBrvKfJL4qmn95mxU7rC,Respect the Game,20sxb77xiYeusSH8cVdatc,Meek Mill,54,True,192098,0.603,0.67,-4.809,0.25,0.0871,0.0,0.326,0.159,89.842,0
1839RWzPRZCVgvamu4sHSN,All My Love (feat. Conor Maynard),"1LOB7jTeEV14pHai6EXSzF,6mU8ucezzms5I2kNH6HNlu","Cash Cash,Conor Maynard",54,False,191330,0.59,0.871,-3.353,0.0891,0.148,0.0,0.0739,0.304,134.956,1
6YJdPrH3i2POzu7hdHIRrb,Santa Baby,"66CXWjxzNUsdJxJ2JdwvnR,7pLntWGInZPQxc4kXxzzjB","Ariana Grande,Liz Gillies",54,False,170933,0.748,0.778,-5.752,0.137,0.0501,0.0,0.284,0.777,95.989,1
4LKSaRoKNnlpKXTT663BrT,Santeria,0ONHkAv9pCAFxb0zJwDNTy,Pusha T,54,True,176026,0.621,0.678,-4.104,0.197,0.142,0.0,0.098,0.0883,88.677,0
2BuBXn15gj4MNYZydyWgrk,Come Back Baby,0ONHkAv9pCAFxb0zJwDNTy,Pusha T,54,True,206706,0.874,0.485,-3.026,0.171,0.0487,0.0,0.299,0.322,92.001,0
3qT2eKpWNq5cze7kGGORDZ,DAS RENNEN,18ISxWwWjV6rPLoVCXf1dz,RIN,54,False,193684,0.803,0.511,-7.585,0.0496,0.223,0.0,0.358,0.24,114.007,0
2rxxXYtTIFKyrhJpofeoIX,VALLA NEIN (feat. Luciano),"5p7mWeX4RlvqBCxylfiXdE,3drqpTL4sQOckmAfF9i1wg,3CJKkU0XuElRT1z8rEtIYg","KC Rebell,Summer Cem,Luciano",54,False,182040,0.761,0.657,-7.246,0.138,0.114,1.55e-06,0.356,0.589,135.909,1
1KvyBpAxgllKW7bQb0GYCR,Halfway Right,6XyY86QOPPrYVGvF9ch6wz,Linkin Park,54,False,217066,0.655,0.626,-7.155,0.045,0.0134,0.0,0.349,0.498,134.028,0
6NzuJWrNriXAbSmscAuSIq,Codeine (feat. Gunna),"7rkW85dBwwrJtlHRDkJDAC,2hlmm7s2ICUX0LVIhVFlZQ","NAV,Gunna",54,True,188117,0.969,0.604,-6.305,0.118,0.0922,0.0,0.105,0.899,126.988,1
62hpoPrA3rtfeX1aWONig5,Split/Whole Time,6icQOAFXDZKsumw3YXyusw,Lil Yachty,54,True,239314,0.667,0.489,-8.772,0.422,0.197,0.0,0.159,0.392,145.048,0
5TX0mfUkpGlU6j2xa00ERx,OG Beeper,13ubrt8QOOCPljQ2FL1Kca,A$AP Rocky,54,True,155893,0.91,0.477,-5.259,0.418,0.121,0.0,0.305,0.313,145.994,0
4f1XXGjZZ9EkFkrbPJek6X,gun smoke,1URnnhqYAYcrqrcwql10ft,21 Savage,54,True,167410,0.809,0.461,-5.677,0.0907,0.000832,4.43e-05,0.143,0.325,85.992,0
0ZKKJTv21zJpNrKiL0LYyV,out for the night,1URnnhqYAYcrqrcwql10ft,21 Savage,54,True,137232,0.841,0.695,-5.625,0.415,0.001,4.26e-05,0.189,0.408,173.368,0
5stbfxsPi8gcOH2LCuA4Le,pad lock,1URnnhqYAYcrqrcwql10ft,21 Savage,54,True,191359,0.959,0.55,-8.012,0.197,0.0187,0.0,0.112,0.798,130.024,0
3nodtPfXcok53E8Uze8gvD,Either Way (feat. Joey Bada$$),"2FwJwEswyIUAljqgjNSHgP,1zNqDE7qDGCsyzJwohVaoX,2P5sC9cVZDToPxyomzF1UH","Snakehips,Anne-Marie,Joey Bada$$",54,True,187588,0.635,0.659,-4.92,0.155,0.309,0.0,0.302,0.54,178.018,1
4AFgK4wP1iD5i8BYaLr9Vf,You Da Baddest (feat. Nicki Minaj),"1RyvyyTE3xzB2ZywiAwp0i,0hCNtLu0JehylgoiP8L4Gh","Future,Nicki Minaj",54,True,242933,0.807,0.736,-6.748,0.151,0.109,0.00729,0.104,0.54,154.023,1
6PHbWsTTlmQKF9i9VC1KFv,Ridin Strikers,1RyvyyTE3xzB2ZywiAwp0i,Future,54,True,225347,0.595,0.534,-8.747,0.318,0.0106,0.00157,0.107,0.134,162.066,0
6QeUzTuBoasiii8nevDciq,Trapped In The Sun,1RyvyyTE3xzB2ZywiAwp0i,Future,54,True,201979,0.701,0.546,-5.918,0.133,0.435,0.0,0.188,0.118,151.9,0
57q6BgYP4gN6hPQViCB3um,Distorted Records,13ubrt8QOOCPljQ2FL1Kca,A$AP Rocky,54,True,140133,0.655,0.869,-4.342,0.212,0.141,2.32e-05,0.312,0.0818,135.809,0
12ip0ceCeszDTDFxDY1AXJ,You Be Love (feat. Billy Raffoul),"1vCWHaC5f2uS3yhpwWbIA6,5gw5ANPCVcxU0maLiGRzzP","Avicii,Billy Raffoul",54,False,207545,0.826,0.466,-7.521,0.0425,0.0351,0.0092,0.0833,0.548,124.95,1
180WImKPbvdUrboKUov5f4,More Than That,3J0BpFVUc9LeOIVeN5uNhU,Lauren Jauregui,54,False,158733,0.595,0.442,-12.899,0.282,0.0709,0.0,0.139,0.297,48.702,0
0Ws8D3EWUDgY962Xftb0h5,"Cash Out (feat. ScHoolboy Q, PARTYNEXTDOOR & D.R.A.M.)","7CajNmpbOovFoOoasH2HaY,5IcR3N7QB1j6KBL8eImZ8m,2HPaUgqeutzr3jx5a9WyDV,5M0lbkGluOPXLeFjApw8r8,4A0TivfinfALCAMJqqjZIk","Calvin Harris,ScHoolboy Q,PARTYNEXTDOOR,Shelley FKA DRAM,Funk Wav",54,True,235973,0.722,0.79,-4.867,0.241,0.152,0.0,0.0349,0.434,94.965,1
44PelqgstAM0lb8rHPKfHq,Let Me Out (feat. Mavis Staples & Pusha T),"3AA28KZvwAUcZuOKwyblJQ,0cTSCsVx04SSht9V6cpKN0,0ONHkAv9pCAFxb0zJwDNTy","Gorillaz,Mavis Staples,Pusha T",54,False,175813,0.607,0.785,-5.955,0.258,0.211,3.34e-06,0.915,0.517,81.087,1
7HFgnF1oPMzkCqEMBOA2yI,Beloved,3gd8FJtBJtkRxdfbTu19U2,Mumford & Sons,54,False,265096,0.445,0.773,-7.227,0.0441,0.00539,0.153,0.131,0.313,191.966,0
3JX0dOCIAiaR8MP3ryXWuM,What About Me (feat. Sosamann),"55Aa2cqylxrFIXC767Z865,3Bj81IbILbuj2uEwWXMdXI","Lil Wayne,Sosamann",54,True,216961,0.785,0.44,-6.566,0.0401,0.0263,2.03e-06,0.122,0.22,118.089,1
4SVTus5gJc5cfkFZ8ELK1p,Years Go By,2EMAnMvWE2eb56ToJVfCWs,Bryson Tiller,54,True,179976,0.374,0.577,-7.085,0.302,0.0279,5.6e-06,0.562,0.0658,184.201,0
40IiSjljbAhrSbdJ3HxSfH,March 14,3TVXtAsR1Inumwj472S9r4,Drake,54,True,309560,0.5,0.419,-7.349,0.39,0.4,0.0,0.36,0.313,91.963,0
6Q36XucqrejMId3RydVhch,BIGGEST ALLEY OOP,0VRj0yCOv2FXJNP47XQnx5,Quavo,54,True,180960,0.86,0.408,-5.389,0.189,0.166,0.0,0.111,0.0548,75.481,0
69PkhA9q3xCWU2CzoZnLAu,LOSE IT (feat. Lil Baby),"0VRj0yCOv2FXJNP47XQnx5,5f7VJjfbwm532GiveGC0ZK","Quavo,Lil Baby",54,True,237654,0.962,0.573,-5.924,0.308,0.0161,0.0,0.109,0.728,125.035,1
5oAgI7Pzg6vxuKrfapg3Pi,Pizza,60d24wfXkVzDSfLS6hyCjZ,Martin Garrix,54,False,255102,0.381,0.712,-6.9,0.0355,0.000408,0.589,0.183,0.0378,127.967,0
2VKf0WEOpq06JE5PTNr9wa,Jettski Grizzley (feat. Lil Pump),"6AUl0ykLLpvTktob97x9hO,3wyVrVrFCkukjdVIdirGVY","Tee Grizzley,Lil Pump",54,True,163200,0.875,0.878,-5.358,0.179,0.0966,0.0,0.333,0.381,100.042,1
3fhOpwaKobrELFjKLcXHgI,Enemigos Ocultos,"1i8SpTcr7yvPOmcqrbnVXY,3E6xrwgnVfYCrCs0ePERDz,7iK8PXO48WeuP03g8YR51W,4SsVbpTthjScTS7U2hmr1X,3Wb38LDP3N4tkobValgE9D,00me4Ke1LsvMxt5kydlMyU","Ozuna,Wisin,Myke Towers,Arcangel,Juanka,Cosculluela",54,True,445746,0.71,0.845,-3.296,0.222,0.22,0.0,0.416,0.718,172.087,1
3P4uSN2VJ7asF4xdw1lDEf,Games,"5pVRwX5ZQR7hfJ18w8ZYkl,78wZzI7u1cOjXKuYzqZI6l","Ufo361,Sonus030",54,False,179066,0.833,0.66,-7.464,0.128,0.0822,1.74e-06,0.346,0.138,89.992,1
7Mu3sCvXdMSlBLrUPOhWAG,LOCKED UP PT. 2,"7gZfnEnfiaHzxARJ2LeXrf,0z4gvV4rjIZ9wHck67ucSV","6ix9ine,Akon",54,True,203333,0.649,0.779,-4.719,0.115,0.0332,0.0,0.299,0.503,89.978,1
3hR48Bj9Wgl6xunDG4nsRZ,Leader Of The Delinquents,0fA0VVWsXO9YnASrzqfmYu,Kid Cudi,54,True,189544,0.806,0.809,-7.18,0.159,0.141,8.64e-05,0.0739,0.685,95.043,0
6Kq3dPaKCOeA1BcU3JgK42,Somethin Tells Me,2EMAnMvWE2eb56ToJVfCWs,Bryson Tiller,54,True,194266,0.74,0.608,-5.868,0.178,0.0381,0.0,0.108,0.438,90.118,0
4kAIdBQEmb1M9ryd9tNSCD,Kennzeichen B-TK,"4WZGDpNwrC0vNQyl9QzF7d,08ao8gzTHBtNf5Laf9jjwR","Capital Bra,King Khalil",54,True,160400,0.686,0.618,-5.236,0.22,0.0482,0.0,0.123,0.284,95.873,1
5gc6e6b4ZLAxhLeVtgWe9c,Bye Bye,"1QivQCLVipV61DiQiyV14A,7yjRUA0Iz3VI4Kqa5oPJZK","Kim Loaiza,Jd Pantoja",54,False,184000,0.805,0.595,-6.86,0.0759,0.24,0.0,0.0722,0.685,150.062,1
16oi4OiKmkO51l60F5R9kR,LIGHTSKIN SH*T (feat. Future & jetsonmade),"4r63FhuTkUYltbVAg5TQnk,1RyvyyTE3xzB2ZywiAwp0i,0UcXjTpzt0DmIwPSNwlJfF","DaBaby,Future,jetsonmade",54,True,111173,0.932,0.578,-4.478,0.366,0.115,0.0,0.115,0.623,129.991,1
1Fraz3CzCuOULnToogIwWW,Bad News,0cGUm45nv7Z6M6qdXYQGTX,Kehlani,54,True,185883,0.426,0.408,-4.751,0.0441,0.121,0.0,0.159,0.0493,132.203,0
6I2jabBRzwhiYHsSTqnrRC,365 Tage,"6h1s4i4XKIYv4ErDelLDN0,4WZGDpNwrC0vNQyl9QzF7d","Samra,Capital Bra",54,False,251893,0.527,0.836,-4.848,0.463,0.434,0.0,0.128,0.496,87.417,1
4gnZPWL9c1ZunZuqc8Asbu,"Mountains (feat. Sia, Diplo, and Labrinth)","5WUlDfRSoLAfcVSX1WnrxN,5fMUXHkw8R8eOP2RNVYEZX,2feDdbD5araYcm6JhFHHw7,6IZ4ctovY9dl7bgHClAvKJ","Sia,Diplo,Labrinth,LSD",54,False,194733,0.625,0.6,-7.75,0.0291,0.374,0.0248,0.151,0.18,85.959,1
71XGMPKmWtVxO7bGcGZhbn,Ich liebe es,"4WZGDpNwrC0vNQyl9QzF7d,6XFQvBHGEr3mRfOHcqPXv8,3m785bWzNnoLuIJP88DUN1","Capital Bra,XATAR,SAMY",54,False,167506,0.549,0.735,-5.226,0.299,0.325,0.0,0.263,0.495,97.538,1
5YP6yKgGGsXKukqxXypVAf,F&N,1RyvyyTE3xzB2ZywiAwp0i,Future,54,True,189427,0.728,0.628,-4.766,0.191,0.01,6.53e-05,0.0735,0.393,160.94,0
1Y8V7yhFFrFjzBQtOH4ap7,28 Liter,1qQLhymHXFPtP5U8KNKsm6,Apache 207,54,False,173226,0.81,0.552,-6.854,0.0504,0.0785,0.000442,0.099,0.269,109.989,0
54ucfuN596MU25jQD3KjCL,Sober II (Melodrama),163tK9Wjr9P9DmM0AVK7lm,Lorde,54,True,178639,0.524,0.312,-11.627,0.0444,0.166,4.79e-06,0.073,0.101,112.948,0
25qfFpoGhk9Njgu5nl36sS,Fall In Line (feat. Demi Lovato),"1l7ZsJRRS8wlW3WfJfPfNS,6S2OmqARrzebs0tKUEyXyp","Christina Aguilera,Demi Lovato",54,False,248544,0.39,0.631,-4.701,0.0769,0.209,0.0,0.277,0.197,123.042,1
6PfI6EeLNiNGVAVg11nv7D,Speed It Up,2hlmm7s2ICUX0LVIhVFlZQ,Gunna,54,True,179021,0.912,0.587,-7.395,0.0582,0.0394,0.01,0.111,0.435,143.027,0
5nFX29WZIulql4m4ic0KRw,MAMMASTOMALE (feat. Salmo) - prod. Dade,"7Do8se3ZoaVqUt3woqqSrD,4upwdFMlZBmQ68jP9jPzjK,6289Bbkkk3gaCbh1K7Rv8F,3hBQ4zniNdQf1cqqo6hzuW","MACHETE,Gemitaiz,Izi,Salmo",54,True,154549,0.764,0.666,-6.995,0.0828,0.0404,5.84e-05,0.136,0.216,139.976,1
3hmrgEKcLEQi0rlk3mJfZ7,The Plan,02kJSzxNuaWGqwubyUba0Z,G-Eazy,54,True,250293,0.801,0.604,-7.828,0.423,0.00266,0.0,0.159,0.359,118.091,0
4NbHIhW0P5skMNvtOMPDUL,Mac 10,"6Xgp2XMz1fhVYe7i6yNAax,5f7VJjfbwm532GiveGC0ZK,06Qf6vq8AVIpE9XIw8LAsY","Trippie Redd,Lil Baby,Lil Duke",54,True,127843,0.787,0.619,-7.32,0.17,0.181,0.0,0.323,0.824,124.09,1
0oFqlgK2LJ9eMlpGBCmRvf,Fiebre (feat. Wisin & Yandel),"7slfeZO9LsJbWgpkIoXBUJ,3E6xrwgnVfYCrCs0ePERDz,0eHQ9o50hj6ZDNBt6Ys1sD","Ricky Martin,Wisin,Yandel",54,False,230013,0.748,0.849,-3.24,0.14,0.0728,0.0,0.351,0.621,93.994,1
5MYzajZVxBaPT2JUSRa99L,Wake Up Call (feat. Trippie Redd),"1nzgtKYFckznkcVMR3Gg4z,6Xgp2XMz1fhVYe7i6yNAax","KSI,Trippie Redd",54,True,175066,0.642,0.669,-5.774,0.0486,0.318,0.0,0.119,0.227,156.084,1
5vuiHi3QYbwcm1OKJOYnrf,Huncho Jack,"6extd4B6hl8VTmnlhpl2bY,0Y5tJX1MQlPlqiwlOH1tJY,0VRj0yCOv2FXJNP47XQnx5","Huncho Jack,Travis Scott,Quavo",54,True,199227,0.793,0.574,-3.509,0.0435,0.011,0.0,0.156,0.0601,136.982,1
0hCHNYL8ApQCGNwJrYN1FY,Bad Girls (feat. Gucci Mane),"7d3WFRME3vBY2cgoP38RDo,13y7CgLHjMVRMDqxdx0Xdo","Lil Skies,Gucci Mane",54,True,219663,0.771,0.761,-4.727,0.047,0.208,0.0,0.091,0.277,131.01,1
7bTH8LgGSwyNNE4r1k95Zp,Moon Rock,"6extd4B6hl8VTmnlhpl2bY,0Y5tJX1MQlPlqiwlOH1tJY,0VRj0yCOv2FXJNP47XQnx5","Huncho Jack,Travis Scott,Quavo",54,True,151183,0.72,0.717,-4.043,0.046,0.0092,0.0,0.147,0.198,142.926,1
6oX9RuILbVIglevEhbg8iM,KARMA,3ZuBEj9ppJe8GSdKaMTfMN,Nimo,54,False,255133,0.698,0.634,-6.121,0.0742,0.139,4.89e-06,0.338,0.528,159.992,0
1FUViuNSldssMIawrOXF2i,I Got You,64M6ah0SkkRsnPGtGiRAbb,Bebe Rexha,54,False,191811,0.609,0.887,-4.749,0.0507,0.0504,4.76e-06,0.09,0.316,97.99,0
7K8krdGeSIvwDGw1WUqJuK,Cara Italia,3egWSWp7Y4FyCKIyvXbw7L,Ghali,54,True,244324,0.78,0.709,-7.059,0.0836,0.538,0.000362,0.112,0.711,111.038,0
2n6red10oCd6YhlEUp6jXy,Used To Be,7gOdHgIoIKoe4i9Tta6qdD,Jonas Brothers,54,False,184986,0.71,0.517,-6.85,0.0448,0.172,0.0,0.0786,0.176,145.946,0
4z8sz6E4YyFuEkv5o7IJni,"Mary, Did You Know?",26AHtbjWKiwYzsoGoUZq53,Pentatonix,54,False,203373,0.497,0.312,-9.088,0.0269,0.302,0.0,0.0968,0.177,105.036,0
06Gyf2pFDVmN5K8XAawG96,No Cap,"1RyvyyTE3xzB2ZywiAwp0i,50co4Is1HCEo8bhOyUWKpn","Future,Young Thug",54,True,144142,0.8,0.523,-6.578,0.107,0.00108,0.0,0.352,0.379,147.057,1
73IE87H0g2MBmdn41lkVto,Paris Morton Music,3TVXtAsR1Inumwj472S9r4,Drake,54,True,251239,0.505,0.494,-8.635,0.315,0.414,7.98e-05,0.105,0.141,171.978,0
25yiHDniULzQL1BaFgV4Tq,Kuta ubud,3NH8t45zOTqzlZgBvZRjvB,PNL,54,True,304795,0.757,0.618,-8.037,0.172,0.378,0.0,0.106,0.316,101.031,0
34UHhwlly3SHryWuVfMOJm,Fuori E Dentro (feat. tha Supreme),"4upwdFMlZBmQ68jP9jPzjK,3MkkSf3u5KU52Mb2iMrqeX,19i93sA0D7yS9dYoVNBqAA","Gemitaiz,MadMan,tha Supreme",54,True,170000,0.919,0.582,-7.201,0.119,0.111,0.0,0.118,0.538,123.947,1
6l1Jnqfu7GAOV4MDgA2bNP,QUELLI CHE NON PENSANO - Il cervello (feat. Coez),"5AZuEF0feCXMkUCwQiQlW7,5dXlc7MnpaTeUIsHLVe3n4","Marracash,Coez",54,True,190186,0.623,0.684,-4.832,0.294,0.211,0.0,0.354,0.46,177.99,1
0Px86mRlxdB3YqpK6KXWlr,Once an Addict - Interlude,6l3HvQ5sa6mXTsMTB19rO5,J. Cole,54,True,197821,0.623,0.473,-8.336,0.461,0.626,0.0,0.119,0.138,84.066,0
3Z9vHQOOPvRtOnTPyXLkWD,Til The End of Time,6Xgp2XMz1fhVYe7i6yNAax,Trippie Redd,54,True,174433,0.747,0.596,-6.904,0.0292,0.182,1.11e-06,0.319,0.502,120.006,0
2pnPe4pJtq7689i5ydzvJJ,Run Rudolph Run - Single Version,293zczrfYafIItmnmM3coR,Chuck Berry,54,False,165733,0.681,0.715,-10.609,0.0912,0.812,9.43e-06,0.0777,0.957,152.132,0
5duCElafuovM4ZSmkQL4hn,"100 Bands (feat. Quavo, 21 Savage, YG & Meek Mill)","0YinUQ50QDB7ZxSCLyQ40k,0VRj0yCOv2FXJNP47XQnx5,0A0FS04o6zMoto8OKPsDwY,20sxb77xiYeusSH8cVdatc","Mustard,Quavo,YG,Meek Mill",54,True,179387,0.871,0.493,-6.775,0.338,0.0104,0.0,0.0917,0.157,93.016,1
1nal3Tf1OCV53KigMZXsZ7,None Of Your Concern,"5ZS223C6JyBfXasXxrRqOk,0c173mlxpT3dSFRgMO8XPh","Jhené Aiko,Big Sean",54,True,262213,0.422,0.546,-8.155,0.249,0.844,0.0,0.108,0.385,74.741,1
1AGjF8pckOxTGeb5zubyqH,Genick,2Im8m4STDBosjfmb5hmP80,Loredana,54,False,205234,0.921,0.58,-6.996,0.082,0.328,0.0,0.101,0.597,104.982,0
6aIAuKNU8JlVaTmoCYYN6U,Glad He's Gone,4NHQUGzhtTLFvgF5SZesLK,Tove Lo,54,True,196348,0.795,0.595,-8.073,0.0698,0.0823,0.0,0.128,0.502,91.025,0
5BfMJ6iytQnu1r7iiCYSXe,Intro,6LuN9FCkKOj5PcnpouEgny,Khalid,54,False,213253,0.213,0.414,-9.725,0.0339,0.308,0.0257,0.0912,0.0553,79.556,0
1aHKVxoYHAWvedbVUTP9SF,Susamam,"5LUxu287CsPM7jy3yS3l86,6tRmpYzDIjWoRHzbJO7Cpx,4jtv7mIerRdHNQOkFtKyDW,6I65kFgfXDWx56jwnip3TU,14obHIpcXd2SsTyR9VBsLL,63f9vjw52BL5c3f5TSlg72,7KNe21hAKV93GU7joDCs7e,7ouCgJkxRBIJljUiQVJK65,4DG2pTwQBor7a6wtoEABau,4TdvNk4wmn5DgBFiLDeCj0,6P5Tw2kwv3BAa3iONsQe9x,08zaslX1yBxta9zqc2yoWJ,2sjnyyL9NXijL3Fr2eLikf,5piE2MZ1wGpBjpDud8kTOS,3QKeYTHlgDrec7FDej6XiN,7xoGvuN5XfZ3T4dZoJvMCr,5YP7LI1ddSh4JFYe03h7ue,0JnDkp29FlLpGwsnub400t","Şanışer,Fuat,Ados,Hayki,Server Uraz,Beta Berk Bayındır,Tahribad-ı İsyan,Sokrat St,Ozbi,Deniz Tekin,Sehabe,Yeis Sensura,Aspova,Defkhan,Aga B,Mirac,Mert Şenel,Kamufle",54,True,851870,0.64,0.681,-7.962,0.152,0.408,0.0,0.0925,0.298,129.805,1
2aPnpV1hT7l3eP10uSGK6c,Mademoiselle,23TFHmajVfBtlRx5MXqgoz,Sfera Ebbasta,54,True,189344,0.794,0.702,-5.656,0.0346,0.0671,0.0,0.155,0.535,121.938,0
4XCQtUoRSh22Ep18ULmDnT,La fórmula (feat. Chris Jedi),"3EiLUeyEcA6fbRPSHkG5kb,4VMYDCV2IEDYJArk749S6m,1i8SpTcr7yvPOmcqrbnVXY,0qTZZWLzuD59Un5r1speHm","De La Ghetto,Daddy Yankee,Ozuna,Chris Jedi",54,False,232240,0.701,0.845,-2.738,0.0668,0.118,7.8e-06,0.311,0.756,172.028,1
5HEtuK03ygUzqca6yfgOYZ,Lettre à une femme,6Te49r3A6f5BiIgBRxH7FH,Ninho,54,True,157766,0.487,0.398,-9.901,0.0697,0.835,0.0,0.12,0.905,149.367,0
0BpYTh0O2ut5wvt0QtDGt4,Beauty In The Benz (feat. Snoop Dogg),"2jku7tDXc6XoB6MO2hFuqg,7hJcb9fa4alzcOq3EaNPoG","Tory Lanez,Snoop Dogg",54,True,237452,0.72,0.517,-9.191,0.369,0.199,0.0,0.164,0.445,119.952,1
3GX2hFAekmSduZzcS52OnR,iPHONE (with Nicki Minaj),"4r63FhuTkUYltbVAg5TQnk,0hCNtLu0JehylgoiP8L4Gh","DaBaby,Nicki Minaj",54,True,191920,0.733,0.574,-6.409,0.266,0.243,0.0,0.231,0.305,159.987,1
2nvUC76Xju4HuqIFXeiCyI,Sturmmaske auf (Intro),"6gto7HVNhu4ARE3P3g8Y5Y,2JwyRtuXf2l6sTnSnGVIa1","Kollegah,Farid Bang",54,True,231353,0.422,0.738,-4.955,0.393,0.105,0.0,0.109,0.367,92.17,1
666PdikRnUzdvjT9p5wWND,Tomorrow's Dust,5INjqkS1o8h1imAzPqGZBb,Tame Impala,54,False,326840,0.616,0.804,-5.568,0.0427,0.0124,0.0998,0.553,0.627,99.002,0
76iVOVsliCHlWqKuDnCfhE,Redemption (with Babes Wodumo),"3qBKjEOanahMxlRojwCzhI,3jfVtv9mWfW0c5b3Fx440e","Zacari,Babes Wodumo",54,True,222093,0.778,0.765,-7.175,0.128,0.139,0.0274,0.123,0.642,125.062,1
2SC14LGDbRWRlyLg9Wupa0,Faz Gostoso (feat. Anitta),"6tbjWDEIzxoDsBA1FuhfPW,7FNnA9vBm6EKceENgCGRMb","Madonna,Anitta",54,False,245706,0.777,0.695,-6.12,0.0894,0.288,0.0,0.0734,0.652,130.05,1
20Yz5dzjdTCVjXte9KrJbi,Get Ugly,5f7VJjfbwm532GiveGC0ZK,Lil Baby,54,True,155832,0.681,0.414,-6.944,0.223,0.177,0.0,0.178,0.0734,148.03,0
2VDTgXwf3F6kcpX4HI0BKy,"Heaven Can Wait (feat. Sia, Diplo, and Labrinth)","5WUlDfRSoLAfcVSX1WnrxN,5fMUXHkw8R8eOP2RNVYEZX,2feDdbD5araYcm6JhFHHw7,6IZ4ctovY9dl7bgHClAvKJ","Sia,Diplo,Labrinth,LSD",54,False,195746,0.585,0.525,-5.915,0.0817,0.034,2.6e-05,0.139,0.533,167.811,1
0Hgqglypzt6Qs5Duqskcqs,Heaven,6LuN9FCkKOj5PcnpouEgny,Khalid,54,False,213026,0.42,0.479,-8.881,0.0374,0.613,0.663,0.0679,0.11,116.989,0
6xwI9R3ZHT9nWtSYvffYQm,Vintage,18ISxWwWjV6rPLoVCXf1dz,RIN,54,True,167217,0.821,0.767,-4.934,0.275,0.105,0.00434,0.117,0.698,159.959,0
6fDC5DIa4bt6NbPZWR1yxM,Zombie,"6h1s4i4XKIYv4ErDelLDN0,4WZGDpNwrC0vNQyl9QzF7d","Samra,Capital Bra",54,False,176534,0.565,0.604,-5.764,0.13,0.218,0.0,0.104,0.323,109.085,1
7u90MSvVyEjL0c8icaE7jl,Contra,4xRYI6VqpkE3UwrDrAZL8L,Logic,54,True,217146,0.804,0.823,-5.837,0.0488,0.104,0.0,0.2,0.616,126.007,0
728zbo72kOoYdGR3AhNsyF,Say Something Loving,3iOvXCl6edW5Um0fXEBRXy,The xx,54,False,238373,0.627,0.721,-7.782,0.0304,0.296,6.41e-05,0.231,0.383,130.08,0
0IhTEIjFaRt3B2NQYf9azQ,Thing For You (With Martin Solveig),"1Cs0zKBU1kc0i8ypK3B9ai,1bj5GrcLom5gZFF5t949Xl","David Guetta,Martin Solveig",54,True,191398,0.774,0.723,-5.545,0.0496,0.0395,1.82e-05,0.1,0.769,121.057,1
42zePe03Iq8tvFcJAIKkp8,D.R.E.A.M. (feat. Ghostface Killah),"5YGY8feqx7naU7z4HrwZM6,6FD0unjzGQhX3b6eMccMJe","Miley Cyrus,Ghostface Killah",54,True,168346,0.688,0.637,-5.127,0.259,0.185,1.97e-05,0.0943,0.449,160.026,1
3EVzllf30zIBAtKb75bs1W,Forever (feat. Lil Wayne),"5f7VJjfbwm532GiveGC0ZK,55Aa2cqylxrFIXC767Z865","Lil Baby,Lil Wayne",54,True,201615,0.619,0.668,-2.115,0.271,0.0799,0.0,0.122,0.147,76.514,1
2gxqozTaq2NYylvS8jd57G,Into It,4nDoRrQiYLoBzwC5BhVJzF,Camila Cabello,54,False,175653,0.569,0.649,-8.175,0.482,0.451,0.0,0.128,0.441,108.77,0
2Q9TaUXNM4mNSCgJjbmsJe,Bebi Minha Bicicleta (Coração Falido) - Ao Vivo,487N2T9nIPEHrlTZLL3SQs,Zé Neto & Cristiano,54,False,181670,0.39,0.903,-3.846,0.409,0.445,0.0,0.911,0.47,195.62,0
2VUTPdW21gPVVTEmvdSwos,Ela,1Fg19vpUJpAAPFjnKaVYVW,Reynmen,54,False,185782,0.762,0.577,-6.768,0.0521,0.406,0.0,0.0936,0.533,130.08,0
1WAwILvz37MkmZfmGnEXfg,Alfred - Outro,7dGJo4pcD2V6oG8kP0tJRR,Eminem,54,True,39200,0.476,0.237,-14.514,0.0486,0.177,0.0,0.217,0.0387,106.972,0
1nO2NjuFkGaAWcMdJ1pNrp,Cocky (feat. London On Da Track),"13ubrt8QOOCPljQ2FL1Kca,13y7CgLHjMVRMDqxdx0Xdo,1URnnhqYAYcrqrcwql10ft,5Nf5yishRW9Ye174sJISkg","A$AP Rocky,Gucci Mane,21 Savage,London On Da Track",54,True,232413,0.797,0.633,-4.815,0.238,0.223,0.0,0.109,0.577,156.015,1
55ZcA6PazdlXjE1jO5GrzJ,Ashley,26VFTg2z8YR0cCuwLzESi2,Halsey,54,True,186187,0.663,0.531,-6.339,0.0827,0.137,0.0,0.146,0.366,125.014,0
7ygVaACDENw4PgLbN1awFE,Matrix,1qQLhymHXFPtP5U8KNKsm6,Apache 207,54,False,183793,0.789,0.509,-8.766,0.291,0.768,3.36e-06,0.272,0.418,114.957,0
35FjZytt5TukIgJD86UybL,I HATE EVERYBODY,26VFTg2z8YR0cCuwLzESi2,Halsey,54,False,171015,0.679,0.197,-7.078,0.0331,0.137,0.0,0.0887,0.559,79.504,0
4czcw3NVLY0of5hTD7OufN,Days in The East,3TVXtAsR1Inumwj472S9r4,Drake,54,True,353697,0.733,0.361,-11.129,0.135,0.348,0.000285,0.0942,0.0361,94.902,0
0Ie5uiv54KgCr7P4sYDTHl,Baby It's Cold Outside (duet with Michael Bublé),"73Np75Wv2tju61Eo9Zw4IR,1GxkXlMwML1oSg5eLPiAz3","Idina Menzel,Michael Bublé",53,False,166146,0.553,0.476,-8.869,0.0649,0.647,0.0,0.281,0.558,113.401,1
270aLuFCbX32hhBr8MQyPM,Love U Better (feat. Lil Wayne & The-Dream),"6FB9Zw1TSMrw3LIzIvlNGG,1WdM0BAEXN9RpUdPOzEZdx,7c0XG5cIJTrrAgEC3ULPiq,55Aa2cqylxrFIXC767Z865,1W3FSF1BLpY3hlVIgvenLz","Nathaniel Alford,Twice As Nice,Ty Dolla $ign,Lil Wayne,The-Dream",53,True,181880,0.645,0.541,-6.312,0.0385,0.0802,0.0,0.325,0.411,95.061,1
4spkZ6gRKh827yp6JI6TN1,SPARARE ALLA LUNA (feat. Coez),"3hBQ4zniNdQf1cqqo6hzuW,5dXlc7MnpaTeUIsHLVe3n4","Salmo,Coez",53,True,211666,0.732,0.681,-7.665,0.259,0.381,0.000177,0.111,0.151,85.041,1
4Nc1FDBI1NUiN48MjTiXEi,HO PAURA DI USCIRE,3hBQ4zniNdQf1cqqo6hzuW,Salmo,53,True,197746,0.631,0.883,-4.356,0.388,0.064,0.0,0.0872,0.585,120.079,0
2GGGm4MLQynB3I4E4ycIYC,Drink About,"5iNrZmtVMtYev5M9yoWpEq,6Paz0vXJJ9bCPf0fEm3qzg","Seeb,Dagny",53,True,182265,0.624,0.745,-2.936,0.0628,0.144,0.0,0.257,0.493,99.971,1
6yuArSnBrhykjkCxb8eXvl,No Te Vas,2ayNSoKPCRAfjp6hQ76hRu,Nacho,53,False,230813,0.749,0.872,-3.928,0.0534,0.0422,0.0,0.241,0.811,93.976,0
3clw56k8jqFaXnwdejV4Yo,Zooted (feat. French Montana & Farruko),"4obzFoKoKRHIphyHzJ35G3,6vXTefBL93Dj5IqAWq6OTv,329e4yvIujISKGKz1BZZbO","Becky G,French Montana,Farruko",53,False,217652,0.815,0.626,-5.139,0.103,0.267,1.31e-05,0.275,0.571,109.989,1
1OmmCrliFMIWzNke437KHE,GP4,4xRYI6VqpkE3UwrDrAZL8L,Logic,53,True,274060,0.809,0.684,-3.578,0.273,0.282,1.44e-06,0.241,0.857,85.009,0
4HfaOznGhHYWqPtpLYz2PB,Rocket Ship,1RyvyyTE3xzB2ZywiAwp0i,Future,53,True,116846,0.953,0.38,-4.941,0.261,0.00957,0.0,0.127,0.128,133.941,0
2ducmmobqydJmv8or1OKTo,I Get Lonely,3TVXtAsR1Inumwj472S9r4,Drake,53,False,253561,0.477,0.501,-9.178,0.0398,0.706,5.61e-06,0.0953,0.689,81.376,0
4L6QpiLxCLok9wZfFIdiqF,Open Mic\\Aquarius III,4xRYI6VqpkE3UwrDrAZL8L,Logic,53,True,303930,0.751,0.916,-3.917,0.256,0.169,0.0,0.366,0.745,89.876,0
3t8pnImpBpOwxdtYBpKvA9,The Motion,3TVXtAsR1Inumwj472S9r4,Drake,53,True,241000,0.676,0.717,-8.219,0.0874,0.29,0.000368,0.0974,0.558,157.628,0
1mfMAQJWZ9K4vKOahwkYQ3,Playlist,"5pVRwX5ZQR7hfJ18w8ZYkl,78wZzI7u1cOjXKuYzqZI6l","Ufo361,Sonus030",53,True,163335,0.778,0.671,-8.382,0.0959,0.118,0.00072,0.114,0.423,96.989,1
0KPiSFlz5OUCgw7nwvhYWe,"Only You (feat. WizKid, Offset & J Balvin)","0iEtIxbK0KxaSlF7G42ZOp,1vyhD5VmyZ7KMfW5gqLgo5,3tVQdUvClmAT7URs9V3rsp,4DdkRBBYG6Yk9Ka8tdJ9BW","Metro Boomin,J Balvin,WizKid,Offset",53,True,218626,0.732,0.69,-7.745,0.174,0.538,9.37e-05,0.191,0.636,117.157,1
4AQzk2yNWKs6sYhZi6NzVN,Me & You Together Song,3mIj9lX2MWuHmhNCA7LSCW,The 1975,53,True,209500,0.272,0.763,-5.861,0.0348,1.65e-06,0.00157,0.299,0.394,107.388,0
7mJ2RZgc9MDpiQBijvPYFX,Saint Laurent Mask,"6extd4B6hl8VTmnlhpl2bY,0Y5tJX1MQlPlqiwlOH1tJY,0VRj0yCOv2FXJNP47XQnx5","Huncho Jack,Travis Scott,Quavo",53,True,190436,0.767,0.59,-4.098,0.041,0.0432,0.0,0.169,0.0792,134.994,1
6TNK1SFt77MvTFoiTloiFQ,She Got Me - Bonus Track,5JbALDn35ZrLwVAle4xVqZ,Luca Hänni,53,False,180816,0.667,0.755,-5.893,0.05,0.0533,1.15e-05,0.0795,0.472,97.063,0
6a1hzBiTkgqTsDA0Xgfh9z,Santa Claus Is Coming To Town,2iE18Oxc8YSumAU232n4rW,The Jackson 5,53,False,144013,0.682,0.577,-11.309,0.0352,0.271,0.000786,0.0796,0.943,147.331,0
4WOXQYfq3fYVRMcaXuHBAD,BODY PARTS - I denti,5AZuEF0feCXMkUCwQiQlW7,Marracash,53,True,156714,0.695,0.749,-5.978,0.172,0.185,0.0,0.178,0.383,105.893,0
3MxbRHE1u74SoMNR9iURIZ,Jogo do Amor,3shPgAzHMyRwWOkXeoWKeB,MC Bruninho,53,False,144039,0.758,0.52,-6.405,0.0866,0.212,0.0,0.071,0.857,154.06,0
2umL0eO9N7iNxDay6i2rVi,STAR WARS - prod. Young Miles - Crookers x Nic Sarno,"7Do8se3ZoaVqUt3woqqSrD,7u710e44HW3K7A5eTnRqHC,1El4YQA8oCXX7ynFSxRTFq","MACHETE,Fabri Fibra,Massimo Pericolo",53,True,208621,0.789,0.767,-4.54,0.119,0.146,0.0,0.0854,0.58,129.961,1
1Qi2wh8fFgDV7tl4Sj3f2K,Have Yourself A Merry Little Christmas,2wY79sveU1sp5g7SokKOiI,Sam Smith,53,False,170964,0.438,0.178,-9.402,0.0414,0.957,0.0,0.316,0.344,75.248,0
4hQ6o8ECY5MyHyodnyOHEw,U Deserve It,"6Xgp2XMz1fhVYe7i6yNAax,5am174Lmun3hIziU9H2p7H,2kuTXO1yl1horIqmc9JQnI","Trippie Redd,Chris King,Quan'ta",53,True,244601,0.817,0.509,-7.287,0.0316,0.547,4.28e-06,0.0758,0.551,110.014,1
0pDaqgIForVNO4jrtTxcWT,Agora Vai Sentar,2Q4r4Epfaaho06ONTHx7OS,MC's Jhowzinho & Kadinho,53,False,228922,0.814,0.653,-0.02,0.0359,0.189,0.0,0.0876,0.706,130.099,0
12ZpiGAd2uPgJiofgoZMue,One Of My,1RyvyyTE3xzB2ZywiAwp0i,Future,53,True,142978,0.95,0.5,-8.18,0.399,0.103,3.77e-05,0.103,0.598,114.009,0
6AUuRg513AfT50d52O60fS,One Day At A Time,2wY79sveU1sp5g7SokKOiI,Sam Smith,53,False,209380,0.502,0.32,-7.95,0.0342,0.775,0.0,0.113,0.337,129.356,0
1R4xkZXQUQ8QJtAdwHkSgC,Mon Ami,6h1s4i4XKIYv4ErDelLDN0,Samra,53,True,138409,0.801,0.731,-3.723,0.383,0.188,0.0,0.111,0.537,105.666,0
78YdCUtMzJEPdWeFEtTnIO,Maison,3CJKkU0XuElRT1z8rEtIYg,Luciano,53,False,193880,0.926,0.446,-8.509,0.296,0.0113,1.22e-06,0.0692,0.62,142.977,0
4sQMalN597HdggTu196aL0,Say It,"6nxWCVXbOlEVRexSbLsTer,4NHQUGzhtTLFvgF5SZesLK","Flume,Tove Lo",53,True,262521,0.598,0.532,-6.833,0.0295,0.0668,3.22e-06,0.0617,0.261,74.963,1
6xqAP7kpdgCy8lERQHh29c,113,"58wXmynHaAWI5hwlPZP3qL,2UwqpfQtNuhBwviIC0f2ie","Booba,Damso",53,True,153840,0.734,0.844,-4.178,0.0585,0.18,0.0175,0.114,0.258,143.936,1
10vS4ZLi4XWlIsNXSQXgqh,JU$T (feat. Pharrell Williams & Zack de la Rocha),"4RnBFZRiMLRyZy0AzzTg2C,1jKpNUjiz4KXgaAZD5FI9S,2RdwBSPQiwcmiDo9kixcl8","Run The Jewels,Zack De La Rocha,Pharrell Williams",53,True,205160,0.68,0.501,-7.31,0.486,0.024,8.58e-05,0.162,0.392,132.416,1
5vnuJ8EopkP5dHukpOmT3L,What Would Meek Do?,"0ONHkAv9pCAFxb0zJwDNTy,5K4W6rqBFWDnAN6FQUkS6x","Pusha T,Kanye West",53,True,153266,0.678,0.636,-3.155,0.0782,0.0064,8.38e-06,0.177,0.0636,83.071,1
6zGPytJiZmFuyVq7RTNO9G,Get Me,"1uNFoZAHBGtllmzznpCI3s,0cGUm45nv7Z6M6qdXYQGTX","Justin Bieber,Kehlani",53,False,185418,0.824,0.503,-6.94,0.156,0.05,5.25e-05,0.107,0.784,109.397,1
7taXf5odg9xCAZERYfyOkS,Feliz Navidad,7K78lVZ8XzkjfRSI7570FF,José Feliciano,53,False,182360,0.485,0.857,-7.059,0.0442,0.534,0.0,0.347,0.963,148.749,0
7qqPnzVQILmJeldy9smPLj,Déconnecté,3NH8t45zOTqzlZgBvZRjvB,PNL,53,True,316948,0.493,0.606,-8.409,0.16,0.307,1.01e-05,0.113,0.233,104.887,0
2Ab1wPTEqulaCGoBak1gUo,Ao Vivo E A Cores,"2Z0lRIqr997lIUiPtrpKCr,7FNnA9vBm6EKceENgCGRMb","Matheus & Kauan,Anitta",53,False,180304,0.668,0.526,-6.174,0.0352,0.0131,0.0,0.147,0.42,135.032,1
0lLdorYw7lVrJydTINhWdI,It's Beginning to Look a Lot like Christmas,1GxkXlMwML1oSg5eLPiAz3,Michael Bublé,53,False,207199,0.339,0.214,-11.714,0.0375,0.908,7.47e-06,0.341,0.363,94.775,0
2WUVQQAsWvScEdBVilRYaR,The Lighthouse Keeper,2wY79sveU1sp5g7SokKOiI,Sam Smith,53,False,247493,0.394,0.17,-10.368,0.0451,0.889,0.0,0.105,0.315,130.721,0
5ZSIExfQuVv69tw5Qw3yDl,break da law,1URnnhqYAYcrqrcwql10ft,21 Savage,53,True,177747,0.904,0.575,-7.823,0.346,0.0493,0.0,0.256,0.359,141.037,0
6eR1N0EBHiDkGDzegX99d3,Sorry - Original Demo,6vWDO969PvNqNYHIOW5v0m,Beyoncé,53,True,204400,0.546,0.26,-12.573,0.125,0.942,5.09e-06,0.128,0.421,155.033,0
12PQ6KbFqC7xCsqDV8bmpb,Coachella - Woodstock In My Mind,00FQb4jTyendYWaN8pK0wa,Lana Del Rey,53,False,258397,0.535,0.658,-7.425,0.0998,0.189,4.11e-05,0.0683,0.413,129.835,0
1VuAamHM7P3VQQEXYGG3Uu,Joy To The World,7v4imS0moSyGdXyLgVTIV7,Nat King Cole,53,False,84986,0.553,0.337,-10.334,0.03,0.818,0.0,0.113,0.662,101.918,0
7CKR3FcBqSsGcgce0ECe1z,LLC,0hCNtLu0JehylgoiP8L4Gh,Nicki Minaj,53,True,221853,0.836,0.756,-5.441,0.124,0.0524,0.0291,0.0606,0.803,153.989,0
1wGYcpJZ59rePkNu4zHmLu,CALLDROPS (feat. Kodak Black),"13ubrt8QOOCPljQ2FL1Kca,46SHBwWsqBkxI7EeeBEQG7","A$AP Rocky,Kodak Black",53,True,162373,0.514,0.403,-11.101,0.128,0.897,0.051,0.136,0.463,127.818,1
35cOyocq8Gb6UcT0NWeTwn,Seasons (with Sjava & Reason),"4AA474G2hRfrHyGrfyDseO,4RfOLIFy2xEmlWzXEVmLJn,6XpXnnKHIhCOUbOLOJGe6o","Mozzy,Sjava,REASON",53,True,242293,0.629,0.554,-6.759,0.326,0.28,0.0,0.158,0.308,126.694,1
1tWpgH8rErSXPOkQKFCag9,Cuando Tú Quieras,1vyhD5VmyZ7KMfW5gqLgo5,J Balvin,53,False,205120,0.696,0.668,-5.063,0.199,0.361,0.0038,0.31,0.761,184.329,0
5f9JYuHSIHjp6rggue13RS,Mahogany,55Aa2cqylxrFIXC767Z865,Lil Wayne,53,True,177866,0.466,0.608,-4.8,0.45,0.0737,0.0,0.406,0.41,79.48,0
1N1ZpYUJc9fwrqk53FGgWv,Santa's Coming for Us,5WUlDfRSoLAfcVSX1WnrxN,Sia,53,False,205266,0.547,0.814,-6.191,0.12,0.0215,0.0,0.0475,0.724,92.986,0
3n3b5WNEohHP7Ou4ndBo6b,Pray,"2wY79sveU1sp5g7SokKOiI,4xRYI6VqpkE3UwrDrAZL8L","Sam Smith,Logic",53,True,221760,0.637,0.448,-7.968,0.0617,0.224,0.0,0.0887,0.224,87.919,1
1mfmCQWZhV30L4Aj8ytMLz,Conan x Xenia,"6ynopZPMBXcIGBI9M02Un5,0JBdTCGs111JKKYfLqOEBa","Haftbefehl,Shirin David",53,True,200773,0.781,0.755,-6.607,0.213,0.235,2.6e-05,0.295,0.52,147.972,1
63y2aL2dT6zzw8FOSLaNrp,This Is Halloween,164hs3x1Tsp3FgJWNHee1r,The Citizens of Halloween,53,False,196186,0.669,0.448,-15.442,0.0359,0.779,0.0,0.155,0.645,83.804,0
4NdXQlDTzxbOMkzJGWFtz3,Butterfly Doors,3wyVrVrFCkukjdVIdirGVY,Lil Pump,53,True,132923,0.925,0.397,-11.265,0.169,0.0889,5.12e-05,0.144,0.429,130.008,0
67xBtV07CC73eFw7z5oCvU,Do You Remember,"1anyVhU62p31KFi8MEzkbf,0YrtvWJMgSdVrk3SfNjTbx","Chance the Rapper,Death Cab for Cutie",53,False,236685,0.606,0.655,-6.328,0.402,0.139,0.0,0.103,0.696,159.824,1
6VLkgf5YmLixsabdqiCVGU,At Least For Now,1uNFoZAHBGtllmzznpCI3s,Justin Bieber,53,False,149653,0.375,0.304,-9.897,0.0325,0.683,0.0,0.196,0.295,83.832,0
49ATdDBSasXb6wsHdrB2xQ,No Candle No Light (feat. Nicki Minaj),"5ZsFI1h6hIdQRw2ti0hz81,0hCNtLu0JehylgoiP8L4Gh","ZAYN,Nicki Minaj",53,False,195026,0.612,0.742,-4.198,0.0519,0.0176,0.000102,0.101,0.431,122.052,1
39nTNk5MfyiiRupTwn1iyC,Take It Out On Me,1uNFoZAHBGtllmzznpCI3s,Justin Bieber,53,False,178013,0.772,0.616,-4.673,0.102,0.00337,2.36e-06,0.104,0.279,129.967,0
1OjmlSFuzYflWjSMTCyTJv,Like It's Christmas,7gOdHgIoIKoe4i9Tta6qdD,Jonas Brothers,53,False,200880,0.725,0.571,-6.007,0.102,0.0183,0.0,0.0519,0.61,146.035,0
4N6KSqFCkI0SMunnlMUJnF,Sour Diesel,5ZsFI1h6hIdQRw2ti0hz81,ZAYN,53,False,243946,0.671,0.808,-4.385,0.0423,0.00251,0.00686,0.0875,0.518,94.989,0
6rc0vqoHYtF1J79fsIo9ia,Nacht zu kurz,3CJKkU0XuElRT1z8rEtIYg,Luciano,53,False,245106,0.778,0.396,-10.556,0.343,0.0736,0.000134,0.0958,0.233,140.89,0
2b3JxLi8KAiOsD8ehnOxDZ,Vas A Quedarte,7eLcDZDYHXZCebtQmVFL25,Aitana,53,False,226213,0.395,0.508,-3.522,0.0326,0.795,3.63e-06,0.0627,0.168,89.859,0
79hJaqmVdohltPBNN6BULM,"Stayin' Alive - From ""Saturday Night Fever"" Soundtrack",1LZEQNv7sE11VDY3SdxQeN,Bee Gees,53,False,281666,0.708,0.567,-15.539,0.0355,0.07,0.00105,0.152,0.955,103.606,0
1jkEorRvoRQNo1WZfD1X5q,Hey Julie! (feat. Lil Yachty),"4qBgvVog0wzW75IQ48mU7v,6icQOAFXDZKsumw3YXyusw","KYLE,Lil Yachty",53,True,156442,0.801,0.505,-5.829,0.293,0.0446,9.52e-06,0.122,0.757,161.059,1
5Bj9llJ7xr70Ny2nWiSM6G,Celsius,3NH8t45zOTqzlZgBvZRjvB,PNL,53,True,242466,0.808,0.709,-7.298,0.0426,0.201,0.00376,0.0947,0.395,114.978,0
5xIODxqlpUnRVA9ewZUCug,Harami,6h1s4i4XKIYv4ErDelLDN0,Samra,53,True,182522,0.645,0.774,-4.839,0.344,0.236,0.0,0.128,0.635,86.692,0
3KnLHwhRhJGuQM822JVSoI,Morning Light (feat. Alicia Keys),"31TPClRtHm23RisEBtV3X7,3DiDSECUqqY1AuBP8qtaIa","Justin Timberlake,Alicia Keys",53,False,243040,0.62,0.497,-9.585,0.119,0.382,0.0482,0.193,0.55,155.908,1
6TwcRSQgztJFw8tQDrs35D,The Thrill Of It All,2wY79sveU1sp5g7SokKOiI,Sam Smith,53,False,208903,0.496,0.279,-9.18,0.052,0.81,6.82e-05,0.11,0.103,127.053,0
35J4wXQeRuHNOEArMy6FOe,Tic Tac Toe (feat. Kodak Black),"20sxb77xiYeusSH8cVdatc,46SHBwWsqBkxI7EeeBEQG7","Meek Mill,Kodak Black",53,True,185261,0.821,0.72,-4.606,0.222,0.00902,7.07e-06,0.158,0.285,150.039,1
02LZ1fGJE8fB56yTlCVMEV,Switch,"5yG7ZAZafVaAlMTeBybKAL,7FNnA9vBm6EKceENgCGRMb","Iggy Azalea,Anitta",53,True,189600,0.914,0.624,-6.112,0.0531,0.00348,0.00389,0.395,0.346,109.977,1
2M39v73rNJmAXUXIW0oagP,Der Bratan bleibt der gleiche,4WZGDpNwrC0vNQyl9QzF7d,Capital Bra,53,True,192147,0.612,0.704,-4.147,0.372,0.126,0.0,0.569,0.672,96.015,0
5rFGVn8fCFjnRwCebW0XbS,DROP (feat. A Boogie wit da Hoodie & London On Da Track),"4r63FhuTkUYltbVAg5TQnk,31W5EY0aAly4Qieq6OFu6I,5Nf5yishRW9Ye174sJISkg","DaBaby,A Boogie Wit da Hoodie,London On Da Track",53,True,149613,0.833,0.589,-6.384,0.231,0.121,0.0,0.299,0.536,96.455,1
0JYAsQJWIuaYUvZGF1qapT,RERUN (feat. Travis Scott),"0VRj0yCOv2FXJNP47XQnx5,0Y5tJX1MQlPlqiwlOH1tJY","Quavo,Travis Scott",53,True,236947,0.684,0.791,-4.435,0.309,0.0939,0.0,0.359,0.529,153.992,1
2TrhpvxwuF6hrboTdRXwnS,Allein sein,5pVRwX5ZQR7hfJ18w8ZYkl,Ufo361,53,True,147353,0.774,0.588,-8.529,0.225,0.0386,0.0,0.258,0.392,75.978,0
3irKogkH8P1B1nONmEcHgY,YSIV,4xRYI6VqpkE3UwrDrAZL8L,Logic,53,True,369240,0.769,0.777,-6.066,0.312,0.072,0.0,0.11,0.696,91.022,0
0LLsvPLHxlUk1x8r77H2b6,Things Change,2EMAnMvWE2eb56ToJVfCWs,Bryson Tiller,53,True,214731,0.758,0.613,-4.851,0.37,0.245,4.36e-05,0.111,0.491,145.756,0
1spZPzBLYeVTvd0iDWXgC2,Rooting For You,2wUjUUtkb5lvLKcGKsKqsR,Alessia Cara,53,False,176080,0.763,0.527,-6.779,0.123,0.0562,0.00384,0.0918,0.493,156.047,0
2NHSYwGkAvPHzCinY0KwXo,Shape of You - Stormzy Remix,"6eUKZXaKkcviH0Ku9w2n3V,2SrSdSvpminqmStGELCSNd","Ed Sheeran,Stormzy",53,False,231260,0.609,0.674,-3.007,0.202,0.595,0.0,0.203,0.789,127.656,1
2y3mrzWEWaAFqb2jf5fED8,Snitches & Rats (Interlude),"1URnnhqYAYcrqrcwql10ft,0iEtIxbK0KxaSlF7G42ZOp","21 Savage,Metro Boomin",53,True,57073,0.607,0.371,-14.255,0.894,0.742,0.000164,0.403,0.945,102.481,1
00mrTzjxIRuWJY01sRBJmO,Dark Side Of The Moon (feat. Nicki Minaj),"55Aa2cqylxrFIXC767Z865,0hCNtLu0JehylgoiP8L4Gh","Lil Wayne,Nicki Minaj",53,False,242972,0.603,0.457,-5.384,0.297,0.525,0.0,0.0905,0.458,73.724,1
4D4tA2ara3ihoOvjupr8cG,Sip,3CJKkU0XuElRT1z8rEtIYg,Luciano,53,False,189306,0.789,0.77,-4.631,0.272,0.032,0.0121,0.108,0.441,102.016,0
2kVIolfEUjIiYDEPZLTQHg,For Now,1KCSPY1glIKqW2TotWuXOR,P!nk,53,True,216253,0.561,0.409,-5.372,0.043,0.211,0.0,0.281,0.428,164.191,0
3MZ7TxuXNnwYXm2KZGap5g,South London Forever,1moxjboGR7GNWYIMWsRjgG,Florence + The Machine,53,True,262680,0.676,0.577,-7.82,0.0274,0.613,0.0013,0.195,0.49,107.0,0
3W4JFzOQdo5J2Wgt9DFg24,Warm It Up,"4xRYI6VqpkE3UwrDrAZL8L,1iBGuNBYRKnNdKxm0kKNM0","Logic,Young Sinatra",53,True,240093,0.827,0.643,-6.414,0.0899,0.257,0.0,0.094,0.433,95.965,1
2CJ6CRzuRQd46asE1ucuVD,Charger (feat. Grace Jones),"3AA28KZvwAUcZuOKwyblJQ,2f9ZiYA2ic1r1voObUimdd","Gorillaz,Grace Jones",53,False,214386,0.574,0.741,-4.815,0.044,0.112,0.00362,0.347,0.511,138.041,1
3ksNHUNCTP6Pan8rjFnmtw,Never Worn White,6jJ0s89eD6GaHleKKya26X,Katy Perry,53,False,225039,0.544,0.353,-7.275,0.0303,0.706,0.0,0.105,0.357,138.059,0
67fRHOlaYQQFG67D9DkdnW,"The Apprentice (feat. Rag'n'Bone Man, Zebra Katz & RAY BLK)","3AA28KZvwAUcZuOKwyblJQ,4f9iBmdUOhQWeP7dcAn1pf,5Tz4zMiRWqiQVAymWZz99a,0CkbPVBpOwwz9NPPglFKyq","Gorillaz,Rag'n'Bone Man,Zebra Katz,RAY BLK",53,True,234933,0.446,0.648,-6.773,0.3,0.182,1.13e-05,0.348,0.696,86.021,1
2i4iMzEPsJQoKQC89xKDC4,NIEMALS UNTER 1000,"1aS5tqEs9ci5P9KD9tZWa6,10XY9PZCJKzUFzZOdtlQLU","Bonez MC,LX",53,True,154693,0.817,0.704,-8.258,0.085,0.175,0.156,0.137,0.154,100.507,1
68uKHxQzoY6gd7YSKJf21J,Só Quer Vrau,"3a5ydeAaojKa3CHWe5PVWK,0tvACMjTDrW7HCo4F2wiIb","MC MM,DJ RD",53,False,160666,0.673,0.76,-6.847,0.186,0.111,0.00169,0.15,0.934,150.225,1
16QjPRt5HYK0dnLGmGRCvf,Deep End (Lil Baby & Gunna),5f7VJjfbwm532GiveGC0ZK,Lil Baby,53,True,174661,0.658,0.535,-8.197,0.515,0.257,0.0,0.0981,0.395,150.055,0
3Ht9qyE5RZZVkBSV8kcf6v,Immortal,"6Xgp2XMz1fhVYe7i6yNAax,0NbfKEOTQCcwd6o7wSDOHI","Trippie Redd,The Game",53,True,204048,0.612,0.629,-8.482,0.323,0.558,0.0,0.114,0.607,159.983,1
4JxvECbZ3Oes1eUrmhQNSH,Prominent,"1aS5tqEs9ci5P9KD9tZWa6,0Dvx6p8JDyzeOPGmaCIH1L","Bonez MC,RAF Camora",53,True,158554,0.671,0.557,-7.71,0.234,0.558,0.0,0.101,0.414,93.996,1
524euygKKFWurhvIdSrkg6,I Tuoi Particolari,3hN3iJMbbBmqBSAMx5veDa,Ultimo,53,False,219939,0.659,0.588,-5.682,0.063,0.632,0.0,0.124,0.297,135.884,0
6NVjujGb9fnl25fjzm5dTy,Freak (feat. Bonn),"1vCWHaC5f2uS3yhpwWbIA6,7Io0XduXk7aOHFHA7sLru2","Avicii,Bonn",53,True,179479,0.405,0.576,-6.245,0.171,0.225,8.08e-06,0.0822,0.695,91.204,1
1t67WYNfUxfOiwaz7SJ66b,One Point Perspective,7Ln80lUS6He07XvHI8qqHH,Arctic Monkeys,53,False,208640,0.714,0.585,-4.57,0.0419,0.057,0.00444,0.144,0.842,77.104,0
0b93tWwuoAC0nXe1CfR30I,Star Treatment,7Ln80lUS6He07XvHI8qqHH,Arctic Monkeys,53,False,354640,0.581,0.767,-5.026,0.0527,0.243,0.00131,0.141,0.673,120.07,0
4YXKVaWzHaVyDq2pVS5cgR,Proud,64KEffDW9EtZ1y2vBYgq8T,Marshmello,53,False,191000,0.521,0.716,-4.999,0.0364,0.0372,0.0,0.148,0.12,77.562,0
5KYhIFNTp4VQUqlsbLWTTu,Just How It Is,50co4Is1HCEo8bhOyUWKpn,Young Thug,53,True,207133,0.611,0.539,-10.617,0.411,0.0485,0.0,0.127,0.627,82.766,0
0zNHMc1cGKe4MO5rtGtKRh,Sup Mate (feat. Future),"50co4Is1HCEo8bhOyUWKpn,1RyvyyTE3xzB2ZywiAwp0i","Young Thug,Future",53,True,238026,0.874,0.552,-7.951,0.271,0.000786,0.286,0.144,0.521,147.043,1
3Q33RhbyoFul9LdKKjticI,Unfair,4IVAbR2w4JJNJDDRFP3E83,6LACK,53,True,136915,0.397,0.257,-11.134,0.0499,0.79,0.00235,0.12,0.0382,115.783,0
1wb7Mqon4o1ViLjaLV9f8U,Loaded Gun,4IVAbR2w4JJNJDDRFP3E83,6LACK,53,True,198441,0.646,0.549,-6.515,0.0704,0.1,2.06e-05,0.12,0.241,127.994,0
76PwajqH3ej4hnk9tgaJpp,Outstanding,2hlmm7s2ICUX0LVIhVFlZQ,Gunna,53,True,180780,0.829,0.73,-4.554,0.241,0.309,0.0,0.109,0.324,149.075,0
4IAVIBh9jbYN30DwpHFMD4,INTERNATIONAL GANGSTAS,"2JwyRtuXf2l6sTnSnGVIa1,5y9wg9qkGBl0n9v9RzaPKu,7gZfnEnfiaHzxARJ2LeXrf,2kXKa3aAFngGz2P4GjG5w2","Farid Bang,Capo,6ix9ine,SCH",53,True,286280,0.74,0.622,-6.297,0.203,0.0965,0.0,0.099,0.393,148.04,1
0wsfdPl7p3yKjQBmHQsaDn,Worry About Me (feat. blackbear),"0X2BH1fck6amBIoJhDVmmJ,2cFrymmkijnjDg9SS92EPM","Ellie Goulding,blackbear",53,True,179758,0.664,0.743,-7.114,0.206,0.115,0.0,0.34,0.534,161.885,1
064tgRK6FYBwikCdxaHFV1,Comeback,7gOdHgIoIKoe4i9Tta6qdD,Jonas Brothers,53,False,155680,0.55,0.553,-7.34,0.0403,0.0913,0.0,0.111,0.185,145.009,0
1GO9vCm5Cra5uWGSWQ5mGK,In the Dark,4nDoRrQiYLoBzwC5BhVJzF,Camila Cabello,53,False,219826,0.425,0.548,-6.762,0.114,0.21,0.0,0.115,0.282,175.756,0
68lOQPb5tX8U2cQRuas0L2,Used 2,55Aa2cqylxrFIXC767Z865,Lil Wayne,53,True,240199,0.677,0.665,-6.949,0.487,0.337,0.0,0.115,0.522,87.637,0
3s3VVLE1kB7Xk2AoJKlGmr,Overnight,4xRYI6VqpkE3UwrDrAZL8L,Logic,53,True,217560,0.861,0.745,-6.77,0.0608,0.00138,1.87e-05,0.141,0.889,150.002,0
1pJQAHpD51J7GYaFrrFO9S,Don't Say,"69GGBxA162lTqCwzJG5jLp,1oKdM70mJD8VvDOTKeS8t1","The Chainsmokers,Emily Warren",53,False,228480,0.567,0.464,-9.66,0.0302,0.0199,9.31e-06,0.269,0.309,99.806,1
24eP9hGnGR6RCQvllQVkCm,Don't Throw it Away,7gOdHgIoIKoe4i9Tta6qdD,Jonas Brothers,53,False,172560,0.731,0.858,-5.082,0.0981,0.0245,0.0,0.0852,0.732,102.02,0
76F54HHrw84yqAYqrAJkbr,Every Single Time,7gOdHgIoIKoe4i9Tta6qdD,Jonas Brothers,53,False,212093,0.756,0.685,-5.176,0.0446,0.135,0.0,0.123,0.91,151.988,0
01vR5Z7AHinp9D2wu2BNQS,UP IN SMOKE,18ISxWwWjV6rPLoVCXf1dz,RIN,53,False,174600,0.791,0.663,-5.655,0.153,0.235,2.13e-05,0.117,0.314,77.494,0
1mqmmL4IxVBXqsjg4Er1gT,QueLoQue,"738wLrAtLtCtFOLvQBXOXp,7rOlQwf8OuFLFQp4aydjBt,5fMUXHkw8R8eOP2RNVYEZX","Major Lazer,Paloma Mami,Diplo",53,False,165176,0.647,0.813,-5.086,0.138,0.0365,1.12e-06,0.0884,0.39,170.024,1
3yoDVeVWIPSuH1IolXKA0X,Amantes y Amigos,"4SsVbpTthjScTS7U2hmr1X,77ziqFxp5gaInVrF2lj4ht","Arcangel,Sech",53,True,182626,0.697,0.713,-4.09,0.153,0.367,0.0,0.101,0.476,171.844,1
2DnH4XlEkghUdE8ymdVom5,Open Letter,55Aa2cqylxrFIXC767Z865,Lil Wayne,53,True,269286,0.765,0.55,-6.299,0.357,0.0283,0.0,0.139,0.361,97.004,0
1j2l6jMz85PaXuDiF08Vcv,Bird Shit,6Xgp2XMz1fhVYe7i6yNAax,Trippie Redd,53,True,228960,0.78,0.566,-8.354,0.12,0.0493,0.0,0.18,0.476,159.965,0
32VC4phBq8CWC3rFSnjEHr,Take It Back,4xRYI6VqpkE3UwrDrAZL8L,Logic,53,True,400013,0.818,0.835,-4.575,0.282,0.0677,0.0,0.239,0.68,134.992,0
1KeNgwBOh7iey07BzO6LQ1,POUR L'ARGENT,2UwqpfQtNuhBwviIC0f2ie,Damso,53,True,138813,0.681,0.729,-7.262,0.0964,0.0795,0.168,0.105,0.617,127.937,0
2pfio0uHpT4USTPBNeTIWo,Berlin lebt wie nie zuvor,"4WZGDpNwrC0vNQyl9QzF7d,6h1s4i4XKIYv4ErDelLDN0","Capital Bra,Samra",53,False,151294,0.654,0.782,-2.88,0.244,0.198,0.0,0.347,0.635,179.701,1
5Ws6qds3QAQ5s4tN5P2zRA,Salam Alaikum (feat. 7ari & Steve Aoki),"23TFHmajVfBtlRx5MXqgoz,292jMVlKq180yzi8WRaVU6,77AiFEVeAVj2ORpC85QVJs","Sfera Ebbasta,7ari,Steve Aoki",53,True,149968,0.82,0.628,-5.8,0.0683,0.0402,0.0262,0.0935,0.495,110.002,1
0l8vhDaEztxLCQsFOAX64d,Pablo,"1fctva4kpRbg2k3v7kwRuS,23TFHmajVfBtlRx5MXqgoz","Rvssian,Sfera Ebbasta",53,False,165941,0.813,0.663,-7.84,0.0433,0.071,0.0,0.115,0.343,140.016,1
7sJwGtoWgkVRwzujlyT3cp,Sims - Miquela Remix,"5JZ7CnR6gTvEMKX4g70Amv,7licaqhcEBQUzz9FownRaJ","Lauv,Miquela",53,True,157370,0.529,0.398,-8.238,0.388,0.643,0.0,0.0637,0.567,99.714,1
5ixKkLQSriCQakDWbdW8qD,We Should (feat. Young Thug),"5f7VJjfbwm532GiveGC0ZK,50co4Is1HCEo8bhOyUWKpn","Lil Baby,Young Thug",53,True,176539,0.562,0.604,-7.498,0.197,0.326,0.0,0.416,0.562,83.355,1
2O1qYJTA2BI5ypFFqEZhh4,Early 20 Rager,4O15NlyKLIASxsJ0PrXPfz,Lil Uzi Vert,53,True,274880,0.651,0.68,-6.057,0.0647,0.0209,0.0,0.381,0.092,127.001,0
6sq5mqtS3jwJjvBHALknJH,Hair Down (feat. Kendrick Lamar),"3QTDHixorJelOLxoxcjqGx,2YZyLoL8N0Wb9xBt1NhZWg","SiR,Kendrick Lamar",53,True,217005,0.804,0.509,-10.833,0.132,0.208,0.00011,0.314,0.472,120.074,1
2hJWZvTw4QVBwC14ZNs1Ib,Flex Like Ouu,3wyVrVrFCkukjdVIdirGVY,Lil Pump,53,True,108213,0.858,0.435,-11.286,0.0661,0.189,0.0,0.0925,0.704,141.993,0
1P0BLHYuyZRr10yMct6qdE,INTRO,2UwqpfQtNuhBwviIC0f2ie,Damso,53,True,316440,0.557,0.715,-7.13,0.109,0.182,0.0149,0.204,0.448,139.992,0
29QQoKCiBil8wTBeP1GDBm,Dynamite - Acoustic Remix,3Nrfpe0tUJi4K4DXYWgMUX,BTS,53,False,197993,0.656,0.889,-5.136,0.203,0.0228,7.56e-06,0.366,0.575,113.943,0
0WoAkdHmgPmEXfiBox1flk,"GOSPEL (feat. Chance The Rapper, Gucci Mane & YK Osiris)","4r63FhuTkUYltbVAg5TQnk,1anyVhU62p31KFi8MEzkbf,13y7CgLHjMVRMDqxdx0Xdo,7meyrw7Or5DwteYxDJrkCM","DaBaby,Chance the Rapper,Gucci Mane,YK Osiris",53,True,214893,0.676,0.664,-4.435,0.343,0.0387,0.0,0.0475,0.838,161.867,1
4We7QlOUIwpt5w8y07Gd0M,TUTU,7gZfnEnfiaHzxARJ2LeXrf,6ix9ine,53,True,164000,0.833,0.778,-5.455,0.0575,0.0608,0.0,0.12,0.55,120.011,0
7vxGCUPJhe0fXfBkwVPFcP,REALLY (feat. Stunna 4 Vegas),"4r63FhuTkUYltbVAg5TQnk,44IvvHRk2XF243QLA2VOa8","DaBaby,Stunna 4 Vegas",53,True,139500,0.943,0.654,-5.175,0.274,0.0552,0.0,0.0893,0.608,100.091,1
7lnQCEtaDJeMZN75siSxLc,Fabergé,18ISxWwWjV6rPLoVCXf1dz,RIN,53,True,177093,0.721,0.647,-7.039,0.189,0.0513,0.0026,0.2,0.56,164.011,0
52UVKsw31NTOCTNPTpwbFJ,Eiskalt,"2Im8m4STDBosjfmb5hmP80,1pkDzgHvVqC17qYGKfLPpb","Loredana,Mozzik",53,False,151557,0.798,0.608,-6.001,0.14,0.0274,6.52e-05,0.106,0.677,180.014,1
6hcqxx32EL884qpJXDstsA,Meer,3CJKkU0XuElRT1z8rEtIYg,Luciano,53,True,177253,0.728,0.638,-6.41,0.252,0.24,0.000501,0.106,0.598,160.036,0
57nQyFocXZrKvWg5ZPYSoG,Malfunction,4O15NlyKLIASxsJ0PrXPfz,Lil Uzi Vert,53,True,199211,0.427,0.698,-6.06,0.247,0.34,0.0,0.0817,0.447,93.611,0
1ZeDWXJnkZOLOmbGEOPSMe,Want You Back,4Ui2kfOqGujY81UcPrb5KE,HAIM,53,False,232120,0.639,0.851,-3.954,0.0498,0.118,0.0,0.451,0.395,112.988,0
1kTofMVLsqgP3r77diCPI4,Désolé,"5wyWp867LWGjFmYZXVSFnZ,3ZuBEj9ppJe8GSdKaMTfMN","MERO,Nimo",52,True,196719,0.755,0.619,-6.83,0.263,0.273,0.0,0.158,0.574,90.0,1
31mqc7EKPsJf3pe6H5jEfC,ROCKABYE BABY,"2P5sC9cVZDToPxyomzF1UH,5IcR3N7QB1j6KBL8eImZ8m","Joey Bada$$,ScHoolboy Q",52,True,223553,0.553,0.877,-4.694,0.371,0.166,0.0,0.0481,0.557,166.242,1
4qE9yOgBNsARadpZTAb6RH,Litanie contre la Peur,2yEwvVSSSUkcLeSTNyHKh8,TOOL,52,False,134490,0.0729,0.0137,-22.812,0.047,0.979,0.956,0.0869,0.037,78.824,0
48C0O5CXfQdfjUCUhOs1YP,Legion Inoculant,2yEwvVSSSUkcLeSTNyHKh8,TOOL,52,False,189979,0.2,0.144,-19.048,0.0461,0.00225,0.942,0.221,0.0262,79.702,0
554Ip3S1rbeES9TNWXGoK1,ON OFF (feat. Maître Gims),"0JBdTCGs111JKKYfLqOEBa,0GOx72r5AAEKRGQFn3xqXK","Shirin David,GIMS",52,False,191608,0.639,0.437,-10.247,0.365,0.76,0.0,0.0676,0.72,105.15,1
7EgI0dCaQuHFe3OTj5EpWI,Open Safe,55Aa2cqylxrFIXC767Z865,Lil Wayne,52,True,223938,0.929,0.598,-5.373,0.156,0.00705,0.0,0.0549,0.501,96.012,0
34rzJNfTd5e9s3TICFMPD0,O Tannenbaum,4ytkhMSAnrDP8XzRNlw9FS,Vince Guaraldi Trio,52,False,309386,0.583,0.191,-15.938,0.0404,0.908,0.00824,0.126,0.342,123.303,0
7vBNFh3NIZTj6tB5s1IBjE,marjorie,06HL4z0CvFAxyc27GXpf02,Taylor Swift,52,False,257773,0.535,0.562,-11.615,0.0479,0.878,0.000132,0.114,0.294,96.103,0
0d2vY2TqqmWPuXUm1vcwa5,RONDO,"7gZfnEnfiaHzxARJ2LeXrf,2jku7tDXc6XoB6MO2hFuqg,50co4Is1HCEo8bhOyUWKpn","6ix9ine,Tory Lanez,Young Thug",52,True,138473,0.764,0.799,-4.815,0.165,0.0519,0.0,0.715,0.72,95.069,1
75zwAkyhjTb6CVX9gMJSU4,My Only Wish (This Year),26dSoYclwsYLMAKD3tpOr4,Britney Spears,52,False,255400,0.666,0.647,-10.578,0.0271,0.203,0.0,0.219,0.708,147.086,0
1Dk3CfJEtqvj7Xg2AWwfEn,Took His Time,55Aa2cqylxrFIXC767Z865,Lil Wayne,52,True,262399,0.753,0.703,-3.417,0.213,0.144,0.0,0.325,0.641,149.991,0
5Q2P43CJra0uRAogjHyJDK,"Baby, It's Cold Outside (feat. Meghan Trainor)","0qSX3s5pJnAlSsgsCne8Cz,6JL8zeS1NmiOftqZTRgdTz","Brett Eldredge,Meghan Trainor",52,False,173560,0.583,0.572,-4.776,0.0366,0.738,0.0,0.266,0.684,113.998,1
3HgA5R5alihocnOYE9ihpS,Hard Piano,"0ONHkAv9pCAFxb0zJwDNTy,1sBkRIssrMs1AbVkOJbc7a","Pusha T,Rick Ross",52,True,195733,0.582,0.778,-3.776,0.178,0.0347,0.0,0.21,0.205,82.193,1
1W6wxOOYyJyyok8fqYSZ3m,"Top Off (feat. JAY Z, Future & Beyoncé)","0QHgL1lAIqAw0HtD7YldmP,3nFkdlSjzX9mRTtwJOzDYB,1RyvyyTE3xzB2ZywiAwp0i,6vWDO969PvNqNYHIOW5v0m","DJ Khaled,JAY-Z,Future,Beyoncé",52,True,230712,0.573,0.591,-6.715,0.331,0.0107,0.0,0.455,0.232,86.721,1
0O7mJ0noFBLn8MMUJrFaF1,PROLLY HEARD,4r63FhuTkUYltbVAg5TQnk,DaBaby,52,True,143225,0.884,0.783,-2.388,0.294,0.0744,0.0,0.12,0.929,124.052,0
78CLZUWhsxIDwObCKOh1fh,Für Euch alle,"3c96G4d2lUOxhomM2mby5S,6h1s4i4XKIYv4ErDelLDN0,4WZGDpNwrC0vNQyl9QzF7d","Bushido,Samra,Capital Bra",52,True,258398,0.735,0.586,-6.455,0.499,0.062,2.39e-06,0.0873,0.359,159.908,1
5vsRm2aCBl5T2qdpvwtrf6,Sun In Our Eyes,"0bdfiayQAKewqEvaU6rXCv,5fMUXHkw8R8eOP2RNVYEZX","MØ,Diplo",52,False,217932,0.757,0.832,-3.318,0.0758,0.0384,0.00241,0.661,0.386,125.894,1
5t8djD6oZcfAyqF4cTQfFb,Real Rich (feat. Gucci Mane),"137W8MRPWKqSmrBGDBFSop,13y7CgLHjMVRMDqxdx0Xdo","Wiz Khalifa,Gucci Mane",52,True,124525,0.947,0.441,-9.311,0.135,0.0353,0.0,0.111,0.275,125.01,1
5goGDc74vVREyN8al8CkPh,Diplomatic Immunity,3TVXtAsR1Inumwj472S9r4,Drake,52,True,255866,0.655,0.839,-5.076,0.443,0.00534,0.0,0.308,0.55,74.867,0
0vmANNClszGQZ0FISySK61,I Saw Mommy Kissing Santa Claus,2iE18Oxc8YSumAU232n4rW,The Jackson 5,52,False,181266,0.571,0.585,-11.694,0.0548,0.301,1.91e-05,0.688,0.732,128.487,0
6Zisja44KqMZj4GM4UY6Yv,Balenciaga Challenge (feat. Offset),"4IVAbR2w4JJNJDDRFP3E83,4DdkRBBYG6Yk9Ka8tdJ9BW","6LACK,Offset",52,True,187216,0.744,0.394,-9.828,0.419,0.0895,6.66e-06,0.279,0.658,142.961,1
67dyMPOUsbZ9Yg06PnfAAh,Draco,1RyvyyTE3xzB2ZywiAwp0i,Future,52,True,225134,0.804,0.456,-7.44,0.0468,0.000668,0.0,0.31,0.165,130.014,0
6bMIExEulvwM2X6zsuiYwr,MiAMi (feat. Gunna),"2jku7tDXc6XoB6MO2hFuqg,2hlmm7s2ICUX0LVIhVFlZQ","Tory Lanez,Gunna",52,True,244469,0.674,0.862,-3.4,0.231,0.0189,0.0,0.113,0.357,160.073,1
6GK5du9ndZ7ZwMBrTRTGMH,Plastic,"1RyvyyTE3xzB2ZywiAwp0i,4O15NlyKLIASxsJ0PrXPfz","Future,Lil Uzi Vert",52,True,193858,0.773,0.505,-5.716,0.061,0.0485,0.0,0.158,0.142,160.031,1
6MR5IBSNfDmiwnrlQpVw4w,Club Paradise,3TVXtAsR1Inumwj472S9r4,Drake,52,True,283816,0.338,0.729,-6.419,0.102,0.758,3.24e-05,0.18,0.543,184.174,0
4bb94wZVF1cX66vQjNeJTX,A Sweeter Place (feat. Kid Cudi),"0C8ZW7ezQVs4URX5aX7Kqx,0fA0VVWsXO9YnASrzqfmYu","Selena Gomez,Kid Cudi",52,False,263305,0.583,0.777,-6.991,0.185,0.109,0.000509,0.108,0.31,190.054,1
29TUkNnrShE2xvCZcCb6Xa,Bogota,5wyWp867LWGjFmYZXVSFnZ,MERO,52,True,164035,0.856,0.675,-5.526,0.307,0.234,4.6e-06,0.0612,0.719,94.03,0
5kkxyqYSQrnHpfsmkjKi81,NEW ORLEANS,1Bl6wpkWCQ4KVgnASpvzzA,BROCKHAMPTON,52,True,243280,0.639,0.815,-4.962,0.252,0.232,0.0,0.299,0.4,159.903,0
39Bq9cOTO0H8M6P9iKLVdq,DrIP DrIp Drip (feat. Meek Mill),"2jku7tDXc6XoB6MO2hFuqg,20sxb77xiYeusSH8cVdatc","Tory Lanez,Meek Mill",52,True,230439,0.71,0.814,-4.575,0.0561,0.162,0.0,0.16,0.714,155.02,1
7hQ0ojbeqicGhw0wdUVeaN,We Got the Power (feat. Jehnny Beth),"3AA28KZvwAUcZuOKwyblJQ,2WOMBqEsllg2ICn7D2L8ta","Gorillaz,Jehnny Beth",52,False,139560,0.507,0.985,-2.392,0.153,0.228,3.31e-05,0.19,0.394,150.059,1
3DB14jHq2qNoByUN5W2gz1,Party Up The Street,"5YGY8feqx7naU7z4HrwZM6,1zNqQNIdeOUZHb8zbZRFMX,0NWbwDZY1VkRqFafuQm6wk","Miley Cyrus,Swae Lee,Mike WiLL Made-It",52,False,217253,0.745,0.615,-7.325,0.0709,0.407,0.00622,0.438,0.305,100.986,1
0pegcONe6MuDQRoPCtCBRf,THERE HE GO,4r63FhuTkUYltbVAg5TQnk,DaBaby,52,True,143295,0.836,0.747,-3.368,0.136,0.339,0.0,0.0739,0.758,84.435,0
1kaxyXcAi5ZHF3Q94QXsHK,Demon,55Aa2cqylxrFIXC767Z865,Lil Wayne,52,True,214313,0.754,0.615,-5.346,0.171,0.275,0.0,0.13,0.349,140.036,0
2Egoo3acImq7hV6TfYV90E,Everybody Dies,4xRYI6VqpkE3UwrDrAZL8L,Logic,52,True,250213,0.784,0.922,-3.92,0.152,0.141,3.48e-06,0.377,0.836,94.082,0
6KdmNK9MogmGcnO3wNZHhp,Hard to Love (feat. Jessie Reyez),"7CajNmpbOovFoOoasH2HaY,3KedxarmBCyFBevnqQHy3P,4A0TivfinfALCAMJqqjZIk","Calvin Harris,Jessie Reyez,Funk Wav",52,True,230586,0.753,0.785,-6.53,0.174,0.112,0.000191,0.0633,0.85,148.015,1
51ITVcACLrgOz44zlFVhk7,Gangang (feat. Lil Mosey),"23TFHmajVfBtlRx5MXqgoz,5zctI4wO9XSKS8XwcnqEHk","Sfera Ebbasta,Lil Mosey",52,True,171078,0.717,0.79,-6.441,0.0399,0.0223,0.0,0.0606,0.275,96.024,1
3yFmG1luaLjuHWI6BGmwxJ,GEH DEIN WEG (feat. Loredana),"5p7mWeX4RlvqBCxylfiXdE,3drqpTL4sQOckmAfF9i1wg,2Im8m4STDBosjfmb5hmP80","KC Rebell,Summer Cem,Loredana",52,False,184993,0.802,0.727,-5.48,0.121,0.0148,0.0,0.113,0.581,148.018,1
1U4W2b7SdGXjNuJ7K591Re,The Most,5YGY8feqx7naU7z4HrwZM6,Miley Cyrus,52,False,221720,0.344,0.615,-6.886,0.0327,0.455,0.00339,0.122,0.209,98.99,0
6ZEYvUSgON3J5Qe1RYi3Jo,Peace Of Mind (feat. Vargas & Lagola),"1vCWHaC5f2uS3yhpwWbIA6,2fVW2ix4ANKiofDZIsy1XR","Avicii,Vargas & Lagola",52,False,180000,0.461,0.624,-8.034,0.0298,0.11,6.97e-06,0.454,0.278,110.003,1
1XemHzgHvdNVkOEnUZzNRN,Gelosi,23TFHmajVfBtlRx5MXqgoz,Sfera Ebbasta,52,True,183526,0.734,0.596,-6.167,0.127,0.072,0.0,0.0774,0.378,148.94,0
2SDFznsHkeFXiPFwN0npVM,COMMANDO (feat. G-Eazy),"4xRYI6VqpkE3UwrDrAZL8L,02kJSzxNuaWGqwubyUba0Z","Logic,G-Eazy",52,True,211933,0.845,0.486,-6.473,0.313,0.135,0.0,0.104,0.142,77.028,1
1QLZKzC2pjP4ySf4ALrNhm,Christmas Without You,4npEfmQ6YuiwW1GpUmaq3F,Ava Max,52,False,169245,0.654,0.596,-4.68,0.0458,0.424,0.0,0.11,0.382,118.078,0
0I26eEAwEoii0wHuFqwhYO,sw1n6o - feat. Salmo,"19i93sA0D7yS9dYoVNBqAA,3hBQ4zniNdQf1cqqo6hzuW","tha Supreme,Salmo",52,True,184037,0.569,0.828,-5.554,0.0857,0.122,7.05e-06,0.785,0.786,169.982,1
0p0jvYdazuWBMC8QacxpUH,World Is Yours (Lil Baby & Gunna),2hlmm7s2ICUX0LVIhVFlZQ,Gunna,52,True,157198,0.834,0.557,-7.148,0.543,0.113,0.0,0.0694,0.575,109.867,0
0xdp7mJS34hDsLrO6TPCp3,FAIS ÇA BIEN,"2UwqpfQtNuhBwviIC0f2ie,6IflU2YrY5Cyw7YoBICosV","Damso,Fally Ipupa",52,True,202360,0.558,0.583,-9.317,0.204,0.021,4.57e-05,0.369,0.308,129.986,1
4XHP5B63UsW0GniEx7oMHu,Ja Mann!,"1aS5tqEs9ci5P9KD9tZWa6,0Dvx6p8JDyzeOPGmaCIH1L","Bonez MC,RAF Camora",52,True,188435,0.748,0.749,-7.645,0.364,0.432,0.000118,0.0971,0.386,101.95,1
7nY0TjOsD1BZehkZgLiOxO,Hey Hey Hey,6jJ0s89eD6GaHleKKya26X,Katy Perry,52,True,214960,0.657,0.71,-5.591,0.103,0.051,0.0,0.0511,0.427,134.073,0
6Cy4jkukjKnIqGYkU7xCeF,Kompanie,"1aS5tqEs9ci5P9KD9tZWa6,0Dvx6p8JDyzeOPGmaCIH1L,2HdP7fpDiLWAvElYGg75gd","Bonez MC,RAF Camora,Hanybal",52,True,159127,0.815,0.65,-7.031,0.189,0.171,1.97e-05,0.12,0.352,109.88,1
4KTU5aa5s547f1JF5DImhF,Man of the Woods,31TPClRtHm23RisEBtV3X7,Justin Timberlake,52,False,243986,0.624,0.452,-8.206,0.0681,0.315,1.02e-05,0.311,0.724,199.775,0
3IkACj2ZEsmDLzhQNBW2XH,Offended,7dGJo4pcD2V6oG8kP0tJRR,Eminem,52,True,320920,0.656,0.871,-4.604,0.366,0.573,0.0,0.846,0.75,140.322,0
2rozzUGTRWqhTa2NzJAl8I,Like Home (feat. Alicia Keys),"7dGJo4pcD2V6oG8kP0tJRR,3DiDSECUqqY1AuBP8qtaIa","Eminem,Alicia Keys",52,True,245466,0.778,0.783,-4.534,0.239,0.258,0.0,0.231,0.285,109.911,1
1uPPyvMOaaVLnVcwD1Sp0d,Macarena (feat. Offset),"23TFHmajVfBtlRx5MXqgoz,4DdkRBBYG6Yk9Ka8tdJ9BW","Sfera Ebbasta,Offset",52,True,158043,0.864,0.618,-5.54,0.0503,0.141,0.0,0.182,0.305,124.059,1
7ikkUWdCqtyEGgSPyVxePq,5 Hooks,4xRYI6VqpkE3UwrDrAZL8L,Logic,52,True,232921,0.552,0.861,-4.114,0.243,0.125,0.0,0.388,0.56,86.639,0
6WMf0Om41Z6HlMzXFuZ4F0,Everyday Life,4gzpq5DPGxSnKTe4SA8HAU,Coldplay,52,False,258533,0.512,0.452,-8.991,0.0292,0.775,0.0818,0.065,0.235,124.103,0
3MhNgzZwFtUF6jSr6pRSkW,Ain't A Thing (feat. Bonn),"1vCWHaC5f2uS3yhpwWbIA6,7Io0XduXk7aOHFHA7sLru2","Avicii,Bonn",52,True,183660,0.454,0.423,-7.286,0.0552,0.544,0.0,0.0538,0.245,170.162,1
5a1ofLoPiAn5xxf5UE6472,!,6Xgp2XMz1fhVYe7i6yNAax,Trippie Redd,52,True,135338,0.725,0.543,-6.311,0.0841,0.0296,0.0,0.177,0.693,119.961,0
3edzl4zvKFi0D3iuF6cs2f,PASS OUT (feat. 21 Savage),"0VRj0yCOv2FXJNP47XQnx5,1URnnhqYAYcrqrcwql10ft","Quavo,21 Savage",52,True,224903,0.917,0.786,-4.921,0.208,0.0403,0.0,0.195,0.441,143.038,1
0Vy7fWzknPBpNTwJkGc7Sm,High Life,"2j2rh3oQh4QEUnNTDKYSJD,1aS5tqEs9ci5P9KD9tZWa6,0Dvx6p8JDyzeOPGmaCIH1L,5eioJDe26lOqkAMbuhzZYs,0b62itBWBdLgiecXjXCqKC","187 Strassenbande,Bonez MC,RAF Camora,Gzuz,Maxwell",52,True,241424,0.65,0.815,-5.192,0.379,0.0426,0.0,0.327,0.452,95.464,1
3w9VRlKPvNxj40RdUGRweH,dorothea,06HL4z0CvFAxyc27GXpf02,Taylor Swift,52,False,225880,0.607,0.488,-8.329,0.0264,0.694,0.0,0.129,0.361,119.953,0
16wWFYS9S4hKBk2Ofj3Ss6,Attention (feat. Offset),"2IDLDx25HU1nQMKde4n61a,4DdkRBBYG6Yk9Ka8tdJ9BW","Rich Brian,Offset",52,True,170200,0.884,0.547,-7.492,0.387,0.0438,0.0,0.124,0.425,158.019,1
4fZxGiES1FKbNqJPrI4L3s,BoomTrap Protocol,4xRYI6VqpkE3UwrDrAZL8L,Logic,52,True,221360,0.747,0.532,-5.474,0.0394,0.0549,2.78e-06,0.121,0.347,77.032,0
0D5CXSUx8GOCHSY8KWgi9h,Yuck,4xRYI6VqpkE3UwrDrAZL8L,Logic,52,True,173693,0.619,0.798,-5.517,0.381,0.168,0.0,0.17,0.71,156.151,0
1skUhc3JS3jLCfugI3gm41,Kein Plan,"2Im8m4STDBosjfmb5hmP80,5wyWp867LWGjFmYZXVSFnZ","Loredana,MERO",52,False,155017,0.878,0.699,-5.035,0.0464,0.0689,0.00219,0.0753,0.78,102.01,1
7Cw97917dvg5xm6XMAA4Y2,Happy Birthday,23TFHmajVfBtlRx5MXqgoz,Sfera Ebbasta,52,False,170706,0.792,0.777,-4.402,0.0454,0.0455,5.34e-05,0.293,0.696,137.05,0
5ZcMWSpUeUPvO87FkSZbJB,The Return,4xRYI6VqpkE3UwrDrAZL8L,Logic,52,True,252053,0.801,0.958,-4.412,0.177,0.116,0.0,0.0833,0.652,90.012,0
1g3ErLqysBJ5EIGdYYMWFZ,All Day Long,"1anyVhU62p31KFi8MEzkbf,5y2Xq6xcjJb2jVM54GHK3t","Chance the Rapper,John Legend",52,False,208238,0.767,0.884,-3.674,0.161,0.028,0.0,0.103,0.717,123.01,1
1zmv0tPVWdbCuvBw90MYwO,I'm Ready For You,2EMAnMvWE2eb56ToJVfCWs,Bryson Tiller,52,True,174093,0.741,0.64,-6.452,0.405,0.228,8.55e-05,0.138,0.893,179.095,0
4FtGhkcEHma8WjuzFYSr2o,Plum,3WGpXCj9YhhfX11TToZcXP,Troye Sivan,52,False,185976,0.693,0.594,-7.323,0.0469,0.0123,6.25e-05,0.0764,0.565,96.973,0
3DnZfpfe8wLeJgzc00gKeW,On Me (feat. Cardi B),"20sxb77xiYeusSH8cVdatc,4kYSro6naA4h99UJvo89HB","Meek Mill,Cardi B",52,True,225007,0.864,0.666,-5.525,0.234,0.0482,0.0,0.134,0.538,132.12,1
4RgoqOBE34Q6zZj8K7RUAx,Go,"6extd4B6hl8VTmnlhpl2bY,0Y5tJX1MQlPlqiwlOH1tJY,0VRj0yCOv2FXJNP47XQnx5","Huncho Jack,Travis Scott,Quavo",52,True,156530,0.755,0.898,-0.777,0.042,0.32,4.93e-05,0.309,0.576,135.057,1
0bvHx0bCYwH6gj0f5WZV0R,6 AM,23TFHmajVfBtlRx5MXqgoz,Sfera Ebbasta,52,True,188782,0.745,0.661,-6.653,0.0332,0.168,0.0,0.106,0.807,137.048,0
2aOPvzjpMwikBgngKcxsA9,Introduction (instructions),15UsOTVnJzReFVN1VCnxy4,XXXTENTACION,52,False,117482,0.678,0.481,-20.18,0.92,0.868,0.0,0.431,0.0684,88.828,0
2MnJoNVtf0pw7HUn3I1Tih,Bad Business,1URnnhqYAYcrqrcwql10ft,21 Savage,52,True,162253,0.856,0.54,-9.729,0.373,0.000985,1.55e-05,0.0854,0.387,158.05,0
2SqLCiXVl3JQ3sQjCTJ9pr,Leave Me,1pPmIToKXyGdsCF6LmqLmI,Rich The Kid,52,True,182486,0.869,0.56,-7.59,0.137,0.0323,0.0,0.219,0.392,147.9,0
3W3FVHEDetkiRkkGKDmdir,Draft Day,3TVXtAsR1Inumwj472S9r4,Drake,52,True,266325,0.673,0.81,-3.793,0.36,0.0322,0.0,0.133,0.564,166.084,0
6k0DJqW2v2e4809Z1zN0YU,FDT,"0A0FS04o6zMoto8OKPsDwY,0EeQBlQJFiAfJeVN2vT9s0","YG,Nipsey Hussle",52,True,226640,0.8,0.51,-7.201,0.497,0.172,0.0,0.259,0.146,96.69,1
0JZUiKHoEDpsLvXfeqbZxV,MOTW,2hlmm7s2ICUX0LVIhVFlZQ,Gunna,52,True,152680,0.869,0.568,-7.631,0.104,0.0759,0.00344,0.101,0.394,111.994,0
0Pki3Th0SL5rJ5e6ShUbJJ,Por Favor - Spanglish Version,"1l8Fu6IkuTP0U5QetQJ5Xt,0TnOYISbd1XYRBk9myaseg","Fifth Harmony,Pitbull",52,False,198911,0.752,0.761,-4.63,0.0926,0.209,2.64e-06,0.0625,0.697,98.025,1
0SfG57HqtBNqKN9O27fo1s,Racks on Racks,3wyVrVrFCkukjdVIdirGVY,Lil Pump,52,True,129777,0.822,0.484,-7.166,0.0865,0.0311,6.22e-06,0.31,0.0934,150.061,0
29eSqQBrdva2tPLYMneFzP,No Debate (feat. Young Thug),"7rkW85dBwwrJtlHRDkJDAC,50co4Is1HCEo8bhOyUWKpn","NAV,Young Thug",52,True,128071,0.857,0.654,-6.303,0.326,0.00209,0.0,0.115,0.446,88.015,1
0SQ8yalm13UIJuebuZkQlH,Wild Wild West (feat. Gunna),"4DdkRBBYG6Yk9Ka8tdJ9BW,2hlmm7s2ICUX0LVIhVFlZQ","Offset,Gunna",52,True,236300,0.902,0.621,-5.315,0.199,0.0841,0.0,0.138,0.497,114.007,1
1unFtbwcAnSGgYPmp52vc0,Wit It,2hlmm7s2ICUX0LVIhVFlZQ,Gunna,52,True,139644,0.868,0.657,-5.318,0.0745,0.197,0.0,0.105,0.508,125.905,0
7IxGslFZA5QhgXbUsDmcjf,"Bad Girls, Good Vibes",5pVRwX5ZQR7hfJ18w8ZYkl,Ufo361,52,False,107446,0.826,0.368,-12.761,0.133,0.516,0.0248,0.0914,0.158,127.977,0
2XdgSB4TtzUHQYCMfSHbFI,High End (feat. Future & Young Thug),"7bXgB6jMjp9ATFy66eO08Z,1RyvyyTE3xzB2ZywiAwp0i,50co4Is1HCEo8bhOyUWKpn","Chris Brown,Future,Young Thug",52,True,202213,0.725,0.503,-5.646,0.209,0.0144,1.52e-06,0.124,0.0636,153.047,1
2hPLfPxvRUfXKNGD3VcJnT,So Much Better - Avicii Remix,"1vCWHaC5f2uS3yhpwWbIA6,5JYo7gm2dkyLLlWHjxS7Dy","Avicii,Sandro Cavazza",52,False,157152,0.792,0.668,-5.67,0.0742,0.24,0.371,0.142,0.242,109.956,1
5NsCv3I7o0f6vSQScG01f1,Pass auf wen du liebst,5pVRwX5ZQR7hfJ18w8ZYkl,Ufo361,52,False,209449,0.592,0.572,-8.974,0.185,0.146,0.000172,0.115,0.315,164.08,0
6A5qLjVbEC2vNlu17tsExI,Calmo - feat. tha Supreme,"2K5nCggbhSZ00YCYP5qkZS,19i93sA0D7yS9dYoVNBqAA","Shiva,tha Supreme",52,True,151807,0.579,0.824,-5.356,0.296,0.0722,0.0,0.259,0.477,165.854,1
7jKUnzzOGhAlPjr7LkIUlE,Momma I Hit A Lick (feat. Kendrick Lamar),"17lzZA2AlOHwCwFALHttmp,2YZyLoL8N0Wb9xBt1NhZWg","2 Chainz,Kendrick Lamar",52,True,173760,0.796,0.467,-6.293,0.34,0.202,3.32e-05,0.206,0.4,179.974,1
6ChpgWt7s2ksM1Y3l0D9sk,SAD SH*T,4r63FhuTkUYltbVAg5TQnk,DaBaby,52,True,217466,0.835,0.466,-8.949,0.391,0.195,0.0,0.372,0.562,124.885,0
3VFT90E0yYjdHSFoGv02us,Rich Rich,5pVRwX5ZQR7hfJ18w8ZYkl,Ufo361,52,True,204319,0.548,0.649,-4.796,0.29,0.0844,0.00044,0.13,0.222,141.853,0
19eeh4pgEGHdSTc26U1y89,CHAMPION,4r63FhuTkUYltbVAg5TQnk,DaBaby,52,False,132813,0.828,0.538,-6.067,0.341,0.071,0.0,0.116,0.56,145.071,0
7enaBBJnekyUCcXRuwGEH6,Posted With Demons,1RyvyyTE3xzB2ZywiAwp0i,Future,52,True,189341,0.931,0.574,-5.695,0.381,0.283,0.0,0.274,0.449,129.967,0
33B2QbtAj8mbDpwvGTOnBt,Dangerous,3iOvXCl6edW5Um0fXEBRXy,The xx,52,False,250000,0.774,0.709,-6.166,0.0465,0.00224,0.00224,0.21,0.565,119.982,0
3pq5dd3Hwg2uJ3d63v9YRx,One Call,2hlmm7s2ICUX0LVIhVFlZQ,Gunna,52,True,195736,0.861,0.481,-7.309,0.343,0.125,1.38e-05,0.0903,0.188,146.992,0
0m2orA1i5lLZUOt9XLwSd0,He Like That,1l8Fu6IkuTP0U5QetQJ5Xt,Fifth Harmony,52,False,217106,0.592,0.681,-5.597,0.141,0.362,0.0,0.142,0.491,147.016,0
3lyeSiAIdLoZUHhV8psOTI,Feed Me Dope,1RyvyyTE3xzB2ZywiAwp0i,Future,52,True,166693,0.853,0.688,-6.509,0.296,0.0118,0.0,0.151,0.565,150.012,0
4Qd0pa3JO76UEwhos9JmN0,"Life Is Good (feat. Drake, DaBaby & Lil Baby) - Remix","1RyvyyTE3xzB2ZywiAwp0i,3TVXtAsR1Inumwj472S9r4,4r63FhuTkUYltbVAg5TQnk,5f7VJjfbwm532GiveGC0ZK","Future,Drake,DaBaby,Lil Baby",52,True,314760,0.79,0.566,-8.33,0.437,0.106,0.0,0.119,0.586,142.016,1
1g1TeDflB6atAy7HKwrzXu,Learn To Let Go,6LqNN22kT3074XbTVUrhzX,Kesha,52,False,217546,0.515,0.847,-2.951,0.0391,0.00369,7.19e-05,0.293,0.645,168.105,0
2iz3EDFoPOjPRZs9wt5iNh,Thug Of Spades (feat. DaBaby),"7wlFDEWiM5OoIAt8RSli8b,4r63FhuTkUYltbVAg5TQnk","YoungBoy Never Broke Again,DaBaby",52,True,153652,0.599,0.74,-3.517,0.334,0.159,0.0,0.154,0.573,100.06,1
09KlDlkOYuC5x6hOaM7vaP,Angel,1l8Fu6IkuTP0U5QetQJ5Xt,Fifth Harmony,52,True,189440,0.738,0.525,-6.298,0.0371,0.00339,0.0,0.351,0.13,124.008,0
6Jf8Y84YSdqeJfEPDJFEZu,Too Late For Love,11LbPHLi2sCqOVjknt0jmW,John Lundvik,52,False,178133,0.401,0.746,-4.155,0.0734,0.197,0.0,0.0657,0.417,104.252,0
7g7aSJiEcQP8s3PTzqM4Fj,Was erlebt,"5eioJDe26lOqkAMbuhzZYs,1aS5tqEs9ci5P9KD9tZWa6","Gzuz,Bonez MC",52,True,218498,0.484,0.782,-5.674,0.298,0.0915,0.00236,0.116,0.307,95.401,1
3AFPGvRzeKeNJbIbLwcz4G,HIM,2wY79sveU1sp5g7SokKOiI,Sam Smith,52,False,190087,0.575,0.248,-11.115,0.0299,0.587,5.39e-05,0.24,0.328,85.05,0
4zb3kFL9fXrrfTwIY4CcDy,Flux,0X2BH1fck6amBIoJhDVmmJ,Ellie Goulding,52,False,229783,0.518,0.465,-5.903,0.0273,0.834,0.0,0.203,0.302,93.024,0
5KlPy74NOEAt8jC3FYURnQ,Urgency (feat. Syd),"4O15NlyKLIASxsJ0PrXPfz,3jk39CGeaaSO3FPKNx1RUx","Lil Uzi Vert,Syd",52,True,181161,0.619,0.784,-6.11,0.123,0.0326,2.85e-06,0.315,0.471,156.035,1
3R3rQ7FbTJdsi5She10YvI,Angst,"2Im8m4STDBosjfmb5hmP80,6lUWb46h9Y8H8cqpW3i0pc","Loredana,Rymez",52,True,176096,0.833,0.677,-5.537,0.239,0.0284,0.0,0.0502,0.558,100.073,1
54LGxQGf5LPXNGjtzDZ5IE,So Good (feat. Ty Dolla $ign),"1Xylc3o4UrD53lo9CvFvVg,7c0XG5cIJTrrAgEC3ULPiq","Zara Larsson,Ty Dolla $ign",52,False,166706,0.726,0.576,-7.341,0.146,0.085,0.0,0.0458,0.783,82.055,1
6nI74KsH94IN0J2vp5shdT,Bedtime Stories (feat. The Weeknd) - From SR3MM,"7iZtZyCzp3LItcw1wtPI3D,1zNqQNIdeOUZHb8zbZRFMX,7EEiVZvj6RCEtVX2F2pyxu,1Xyo4u8uXC1ZmMpatF05PJ","Rae Sremmurd,Swae Lee,Slim Jxmmi,The Weeknd",52,True,292727,0.803,0.64,-4.527,0.0279,0.0544,4.77e-05,0.342,0.038,131.986,1
0Goo25lbtpwor5vb0K2r21,Nowadays Pt. 2 (feat. Landon Cube),"7d3WFRME3vBY2cgoP38RDo,04ei5kNgmDuNAydFhhIHnD","Lil Skies,Landon Cube",52,True,221152,0.687,0.829,-3.607,0.0298,0.0836,0.0,0.0986,0.349,152.059,1
1zjSuvvLpPoJwnywiFIX7E,Celebration,4xRYI6VqpkE3UwrDrAZL8L,Logic,51,True,230435,0.44,0.968,-3.068,0.301,0.00534,0.0,0.757,0.503,179.827,0
6DibqiBTKMob2SjBwKqRfS,Happy When I'm Sad,7gOdHgIoIKoe4i9Tta6qdD,Jonas Brothers,51,False,158466,0.782,0.793,-7.054,0.0399,0.000199,0.000215,0.306,0.906,100.987,0
3LHYmz86DxGInsRp3wiiW5,Ganja Burn,0hCNtLu0JehylgoiP8L4Gh,Nicki Minaj,51,True,294186,0.755,0.902,-2.835,0.0631,0.161,0.00199,0.137,0.76,108.991,0
1gb6riq7CCP5clGpSD0XPH,Sorry,1RyvyyTE3xzB2ZywiAwp0i,Future,51,True,451529,0.87,0.531,-6.471,0.0992,0.428,0.0,0.0798,0.315,100.01,0
6fvqvUQr12qghH4N8gpAch,Believe (feat. Justin Timberlake),"31TPClRtHm23RisEBtV3X7,20sxb77xiYeusSH8cVdatc","Justin Timberlake,Meek Mill",51,False,211303,0.628,0.75,-5.219,0.14,0.142,0.0,0.0946,0.374,87.008,1
1vVNlXi8gf8tZ7OhnEs4VE,A Lie,"6vXTefBL93Dj5IqAWq6OTv,1Xyo4u8uXC1ZmMpatF05PJ,7f35VZGDpomj11PXdNn5D9","French Montana,The Weeknd,Max B",51,True,226790,0.516,0.792,-5.38,0.216,0.0235,0.0,0.404,0.524,121.189,1
6416zJN0FGPmh1Ph4BH2h3,KEIN SCHLAF,"3ZuBEj9ppJe8GSdKaMTfMN,3Mn6d673ieRza7uw6zY2Zv","Nimo,Hava",51,False,200493,0.606,0.715,-5.608,0.173,0.294,0.000133,0.124,0.393,174.049,1
4nDfc6F2uVcc6wdG7kBzWO,"Bom Bidi Bom - From ""Fifty Shades Darker (Original Motion Picture Soundtrack)""","4Rxn7Im3LGfyRkY2FlHhWi,0hCNtLu0JehylgoiP8L4Gh","Nick Jonas,Nicki Minaj",51,False,214760,0.468,0.515,-6.578,0.0665,0.145,0.0,0.132,0.187,86.21,1
4gqMQftUs22F8pOGVn5Acr,Reminding Me,"7blkMNJv8n9ceP9zlA4W2U,6G9bygHlCyPgNGxK2l3YdE","Shawn Hook,Vanessa Hudgens",51,False,209924,0.603,0.55,-4.862,0.0397,0.116,0.0,0.106,0.265,132.858,1
1BEo3epznRQuYhuQH8bZu9,Kafa Leyla,"0Mh0QuhaJ6WIW0qrJwzMmt,5wyWp867LWGjFmYZXVSFnZ","BRADO,MERO",51,True,154132,0.765,0.858,-4.823,0.317,0.325,0.0,0.0786,0.871,90.08,1
3wE9jU1zReHLMHLgAsWIYX,ST. PERCY,1Bl6wpkWCQ4KVgnASpvzzA,BROCKHAMPTON,51,True,210773,0.611,0.635,-7.016,0.31,0.367,0.00568,0.068,0.739,82.087,0
1I3ZAmPmbFV78oNKnibOiW,Jumpin on a Jet,1RyvyyTE3xzB2ZywiAwp0i,Future,51,True,137133,0.824,0.595,-6.346,0.091,0.0571,3.7e-06,0.0876,0.157,140.039,0
1wWRtPIKD7ZNvtsrzLyTev,All da Smoke,"1RyvyyTE3xzB2ZywiAwp0i,50co4Is1HCEo8bhOyUWKpn","Future,Young Thug",51,True,204960,0.893,0.583,-6.862,0.341,0.0265,1.33e-05,0.149,0.115,147.0,1
5xlS0QkVrSH7ssEbBgBzbM,Little Saint Nick - 1991 Remix,3oDbviiivRWhXwIE8hxkVV,The Beach Boys,51,False,118840,0.602,0.553,-9.336,0.0328,0.108,0.0,0.0512,0.971,130.594,0
5kXCVnfbxfq5nKjAVvj3no,Sexy Dirty Love,6S2OmqARrzebs0tKUEyXyp,Demi Lovato,51,False,213173,0.387,0.75,-4.431,0.303,0.000963,2.73e-05,0.0579,0.834,93.114,0
4pnIUqhf1AQMFrJPd4BbrT,Ballin Flossin,"1anyVhU62p31KFi8MEzkbf,7n2wHs1TKAczGzO7Dd2rGr","Chance the Rapper,Shawn Mendes",51,True,169549,0.926,0.498,-7.931,0.0899,0.0259,2.92e-06,0.492,0.766,125.008,1
0QBRshHeQLEThdj2TqxM9n,Slide Around,"1anyVhU62p31KFi8MEzkbf,3hcs9uc56yIGFCSy9leWe7,0hCNtLu0JehylgoiP8L4Gh","Chance the Rapper,Lil Durk,Nicki Minaj",51,True,270992,0.869,0.67,-5.505,0.215,0.0912,0.0,0.0955,0.49,162.999,1
0iqichhGnbEy9w6p4sytpW,Unbekannt,"4WoSAKuoaPxrbwp3Y1PvKb,6h1s4i4XKIYv4ErDelLDN0","Bozza,Samra",51,True,156327,0.583,0.687,-5.756,0.149,0.129,1.15e-05,0.241,0.16,94.642,1
7MhzmWFJYSEsL8wK7hufaC,PUSSY (feat. Lazza & Salmo),"4CuMwzDzEdlUJMEna38VQ0,0jdNdfi4vAuVi7a6cPDFBM,3hBQ4zniNdQf1cqqo6hzuW","Dark Polo Gang,Lazza,Salmo",51,True,161325,0.852,0.751,-3.738,0.28,0.252,1.05e-05,0.166,0.7,150.01,1
19HA9J80qZfIkAnp2g8N2S,Famous,1URnnhqYAYcrqrcwql10ft,21 Savage,51,True,234280,0.779,0.597,-9.652,0.434,0.723,4.47e-05,0.0508,0.646,173.986,0
3eVuglKxN2sjoIGHAsFAge,I Found You / Nilda’s Story (with Calvin Harris & Miguel),"5CiGnKThu5ctn9pBxv7DGa,7CajNmpbOovFoOoasH2HaY,360IAlyVv4PCEVjgyMZrxK","benny blanco,Calvin Harris,Miguel",51,False,191465,0.337,0.241,-9.849,0.0527,0.94,0.0112,0.131,0.181,81.916,1
2oPQVgCTYqA4FBknwAroWf,Saint Laurenttt,7rkW85dBwwrJtlHRDkJDAC,NAV,51,True,170536,0.843,0.529,-7.476,0.0515,0.317,1.48e-05,0.284,0.289,97.971,0
2AEtYwT9qg2eY6G9m8wOxW,My Business (feat. Future),"7rkW85dBwwrJtlHRDkJDAC,1RyvyyTE3xzB2ZywiAwp0i","NAV,Future",51,True,199104,0.853,0.881,-4.949,0.178,0.0809,0.0,0.141,0.922,139.979,1
6fI3tBVND8zUXZi9rr2Yps,Take One,46SHBwWsqBkxI7EeeBEQG7,Kodak Black,51,True,165517,0.657,0.613,-7.308,0.465,0.123,0.0,0.314,0.485,174.027,0
3qy7P1Vr6eGIwHP9DCUHwK,Jag trodde änglarna fanns,3LzHaN3Y3gT35BudaFqVyy,Kamferdrops,51,False,190462,0.642,0.893,-4.593,0.154,0.456,0.00168,0.206,0.593,109.974,0
01kOu8BA8yzAHx9LUidTi9,All For Me,"6Xgp2XMz1fhVYe7i6yNAax,21dooacK2WGBB5amYvKyfM","Trippie Redd,Smokepurpp",51,True,164780,0.445,0.737,-5.516,0.483,0.505,0.0,0.0797,0.642,74.374,1
675w3ACw5xZR3ODhUJlEVN,Sola,0tmwSHipWxN12fsoLcFU3B,Manuel Turizo,51,False,195044,0.704,0.706,-5.233,0.111,0.483,0.0,0.0965,0.856,92.965,0
33z5crv3IO5U2BOi8xod92,Something New (feat. Ty Dolla $ign),"137W8MRPWKqSmrBGDBFSop,7c0XG5cIJTrrAgEC3ULPiq","Wiz Khalifa,Ty Dolla $ign",51,True,200773,0.814,0.635,-6.609,0.0809,0.0935,0.0,0.0892,0.784,87.581,1
0EwS8XJQspgrj1zSUXhFkl,KANGA,"7gZfnEnfiaHzxARJ2LeXrf,5K4W6rqBFWDnAN6FQUkS6x","6ix9ine,Kanye West",51,True,132330,0.901,0.598,-6.934,0.17,0.0192,0.0,0.0791,0.355,117.9,1
0dIz1I7IwX5ardG47AHxCZ,Stain (feat. DaBaby),"31W5EY0aAly4Qieq6OFu6I,4r63FhuTkUYltbVAg5TQnk","A Boogie Wit da Hoodie,DaBaby",51,True,175128,0.816,0.754,-3.911,0.389,0.0117,0.0,0.129,0.604,159.073,1
5Tp5zlCgbwXLMa3pgYsNMl,Elevate & Motivate,"6Xgp2XMz1fhVYe7i6yNAax,7wlFDEWiM5OoIAt8RSli8b,5zLbjnuArhVlVklkT5GoQD","Trippie Redd,YoungBoy Never Broke Again,Nel-Denarro",51,True,221781,0.657,0.76,-3.446,0.0505,0.172,0.0,0.149,0.425,156.082,1
3drwaFqLSEjqzjNRbjap0R,Nummer 1,"4WZGDpNwrC0vNQyl9QzF7d,6h1s4i4XKIYv4ErDelLDN0","Capital Bra,Samra",51,True,155000,0.833,0.585,-6.252,0.223,0.542,7.01e-06,0.0632,0.663,96.016,1
3Z6O6zNyxqmqevwy5Dy4cs,Out Of Sight,4xRYI6VqpkE3UwrDrAZL8L,Logic,51,True,137946,0.737,0.918,-6.159,0.132,0.0611,2.9e-05,0.107,0.664,174.022,0
3djWN7th03XZtmF5s3C1Lv,J'OUVERT,1Bl6wpkWCQ4KVgnASpvzzA,BROCKHAMPTON,51,True,234320,0.719,0.703,-4.114,0.253,0.0373,0.000138,0.361,0.501,83.984,0
7HCTUZPqclRvsiefXWwyFz,Nummer,"5pVRwX5ZQR7hfJ18w8ZYkl,0Dvx6p8JDyzeOPGmaCIH1L","Ufo361,RAF Camora",51,False,182213,0.688,0.638,-6.855,0.134,0.223,0.000202,0.101,0.291,193.851,1
1AGPmw3QJBNfOK6XioDhZp,Never Stop,1RyvyyTE3xzB2ZywiAwp0i,Future,51,True,291333,0.571,0.556,-5.857,0.223,0.0662,0.000149,0.137,0.0762,155.465,0
0ubdf6zWT1It2saK41SkO0,Problems,55Aa2cqylxrFIXC767Z865,Lil Wayne,51,True,208504,0.803,0.571,-6.937,0.296,0.0169,0.0,0.252,0.101,140.002,0
5s6pKnF3ZPtuqvEx1i1V7U,Hittas,55Aa2cqylxrFIXC767Z865,Lil Wayne,51,True,223617,0.789,0.765,-3.93,0.379,0.274,0.0,0.216,0.679,144.049,0
6OQea06z3cbOqYgG2O6eOZ,Killing Spree,"4xRYI6VqpkE3UwrDrAZL8L,59mjRp0i1B8oWSSMmGWJlJ","Logic,Ansel Elgort",51,True,206613,0.856,0.757,-5.782,0.145,0.029,0.0,0.105,0.191,124.069,1
39vly7Z4VLImfggnEDEUzf,I Would Die For You,5YGY8feqx7naU7z4HrwZM6,Miley Cyrus,51,False,173866,0.618,0.374,-7.524,0.0298,0.18,0.0,0.182,0.202,95.92,0
5KVciTEfXvpcFHR3RFbtJy,Wassup,"4xRYI6VqpkE3UwrDrAZL8L,0c173mlxpT3dSFRgMO8XPh","Logic,Big Sean",51,True,219480,0.777,0.57,-6.833,0.0472,0.0869,0.0,0.121,0.321,139.993,1
4EZUcj7c8n9pWIwHqN0DoH,Do You Hear What I Hear? - Remastered 2006,6ZjFtWeHP9XN7FeKSUe80S,Bing Crosby,51,False,165666,0.489,0.328,-10.892,0.0261,0.891,0.00038,0.307,0.405,100.83,0
1ahRPMw2Cpv1HfUNW8Ykw4,Pricey & Spicy,2jku7tDXc6XoB6MO2hFuqg,Tory Lanez,51,True,151628,0.506,0.665,-7.11,0.229,0.0662,0.0,0.146,0.144,149.872,0
4E3qImtJzRqLt8ZZyLceOE,Perfect Strangers,55Aa2cqylxrFIXC767Z865,Lil Wayne,51,True,249751,0.746,0.644,-2.605,0.232,0.4,0.0,0.095,0.542,146.187,0
5opjywL6TBjJRF22TcFDMo,Jetzt rufst du an,2Im8m4STDBosjfmb5hmP80,Loredana,51,False,151887,0.661,0.473,-7.285,0.136,0.338,0.0,0.11,0.402,128.48,0
0Rsfm3UqHkNzKsb6L0Yz3Y,Esagono (feat. Salmo),"4upwdFMlZBmQ68jP9jPzjK,3MkkSf3u5KU52Mb2iMrqeX,3hBQ4zniNdQf1cqqo6hzuW","Gemitaiz,MadMan,Salmo",51,True,186426,0.827,0.738,-6.403,0.207,0.0978,0.0,0.0257,0.718,137.956,1
1MpQyTgfVMpUOnwKMTSMzu,Keep Doing What You're Doing,2EMAnMvWE2eb56ToJVfCWs,Bryson Tiller,51,False,178088,0.363,0.359,-12.19,0.101,0.84,9.11e-05,0.353,0.142,74.526,0
0NmyHZZMfVBiUSOfDmz9Bf,La ragazza con il cuore di latta,5iot8OPcosJN9nCl7I5SdK,Irama,51,False,222101,0.612,0.687,-7.093,0.182,0.279,0.0,0.209,0.305,99.939,0
3uB8KqnEoQq5bTQ1JFHJ7Y,ROMEO & JULIET,"2Im8m4STDBosjfmb5hmP80,1pkDzgHvVqC17qYGKfLPpb","Loredana,Mozzik",51,False,198626,0.644,0.68,-3.863,0.24,0.172,4.06e-05,0.0435,0.683,125.465,1
1KKooKZBpTAPVFjGvStjsa,Trippin’,3CJKkU0XuElRT1z8rEtIYg,Luciano,51,False,190266,0.771,0.627,-7.185,0.161,0.397,0.00442,0.0883,0.679,141.815,0
5awaEIMiJboRO7ycF6UOot,Someone Said,1zNqQNIdeOUZHb8zbZRFMX,Swae Lee,51,True,223275,0.904,0.492,-9.657,0.155,0.00119,0.364,0.125,0.257,149.982,0
5UpXJ75CXod4PCoBQP6MAP,Intro,"1URnnhqYAYcrqrcwql10ft,0iEtIxbK0KxaSlF7G42ZOp","21 Savage,Metro Boomin",51,True,70044,0.427,0.473,-11.104,0.15,0.312,0.369,0.527,0.654,80.972,1
6zBdVVksaTQeAzwfszbovz,Lie to Me,6Kz7MXIUFMtp5Ts91lagtR,Mikolas Josef,51,True,171080,0.835,0.698,-6.52,0.111,0.00512,1.88e-06,0.382,0.664,105.997,0
2yoaXLItTfWNpdFFpdF3Ti,June,1moxjboGR7GNWYIMWsRjgG,Florence + The Machine,51,False,221973,0.363,0.362,-8.516,0.0339,0.28,2.03e-06,0.142,0.179,146.104,0
2OWKDTonST8HNko3dBlPPp,Lost In Your Light (feat. Miguel),"6M2wZ9GZgrQXHCFfjv46we,360IAlyVv4PCEVjgyMZrxK","Dua Lipa,Miguel",51,False,203769,0.646,0.772,-3.826,0.0564,0.000402,0.0,0.102,0.414,117.097,1
3QWjljChcOMkRDYSzF33Qr,Whippin (feat. Felix Snow),"4u5smJBskI6Adzv08PuiUP,1qskAseW7apRxJBpYAO9Yk","Kiiara,Felix Snow",51,True,160596,0.87,0.502,-7.497,0.0549,0.549,0.00356,0.0916,0.673,82.53,1
2Am26UXisQ91vBLYdqd7Pa,Underdog (Lil Baby & Gunna),"5f7VJjfbwm532GiveGC0ZK,2hlmm7s2ICUX0LVIhVFlZQ","Lil Baby,Gunna",51,True,211853,0.791,0.735,-4.764,0.16,0.0427,0.0,0.134,0.497,144.985,1
3SGWp9fJCzgK0WcpcKSQdy,Romantic - NOTD Remix,"3zrUX1hQrUB9aXcOiyQLmN,5jAMCwdNHWr7JThxtMuEyy","Stanaj,NOTD",51,False,184840,0.746,0.631,-7.968,0.231,0.218,0.0,0.222,0.342,104.047,1
6xMBPfgaEQKshwp7oYrtP4,Hood,"07SFzTMeYf5P8Rd32a9Zzw,5j21TGkrNEAJe3gG9VlS34","AK AUSSERKONTROLLE,Shindy",51,True,199644,0.874,0.435,-8.69,0.402,0.0265,0.0,0.143,0.609,122.061,1
3PhbzvTllkq1rkULafc6ns,The Ultracheese,7Ln80lUS6He07XvHI8qqHH,Arctic Monkeys,51,False,217720,0.476,0.555,-6.551,0.0404,0.624,3.98e-05,0.126,0.426,131.497,0
4QX5pZQpQTgVlkqfUTDim0,Silver Bells,49e4v89VmlDcFCMyDv9wQ9,Dean Martin,51,False,142560,0.29,0.259,-13.967,0.0306,0.9,0.0,0.308,0.606,97.173,0
1NF9EkR5OpMaoVWbsllcm9,Under Enemy Arms,6Xgp2XMz1fhVYe7i6yNAax,Trippie Redd,51,True,162461,0.751,0.776,-5.266,0.0357,0.223,0.0,0.0507,0.603,129.987,0
0EDSU9JYeKABA14OcOuM7b,Ya Salame,"3CJKkU0XuElRT1z8rEtIYg,6h1s4i4XKIYv4ErDelLDN0","Luciano,Samra",51,True,170200,0.714,0.817,-3.987,0.435,0.275,0.0,0.14,0.408,174.1,1
43hDboyy6vJ6z2Jx5sHnCF,Love Incredible (feat. Camila Cabello),"2LZDXcxJWgsJfKXZv9a5eG,4nDoRrQiYLoBzwC5BhVJzF","Cashmere Cat,Camila Cabello",51,False,179608,0.339,0.508,-8.859,0.162,0.0531,0.0,0.203,0.191,166.681,1
0QopfywHKJZH8bnt8Cj9qr,Make It Hot,"738wLrAtLtCtFOLvQBXOXp,7FNnA9vBm6EKceENgCGRMb,5fMUXHkw8R8eOP2RNVYEZX","Major Lazer,Anitta,Diplo",51,False,168397,0.753,0.765,-4.648,0.0403,0.00279,0.025,0.696,0.497,97.0,1
7yt6eiZQCkVFEzwGp4Pbor,Supastars,6oMuImdp5ZcFhWP0ESe6mG,Migos,51,True,293137,0.782,0.686,-4.383,0.0594,0.253,0.0,0.08,0.334,75.948,0
4IdAIZRVkwuQQnHpi529cn,No Longer Friends,2EMAnMvWE2eb56ToJVfCWs,Bryson Tiller,51,True,134746,0.651,0.663,-7.78,0.327,0.205,0.0,0.105,0.377,114.137,0
2xUHiyGeGrWmmfv7NbDTWC,Jodeci Freestyle (feat. J. Cole),"3TVXtAsR1Inumwj472S9r4,6l3HvQ5sa6mXTsMTB19rO5","Drake,J. Cole",51,True,254022,0.498,0.844,-2.834,0.268,0.0111,0.0,0.102,0.282,88.435,1
7B7O5jgFpWfc9orZw6FN4K,Spirit in the Sky,0chh7dlaUzEreDTulHiOlm,KEiiNO,51,False,185157,0.61,0.754,-6.469,0.0585,0.135,0.0,0.107,0.357,121.952,0
6NaVCCFGylOLZAgk5eTTid,Marni On Me,"1RyvyyTE3xzB2ZywiAwp0i,4O15NlyKLIASxsJ0PrXPfz","Future,Lil Uzi Vert",51,True,133170,0.759,0.52,-7.042,0.447,0.0187,0.0,0.313,0.116,123.189,1
0wUxh6XMc698xPCfgBaPRV,Dreamer,"60d24wfXkVzDSfLS6hyCjZ,4UffC3o3JiLSg7pa5DpQbp","Martin Garrix,Mike Yung",51,False,193399,0.532,0.639,-7.419,0.0388,0.0507,0.00131,0.106,0.198,105.0,1
4VyJtzcNhnV9gPEgjYzI8L,Berlin,"6h1s4i4XKIYv4ErDelLDN0,4WZGDpNwrC0vNQyl9QzF7d","Samra,Capital Bra",51,False,173695,0.69,0.672,-5.726,0.223,0.695,1.61e-05,0.224,0.549,169.859,1
2j9YmQRxtjuVwb4XN95oT8,OMG (with Carly Rae Jepsen),"2ZRQcIgzPCVaT9XKhXZIzh,6sFIWsNpZYqfjUpaCgueju","Gryffin,Carly Rae Jepsen",51,False,215737,0.552,0.623,-5.766,0.0532,0.0122,0.0123,0.106,0.616,177.973,1
033if6Adj8fwBYsQzHOfQ8,100k Cash,"4WZGDpNwrC0vNQyl9QzF7d,6h1s4i4XKIYv4ErDelLDN0","Capital Bra,Samra",51,False,173352,0.701,0.714,-5.906,0.524,0.289,0.0,0.0883,0.604,86.91,1
7sO0dVFCfixpLshm4daMH3,What The Price,6oMuImdp5ZcFhWP0ESe6mG,Migos,51,True,248506,0.786,0.625,-4.194,0.0542,0.293,0.0,0.15,0.216,123.983,0
6GeD5g9vZTz25Egf8kxoIY,Last Day Alive,"69GGBxA162lTqCwzJG5jLp,3b8QkneNDz4JHKKKlLgYZg","The Chainsmokers,Florida Georgia Line",51,False,214306,0.435,0.706,-8.197,0.0425,0.0571,4.15e-05,0.0903,0.24,144.913,1
3QSLoxRguKgK0knOG7EGyn,TALK ABOUT IT,4r63FhuTkUYltbVAg5TQnk,DaBaby,51,True,159093,0.951,0.638,-5.614,0.308,0.00206,0.0,0.113,0.439,123.948,0
1Spmq0UazGU6ovMIlGldZX,Dumb Blonde (feat. Nicki Minaj),"0p4nmQO2msCgU4IF37Wi3j,0hCNtLu0JehylgoiP8L4Gh","Avril Lavigne,Nicki Minaj",51,False,214651,0.727,0.852,-4.682,0.0803,0.166,0.0,0.122,0.922,110.017,1
3kXqUXnukwkpsxhW8emNC0,City Lights,3qMyym6ov558YgVuOOscEm,Blanche,51,False,174576,0.607,0.449,-8.785,0.027,0.234,7.31e-06,0.208,0.142,129.947,0
3UjSOJ00E1eLMcayBm827Q,Amar Pelos Dois,0GfYO21pue5u0sVEYk9HZO,Salvador Sobral,51,False,185080,0.215,0.0952,-17.769,0.0358,0.853,0.00426,0.261,0.16,172.692,0
61TklWcG8PbT5hvUTzwLaY,Drop (feat. Blac Youngsta & BlocBoy JB),"02kJSzxNuaWGqwubyUba0Z,41klVmDluQZmGGqoidNfbe,4TEJudQY2pXxVHPE3gD2EU","G-Eazy,Blac Youngsta,BlocBoy JB",51,True,210545,0.858,0.65,-4.919,0.241,0.0066,2.07e-06,0.121,0.653,147.031,1
57crda5Lx9OVaYCzb4Wrnd,CAN'T STOP,4r63FhuTkUYltbVAg5TQnk,DaBaby,51,True,168373,0.732,0.707,-5.849,0.304,0.0348,0.0,0.399,0.832,140.04,0
46pF1zFimM582ss1PrMy68,Christmas (Baby Please Come Home),391oLRVmoTkumiN79HkTWu,Darlene Love,51,False,166453,0.325,0.759,-7.146,0.053,0.395,0.000362,0.0773,0.36,126.627,0
2jey6aQoRNao7Ou9ftOXFC,she ready,"6icQOAFXDZKsumw3YXyusw,21WS9wngs9AqFckK7yYJPM","Lil Yachty,PnB Rock",51,True,185986,0.825,0.718,-3.482,0.0834,0.0572,0.0,0.104,0.689,145.03,1
78Q2gghkt8iLJ7J0Uc4QYb,Din Din Din (Participação especial de MC Pupio e MC Doguinha),"3CDoRporvSjdzTrm99a3gi,6GX3y0u61X0EHZZogsQFbL,0n9VWli2NkR8OqJS4dXTqw","LUDMILLA,Mc Doguinha,MC Pupio",51,False,184607,0.869,0.622,-5.841,0.23,0.214,0.0,0.0527,0.887,140.039,1
7r55d7IhAj5UGKiYbXBwRP,Prinzessa,4WZGDpNwrC0vNQyl9QzF7d,Capital Bra,51,True,178000,0.732,0.583,-6.766,0.125,0.519,1.97e-05,0.108,0.277,100.464,0
04CttTezSnv71USiiG9mIo,Lighthouse - Andrelli Remix,"3wjsrpfO6odEphTZWx45RQ,5M2y5A6d5QZjw9JeKClagC","Hearts & Colors,Andrelli",51,False,218446,0.595,0.662,-6.858,0.0362,0.0178,0.0,0.0804,0.417,96.053,1
5wihevBA7MO9PNYyWyTfkh,Brown Paper Bag,6oMuImdp5ZcFhWP0ESe6mG,Migos,51,True,211244,0.907,0.489,-5.79,0.158,0.0477,0.0,0.115,0.253,136.982,0
6SRnVRobwLtovI4JEWejDv,True Feeling,4sTQVOfp9vEMCemLw50sbu,Galantis,51,False,239520,0.588,0.708,-4.054,0.042,0.0775,0.000645,0.126,0.22,127.961,0
72OGJT4cL9BQjHTa8h28tz,Young And Menace,4UXqAaa6dQYAk18Lv7PEgX,Fall Out Boy,51,False,223946,0.645,0.83,-5.124,0.0549,0.0992,0.000655,0.128,0.34,108.058,0
55xNjVrGJxgqcEFqCyejTM,letter 2 my momma,1URnnhqYAYcrqrcwql10ft,21 Savage,51,True,194809,0.864,0.608,-10.567,0.275,0.0531,1.2e-05,0.078,0.963,80.225,0
29s4u1adFGLWtGehbR5xkq,Touch The Sky,1RyvyyTE3xzB2ZywiAwp0i,Future,51,True,144361,0.898,0.577,-7.785,0.238,0.0361,0.0,0.176,0.266,83.018,0
6tpHfEM8eaETzlPOARYWfZ,Drug Addicts,3wyVrVrFCkukjdVIdirGVY,Lil Pump,51,True,175774,0.933,0.488,-9.327,0.149,0.0106,0.00107,0.0958,0.21,142.064,0
5h8VHxOBK1VWWj46T8fSly,TELÉFONO,7eLcDZDYHXZCebtQmVFL25,Aitana,51,False,163293,0.691,0.829,-4.627,0.158,0.102,0.000177,0.0698,0.564,172.161,0
4OtHGdb0KqEbaWb6edUnR9,Cut You Off,0C8ZW7ezQVs4URX5aX7Kqx,Selena Gomez,51,True,182016,0.855,0.294,-8.676,0.286,0.3,9.22e-05,0.091,0.842,139.745,0
2gUn6S1SuuXK0BvypPKnir,NO WAY (feat. Nitro) - prod. Low Kidd,"7Do8se3ZoaVqUt3woqqSrD,1AgAVqo74e2q4FVvg0xpT7,19i93sA0D7yS9dYoVNBqAA,1TAoToVD5ZWFGxZE0Alzly","MACHETE,Tedua,tha Supreme,Nitro",51,True,218023,0.739,0.727,-7.072,0.329,0.0344,0.0,0.681,0.43,131.024,1
3B7FO3kJ5kv3mX7yiaB7sT,O Holy Night,4iHNK0tOyZPYnBU7nGAgpQ,Mariah Carey,51,False,266933,0.368,0.505,-7.208,0.0285,0.367,6.63e-06,0.154,0.192,173.977,0
5Ta1sXtO9tXOaUacYm7tH8,BiPolar (feat. Quavo),"13y7CgLHjMVRMDqxdx0Xdo,0VRj0yCOv2FXJNP47XQnx5","Gucci Mane,Quavo",51,True,214610,0.745,0.576,-6.688,0.132,0.144,0.0,0.154,0.16,157.083,1
4qOesAYiMiMFiZrn2wfkl6,Big Drip,"5pVRwX5ZQR7hfJ18w8ZYkl,1RyvyyTE3xzB2ZywiAwp0i","Ufo361,Future",51,True,173784,0.791,0.537,-6.763,0.31,0.0413,0.000284,0.129,0.433,158.915,1
3US6RbELvvrPw3DcvtJmis,Komm Komm,4WZGDpNwrC0vNQyl9QzF7d,Capital Bra,51,True,160666,0.485,0.793,-3.836,0.426,0.251,0.0,0.146,0.371,87.629,0
5i8AHhRU9tfp8c3drQetaa,Up the River,1RyvyyTE3xzB2ZywiAwp0i,Future,51,True,189501,0.79,0.569,-7.591,0.235,0.22,0.0,0.161,0.213,86.011,0
3rK43VNP0142Kbxt8nuAhD,Worst In Me,0ZED1XzwlLHW4ZaG4lOT6m,Julia Michaels,51,False,206720,0.678,0.627,-8.008,0.0613,0.0704,0.0,0.17,0.252,105.956,0
5v1STk4ZTTDrhgCs6LD3nd,HiTek Tek,1RyvyyTE3xzB2ZywiAwp0i,Future,51,True,182400,0.873,0.591,-7.332,0.293,0.00102,0.0,0.13,0.188,150.057,0
6RiMRVxOiEYd4QSu1cxrls,Far Gone (feat. Lil Baby),"2rhFzFmezpnW82MNqEKVry,5f7VJjfbwm532GiveGC0ZK","Ski Mask The Slump God,Lil Baby",51,True,236586,0.926,0.444,-9.024,0.254,0.206,0.0,0.124,0.389,140.085,1
2eLPefNqdtcTN1pCEqlrWr,Amazing Grace (My Chains Are Gone),26AHtbjWKiwYzsoGoUZq53,Pentatonix,51,False,265400,0.216,0.428,-7.742,0.0362,0.0432,0.0,0.102,0.168,128.298,0
6cPnE82DKBLd7sg02ZNg8K,"Splash Warning (feat. Future, Roddy Ricch and Young Thug)","20sxb77xiYeusSH8cVdatc,1RyvyyTE3xzB2ZywiAwp0i,757aE44tKEUQEqRuT6GnEB,50co4Is1HCEo8bhOyUWKpn","Meek Mill,Future,Roddy Ricch,Young Thug",51,True,168494,0.766,0.703,-5.877,0.163,0.00807,0.0,0.0618,0.331,163.06,1
2bOWJIYSbhwg2NMQq1QMYH,Forward (feat. James Blake),"6vWDO969PvNqNYHIOW5v0m,53KwLdlmrlCelAZMaLVZqU","Beyoncé,James Blake",51,False,79200,0.387,0.133,-15.633,0.0474,0.947,0.0591,0.107,0.0498,124.397,1
5GsJcnO3rgpZFOrzL2EISO,Flash Pose,"6tzRZ39aZlNqlUzQlkuhDV,25uiPmTg16RbhZWAqwLBy5","Pabllo Vittar,Charli XCX",50,False,152932,0.773,0.859,-4.516,0.216,0.0226,0.000251,0.342,0.432,124.017,1
6VN85VvNB8w1QbJCXW8rTC,No Llores Mujer,"2R21vXR83lH98kGeO99Y66,4exLIFE8sISLr28sqG1qNX","Anuel AA,Travis Barker",50,False,213949,0.693,0.558,-5.664,0.0366,0.169,0.0,0.0867,0.298,77.968,1
4ENLZqdPMDub5us6YLSAKa,Another Place,7EQ0qTo7fWT7DPxmxtSYEc,Bastille,50,False,211691,0.697,0.732,-6.454,0.0415,0.175,0.0,0.108,0.725,114.954,0
2lvOt6VAufWlstrqutilVb,Fire Starter,"6Xgp2XMz1fhVYe7i6yNAax,7JngWflkjFnNJSz07XLV2w","Trippie Redd,Emani 22",50,True,157500,0.51,0.707,-4.913,0.0675,0.0023,0.0,0.436,0.318,147.853,1
6gAySqc7QK27KEASxmc7Ag,Borsello (feat. Sfera Ebbasta & DrefGold),"7F2utINZ6tSokSiZTQBE27,23TFHmajVfBtlRx5MXqgoz,6jwzGu5VdkR5tsRROYuxso","Guè Pequeno,Sfera Ebbasta,DrefGold",50,False,202826,0.77,0.584,-7.453,0.226,0.36,0.0,0.208,0.625,154.028,1
25leEEaz1gIpp7o21Fqyjo,Here Comes Santa Claus (Right Down Santa Claus Lane) - 1947 Version,5ixB75BQR3ADoWQkcHQJTs,Gene Autry,50,False,150266,0.834,0.371,-11.99,0.0358,0.799,0.0,0.275,0.976,96.628,0
18t8ypY0HYaQuGBxg2KdT2,Free Spirit (feat. Rick Ross),"3TVXtAsR1Inumwj472S9r4,1sBkRIssrMs1AbVkOJbc7a","Drake,Rick Ross",50,True,252884,0.508,0.748,-4.997,0.33,0.281,0.0,0.168,0.225,100.414,1
28r8yfatcoOTY7ZjqhKaJM,Vendetta,0Dvx6p8JDyzeOPGmaCIH1L,RAF Camora,50,True,155677,0.84,0.871,-5.994,0.0369,0.0372,0.000888,0.123,0.668,123.086,0
2Ae5awwKvQpTBKQHr1TYCg,Dynamite (feat. Pretty Sister),"4PVn1b2WnnXdq80C7uaZLZ,4bvWFV51SAEocM22uiDOza","Nause,Pretty Sister",50,False,195428,0.811,0.801,-6.0,0.0802,0.0548,2.09e-05,0.0742,0.693,105.055,1
7gRPkCEa3YMaxET5ZYT7Ni,occh1 purpl3 - feat. Marracash,"19i93sA0D7yS9dYoVNBqAA,5AZuEF0feCXMkUCwQiQlW7","tha Supreme,Marracash",50,True,187821,0.66,0.809,-4.837,0.156,0.0921,0.0,0.16,0.547,133.922,1
1LnEy9O3sYTeO6KiPHKGHq,Birthday,"6nS5roXSAGhTGr34W6n7Et,0cGUm45nv7Z6M6qdXYQGTX,3jk39CGeaaSO3FPKNx1RUx","Disclosure,Kehlani,Syd",50,False,219520,0.692,0.728,-8.686,0.0822,0.0926,4.58e-06,0.125,0.668,136.205,1
7KPGeiXWDsGEvFK62wzU8E,Benzema,4WZGDpNwrC0vNQyl9QzF7d,Capital Bra,50,True,159151,0.783,0.692,-6.156,0.329,0.485,0.0,0.12,0.26,100.082,0
0ssVSd3juASNuehS9LWMFW,"Black Tux, White Collar",13ubrt8QOOCPljQ2FL1Kca,A$AP Rocky,50,True,162986,0.695,0.596,-7.685,0.247,0.478,0.0,0.133,0.265,75.997,0
3UDsmMZsEMsvM82OcdqJWu,Alleen,5p7mWeX4RlvqBCxylfiXdE,KC Rebell,50,False,160096,0.732,0.746,-6.229,0.275,0.123,0.0,0.097,0.927,159.881,0
6wqWfSOZvTK18SAczoYm1L,Start This Shit Off Right (feat. Ashanti & Mack Maine),"55Aa2cqylxrFIXC767Z865,5rkVyNGXEgeUqKkB5ccK83,18AOdS1Qw4XXnQSiPJQr1B","Lil Wayne,Ashanti,Mack Maine",50,True,280309,0.865,0.568,-5.112,0.24,0.0206,0.0,0.186,0.882,90.986,1
3uayvzcbqFydIbgUeC6EJh,closure,06HL4z0CvFAxyc27GXpf02,Taylor Swift,50,False,180653,0.686,0.705,-10.823,0.249,0.832,4.55e-06,0.134,0.919,151.868,0
6jT85s2dZ55HBqjXYi2rfI,Supplies,31TPClRtHm23RisEBtV3X7,Justin Timberlake,50,False,225600,0.793,0.554,-6.624,0.0451,0.00695,0.0,0.127,0.225,119.993,0
1Wolb8MRcXR2IMMaELTRpE,Envolvimento,6tdM5Njlln7nWkonCppW0u,MC Loma e As Gêmeas Lacração,50,False,146526,0.852,0.902,-4.669,0.159,0.447,0.0,0.0349,0.965,164.971,0
3DX4Y0egvc0slLcLl31h2p,Secrets,1Xyo4u8uXC1ZmMpatF05PJ,The Weeknd,50,False,265600,0.665,0.771,-5.779,0.0533,0.0155,9.6e-06,0.46,0.764,109.948,0
4AEVXHznFXkJEtFamkYwlr,Mo Bounce,5yG7ZAZafVaAlMTeBybKAL,Iggy Azalea,50,True,222426,0.877,0.763,-5.453,0.266,0.0118,0.0,0.109,0.717,105.965,0
6lFDB0BFDRV58qaQDX85jV,Liability (Reprise),163tK9Wjr9P9DmM0AVK7lm,Lorde,50,True,136019,0.552,0.277,-12.09,0.0635,0.904,0.0,0.107,0.26,77.759,0
7vWbERTWGCiu6fil02e9kj,Not 20 Anymore,64M6ah0SkkRsnPGtGiRAbb,Bebe Rexha,50,False,183983,0.659,0.553,-4.809,0.0286,0.43,5.1e-06,0.198,0.401,89.978,0
5LeStoyvjAHpM52IYogOq0,Eternal,"1anyVhU62p31KFi8MEzkbf,1ybINI1qPiFbwDXamRtwxD","Chance the Rapper,Smino",50,True,243915,0.793,0.524,-6.229,0.148,0.0622,0.0,0.0803,0.631,95.044,1
5MoU7TaAvgBa8W0XVwXAd7,Trust,7gOdHgIoIKoe4i9Tta6qdD,Jonas Brothers,50,False,180600,0.806,0.559,-6.329,0.0588,0.0248,1.63e-05,0.135,0.671,146.041,0
6ho88pvz4c8WCSFbdVXNia,a&t,1URnnhqYAYcrqrcwql10ft,21 Savage,50,True,211588,0.924,0.567,-5.009,0.0961,0.00169,0.0,0.0898,0.827,146.976,0
4ricyQVd20UQde1jpXCSuJ,Winter Wonderland,2lolQgalUvZDfp5vvVtTYV,Tony Bennett,50,False,133213,0.452,0.366,-14.152,0.0415,0.833,0.0,0.0789,0.629,114.993,0
1Wc1SQwiThvSu9dMc5opth,SaintLaurentYSL (feat. Lil Baby),"6icQOAFXDZKsumw3YXyusw,5f7VJjfbwm532GiveGC0ZK","Lil Yachty,Lil Baby",50,True,168438,0.886,0.303,-11.199,0.792,0.521,0.0,0.169,0.322,127.981,1
0uFForNKQPvgSCnxlZIhQy,Let Me Get Me,0C8ZW7ezQVs4URX5aX7Kqx,Selena Gomez,50,False,189145,0.826,0.571,-9.263,0.0426,0.249,1.66e-05,0.215,0.475,121.06,0
05CgKydlFJALNy4JTHeMgs,Framed,7dGJo4pcD2V6oG8kP0tJRR,Eminem,50,True,252960,0.744,0.821,-3.009,0.161,0.0113,0.0,0.259,0.762,145.982,0
7n7VsX3sv66znBwA8b5uhp,Here Comes Santa Claus (Right Down Santa Claus Lane),43ZHCT0cAZBISjO8DG9PnE,Elvis Presley,50,False,115826,0.575,0.236,-16.982,0.0422,0.968,0.0178,0.105,0.829,79.576,0
5jhF4d9nxIm1P58WQCCa5h,Roulette,6jJ0s89eD6GaHleKKya26X,Katy Perry,50,False,198680,0.64,0.627,-4.498,0.0319,0.0164,3.03e-05,0.118,0.427,112.036,0
7gPHxxAq4YjK7GoLT3Vch3,Lies (feat. Ty Dolla $ign & YG),"5IcR3N7QB1j6KBL8eImZ8m,7c0XG5cIJTrrAgEC3ULPiq,0A0FS04o6zMoto8OKPsDwY","ScHoolboy Q,Ty Dolla $ign,YG",50,True,171000,0.781,0.501,-5.854,0.3,0.0844,0.0,0.0891,0.22,93.987,1
3tZ4zv4UuenjJGSNUMfBNG,XanaX Damage,1RyvyyTE3xzB2ZywiAwp0i,Future,50,True,104013,0.551,0.609,-8.975,0.143,0.368,0.000154,0.192,0.324,139.084,0
5FYvEl2ThSP9THRBuB1qRB,Higher (feat. Nipsey Hussle & John Legend),"0QHgL1lAIqAw0HtD7YldmP,0EeQBlQJFiAfJeVN2vT9s0,5y2Xq6xcjJb2jVM54GHK3t","DJ Khaled,Nipsey Hussle,John Legend",50,True,176874,0.351,0.956,-1.996,0.245,0.0949,0.0,0.226,0.446,83.655,1
1yBbxDXEfr8boXM1ubvBHi,Ecstasy (feat. Machine Gun Kelly),"50co4Is1HCEo8bhOyUWKpn,6TIYQ3jFPwQSRmorSezPxX","Young Thug,Machine Gun Kelly",50,True,178240,0.826,0.691,-6.557,0.129,0.000541,0.0,0.157,0.603,162.966,1
2rYyq0b3XWwmWl0k727OVG,Nuh Ready Nuh Ready (feat. PARTYNEXTDOOR),"7CajNmpbOovFoOoasH2HaY,2HPaUgqeutzr3jx5a9WyDV","Calvin Harris,PARTYNEXTDOOR",50,True,184172,0.754,0.779,-3.288,0.0387,0.063,2.81e-05,0.0758,0.41,116.003,1
5oeKHrUHPT4lUKrDRVlWNp,She Gon Wink,3EW0kQ1skZiK1NHg3Spt9J,Takeoff,50,True,216214,0.753,0.736,-6.157,0.0865,0.102,0.0,0.189,0.272,140.994,0
7EN5yE1l414pRyz4AkCEYD,QN,"5p7mWeX4RlvqBCxylfiXdE,3drqpTL4sQOckmAfF9i1wg","KC Rebell,Summer Cem",50,True,146440,0.88,0.555,-6.623,0.255,0.0264,3.12e-06,0.67,0.415,117.944,1
6xVhqLT40s5sVhepe9Mckc,Weather the Storm (feat. Meek Mill & Lil Baby),"0QHgL1lAIqAw0HtD7YldmP,20sxb77xiYeusSH8cVdatc,5f7VJjfbwm532GiveGC0ZK","DJ Khaled,Meek Mill,Lil Baby",50,True,153337,0.515,0.802,-2.655,0.283,0.18,0.0,0.241,0.279,76.069,1
3C4FUqrrjuvWoHwsumWfIu,Cruise Ship,50co4Is1HCEo8bhOyUWKpn,Young Thug,50,True,166466,0.793,0.742,-6.185,0.21,0.0107,0.0,0.119,0.21,150.076,0
5q9stUg2W38X9PyzgIOdhH,Déjà Vu,6jJ0s89eD6GaHleKKya26X,Katy Perry,50,False,197840,0.638,0.619,-6.861,0.0667,0.372,0.00258,0.0924,0.171,120.049,0
0OVhQZkNe7lh0fQeH96EFW,Don't Get Too High,2EMAnMvWE2eb56ToJVfCWs,Bryson Tiller,50,True,209040,0.88,0.495,-3.476,0.0695,0.0148,1.47e-06,0.121,0.469,124.024,0
4F8V44j8cbjHnXjfW2HruU,BOSS,4fpTMHe34LC5t3h5ztK8qu,The Carters,50,True,244133,0.813,0.488,-7.737,0.257,0.187,0.000132,0.231,0.688,139.983,0
0jOfl1nZf6sVBTG08Q4brn,Call Casting,6oMuImdp5ZcFhWP0ESe6mG,Migos,50,True,232705,0.852,0.727,-4.851,0.267,0.0962,0.0,0.154,0.496,130.014,0
5xi2SXmF3A5AIsuGXiUIZu,Inside Out,4nDoRrQiYLoBzwC5BhVJzF,Camila Cabello,50,False,182560,0.737,0.697,-5.31,0.0895,0.43,0.000382,0.0821,0.655,94.101,0
7d5OMedGbW3CZwFfiNMGeI,Fliegst Du mit,0JBdTCGs111JKKYfLqOEBa,Shirin David,50,False,258836,0.836,0.44,-7.95,0.229,0.751,1.85e-06,0.0805,0.377,135.931,0
6s2wpWPFPAgKg2LXxi1Oee,"Santa Claus Is Comin' to Town - Live at C.W. Post College, Greenvale, NY - December 1975",3eqjTLE0HfPfh78zjh6TqT,Bruce Springsteen,50,False,267600,0.357,0.668,-8.444,0.0479,0.362,1.37e-06,0.727,0.407,139.986,0
40UroIGvsMPLPBYwH8rMNA,Steady 1234 (feat. Jasmine Thompson & Skizzy Mars),"0q4NrXqJnc367PieejuROJ,2TL8gYTNgD6nXkyuUdDrMg,00Z3UDoAQwzvGu13HoAM7J","Vice,Jasmine Thompson,Skizzy Mars",50,True,177094,0.779,0.671,-5.829,0.0814,0.153,1.12e-05,0.115,0.718,104.953,1
3NelcGZ46JmV9LqOD1pnxA,Faith (feat. Quavo),"7rkW85dBwwrJtlHRDkJDAC,0VRj0yCOv2FXJNP47XQnx5","NAV,Quavo",50,True,199973,0.527,0.61,-6.903,0.107,0.758,0.0,0.0882,0.549,157.1,1
2EPvkwP4Djr1s59GxAh8tO,Love I’m Given,0X2BH1fck6amBIoJhDVmmJ,Ellie Goulding,50,False,209240,0.517,0.805,-4.897,0.0867,0.152,0.0,0.0714,0.753,140.128,0
661bbtA19xopO3lH0J4Qvr,A Violent Noise,3iOvXCl6edW5Um0fXEBRXy,The xx,50,False,227466,0.549,0.423,-8.885,0.0373,0.745,0.172,0.127,0.144,119.345,0
1uoL9GX45dTnmrWQ7Ii1Ft,Not Afraid Anymore,26VFTg2z8YR0cCuwLzESi2,Halsey,50,False,226800,0.548,0.731,-6.997,0.0704,0.00308,4.02e-05,0.123,0.477,131.973,0
4iyH6JZBZjk3htdJdZ6r51,Ruin The Friendship,6S2OmqARrzebs0tKUEyXyp,Demi Lovato,50,True,233893,0.772,0.459,-6.816,0.335,0.138,3.89e-05,0.105,0.537,78.019,0
6C81GGUCNbEmR8gMIi0CpH,You Make It Feel Like Christmas (feat. Blake Shelton),"4yiQZ8tQPux8cPriYMWUFP,1UTPBmNbXNTittyMJrNkvw","Gwen Stefani,Blake Shelton",50,False,156773,0.515,0.876,-4.286,0.0603,0.0123,0.0,0.124,0.917,185.967,1
5H0NU2sHWUnWCcZyYlX46X,65th & Ingleside,1anyVhU62p31KFi8MEzkbf,Chance the Rapper,50,True,273600,0.792,0.555,-7.038,0.34,0.0394,6.39e-06,0.107,0.084,99.954,0
78pn8k7RogKo2oxl0DyX6d,One More Sleep,5lKZWd6HiSCLfnDGrq9RAm,Leona Lewis,50,False,239586,0.638,0.813,-3.849,0.0362,0.464,0.0,0.344,0.754,112.986,0
4hGZxsGcFnuCJXn25EWj5j,Need Me (feat. Pink),"7dGJo4pcD2V6oG8kP0tJRR,1KCSPY1glIKqW2TotWuXOR","Eminem,P!nk",50,True,265466,0.697,0.664,-7.148,0.0626,0.00501,0.0,0.304,0.566,104.979,1
5tlRHNdTy4la5CuTkbYeQE,come fa1,19i93sA0D7yS9dYoVNBqAA,tha Supreme,50,True,128774,0.649,0.562,-7.194,0.0465,0.147,5.77e-05,0.169,0.347,128.039,0
4eqne0oIdt9GW2ubiliny0,Have Yourself A Merry Little Christmas,0hItVPjwJLVZrFqOyIsxPf,Judy Garland,50,False,162333,0.273,0.161,-16.091,0.0357,0.961,0.000905,0.112,0.111,64.16,0
18LXrvm337xqvFxpaB9Puj,È sempre bello,5dXlc7MnpaTeUIsHLVe3n4,Coez,50,False,203872,0.692,0.63,-6.792,0.164,0.0732,0.0,0.0865,0.499,110.919,0
2Aq78kKI9yuloJQkcbhQbU,Time (feat. Ariana Grande),"73sIBHcqh3Z3NyqHKZ7FOL,66CXWjxzNUsdJxJ2JdwvnR","Childish Gambino,Ariana Grande",50,False,367293,0.621,0.538,-9.307,0.0401,0.0117,0.0189,0.583,0.311,85.977,1
4O4xuKdvJvl7HpFlYGwudS,Replica,3iOvXCl6edW5Um0fXEBRXy,The xx,50,False,249000,0.623,0.44,-10.934,0.0327,0.468,0.502,0.177,0.511,79.978,0
6Yocr5JJOjupv71R5uhye5,Roli Glitzer Glitzer,"4WZGDpNwrC0vNQyl9QzF7d,3CJKkU0XuElRT1z8rEtIYg,3GBBxBdoolb0B5YizZq9bF","Capital Bra,Luciano,Eno",50,False,251432,0.844,0.734,-4.931,0.272,0.015,0.0,0.369,0.537,154.965,1
28mrq1UKIVItTbPqyub52b,Close My Eyes,1URnnhqYAYcrqrcwql10ft,21 Savage,50,True,292266,0.921,0.472,-7.88,0.43,0.164,0.432,0.156,0.198,139.996,0
1onfcprzpSGh2LqrBh17AA,Lips,3iOvXCl6edW5Um0fXEBRXy,The xx,50,False,200626,0.523,0.591,-8.772,0.0543,0.494,0.511,0.0788,0.195,173.94,0
5gSed1Fd3tdse60Gc0Uuoe,Cold,2SrSdSvpminqmStGELCSNd,Stormzy,50,True,156960,0.732,0.974,-2.158,0.168,0.202,0.0,0.0853,0.717,137.905,0
41dykwc7XRMk44xgg8hykQ,Ferrari,64M6ah0SkkRsnPGtGiRAbb,Bebe Rexha,50,False,212543,0.577,0.48,-5.908,0.0297,0.0161,0.0,0.104,0.422,76.54,0
0SvxydoxEEkXt9aMAqTfpB,Wait (feat. A Boogie Wit da Hoodie),"04gDigrS5kc9YWfZHwBETP,31W5EY0aAly4Qieq6OFu6I","Maroon 5,A Boogie Wit da Hoodie",50,False,190476,0.707,0.608,-4.514,0.0548,0.0628,0.0,0.118,0.414,126.121,1
2PsZsnqSMXt4oKi0xHVvgF,BOOM!,"6icQOAFXDZKsumw3YXyusw,3Fdm9TFJQCLmC3AWMuGExi","Lil Yachty,Ugly God",50,True,229525,0.844,0.699,-5.794,0.335,0.191,0.0,0.194,0.753,132.955,1
31Zs71Yb7YoPlFx2p1uKRX,Lelele,"39KEQQAG9JhIt71g9NEVhh,2otUckChxWf2cp6UP2cD6e","Azet,Zuna",50,True,190341,0.821,0.689,-5.02,0.229,0.0543,0.000137,0.0974,0.493,125.474,1
1ff60tDWdcdVN6PtKQXWny,Naeem,4LEiUm1SRbFMgfqnQTwUbQ,Bon Iver,50,False,262266,0.37,0.408,-10.355,0.0441,0.804,0.0279,0.678,0.164,125.068,0
7aGpxzqEndzz82BfUiPOu8,NOTHING LESS,2HPaUgqeutzr3jx5a9WyDV,PARTYNEXTDOOR,50,False,208789,0.612,0.304,-9.77,0.0332,0.754,0.00752,0.108,0.308,119.879,0
3zxiTHxE4MxwuYf8aLQ9ax,Anyway (feat. 2 Chainz & Gucci Mane),"5f7VJjfbwm532GiveGC0ZK,17lzZA2AlOHwCwFALHttmp,13y7CgLHjMVRMDqxdx0Xdo","Lil Baby,2 Chainz,Gucci Mane",50,True,226647,0.874,0.552,-5.997,0.383,0.0555,0.0,0.279,0.231,140.098,1
5BibcbKVdZUuTttSG02JTp,MODUS,3MZsBdqDrRTJihTHQrO6Dq,Joji,50,False,207265,0.738,0.533,-7.617,0.0492,0.183,0.000252,0.115,0.262,132.008,0
3YxCKq3YPnTekAofhaHABZ,Jay Jay,5wyWp867LWGjFmYZXVSFnZ,MERO,50,True,137586,0.712,0.619,-8.287,0.269,0.594,0.0,0.12,0.579,82.101,0
2ycWek3FNNVHBhz2TcnOzZ,Wizard Of Oz,4xRYI6VqpkE3UwrDrAZL8L,Logic,50,True,144626,0.72,0.601,-6.931,0.0376,0.051,0.0,0.0753,0.0527,146.002,0
0oB9964bp22Bmok0Dmxlzb,Lay Your Head On Me,"738wLrAtLtCtFOLvQBXOXp,3bYcjbVAN3rAuU3TMzw2mB,5fMUXHkw8R8eOP2RNVYEZX","Major Lazer,Marcus Mumford,Diplo",50,False,199895,0.658,0.765,-7.002,0.0469,0.0471,1.02e-05,0.0936,0.222,119.974,1
3xcgXaHFeoCs0xTRJvqDGm,Cap (feat. Offset),"1nzgtKYFckznkcVMR3Gg4z,4DdkRBBYG6Yk9Ka8tdJ9BW","KSI,Offset",50,True,191047,0.756,0.652,-7.617,0.113,0.208,0.0,0.145,0.787,135.126,1
0IJK096XrKQd14Q6fNqW0e,Sorcererz,3AA28KZvwAUcZuOKwyblJQ,Gorillaz,50,False,180373,0.584,0.872,-6.636,0.0365,0.022,0.927,0.127,0.818,84.075,0
572NmogOEHowA9JdNqh036,Might as Well,1RyvyyTE3xzB2ZywiAwp0i,Future,50,True,207753,0.914,0.545,-7.323,0.459,0.119,0.0,0.395,0.802,134.057,0
26jYPsHHSOxCTz4cLt6SbQ,FEEFA,"7gZfnEnfiaHzxARJ2LeXrf,2hlmm7s2ICUX0LVIhVFlZQ","6ix9ine,Gunna",50,True,163086,0.754,0.728,-7.61,0.0809,0.0412,0.0,0.106,0.594,140.007,1
2zIAPysksDdMAiG33qH6kW,Ordinary Day (ft. Hailee Steinfeld),"4xRYI6VqpkE3UwrDrAZL8L,5p7f24Rk5HkUZsaS3BLG5F","Logic,Hailee Steinfeld",50,True,188400,0.748,0.894,-6.67,0.0748,0.0224,0.0,0.143,0.839,157.988,1
2AHJLtc81zIfj9EKcVEzmJ,La Haine,3CJKkU0XuElRT1z8rEtIYg,Luciano,50,False,164413,0.841,0.655,-4.654,0.0851,0.239,9.75e-05,0.213,0.579,101.976,0
62VpKdGyA7OIyUCj3a3LPU,5 in the Morning,25uiPmTg16RbhZWAqwLBy5,Charli XCX,50,True,169596,0.632,0.743,-6.761,0.0464,0.038,0.0,0.115,0.357,108.077,0
4BFjxR3dQzgSYFWjOnP4S3,Tout Est Bon,"0Jsk5iYMr5aNjHury7blm1,3OMZaRPVE5OI1IkDbZFBFU","Boef,Numidia",50,False,155433,0.791,0.861,-5.311,0.12,0.211,0.0,0.0833,0.962,95.216,1
20dt11ZTAtjsfcNJLP9u30,Time To Move On,2UZMlIwnkgAEDBsw1Rejkn,Tom Petty,50,False,195333,0.613,0.716,-9.365,0.0261,0.0836,0.000381,0.105,0.507,112.588,0
5ixqGGFu0hdHfErdp32QwT,Jenifer,3WQ1s2QFvL6crxBvrVhwzj,Gabriel Diniz,50,False,160640,0.768,0.934,-2.533,0.0453,0.22,1.73e-06,0.0854,0.916,160.108,0
6zpXc7WJ3TqYWb02B6sKyF,Bigger Than Me,"0c173mlxpT3dSFRgMO8XPh,09BrKhoBYOu5vHVkBZ5U5X,6DpWtzfwV8fcwP6fXckDVu","Big Sean,The Flint Chozen Choir,Starrah",50,True,292520,0.366,0.639,-7.98,0.101,0.269,0.0,0.29,0.168,83.339,1
299lFlaAsNQdgbIZNPmIA0,Christmas Time Is Here - Vocal,4ytkhMSAnrDP8XzRNlw9FS,Vince Guaraldi Trio,50,False,166386,0.388,0.145,-19.697,0.0318,0.978,6.86e-06,0.0997,0.0911,75.474,0
1NghHeg0wE32eBYrQBVQXL,Shake Up Christmas,3FUY2gzHeIiaesXtOAdB7A,Train,50,False,232213,0.458,0.831,-2.187,0.0654,0.0031,0.0,0.337,0.572,81.531,0
14EgW52HVqnLHd30bgbPxg,Darkside (with Ty Dolla $ign & Future feat. Kiiara),"7c0XG5cIJTrrAgEC3ULPiq,1RyvyyTE3xzB2ZywiAwp0i,4u5smJBskI6Adzv08PuiUP","Ty Dolla $ign,Future,Kiiara",50,False,233248,0.509,0.631,-6.312,0.0566,0.0976,0.0,0.058,0.157,154.359,1
6Iw6fQVKZi0fWtEQBrTFcP,Timeless Interlude,2EMAnMvWE2eb56ToJVfCWs,Bryson Tiller,50,False,179188,0.467,0.429,-8.689,0.0964,0.815,5.22e-05,0.177,0.24,148.53,0
6sBWmE23q6xQHlnEZ8jYPT,Step Into Christmas,3PhoLpVuITZKcymswpck5b,Elton John,50,False,272393,0.526,0.925,-5.584,0.0363,0.102,8.9e-06,0.305,0.819,140.308,0
6KhmSJf9FvdAcq1tr8LcYD,Status (feat. Lil Uzi Vert),"7rkW85dBwwrJtlHRDkJDAC,4O15NlyKLIASxsJ0PrXPfz","NAV,Lil Uzi Vert",50,True,174367,0.951,0.72,-4.467,0.302,0.0406,0.0,0.0998,0.687,134.033,1
3cFHCXuBZKMJd8Q4Wt8RB3,Harlem Shake (feat. Young Thug),"1RyvyyTE3xzB2ZywiAwp0i,50co4Is1HCEo8bhOyUWKpn","Future,Young Thug",50,True,148246,0.864,0.689,-7.273,0.22,7.68e-05,0.000467,0.111,0.412,152.946,1
0y5gx9hco8okaSecaH22k1,Throw It Away,6Xgp2XMz1fhVYe7i6yNAax,Trippie Redd,50,True,165773,0.841,0.492,-7.051,0.227,0.159,7.27e-05,0.0803,0.279,135.032,0
4uoumbAMEMaKdtiv763jKz,TG4M,1Xylc3o4UrD53lo9CvFvVg,Zara Larsson,50,False,172893,0.667,0.648,-6.398,0.0626,0.0235,1.52e-05,0.0427,0.589,95.031,0
4GMwkXRXJBedJMmvmltk0Q,Hey Boy,5WUlDfRSoLAfcVSX1WnrxN,Sia,50,False,149469,0.572,0.623,-4.828,0.176,0.0544,0.0,0.0865,0.594,185.812,0
3PdgIdRXJjgxfOr7slldel,Work Out,1anyVhU62p31KFi8MEzkbf,Chance the Rapper,50,True,243180,0.678,0.659,-4.694,0.312,0.492,0.0,0.106,0.675,173.988,0
4bhQq99HRP0whXut7pM5vV,Leave Right Now,6x2LnllRG5uGarZMsD4iO8,Thomas Rhett,50,False,195666,0.341,0.576,-7.142,0.0559,0.00732,0.0,0.142,0.336,147.913,0
0DUHmrwC8ZviGGC2o2JBy1,Sleeping On The Floor,"1RyvyyTE3xzB2ZywiAwp0i,4O15NlyKLIASxsJ0PrXPfz","Future,Lil Uzi Vert",50,True,167397,0.851,0.621,-6.679,0.362,0.0233,0.0,0.161,0.532,150.969,1
6pVW5LRWgeLaHudxauOTJU,Jingle Bell Rock - Daryl's Version,77tT1kLj6mCWtFNqiOmP9H,Daryl Hall & John Oates,50,False,126360,0.666,0.841,-3.592,0.0312,0.613,0.0,0.113,0.84,128.706,0
3BvXHtUdGbfLOVxfRWn6NT,Too Playa,"6oMuImdp5ZcFhWP0ESe6mG,17lzZA2AlOHwCwFALHttmp","Migos,2 Chainz",50,True,312741,0.722,0.503,-8.143,0.108,0.0191,0.0,0.0999,0.0715,138.028,1
330cmrgtnIj4NtPTYdDOZv,Pin the Grenade,6FBDaR13swtiWwGhX1WQsP,blink-182,50,False,179440,0.564,0.918,-4.096,0.0723,0.00311,0.0,0.0711,0.739,157.921,0
60yqRJXgkrPEvP977ZIOWb,Bye Bye,"4WZGDpNwrC0vNQyl9QzF7d,3ZuBEj9ppJe8GSdKaMTfMN","Capital Bra,Nimo",50,False,176823,0.92,0.76,-6.154,0.193,0.374,0.0,0.101,0.723,93.968,1
3QIoEi8Enr9uHffwInGIsC,Please Come Home for Christmas - 2013 Remaster,0ECwFtbIWEVNwjlrfc6xoL,Eagles,50,False,177440,0.612,0.289,-11.568,0.0421,0.599,0.00266,0.0561,0.466,183.18,0
1tXCF7TwDnuHRgwQ63FeM5,S.O.T.L. (Silence of the Lambs) [feat. Lil Wayne],"3ipn9JLAPI5GUEo4y4jcoi,55Aa2cqylxrFIXC767Z865","Ludacris,Lil Wayne",49,True,191712,0.924,0.766,-4.092,0.256,0.051,0.0,0.0981,0.455,132.06,1
3IaxObCWKEaGtIT78GsEpP,GIMMICK,2hlmm7s2ICUX0LVIhVFlZQ,Gunna,49,True,128639,0.938,0.546,-7.037,0.138,0.00353,0.0,0.102,0.58,111.971,0
6nmr64Mo4RD3R1pLshvmoG,Patricia,1moxjboGR7GNWYIMWsRjgG,Florence + The Machine,49,False,217413,0.507,0.652,-5.872,0.0469,0.528,0.000501,0.108,0.191,118.003,0
4P2LXwm4QA4l7NwUvDAuMu,Final Fantasy,5pVRwX5ZQR7hfJ18w8ZYkl,Ufo361,49,True,177989,0.819,0.607,-7.599,0.0686,0.108,0.000184,0.112,0.347,139.959,0
0NXeZp31dd0cJ9t8FdKsTg,Rockstar Chainz,1RyvyyTE3xzB2ZywiAwp0i,Future,49,True,181040,0.867,0.517,-6.914,0.307,0.0116,0.0,0.31,0.271,143.043,0
5dVUSdsePmEKkq4ryfrobU,Excuse Me Mr Sir (feat. Vargas & Lagola),"1vCWHaC5f2uS3yhpwWbIA6,2fVW2ix4ANKiofDZIsy1XR","Avicii,Vargas & Lagola",49,True,187752,0.464,0.672,-6.064,0.0727,0.127,0.00299,0.322,0.492,114.708,1
7qaoXmlsSrndaQeDRPpOeW,FEIGNING,2hlmm7s2ICUX0LVIhVFlZQ,Gunna,49,True,165680,0.793,0.536,-7.624,0.103,0.0704,3.86e-06,0.171,0.382,78.006,0
6HEIBHUirx1J0JkUD24szt,Water,3Fdm9TFJQCLmC3AWMuGExi,Ugly God,49,True,139674,0.8,0.297,-13.1,0.407,0.66,0.000111,0.105,0.213,140.051,0
2rkb8ijsPapKDMEh0cSe8I,My Kind Of Present,6JL8zeS1NmiOftqZTRgdTz,Meghan Trainor,49,False,161013,0.485,0.444,-6.232,0.195,0.373,2.5e-06,0.0969,0.777,179.967,0
7MywASx2OFZngfoORjo1yy,31 DAYS,1RyvyyTE3xzB2ZywiAwp0i,Future,49,True,240682,0.875,0.644,-6.554,0.222,0.267,0.0,0.125,0.788,139.086,0
58cvckETahSOG74RP5WE99,State Of Emergency,"4xRYI6VqpkE3UwrDrAZL8L,17lzZA2AlOHwCwFALHttmp","Logic,2 Chainz",49,True,154373,0.675,0.675,-7.527,0.283,0.0826,0.0,0.12,0.622,173.922,1
5qm2otRZaeZaqdLVVohUjq,Poquito,"7FNnA9vBm6EKceENgCGRMb,1zNqQNIdeOUZHb8zbZRFMX","Anitta,Swae Lee",49,True,175670,0.701,0.852,-4.03,0.126,0.509,0.0,0.309,0.607,144.837,1
4S2WtfT03YDIlXEwSX4Tjd,Nothing Left For You,2wY79sveU1sp5g7SokKOiI,Sam Smith,49,False,226731,0.499,0.3,-8.631,0.0433,0.616,1.69e-06,0.128,0.212,126.724,0
4atJ40xfasjdM9ZF3p07BV,Halfway Off The Balcony,0c173mlxpT3dSFRgMO8XPh,Big Sean,49,True,230960,0.525,0.804,-6.453,0.25,0.329,0.0,0.228,0.143,125.068,0
3uMpllxUKlpuXHczoHJ0U5,Von ihnen gelernt,"1aS5tqEs9ci5P9KD9tZWa6,0Dvx6p8JDyzeOPGmaCIH1L","Bonez MC,RAF Camora",49,True,232124,0.636,0.7,-6.445,0.0417,0.122,0.000284,0.126,0.237,115.948,1
2W4yTO3qHdqyvbz2UxfIPh,Submission (feat. Danny Brown & Kelela),"3AA28KZvwAUcZuOKwyblJQ,7aA592KWirLsnfb5ulGWvU,1U0sIzpRtDkvu1hXXzxh60","Gorillaz,Danny Brown,Kelela",49,False,201573,0.677,0.83,-3.96,0.0489,0.00697,0.0,0.134,0.612,137.997,1
4T7cJdrTRqOBESPYfvfj2x,My Jeans (Lil Baby & Gunna feat. Young Thug),"5f7VJjfbwm532GiveGC0ZK,2hlmm7s2ICUX0LVIhVFlZQ,50co4Is1HCEo8bhOyUWKpn","Lil Baby,Gunna,Young Thug",49,True,196447,0.435,0.715,-5.869,0.186,0.119,0.0,0.531,0.382,100.576,1
7EB2UpfRbS4QVjZQlKLi3Z,Promise U That,1RyvyyTE3xzB2ZywiAwp0i,Future,49,True,205422,0.638,0.568,-6.579,0.159,0.338,0.0,0.487,0.446,127.806,0
0ECs7wpW9157Tk5yBUGbE0,Alright,2YZyLoL8N0Wb9xBt1NhZWg,Kendrick Lamar,49,True,194490,0.783,0.761,-5.53,0.195,0.0864,0.0,0.643,0.674,110.033,0
4fhVodXZARPX0oTuQh8V9l,Breathe,3AVfmawzu83sp94QW7CEGm,Astrid S,49,False,211758,0.732,0.738,-5.83,0.0519,0.0356,0.000177,0.166,0.555,96.982,0
2L9QLAhrvtP4EYg1lY0Tnw,Rudolph The Red-Nosed Reindeer,49e4v89VmlDcFCMyDv9wQ9,Dean Martin,49,False,135760,0.478,0.201,-16.768,0.0332,0.919,0.0,0.0854,0.857,136.471,0
59iGOjPSOcPLGl3vqEStUp,Kinda Crazy,0C8ZW7ezQVs4URX5aX7Kqx,Selena Gomez,49,False,212436,0.691,0.446,-10.304,0.0472,0.484,0.00495,0.183,0.534,93.03,0
2tjbSkPKKH1GFUhSr96tq0,Oh My Gawd,"738wLrAtLtCtFOLvQBXOXp,4TAoP0f9OuWZUesao43xUW,0hCNtLu0JehylgoiP8L4Gh,7IziQIyiq8TGse0Mc1laYi,5fMUXHkw8R8eOP2RNVYEZX","Major Lazer,Mr Eazi,Nicki Minaj,K4mo,Diplo",49,False,180000,0.817,0.866,-3.86,0.216,0.151,0.0,0.0946,0.83,94.007,1
6AyI8UGx8Y4peb7pLOy2pf,7 rings (feat. 2 Chainz) - Remix,"66CXWjxzNUsdJxJ2JdwvnR,17lzZA2AlOHwCwFALHttmp","Ariana Grande,2 Chainz",49,True,178640,0.78,0.341,-10.162,0.465,0.517,0.0,0.0873,0.342,70.011,1
68m6iwhKElLTBaGRG1LLwE,Get It Right (feat. MØ),"5fMUXHkw8R8eOP2RNVYEZX,0bdfiayQAKewqEvaU6rXCv","Diplo,MØ",49,False,172500,0.456,0.833,-4.242,0.0964,0.108,1.71e-05,0.0592,0.261,159.808,1
78sr3ogs4UzITcCNbXM9cM,Used to This (feat. Drake),"1RyvyyTE3xzB2ZywiAwp0i,3TVXtAsR1Inumwj472S9r4","Future,Drake",49,True,180520,0.618,0.727,-7.224,0.208,0.0312,0.0,0.196,0.401,164.992,1
7wxDKfgFtRTbupcG4xDhtj,"Oh Wow...Swerve (with J. Cole feat. Zoink Gang, KEY! & Maxo Kream)","1iNqsUDUraNWrj00bqssQG,6l3HvQ5sa6mXTsMTB19rO5,3OBsADexDJ29wg3OGVoAji,2tMOCIpxj6jwM9e6pmwGiP,6xS5PpBWaVYraexEkEjjXv","Dreamville,J. Cole,Zoink Gang,KEY!,Maxo Kream",49,True,275986,0.509,0.703,-6.097,0.512,0.39,0.0,0.269,0.301,174.259,1
7cG6SxmQ24hQWnR8UThrk2,Dope New Gospel (feat. Nivea),"55Aa2cqylxrFIXC767Z865,15Dh5PvHQj909E0RgAe0aN","Lil Wayne,Nivea",49,True,207186,0.651,0.718,-3.924,0.302,0.227,0.0,0.109,0.402,116.772,1
0uZd8cKaTyNogTREourFY5,Cattitude (feat. RuPaul),"5YGY8feqx7naU7z4HrwZM6,2SdOKxC1sSxEyv8JYERaNe","Miley Cyrus,RuPaul",49,True,189973,0.801,0.851,-5.698,0.175,0.00785,0.000966,0.385,0.705,121.065,1
1OS9fNE87zO4Z696lBXriv,LamboTruck (with Cozz feat. REASON & Childish Major),"1iNqsUDUraNWrj00bqssQG,5oFkj1qSlyBUmV5d6Edgtq,6XpXnnKHIhCOUbOLOJGe6o,4bMNzAopkqYTwkBLwMKsF1","Dreamville,Cozz,REASON,Childish Major",49,True,229386,0.678,0.695,-5.323,0.286,0.0485,0.0,0.254,0.242,135.044,1
6MmtDonkpvSoRx9ACwrGDu,Brotha Man (feat. French Montana),"13ubrt8QOOCPljQ2FL1Kca,6vXTefBL93Dj5IqAWq6OTv","A$AP Rocky,French Montana",49,True,216080,0.57,0.398,-9.372,0.114,0.522,0.0,0.113,0.437,126.485,1
7cWmR9RLLMY6bj28q4bhvz,Tic Toc (with Tory Lanez),"1pPmIToKXyGdsCF6LmqLmI,2jku7tDXc6XoB6MO2hFuqg","Rich The Kid,Tory Lanez",49,True,150040,0.78,0.643,-4.154,0.121,0.0381,0.0,0.115,0.211,169.995,1
4xKdh72z7sb51GRyHii3B6,Designer,3wyVrVrFCkukjdVIdirGVY,Lil Pump,49,True,144560,0.864,0.484,-9.159,0.344,0.205,0.0,0.248,0.534,160.052,0
0bi1T5Y9aXT4JAOOU2NLcV,Redemption Interlude,3qBKjEOanahMxlRojwCzhI,Zacari,49,True,85266,0.391,0.442,-13.558,0.139,0.633,2.35e-05,0.0835,0.148,115.501,0
2KwojFDebQV4J2b0JMRR5Q,Is That For Me,"4AVFqumd2ogHFlRbKIjp1t,7FNnA9vBm6EKceENgCGRMb","Alesso,Anitta",49,False,169269,0.761,0.784,-5.501,0.0509,0.229,0.207,0.0573,0.567,104.992,1
2WOxBv9WElDqB0opEAbCC4,Touch Eem Body,"15UsOTVnJzReFVN1VCnxy4,0O1cTzccAEKaEFShgzAK9V,6HhsbprrJmKeaH8SgSlGge,71sg3tAkpnG5jjfNWFX8zo","XXXTENTACION,Bass Santana,Kin$oul,Reddz",49,True,187906,0.726,0.419,-11.895,0.25,0.574,0.0,0.381,0.0644,129.786,1
1HZ5LJMCzClg2pdomCnEPw,Dynamite - EDM Remix,3Nrfpe0tUJi4K4DXYWgMUX,BTS,49,False,198939,0.707,0.838,-4.732,0.0599,0.0019,0.444,0.0961,0.318,122.985,0
2H5CLUmtvo2VHEeWzMtUqW,LOST (feat. Kid Cudi),"0VRj0yCOv2FXJNP47XQnx5,0fA0VVWsXO9YnASrzqfmYu","Quavo,Kid Cudi",49,True,278760,0.908,0.499,-7.793,0.642,0.267,0.0,0.078,0.114,132.968,1
1QXg7pVx5hpAZWw8KIAcGw,Merry Christmas Darling - Remix,1eEfMU2AhEo7XnKgL7c304,Carpenters,49,False,186973,0.327,0.24,-15.181,0.0327,0.851,0.0,0.0997,0.193,81.113,0
2ulB68v8LGCfQMk0giZZ5S,AMAZING GRACE,4r63FhuTkUYltbVAg5TQnk,DaBaby,49,True,88666,0.775,0.832,-3.629,0.277,0.0375,0.0,0.078,0.962,153.6,0
597IVBYr60vm0HKjgOnztJ,Sleigh Ride,1eEfMU2AhEo7XnKgL7c304,Carpenters,49,False,159440,0.694,0.243,-15.632,0.0723,0.871,0.0,0.165,0.578,100.774,0
5bzaS5tAni5oUpW7bWVdtY,I Wanna Rock (feat. Gunna),"02kJSzxNuaWGqwubyUba0Z,2hlmm7s2ICUX0LVIhVFlZQ","G-Eazy,Gunna",49,True,163386,0.777,0.851,-3.801,0.0844,0.00769,0.0,0.14,0.698,100.038,1
1ZCzbEj3F8SqqtKSupWaBo,GANG! - prod. Strage,"7Do8se3ZoaVqUt3woqqSrD,3hBQ4zniNdQf1cqqo6hzuW,6g5SF1Yz63eoPUnJgRHfrz","MACHETE,Salmo,Hell Raton",49,True,162818,0.771,0.957,-5.162,0.16,0.0375,0.0,0.262,0.52,125.053,1
1N90cV79gbBgO0bOs74Y0t,"Heatstroke (feat. Young Thug, Pharrell Williams & Ariana Grande)","7CajNmpbOovFoOoasH2HaY,50co4Is1HCEo8bhOyUWKpn,2RdwBSPQiwcmiDo9kixcl8,66CXWjxzNUsdJxJ2JdwvnR","Calvin Harris,Young Thug,Pharrell Williams,Ariana Grande",49,True,229640,0.786,0.735,-4.502,0.0495,0.362,0.0,0.176,0.747,110.124,1
7KXEhfjwdxHVra8VcT2QHH,Skit: Billboard Music Awards Speech,3Nrfpe0tUJi4K4DXYWgMUX,BTS,49,False,107062,0.252,0.694,-15.389,0.429,0.38,0.000203,0.66,0.325,87.293,0
2s76aKBWKShlwPC4xTtEEE,Wake Up Where You Are,05o1zW8b6PV6rEquXr74sB,State of Sound,49,False,207306,0.706,0.674,-6.977,0.0337,0.11,0.000626,0.0784,0.545,113.956,0
4MrfQL4TYQXJBlZYpAHTuE,"Baby, It's Cold Outside",49e4v89VmlDcFCMyDv9wQ9,Dean Martin,49,False,143733,0.469,0.196,-16.093,0.0571,0.882,0.0,0.0513,0.537,130.036,0
4alHkxxwAhvoGg3dJCATKV,My Side,3TVXtAsR1Inumwj472S9r4,Drake,49,True,294650,0.549,0.495,-5.661,0.133,0.603,7.26e-06,0.0979,0.385,81.012,0
2l2UsmkfgmRC6fIDwwsiNM,Ronin,"3c96G4d2lUOxhomM2mby5S,4Mt1ci7cKg2DpDS5kJ5mHS","Bushido,Animus",49,True,164786,0.439,0.894,-5.535,0.318,0.0376,0.0,0.0394,0.69,84.045,1
15Y949TGjUppdT78h0S49P,Gassed Up!,"15UsOTVnJzReFVN1VCnxy4,6kYViCeiqcUZXgPVdCIKBi,57SA5Qv24Vydwd6bJnV8fI,0O1cTzccAEKaEFShgzAK9V,6HhsbprrJmKeaH8SgSlGge","XXXTENTACION,Flyboy Tarantino,Kid Trunks,Bass Santana,Kin$oul",49,True,225050,0.843,0.56,-6.122,0.284,0.293,6.72e-06,0.0984,0.477,130.032,1
7aZ1Grktl7RBHLwxem7DE7,Blowback,0C0XlULifJtAgn6ZNCW2eu,The Killers,49,False,239600,0.549,0.68,-5.884,0.0474,0.0115,0.00192,0.0968,0.378,118.01,0
1uh1iaMqBdx4XyrXhssKGD,It's Beginning To Look A Lot Like Christmas,6ZjFtWeHP9XN7FeKSUe80S,Bing Crosby,49,False,164613,0.464,0.259,-9.194,0.0379,0.869,0.000326,0.116,0.531,97.586,0
1e3GEwsaXtBNtPfooQimDn,5200,5IcR3N7QB1j6KBL8eImZ8m,ScHoolboy Q,49,True,211800,0.867,0.545,-5.185,0.413,0.209,0.0,0.139,0.32,127.99,0
2pzuU8vLaG8W1P31X65ZP9,Voices In My Head/Stick To The Plan,0c173mlxpT3dSFRgMO8XPh,Big Sean,49,True,242306,0.472,0.541,-8.513,0.231,0.141,1.21e-06,0.477,0.128,145.12,0
0OTBOHjEaoqroFlfut1ZsH,"Royalty (feat. Ky-Mani Marley, Stefflon Don & Vybz Kartel)","15UsOTVnJzReFVN1VCnxy4,1XTGADISSMRf8B4TcVGYUC,2ExGrw6XpbtUAJHTLtUXUD,2NUz5P42WqkxilbI8ocN76","XXXTENTACION,Ky-Mani Marley,Stefflon Don,Vybz Kartel",49,True,203570,0.919,0.538,-6.15,0.241,0.0243,0.0415,0.0956,0.597,124.952,1
7yJLc4dA0VObbLE88lZZ5q,Miskin,6h1s4i4XKIYv4ErDelLDN0,Samra,49,False,235888,0.554,0.597,-10.116,0.497,0.438,0.0,0.106,0.448,125.7,0
7aK0LpCyxzN5K9pAP20MVC,Sofiane,0Jsk5iYMr5aNjHury7blm1,Boef,49,True,220325,0.772,0.643,-8.629,0.422,0.0696,0.0,0.0902,0.429,96.03,0
6cpsixIHI63L0hwh3CwZg3,Infrared,0ONHkAv9pCAFxb0zJwDNTy,Pusha T,49,True,170240,0.674,0.578,-8.768,0.298,0.0518,0.0055,0.72,0.163,112.265,0
0wJJhRgdHhT93Z3iWdMB0T,Hymn,6LqNN22kT3074XbTVUrhzX,Kesha,49,True,205600,0.488,0.538,-4.974,0.076,0.147,0.0,0.305,0.38,67.037,0
2ppse4DOEFlzaW7Xu3U76r,A.L.L.T.Y. 3,"6Xgp2XMz1fhVYe7i6yNAax,0ECSmon1BUiFnB33X24eLI","Trippie Redd,Baby Goth",49,True,180800,0.561,0.785,-5.376,0.452,0.111,0.0,0.121,0.458,150.159,1
4g2j0YZdGB8x5vQjXmJsKN,Untouchable,7dGJo4pcD2V6oG8kP0tJRR,Eminem,49,True,370133,0.546,0.89,-3.38,0.513,0.0781,0.0,0.146,0.636,177.612,0
003VDDA7J3Xb2ZFlNx7nIZ,YELL OH,"6Xgp2XMz1fhVYe7i6yNAax,50co4Is1HCEo8bhOyUWKpn","Trippie Redd,Young Thug",49,True,236778,0.842,0.578,-6.05,0.138,0.00419,0.0,0.228,0.19,74.496,1
2sCkQ5AoGNKy0urYd2E3BT,RICCHI E MORTI,3hBQ4zniNdQf1cqqo6hzuW,Salmo,49,True,138240,0.863,0.901,-5.244,0.303,0.152,0.0,0.526,0.584,125.009,0
33OVwHAdsrJELptAp74TqW,Make It Right,7jy3rLJdDQY21OgRLCZ9sD,Foo Fighters,49,True,279253,0.56,0.933,-7.508,0.0561,0.000784,0.075,0.0594,0.451,141.937,0
7iz4bsfPOrK9wzhXkgUfya,Witness,6jJ0s89eD6GaHleKKya26X,Katy Perry,49,True,250506,0.614,0.602,-8.759,0.0522,0.033,0.000146,0.116,0.15,119.95,0
7ntU619k40YVxcRvFNDTNn,Heat,7dGJo4pcD2V6oG8kP0tJRR,Eminem,49,True,250000,0.843,0.86,-5.386,0.273,0.172,0.0,0.31,0.519,99.026,0
5syD6f38Jhckk5g9DgoCta,Bought A Bad Bitch,"1RyvyyTE3xzB2ZywiAwp0i,4O15NlyKLIASxsJ0PrXPfz","Future,Lil Uzi Vert",49,True,210175,0.866,0.72,-6.641,0.0646,0.112,0.0,0.172,0.785,136.077,1
0lTurWECr2XL607eJAj1A3,I'll Be Home,6JL8zeS1NmiOftqZTRgdTz,Meghan Trainor,49,False,219653,0.542,0.37,-7.779,0.0257,0.318,4.84e-06,0.108,0.289,84.796,0
3vgNmjuRDnGLxUFGCLkwpm,Light My Body Up (feat. Nicki Minaj & Lil Wayne),1Cs0zKBU1kc0i8ypK3B9ai,David Guetta,49,False,225616,0.699,0.66,-7.013,0.0861,0.00365,0.0,0.139,0.689,145.937,0
6WlxcZKpEV6Bwe9InoVhMp,WIFI LIT,1RyvyyTE3xzB2ZywiAwp0i,Future,49,True,176630,0.884,0.579,-6.847,0.299,0.064,2.38e-06,0.182,0.313,144.973,0
49i5Qn3zXsMBPsSOmYAFut,Own It (feat. Ed Sheeran & Burna Boy) - Joel Corry Remix,"2SrSdSvpminqmStGELCSNd,6eUKZXaKkcviH0Ku9w2n3V,3wcj11K77LjEY1PkEazffa,6DgP9otnZw5z6daOntINxp","Stormzy,Ed Sheeran,Burna Boy,Joel Corry",49,False,176265,0.747,0.863,-6.885,0.072,0.033,0.00893,0.176,0.627,124.971,1
08Wc3X7XNSyF8WYBPt2L8E,"Holiday (feat. Snoop Dogg, John Legend & Takeoff)","7CajNmpbOovFoOoasH2HaY,7hJcb9fa4alzcOq3EaNPoG,5y2Xq6xcjJb2jVM54GHK3t,3EW0kQ1skZiK1NHg3Spt9J,4A0TivfinfALCAMJqqjZIk","Calvin Harris,Snoop Dogg,John Legend,Takeoff,Funk Wav",49,False,169693,0.836,0.769,-2.334,0.0773,0.472,0.00157,0.0804,0.585,103.991,1
74wpYGsVh2J13iAmmg1Uln,The Mantra (with Pharrell & Kendrick Lamar),"0NWbwDZY1VkRqFafuQm6wk,2RdwBSPQiwcmiDo9kixcl8,2YZyLoL8N0Wb9xBt1NhZWg","Mike WiLL Made-It,Pharrell Williams,Kendrick Lamar",49,True,247687,0.698,0.707,-3.778,0.114,0.284,0.0,0.177,0.413,155.009,1
3p6aRY0ePa28UM85z9X8iS,Good Intentions (Intro),7rkW85dBwwrJtlHRDkJDAC,NAV,49,True,155720,0.765,0.696,-5.181,0.0672,0.102,0.0,0.148,0.916,160.058,0
0lG7iyNSstVOLV6faMIHdD,6 Summers,3jK9MiCrA42lLAdMGUZpwa,Anderson .Paak,49,True,282986,0.649,0.587,-10.5,0.316,0.0774,0.0,0.377,0.513,92.871,0
5QxqypupYWHrY8IkGCSObQ,All Ass,6oMuImdp5ZcFhWP0ESe6mG,Migos,49,True,294658,0.836,0.758,-5.217,0.191,0.00625,0.0,0.207,0.551,140.021,0
07VJGBnywGutMZ72kRyEop,Hurt To Look - From Swaecation,"7iZtZyCzp3LItcw1wtPI3D,1zNqQNIdeOUZHb8zbZRFMX,7EEiVZvj6RCEtVX2F2pyxu","Rae Sremmurd,Swae Lee,Slim Jxmmi",49,False,256000,0.593,0.675,-5.655,0.133,0.152,2.35e-05,0.119,0.224,104.948,1
6q2uIyLqASSpv2SIv2ehWK,VACATION,5LHRHt1k9lMyONurDHEdrp,Tyga,49,True,192935,0.821,0.61,-6.22,0.0959,0.0247,0.0,0.185,0.47,110.973,0
00zzSEe82JTtz68XlARnh7,Amor Falso,6LjdKBMnP1Da8Oe6WhrN56,Aldair Playboy,49,False,177815,0.767,0.55,-11.498,0.0554,0.279,0.0,0.0548,0.9,153.963,0
5pvVAwQbuFoR7LkcicrKnk,Obsession (feat. Jon Bellion),"0q4NrXqJnc367PieejuROJ,50JJSqHUf2RQ9xsHs0KMHg","Vice,Jon Bellion",49,False,221982,0.741,0.559,-7.775,0.03,0.00728,0.000971,0.21,0.466,101.999,1
46HYFOcfvg2W8a8FccaRvO,BUD SPENCER - prod. Dade - Low Kidd - Salmo,"7Do8se3ZoaVqUt3woqqSrD,3hBQ4zniNdQf1cqqo6hzuW,0jdNdfi4vAuVi7a6cPDFBM","MACHETE,Salmo,Lazza",49,True,111583,0.597,0.851,-6.039,0.555,0.398,0.0,0.438,0.814,91.602,1
3RgJvQlTg7tp5mXtylDXYx,Schüsse im Regen,6h1s4i4XKIYv4ErDelLDN0,Samra,49,True,152299,0.772,0.799,-3.481,0.291,0.104,0.0,0.111,0.449,97.029,0
4YLtrBhzjsI2LT6ybXQHeD,SoulMate,31TPClRtHm23RisEBtV3X7,Justin Timberlake,49,False,196231,0.765,0.784,-5.215,0.0488,0.0222,0.00121,0.187,0.449,109.956,0
6CeZoh6Oemi28WQRpa004x,The Way,"6Xgp2XMz1fhVYe7i6yNAax,1z7b1Pr1rSlvWRzsW3HOrS","Trippie Redd,Russ",49,True,243287,0.78,0.666,-6.222,0.172,0.182,1.62e-05,0.147,0.537,145.978,1
45CCe4gu08OYG1I4MH8TU6,Trauma,20sxb77xiYeusSH8cVdatc,Meek Mill,49,True,238203,0.682,0.639,-4.406,0.292,0.0284,0.0,0.197,0.183,89.09,0
06Y14QBRyzmPRqrswAfF4J,Drunk (feat. 6LACK),"5IcR3N7QB1j6KBL8eImZ8m,4IVAbR2w4JJNJDDRFP3E83","ScHoolboy Q,6LACK",49,True,212253,0.89,0.617,-8.029,0.214,0.28,0.0,0.0906,0.383,80.358,1
41mzryVlFLlz6b1BCtJAjx,Light It Up,50co4Is1HCEo8bhOyUWKpn,Young Thug,49,True,209253,0.953,0.515,-8.546,0.0846,0.00389,0.0,0.11,0.351,138.039,0
3HVm4g9bZHo0aMsjzGS7Ro,SPORT - I muscoli (feat. Luchè),"5AZuEF0feCXMkUCwQiQlW7,3yiEJ9SByXZMXTwaKdVFN4","Marracash,Luche",49,True,202339,0.88,0.723,-6.004,0.255,0.332,0.0,0.203,0.387,125.023,1
2YuLSGh71kaSX9uzAfBbII,TURN UP,2HPaUgqeutzr3jx5a9WyDV,PARTYNEXTDOOR,48,True,208762,0.443,0.519,-9.337,0.246,0.0989,2.33e-05,0.0919,0.24,71.682,0
0CBFOvHlyqy30Q5tbyNHfQ,Want To,6M2wZ9GZgrQXHCFfjv46we,Dua Lipa,48,False,211817,0.572,0.691,-4.783,0.123,0.0788,0.000132,0.0593,0.318,92.082,0
5b06JZjts6dgyyuY1m7roq,200,"1RyvyyTE3xzB2ZywiAwp0i,50co4Is1HCEo8bhOyUWKpn","Future,Young Thug",48,True,146986,0.84,0.65,-6.708,0.262,0.00924,0.0,0.201,0.527,145.972,1
50wkDxcIfamIajKwmgp0iB,HANDGUN (feat. A$AP Rocky),"0A0FS04o6zMoto8OKPsDwY,13ubrt8QOOCPljQ2FL1Kca","YG,A$AP Rocky",48,True,215533,0.843,0.546,-7.714,0.464,0.0195,0.0,0.374,0.427,159.104,1
7K8vPC3GPWafq2zXHuUGXz,Mama Mia,55Aa2cqylxrFIXC767Z865,Lil Wayne,48,True,225440,0.711,0.639,-5.338,0.431,0.335,0.0,0.144,0.961,139.945,0
47otoIkhx3fkdivEXL5OB6,Rudolph The Red-Nosed Reindeer,0MHgLfmQdutffmvWe5XBTN,Burl Ives,48,False,130026,0.67,0.275,-12.755,0.0385,0.671,0.0,0.199,0.806,152.649,0
4dBQWyoZmmgvFBlALGlqZi,Merry Xmas Everybody,10n5lhNDoSMUHWLlnST1yw,Slade,48,False,223684,0.405,0.752,-5.452,0.0394,0.138,0.0,0.173,0.433,130.228,0
0G9rmRmQDFk9O2tzZLyRkc,Emoji A Chain,6oMuImdp5ZcFhWP0ESe6mG,Migos,48,True,315185,0.894,0.324,-8.24,0.179,0.0399,0.0,0.126,0.407,139.972,0
1qUdAB72nSWPZwDqH9KMYD,BULLETPROOF (feat. Jay 305),"0A0FS04o6zMoto8OKPsDwY,2l2o6ibYa7h1w4HwaS1uZV","YG,Jay 305",48,True,153706,0.776,0.515,-7.415,0.411,0.137,0.0,0.321,0.448,162.488,1
5wTM2Bm8phDwHAuOsfBwhU,2000 Miles - 2007 Remaster,0GByy3DcfbQwDvXGCWmzv9,Pretenders,48,False,220426,0.22,0.708,-9.051,0.035,0.00292,0.0267,0.102,0.453,66.214,0
07G5C1wAil4Mp1qjbd3eTR,Week Without You,5YGY8feqx7naU7z4HrwZM6,Miley Cyrus,48,False,224373,0.456,0.633,-6.249,0.0375,0.000448,0.0361,0.58,0.521,89.896,0
1u0MOgWF1bbylVxpJG2ZjB,Owe Me,0c173mlxpT3dSFRgMO8XPh,Big Sean,48,True,271693,0.62,0.609,-8.831,0.145,0.44,0.0,0.115,0.404,142.042,0
2Bv0MbaqYx2IrQa7Z6xBT0,T'd Up - From SR3MM,"7iZtZyCzp3LItcw1wtPI3D,1zNqQNIdeOUZHb8zbZRFMX,7EEiVZvj6RCEtVX2F2pyxu","Rae Sremmurd,Swae Lee,Slim Jxmmi",48,True,232862,0.829,0.575,-6.667,0.107,0.00468,2.42e-06,0.17,0.114,151.972,1
6UrKVLhzBYZY6fXmNyCLDi,Mele Kalikimaka - Single Version,"6ZjFtWeHP9XN7FeKSUe80S,2NCGI6dLTxLdI9XHdv7QfM","Bing Crosby,The Andrews Sisters",48,False,172173,0.463,0.285,-11.616,0.0476,0.838,0.0,0.241,0.525,204.153,1
3bxtgzAeAZPdRtKoPL5GG2,Collide - Radio Edit,"5lKZWd6HiSCLfnDGrq9RAm,1vCWHaC5f2uS3yhpwWbIA6","Leona Lewis,Avicii",48,False,239426,0.595,0.745,-2.053,0.0259,0.0717,1.71e-06,0.448,0.459,124.993,1
0XIsaklmegqPEdOr38DVEt,clickbait,4xRYI6VqpkE3UwrDrAZL8L,Logic,48,True,157000,0.848,0.708,-5.625,0.0925,0.0466,3.79e-05,0.13,0.765,156.007,0
1WlU4jsJ8AoTB96dgd8LJA,Call the Coroner,1RyvyyTE3xzB2ZywiAwp0i,Future,48,True,131755,0.853,0.805,-3.331,0.202,0.146,0.0515,0.204,0.879,134.55,0
3SGgeDQ3cAuNSFb03PjXtv,ADDYS (feat. Nechie),"2hlmm7s2ICUX0LVIhVFlZQ,0DO5d7KMv6Gn1mIbDhlyUf","Gunna,Nechie",48,True,179373,0.883,0.631,-8.925,0.27,0.0275,0.00715,0.105,0.378,150.015,1
39sJbSgJmIrB9J1pkRbpaX,People,3mIj9lX2MWuHmhNCA7LSCW,The 1975,48,True,160008,0.492,0.926,-5.257,0.188,3.74e-05,0.0187,0.475,0.479,149.957,0
4W598w0KcHVG5Nwqk0qMpj,Three,"1RyvyyTE3xzB2ZywiAwp0i,50co4Is1HCEo8bhOyUWKpn","Future,Young Thug",48,True,159400,0.725,0.692,-5.742,0.257,0.00841,0.0,0.0912,0.298,169.025,1
1hHbmfNfXIwHyHCYO8ae3I,Hard White,0hCNtLu0JehylgoiP8L4Gh,Nicki Minaj,48,True,193893,0.763,0.736,-3.403,0.212,0.08,0.0272,0.145,0.273,173.952,0
1IPRghUN3LFPNbCTsfBJx9,Baller los,5wyWp867LWGjFmYZXVSFnZ,MERO,48,True,160357,0.642,0.598,-8.716,0.283,0.505,0.0,0.129,0.508,170.185,0
2fLyikLZmHxW4XdToFpDdN,Under Pressure,"7n2wHs1TKAczGzO7Dd2rGr,62FaS5AarFCrus8LxSVKKW","Shawn Mendes,teddy<3",48,False,233028,0.667,0.478,-5.345,0.0316,0.2,0.0,0.0927,0.337,113.502,1
4Q3HHwkLVwHrSVad0RUz3V,Hot Now,137W8MRPWKqSmrBGDBFSop,Wiz Khalifa,48,True,226272,0.822,0.613,-5.161,0.388,0.0379,0.0,0.377,0.301,154.913,0
3NGThUsocImPUQE2tlQXJr,Hallelujah,4xRYI6VqpkE3UwrDrAZL8L,Logic,48,True,448733,0.663,0.605,-8.299,0.191,0.479,2.99e-06,0.333,0.498,136.001,0
02FaKXXL7KUtRc7K0k54tL,Cozy Little Christmas,6jJ0s89eD6GaHleKKya26X,Katy Perry,48,False,182520,0.774,0.608,-6.264,0.128,0.128,0.0,0.0895,0.56,137.494,0
458ESscRcqCVX1xbllEmPn,Call Me,"5H6xmHXjsq98NLbEjuE29f,4GCwfakdZdo3KkBNtzU5vn","NEIKED,MIMI",48,False,182038,0.671,0.5,-7.46,0.0834,0.073,0.0,0.341,0.681,105.991,1
3gfmFoJgmn9LiIj5mV8oSS,I Just Can't,"6cEuCEZu7PAE9ZSzLLc2oQ,1V3VTM7VspiQjcmRhC010n","R3HAB,Quintino",48,False,156000,0.652,0.595,-6.944,0.0419,0.162,0.0,0.148,0.303,77.538,1
6Z4rmc0uujCpl8yXe3yjgI,Whip (feat. Travis Scott),"17lzZA2AlOHwCwFALHttmp,0Y5tJX1MQlPlqiwlOH1tJY","2 Chainz,Travis Scott",48,True,226600,0.793,0.399,-7.428,0.0951,0.12,0.0,0.124,0.0379,121.949,1
63MtMwfhxUvM2cyUNb5Iux,First Time,"5pUo3fmmHT8bhCyHE52hA6,6vXTefBL93Dj5IqAWq6OTv","Liam Payne,French Montana",48,False,192587,0.709,0.759,-3.811,0.0454,0.114,0.000129,0.347,0.586,148.011,1
7b2elHA9vOwpckUKm8SMyR,777,3MZsBdqDrRTJihTHQrO6Dq,Joji,48,False,181772,0.574,0.604,-9.933,0.0863,0.268,2.98e-06,0.139,0.181,179.636,0
2CqMWqcHywYRvwzdw2Wh4P,Wannabe,4xRYI6VqpkE3UwrDrAZL8L,Logic,48,True,78800,0.917,0.828,-7.551,0.0946,0.0959,0.0,0.0789,0.706,134.012,0
4ukUoXLuFzMixyZyabSGc4,Sleigh Ride,5V0MlUE1Bft0mbLlND7FJz,Ella Fitzgerald,48,False,175986,0.508,0.287,-12.472,0.0523,0.764,0.0,0.153,0.644,154.759,0
3uPuEFKEzGTn628CCQZUCF,DUMMY,"7gZfnEnfiaHzxARJ2LeXrf,3cWGilyM7pw2Q1bGbTXuBr","6ix9ine,TrifeDrew",48,True,155653,0.72,0.628,-7.192,0.0718,0.0775,5.35e-06,0.0976,0.591,90.985,1
65irrLqfCMRiO3p87P4C0D,Frosty The Snowman,5V0MlUE1Bft0mbLlND7FJz,Ella Fitzgerald,48,False,131733,0.579,0.502,-7.57,0.0513,0.733,0.0,0.281,0.836,76.816,0
4dFtIGQBrYjiskk7fN5Wmx,Glittery - From The Kacey Musgraves Christmas Show,"70kkdajctXSbqSMJbQO424,3WGpXCj9YhhfX11TToZcXP","Kacey Musgraves,Troye Sivan",48,False,143467,0.509,0.307,-9.616,0.0307,0.874,0.0,0.701,0.392,85.471,1
27qAMKrDdKEs8HDXcvR24R,Driving Home for Christmas - 2019 Remaster,5KEG7G8LDYlHgFDqZyEEs2,Chris Rea,48,False,241626,0.513,0.583,-10.863,0.038,0.355,1.96e-05,0.18,0.866,180.183,0
5CKtlUULFD5aPVX4PL02H6,Broke Leg (with Quavo & Tyga),"2jku7tDXc6XoB6MO2hFuqg,0VRj0yCOv2FXJNP47XQnx5,5LHRHt1k9lMyONurDHEdrp","Tory Lanez,Quavo,Tyga",48,True,165604,0.851,0.85,-3.4,0.0904,0.226,0.0,0.145,0.642,99.975,1
7iDxZ5Cd0Yg08d4fI5WVtG,Skrt On Me (feat. Nicki Minaj),"7CajNmpbOovFoOoasH2HaY,0hCNtLu0JehylgoiP8L4Gh,4A0TivfinfALCAMJqqjZIk","Calvin Harris,Nicki Minaj,Funk Wav",48,True,228266,0.713,0.889,-3.87,0.0376,0.169,5.8e-05,0.169,0.96,101.977,1
5VIZcrKXPd9wL4hqE4YN8z,As I Lay Me Down,3gbaHBYDy62irTs0ZsHNmi,Wiktoria,48,False,189120,0.696,0.785,-5.892,0.0631,0.108,0.0,0.327,0.756,120.001,0
2AfWCBwGGCsZtvVnGF3QYE,Intro,6l3HvQ5sa6mXTsMTB19rO5,J. Cole,48,False,107160,0.512,0.28,-16.708,0.0441,0.811,7.48e-05,0.087,0.545,111.446,0
42NpUvd0I2kdIuMXX4nobE,Remember I Told You,"4Rxn7Im3LGfyRkY2FlHhWi,1zNqDE7qDGCsyzJwohVaoX,2KsP6tYLJlTBvSUxnwlVWa","Nick Jonas,Anne-Marie,Mike Posner",48,True,201826,0.631,0.54,-5.742,0.257,0.147,5.87e-06,0.0711,0.814,112.868,1
7of1slAJIWrXxP8ikAHxje,Miss You,0lzV2CiahHRiGd6qpADtPS,James Hersey,48,False,206099,0.88,0.605,-7.639,0.0531,0.104,0.00488,0.106,0.626,120.017,0
6kqPWdv1pNXp6A2CowGSFA,Gang Gang,5IcR3N7QB1j6KBL8eImZ8m,ScHoolboy Q,48,True,135493,0.832,0.491,-5.721,0.109,0.0157,1.34e-05,0.651,0.0561,129.979,0
6BfdcIPOdGPMxlLKhgDW4f,Never Change (feat. Future),"6Xgp2XMz1fhVYe7i6yNAax,1RyvyyTE3xzB2ZywiAwp0i","Trippie Redd,Future",48,True,173846,0.345,0.749,-6.065,0.163,0.121,0.0,0.187,0.613,154.984,1
26FNTVsgF4m31xvDgFfhGW,Mit Dir,2Im8m4STDBosjfmb5hmP80,Loredana,48,False,158049,0.752,0.526,-5.863,0.335,0.159,8.62e-06,0.0584,0.643,195.897,0
7kQMPnMzK1bykUxmF4QXbV,Intro-Résumé,1XKjtpH5P81gpOXDB91IEB,Miami Yacine,48,True,148264,0.578,0.597,-7.935,0.448,0.774,0.0,0.201,0.321,150.176,0
2MpaGhvIcWxGpTppgQWM1D,GEHT NICH GIBS NICH,"5p7mWeX4RlvqBCxylfiXdE,3drqpTL4sQOckmAfF9i1wg","KC Rebell,Summer Cem",48,False,180160,0.73,0.594,-9.04,0.347,0.0793,0.000417,0.128,0.427,139.855,1
6RS6rcjnWrdfVuu2U2W2dj,Make It To Christmas,2wUjUUtkb5lvLKcGKsKqsR,Alessia Cara,48,False,211013,0.522,0.522,-7.87,0.0383,0.13,0.0,0.438,0.305,77.072,0
3fEpuoSr8ufvyRR7s2jB3U,Hot Summer,"1MHslxKWxauC559dXYEX1C,6oMuImdp5ZcFhWP0ESe6mG","DJ Durel,Migos",48,True,231481,0.918,0.632,-6.979,0.278,0.0236,0.0,0.378,0.396,92.011,1
2BM7nF0pMIpLQOT04o691Z,Hurts 2B Human (feat. Khalid),"1KCSPY1glIKqW2TotWuXOR,6LuN9FCkKOj5PcnpouEgny","P!nk,Khalid",48,False,202640,0.463,0.62,-5.647,0.167,0.131,0.0,0.0619,0.158,83.031,1
2MdMjF20umbTe4y2FgdnG8,Chloraseptic (feat. Phresher),"7dGJo4pcD2V6oG8kP0tJRR,0FTrIsp2Mg7Bkf8eXQrISa","Eminem,PHresher",48,True,301146,0.894,0.749,-6.415,0.274,0.0396,0.0,0.272,0.381,132.06,1
4UQeq4HUvC5uPEA9pWTgPW,Gone,"25uiPmTg16RbhZWAqwLBy5,04vj3iPUiVh5melWr0w3xT","Charli XCX,Christine and the Queens",48,True,245480,0.906,0.438,-7.574,0.0654,0.0425,2.18e-05,0.071,0.64,114.008,1
2U3LJfQB0ALLxC7Yy0QW7l,Unicorn Purp (feat. Young Thug & Gunna),"1RyvyyTE3xzB2ZywiAwp0i,50co4Is1HCEo8bhOyUWKpn,2hlmm7s2ICUX0LVIhVFlZQ","Future,Young Thug,Gunna",48,True,246915,0.833,0.761,-4.905,0.195,0.0158,1.41e-06,0.161,0.377,134.047,1
7znO2T2deQ7nZUbyxEAMDB,Be Yourself,6Xgp2XMz1fhVYe7i6yNAax,Trippie Redd,48,True,196861,0.57,0.535,-6.77,0.212,0.264,3.71e-06,0.111,0.0734,90.568,0
2zVawCwOXmkr5pFw5O6MoB,IO PUO' (feat. Salmo) - prod. Low Kidd,"7Do8se3ZoaVqUt3woqqSrD,0vZAzVAFQL1gKLBPfnXMaS,6ZpOQK1OKdCybuOgMkdbUh,3hBQ4zniNdQf1cqqo6hzuW","MACHETE,Jack The Smoker,Beba,Salmo",48,True,175098,0.581,0.661,-7.715,0.453,0.137,0.0,0.115,0.326,108.252,1
04zis09KAgMvMod8Eohrp1,Bad Lil Vibe (feat. Jeremih),"1nzgtKYFckznkcVMR3Gg4z,3KV3p5EY4AvKxOlhGHORLg","KSI,Jeremih",48,True,137544,0.571,0.669,-4.513,0.0619,0.0391,2.39e-06,0.363,0.146,117.576,1
0rHToGels2lt8Y0mCYoF90,Deck The Halls,7v4imS0moSyGdXyLgVTIV7,Nat King Cole,48,False,68760,0.684,0.437,-10.522,0.0491,0.742,1.58e-05,0.224,0.964,107.607,0
2UrPiYObE8itBR1U44Zu3A,ROCKSTAR BIKERS & CHAINS,2hlmm7s2ICUX0LVIhVFlZQ,Gunna,48,True,129320,0.89,0.564,-9.285,0.23,0.00481,0.0,0.312,0.332,120.029,0
2K4XbdyLxi9jhqVQeyUKRK,Under The Mistletoe,"3BmGtnKgCSGYIUhmivXKWX,0qSX3s5pJnAlSsgsCne8Cz,5D9NYfOaGxFKCalJIeia1N","Kelly Clarkson,Brett Eldredge,Atlantic Holiday",48,False,225687,0.437,0.802,-5.063,0.111,0.0168,0.0,0.086,0.704,178.137,1
7Bvp5JUJiyUrMgvH4DR0wH,Siren,"69GGBxA162lTqCwzJG5jLp,7oNtf1MwhHcyXRsYXE1WsG","The Chainsmokers,Aazar",48,False,174306,0.584,0.786,-4.319,0.133,0.36,0.0163,0.372,0.272,150.06,1
01GmGxOPy22EdAZGC0X6q1,We Go High,1anyVhU62p31KFi8MEzkbf,Chance the Rapper,48,True,299167,0.657,0.644,-5.698,0.363,0.802,0.0,0.101,0.567,85.283,0
260R90ctQ1SiPax90PuEsT,Hobby Hobby,5wyWp867LWGjFmYZXVSFnZ,MERO,48,True,153307,0.737,0.75,-6.464,0.298,0.379,0.0,0.131,0.857,81.955,0
6XRgC4KAp4upKu0v7H4tQo,Lo/Hi,7mnBLXK823vNxN3UWB7Gfz,The Black Keys,48,False,177002,0.606,0.679,-7.445,0.0321,0.015,0.000427,0.234,0.705,122.012,0
45uPKvMUFmObuDYka9AnKa,Pardon My Ego,4xRYI6VqpkE3UwrDrAZL8L,Logic,48,True,173546,0.876,0.954,-4.962,0.0683,0.0631,0.00538,0.0637,0.506,95.489,0
2nAAFnHiXRdWhsqoeqhhnr,Rooting For You,3Bd1cgCjtCI32PYvDC3ynO,London Grammar,48,False,269613,0.251,0.254,-7.552,0.0369,0.913,1.81e-06,0.088,0.17,176.602,0
2PJ55QsqjSVwN2esqfMDFu,We Could Go Back,"1HBjj22wzbscIZ9sEb5dyf,6mctsJBrfcWvWH7S8h716D","Jonas Blue,Moelogo",48,False,192449,0.701,0.771,-5.714,0.0363,0.118,0.00108,0.106,0.227,100.024,1
1mH6tZC6iXIHPI6EixCwxw,I Wish It Could Be Christmas Everyday,7823Dim2TzjiQQ9wRQxyi9,Wizzard,48,False,278946,0.383,0.914,-6.43,0.0515,0.00422,1.4e-05,0.444,0.528,139.955,0
4bi9YrkOvmg4Eb7h00AW2c,Fall Threw (feat. Young Thug & Gunna),"1pPmIToKXyGdsCF6LmqLmI,50co4Is1HCEo8bhOyUWKpn,2hlmm7s2ICUX0LVIhVFlZQ","Rich The Kid,Young Thug,Gunna",48,True,189830,0.832,0.649,-6.781,0.482,0.0252,0.0,0.255,0.699,76.01,1
5SleX0NFeODNY7Xenal3gr,Only You,1Xylc3o4UrD53lo9CvFvVg,Zara Larsson,48,False,222373,0.547,0.592,-7.294,0.0388,0.496,1.26e-06,0.168,0.451,164.027,0
003eoIwxETJujVWmNFMoZy,Growing Pains,2wUjUUtkb5lvLKcGKsKqsR,Alessia Cara,48,False,193680,0.353,0.755,-6.276,0.733,0.0822,0.0,0.39,0.437,191.153,0
6t4rYZeShwJai1YSs0tWOQ,Scars,2wY79sveU1sp5g7SokKOiI,Sam Smith,48,False,183535,0.567,0.399,-10.385,0.0981,0.759,0.000153,0.119,0.431,77.389,0
066QkK1heGoXBUPBbcOhEG,The Glorious Five,4xRYI6VqpkE3UwrDrAZL8L,Logic,48,True,216520,0.823,0.842,-7.539,0.0477,0.0359,0.0,0.381,0.396,91.995,0
3MzDvWYbRMAgkOFu5DhNvh,Love Me Better,7KMqksf0UMdyA0UCf4R3ux,James Blunt,48,False,218529,0.669,0.582,-7.419,0.0665,0.044,1.38e-05,0.0744,0.492,89.99,0
72HP2M4jjw4t0AIGdEVGEF,Take Me Home For Christmas,7z5WFjZAIYejWy0NI5lv4T,Dan + Shay,48,False,203880,0.694,0.769,-4.665,0.0325,0.163,0.0,0.0976,0.663,93.033,0
6tjituizSxwSmBB5vtgHZE,Holly Jolly Christmas,1GxkXlMwML1oSg5eLPiAz3,Michael Bublé,48,False,121526,0.647,0.465,-8.308,0.0428,0.865,0.0,0.0882,0.699,151.251,0
5LXj9Ch3O9ATm1NoHT8GXn,Hypnotised,4gzpq5DPGxSnKTe4SA8HAU,Coldplay,48,False,355172,0.513,0.683,-6.185,0.032,0.339,0.739,0.0871,0.153,120.056,0
45DANEAozzOPHrqmERidgn,I Try,6Xgp2XMz1fhVYe7i6yNAax,Trippie Redd,47,True,161436,0.595,0.627,-6.751,0.0327,0.229,0.0,0.198,0.574,75.013,0
3kh6liHZ8IHHRFMHXNJ79Y,Higher We Go - Intro,6oMuImdp5ZcFhWP0ESe6mG,Migos,47,True,255849,0.815,0.547,-4.041,0.0942,0.0768,0.0,0.215,0.183,152.0,0
1zayuwd1YLZsYDArkruHdL,The Heart Part 4,2YZyLoL8N0Wb9xBt1NhZWg,Kendrick Lamar,47,True,288554,0.672,0.434,-15.218,0.765,0.501,0.000125,0.272,0.54,129.209,0
3YCUPKddcFr4s6iL4mj6Xy,Meet Me on the Roof,7oPftvlwr6VrsViSDV7fJY,Green Day,47,False,159607,0.409,0.948,-5.908,0.115,2.87e-05,0.0,0.741,0.839,171.132,0
1wur1SW656paPv7EyTqWu4,Happy Xmas (War Is Over),4S9EykWXhStSc15wEx8QFK,Céline Dion,47,False,254706,0.351,0.604,-5.256,0.0293,0.477,0.0,0.311,0.168,172.075,0
7GfhZZq8plOVTeqsDMbftc,Higher Higher,31TPClRtHm23RisEBtV3X7,Justin Timberlake,47,False,258506,0.658,0.62,-6.634,0.0517,0.149,1.22e-05,0.157,0.522,89.955,0
1mdJ39D1lrR3aWIOhgeNaE,Wir ticken,"4WZGDpNwrC0vNQyl9QzF7d,6h1s4i4XKIYv4ErDelLDN0","Capital Bra,Samra",47,True,203066,0.63,0.692,-4.951,0.427,0.275,0.0,0.167,0.82,179.877,1
6e2PtJYcltVk76nLwxBzRn,One Day (feat. Ryan Tedder),"4xRYI6VqpkE3UwrDrAZL8L,4we5S2VLjgY9KzIzApL1KI","Logic,Ryan Tedder",47,True,199866,0.529,0.871,-5.831,0.155,0.118,0.000164,0.115,0.272,189.837,1
2Imn5iTu2xD3gXCqpBqubu,Tick Tock,3MZsBdqDrRTJihTHQrO6Dq,Joji,47,False,132215,0.781,0.613,-5.582,0.0524,0.0399,0.00713,0.0976,0.613,80.53,0
6pRoE3RdW4w1Fjd8epVWjZ,Use Me,1RyvyyTE3xzB2ZywiAwp0i,Future,47,True,256342,0.573,0.538,-5.462,0.138,0.253,0.0,0.0622,0.148,152.096,0
1nxufatvWIGPPBtPACXzu8,Let 'Em Talk (feat. Eagles of Death Metal),"6LqNN22kT3074XbTVUrhzX,02uYdhMhCgdB49hZlYRm9o","Kesha,Eagles Of Death Metal",47,True,185813,0.479,0.929,-3.461,0.141,0.0356,0.13,0.148,0.603,179.912,1
4lc61NBCDzy2srBHDQeTfN,RACKS BLUE,1RyvyyTE3xzB2ZywiAwp0i,Future,47,True,204311,0.868,0.548,-7.864,0.171,0.233,2.67e-06,0.181,0.557,139.999,0
7rKKh8AGVXuNXgLBpTBTFH,One Day (ft. Ryan Tedder),"4xRYI6VqpkE3UwrDrAZL8L,4we5S2VLjgY9KzIzApL1KI","Logic,Ryan Tedder",47,True,198106,0.546,0.871,-5.81,0.148,0.139,8.28e-05,0.104,0.303,189.723,1
1foCxQtxBweJtZmdxhEHVO,Santa Baby (with Henri René & His Orchestra),"1AwO9pWEBSBoWdEZu28XDC,52G7KZspBD4cCmuRDYRAtx","Eartha Kitt,Henri Rene & His Orchestra",47,False,206066,0.7,0.139,-12.346,0.0607,0.902,0.0,0.185,0.49,84.485,1
2uSLx5uwRIhiA3sJJraNqX,Help Me Out (with Julia Michaels),"04gDigrS5kc9YWfZHwBETP,0ZED1XzwlLHW4ZaG4lOT6m","Maroon 5,Julia Michaels",47,False,193603,0.938,0.549,-4.884,0.067,0.479,3.92e-05,0.101,0.52,115.036,1
1c9hQ4jqgVP10plon2B259,Tycoon,1RyvyyTE3xzB2ZywiAwp0i,Future,47,True,203528,0.858,0.598,-7.407,0.357,0.0223,0.0,0.174,0.85,157.03,0
5qdaaB2RYHohGB1vglLuAf,Lookin Exotic,1RyvyyTE3xzB2ZywiAwp0i,Future,47,True,226862,0.589,0.63,-5.289,0.0985,0.0601,0.0,0.102,0.0486,76.494,0
6kmSmIbfnGTaGCgwFW7umS,Tales,5IcR3N7QB1j6KBL8eImZ8m,ScHoolboy Q,47,True,173280,0.773,0.82,-4.454,0.245,0.348,1.65e-06,0.128,0.717,140.021,0
3eMwf7uAEn1VJcmd12gMmi,Fightclub,"4WZGDpNwrC0vNQyl9QzF7d,6h1s4i4XKIYv4ErDelLDN0,07SFzTMeYf5P8Rd32a9Zzw","Capital Bra,Samra,AK AUSSERKONTROLLE",47,False,237333,0.749,0.596,-4.374,0.447,0.0325,0.0,0.155,0.205,179.989,1
03XfngWwNfhEjrnEga73Rg,"Swivel (with EARTHGANG) - From The Album ""Mirrorland""","1iNqsUDUraNWrj00bqssQG,5MbNzCW3qokGyoo9giHA3V","Dreamville,EARTHGANG",47,True,194613,0.507,0.545,-7.209,0.43,0.25,0.0,0.239,0.392,78.461,1
3ALgsy4RtDm58xl3VNoSgZ,BABY DADDY,"6icQOAFXDZKsumw3YXyusw,3wyVrVrFCkukjdVIdirGVY,4DdkRBBYG6Yk9Ka8tdJ9BW","Lil Yachty,Lil Pump,Offset",47,True,185883,0.972,0.482,-6.128,0.0702,0.00872,0.0,0.149,0.0767,125.013,1
64kfyGcf5dvbw92Vv4THCj,Fun,0C8ZW7ezQVs4URX5aX7Kqx,Selena Gomez,47,False,189382,0.863,0.419,-10.144,0.437,0.076,4.92e-05,0.151,0.523,113.866,0
7BzjpnOxxngXt1LZiVXhND,POA,1RyvyyTE3xzB2ZywiAwp0i,Future,47,True,248747,0.818,0.746,-6.187,0.177,0.000441,2.11e-06,0.176,0.609,147.977,0
5xesHO6GLWTrjsKOjAXRmf,Checklist (with Calvin Harris) (feat. WizKid),"2cWZOOzeOm4WmBJRnD5R7I,7CajNmpbOovFoOoasH2HaY,3tVQdUvClmAT7URs9V3rsp","Normani,Calvin Harris,WizKid",47,False,169813,0.89,0.624,-3.966,0.103,0.0937,5.44e-06,0.0903,0.762,116.056,1
4ANFPo7dzs2DdPuONXC9bp,Please Tell Me,1RyvyyTE3xzB2ZywiAwp0i,Future,47,True,204520,0.881,0.549,-5.589,0.272,0.0091,0.0,0.137,0.202,144.019,0
5e0RPsQUTQu0A29wqD6bZR,Super Trapper,1RyvyyTE3xzB2ZywiAwp0i,Future,47,True,230129,0.816,0.414,-7.953,0.119,0.423,0.0,0.125,0.197,150.008,0
1x4MJYA9mJRph3fygU51K4,Next,"5pVRwX5ZQR7hfJ18w8ZYkl,18ISxWwWjV6rPLoVCXf1dz","Ufo361,RIN",47,True,164470,0.825,0.749,-4.805,0.182,0.0199,0.0,0.14,0.31,154.943,1
6QBZlIxCB2lAPU2bM1ut1p,Dynamite - Instrumental,3Nrfpe0tUJi4K4DXYWgMUX,BTS,47,False,198770,0.861,0.658,-6.966,0.05,0.00903,0.803,0.0443,0.625,114.0,0
4TzXqUIcdpAmre24puQ6Uu,Tats On My Face,4DdkRBBYG6Yk9Ka8tdJ9BW,Offset,47,True,182023,0.88,0.335,-8.742,0.297,0.226,0.0,0.107,0.213,140.061,0
5nL0vuUo0oBm26obUe5Ogu,2ollipop,19i93sA0D7yS9dYoVNBqAA,tha Supreme,47,True,149305,0.768,0.756,-5.402,0.0988,0.31,0.0,0.0745,0.856,160.049,0
7BZeyb1wPX9t78rWbLWiky,Karma,5vBSrE1xujD2FXYRarbAXc,Years & Years,47,True,193880,0.79,0.506,-7.052,0.118,0.146,0.0,0.0876,0.456,105.018,0
4vv1KjUzPwrtDbozizSfQc,Don't Quit (feat. Travis Scott & Jeremih),"0QHgL1lAIqAw0HtD7YldmP,7CajNmpbOovFoOoasH2HaY,0Y5tJX1MQlPlqiwlOH1tJY,3KV3p5EY4AvKxOlhGHORLg","DJ Khaled,Calvin Harris,Travis Scott,Jeremih",47,True,229146,0.652,0.827,-3.98,0.0445,0.015,0.0,0.432,0.659,100.011,1
11LguGpEjOklkNQr70nrHQ,She Couldn't,6XyY86QOPPrYVGvF9ch6wz,Linkin Park,47,False,305847,0.664,0.734,-5.848,0.0462,0.0614,0.725,0.126,0.864,97.997,0
5H7CwzYZ60e7w69tX4ivQN,Shape of You - Galantis Remix,"6eUKZXaKkcviH0Ku9w2n3V,4sTQVOfp9vEMCemLw50sbu","Ed Sheeran,Galantis",47,False,195988,0.838,0.765,-2.332,0.0462,0.0514,0.00021,0.0297,0.905,100.021,1
7aW0z1jKq6FgB7ffpbocg6,Love Is Gone,"02kJSzxNuaWGqwubyUba0Z,76yeOnINtQSXyoEHbkYmtY","G-Eazy,Drew Love",47,True,234613,0.631,0.79,-5.128,0.391,0.144,0.0,0.213,0.23,80.522,1
4CEFxa53bQl45kF3Fq6CeD,It's A Raid (feat. Post Malone),"6ZLTlhejhndI4Rh53vYhrY,246dkjvS1zLTtiykXe5h60","Ozzy Osbourne,Post Malone",47,True,260016,0.472,0.996,-0.578,0.16,0.00687,0.0,0.392,0.114,117.004,1
7MqL7uh6zGd8x0B9srz3r0,Gib Gas,"5pVRwX5ZQR7hfJ18w8ZYkl,3CJKkU0XuElRT1z8rEtIYg","Ufo361,Luciano",47,True,173200,0.675,0.852,-4.529,0.0958,0.0712,0.179,0.667,0.277,74.996,1
384Oc8MQzITdL2DGyCeivN,Kept Back (feat. Lil Pump) - Bonus Track Version,"13y7CgLHjMVRMDqxdx0Xdo,3wyVrVrFCkukjdVIdirGVY","Gucci Mane,Lil Pump",47,True,177651,0.907,0.637,-5.498,0.117,0.0713,0.0,0.0816,0.496,130.012,1
2hIFuoXhzcZGvmdtSE35lc,Best Man,"6extd4B6hl8VTmnlhpl2bY,0Y5tJX1MQlPlqiwlOH1tJY,0VRj0yCOv2FXJNP47XQnx5","Huncho Jack,Travis Scott,Quavo",47,True,266879,0.673,0.687,-4.567,0.0545,0.00304,4.77e-05,0.317,0.159,106.859,1
3eYnKe0LhQA1B5HEkQaRTP,The Christmas Song (Chestnuts Roasting On An Open Fire),"1uNFoZAHBGtllmzznpCI3s,23zg3TcAtWQy7J6upgbUnj","Justin Bieber,Usher",47,False,215160,0.533,0.436,-9.542,0.0289,0.45,0.0,0.102,0.169,103.477,1
2gXOzCwbVXACCaYRj4Qrep,Temptation,1RyvyyTE3xzB2ZywiAwp0i,Future,47,True,167672,0.66,0.55,-6.744,0.184,0.164,0.000204,0.199,0.299,130.004,0
01VvADRZqvXrHfwAKUOS8v,Peek A Boo,"6icQOAFXDZKsumw3YXyusw,6oMuImdp5ZcFhWP0ESe6mG","Lil Yachty,Migos",47,True,246325,0.954,0.578,-7.094,0.316,0.0691,0.0,0.102,0.26,127.061,1
3HxYOwZZHZn5mC1drqPQqR,It's A Slime (feat. Lil Uzi Vert),"50co4Is1HCEo8bhOyUWKpn,1xr2G8Hlx4QWmT9HaUbmoO,4O15NlyKLIASxsJ0PrXPfz","Young Thug,Young Stoner Life,Lil Uzi Vert",47,True,142840,0.863,0.464,-10.559,0.346,0.00449,0.0,0.0938,0.566,75.5,1
77F0NNChJGfDBp3fTCWaDc,DISPOVERY CHANNEL (feat. Nitro),"3hBQ4zniNdQf1cqqo6hzuW,6jQZzWW3JlEtcRDSzFVKSP","Salmo,Nitro",47,True,204400,0.852,0.816,-7.276,0.23,0.127,3.24e-05,0.245,0.531,140.061,1
1sFWEpf1aPYN576LS1aa4Y,Silent Night,4iHNK0tOyZPYnBU7nGAgpQ,Mariah Carey,47,False,219293,0.172,0.363,-11.667,0.0343,0.812,0.0,0.113,0.236,174.903,0
0m0Ew7RcwZaBS8psxgE00P,Derdim Olsun,1Fg19vpUJpAAPFjnKaVYVW,Reynmen,47,False,195483,0.629,0.581,-7.541,0.0577,0.548,0.0,0.127,0.388,123.982,0
4TIngwQM4tE0V3BCg9WDFV,Confess,"4xRYI6VqpkE3UwrDrAZL8L,2N4EYkIlG1kv25g6Wv8LGI","Logic,Killer Mike",47,True,343026,0.751,0.972,-2.821,0.0876,0.278,0.00109,0.139,0.481,122.946,1
2QEnZJ8FwpBoyLKcFcgceT,Government Official,1RyvyyTE3xzB2ZywiAwp0i,Future,47,True,150760,0.801,0.774,-5.125,0.157,0.0365,3.03e-06,0.114,0.321,144.988,0
06GcodDliPWAYFX2LSFLIu,Vertigo,6LuN9FCkKOj5PcnpouEgny,Khalid,47,False,270413,0.487,0.458,-7.761,0.0371,0.552,0.0257,0.117,0.207,115.989,0
4YGzGGnOCahszVbDkkzP8q,Anziety,"4xRYI6VqpkE3UwrDrAZL8L,2uvY5pgdD9t1CZ5zMNw1rl","Logic,Lucy Rose",47,True,412560,0.639,0.807,-6.553,0.0655,0.302,0.0,0.119,0.575,122.965,1
4vkVvmjIiQibQ6zJnC1Q9z,Sucker for You,2JLqTvFXmC87BksiCsBezV,Matt Terry,47,False,203813,0.874,0.649,-4.385,0.0833,0.218,0.0,0.337,0.712,95.004,0
3XAWpSxJMPeIwxXc5g9en1,Made Men,6oMuImdp5ZcFhWP0ESe6mG,Migos,47,True,288023,0.823,0.73,-3.292,0.0434,0.348,0.0,0.198,0.286,154.932,0
3Jo2cNQKU6Je7LVClYyJH9,Top Down On Da NAWF,6oMuImdp5ZcFhWP0ESe6mG,Migos,47,True,295487,0.813,0.439,-7.427,0.071,0.00321,0.0101,0.106,0.165,151.017,0
2LqoYvMudv9xoTqNLFKILj,good day,1URnnhqYAYcrqrcwql10ft,21 Savage,47,True,242447,0.966,0.519,-5.682,0.306,0.00359,0.0,0.254,0.119,122.195,0
7gbpozqwdFoqvv19BTk2hu,Sanctify,5vBSrE1xujD2FXYRarbAXc,Years & Years,47,False,189815,0.667,0.624,-5.527,0.0688,0.0152,2.05e-05,0.296,0.19,101.96,0
2GxHx0bbc0BK7Z0ChMJUtO,Träume werden wahr,"5wyWp867LWGjFmYZXVSFnZ,0Mh0QuhaJ6WIW0qrJwzMmt","MERO,BRADO",47,True,165640,0.84,0.764,-6.344,0.191,0.335,7.81e-06,0.118,0.485,130.113,1
0viGbbEJ9xV6qNJsTaXruz,I Need You Christmas,7gOdHgIoIKoe4i9Tta6qdD,Jonas Brothers,47,False,206066,0.359,0.497,-6.244,0.0288,0.637,0.0,0.105,0.169,99.186,0
1KAhsLqLYiqCZ1G8ljKDtB,Midnight Summer Jam,31TPClRtHm23RisEBtV3X7,Justin Timberlake,47,False,312533,0.805,0.759,-5.198,0.0438,0.101,0.354,0.183,0.721,120.057,0
3LR0t8XqZ1FUj6nj01sXN0,Who Want The Smoke?,"6icQOAFXDZKsumw3YXyusw,4kYSro6naA4h99UJvo89HB,4DdkRBBYG6Yk9Ka8tdJ9BW","Lil Yachty,Cardi B,Offset",47,True,198666,0.899,0.751,-4.063,0.311,0.0732,0.0,0.127,0.636,140.029,1
5cHPAqi6V5JPMy0vqS4lK6,Stuck Together (feat. Lil Baby),"1pPmIToKXyGdsCF6LmqLmI,5f7VJjfbwm532GiveGC0ZK","Rich The Kid,Lil Baby",46,True,132906,0.927,0.497,-9.062,0.426,0.301,0.0,0.106,0.675,130.013,1
5UVNjOSh27encRBqTpBWup,CUDDLE MY WRIST,1RyvyyTE3xzB2ZywiAwp0i,Future,46,True,181894,0.903,0.503,-9.188,0.335,0.0744,2.09e-05,0.125,0.203,125.0,0
4EmLZvANhzJKh2Dt4k2GQK,5G,58wXmynHaAWI5hwlPZP3qL,Booba,46,True,188976,0.913,0.52,-8.581,0.348,0.174,0.0,0.0592,0.568,126.959,0
2c09gumRCmu3qmbcqdQbUN,THUG LIFE,1Bl6wpkWCQ4KVgnASpvzzA,BROCKHAMPTON,46,True,122986,0.576,0.74,-6.195,0.0854,0.274,3e-06,0.0948,0.37,159.959,0
4Zo33RKIwOIiVsZZtXsKU4,Twelve Days Of Christmas,"6ZjFtWeHP9XN7FeKSUe80S,2NCGI6dLTxLdI9XHdv7QfM","Bing Crosby,The Andrews Sisters",46,False,203746,0.629,0.292,-10.737,0.06,0.883,0.0,0.136,0.83,142.543,1
0MfVTButkC0WU7aUcIskU6,La Dee Da,7jy3rLJdDQY21OgRLCZ9sD,Foo Fighters,46,False,242760,0.352,0.804,-8.11,0.059,4.96e-05,0.00441,0.454,0.224,175.716,0
0Ai6qtPfiEYGCqBGJYWD1W,Three Lions,3LtYMPncqtiugGwOuuLq3h,"Baddiel, Skinner & Lightning Seeds",46,False,228360,0.55,0.699,-8.793,0.0295,0.0804,0.0,0.346,0.648,126.306,0
6csZYoffpZ7iuSw83x2zVy,Scooby Doo Pa Pa,431Pb5EV8KsCBGTw96ZTQ4,Dj Kass,46,False,145972,0.913,0.788,-2.889,0.263,0.0546,0.00064,0.168,0.544,120.934,0
2f9LSU0aBW04w6KL26DW8r,Come Closer (feat. Drake),"3tVQdUvClmAT7URs9V3rsp,3TVXtAsR1Inumwj472S9r4","WizKid,Drake",46,True,211273,0.835,0.457,-7.455,0.204,0.138,1.96e-06,0.109,0.544,99.99,1
4oLuMvGQ4WJfU2s4OM6nfE,Culture (feat. DJ Khaled),"6oMuImdp5ZcFhWP0ESe6mG,0QHgL1lAIqAw0HtD7YldmP","Migos,DJ Khaled",46,True,153557,0.825,0.7,-5.098,0.243,0.0379,0.0,0.139,0.317,132.996,1
2VsCE6ui7N4IRzGIGT7Di8,O Christmas Tree,2lolQgalUvZDfp5vvVtTYV,Tony Bennett,46,False,207253,0.571,0.0982,-14.34,0.0425,0.949,1.71e-06,0.109,0.0857,74.271,0
3ZVw1HR1QAQoKBygbhG4CE,I Love You Dwayne,55Aa2cqylxrFIXC767Z865,Lil Wayne,46,False,120302,0.647,0.814,-16.493,0.941,0.81,0.0,0.445,0.0787,140.685,0
2rIY8S6doGY1SEZIh7siw1,Too Much Jewelry,6oMuImdp5ZcFhWP0ESe6mG,Migos,46,True,245664,0.679,0.331,-9.24,0.177,0.222,2.48e-06,0.128,0.217,149.949,0
35ffVv9x4mtzBh5rF1K9sP,CC,"6oMuImdp5ZcFhWP0ESe6mG,13y7CgLHjMVRMDqxdx0Xdo","Migos,Gucci Mane",46,True,259340,0.85,0.731,-6.705,0.193,0.231,0.0,0.0886,0.822,134.009,1
2HbYLDA1SigY1ilC94ieVu,American Sports,7Ln80lUS6He07XvHI8qqHH,Arctic Monkeys,46,False,158040,0.372,0.865,-4.288,0.0513,0.00169,0.00293,0.127,0.594,176.689,0
5xGH4fqJwvMynXn3dcmbpr,You Got It,2EMAnMvWE2eb56ToJVfCWs,Bryson Tiller,46,False,176653,0.788,0.485,-8.096,0.271,0.421,0.0,0.346,0.686,124.933,0
0DtxfqGupuWkfDCtz2lRG0,America,"4xRYI6VqpkE3UwrDrAZL8L,6DJEUXZm0e2rAohdoZ5Voo,1JfH8gevkDviqs50A5NO0L,5G1ozOoTwFiVTKjYMj1HAJ,5MK52mNnvZEOzK42XetZlp","Logic,Black Thought,Chuck D,Big Lenbo,No I.D",46,True,331346,0.838,0.891,-4.155,0.135,0.124,0.000312,0.107,0.605,115.01,1
0ZExP2I5Ej92PsnG4G1jVG,Uh Huh,0ZED1XzwlLHW4ZaG4lOT6m,Julia Michaels,46,True,178973,0.764,0.672,-4.924,0.184,0.136,4.84e-05,0.0764,0.528,137.948,0
5nWZrdb87paLgk6dPGgILz,AfricAryaN,"4xRYI6VqpkE3UwrDrAZL8L,1v3r802Az10JtIzSPawWzw","Logic,Neil deGrasse Tyson",46,True,728413,0.531,0.797,-7.018,0.154,0.154,0.0,0.0902,0.342,104.027,1
53LkLW4k4w7EOayzvx70O9,Mos Definitely,4xRYI6VqpkE3UwrDrAZL8L,Logic,46,True,206293,0.604,0.872,-4.01,0.288,0.0978,0.0,0.121,0.732,64.331,0
3XaNHbNa9Chz9plhRpcaof,everything,"20qISvAhX20dpIbOOzGK3q,1W3FSF1BLpY3hlVIgvenLz,5K4W6rqBFWDnAN6FQUkS6x","Nas,The-Dream,Kanye West",46,True,452504,0.569,0.541,-6.036,0.381,0.474,0.0,0.254,0.206,82.423,1
0URaKGzNTtzKRtsJN1RkA9,Light,"0c173mlxpT3dSFRgMO8XPh,3KV3p5EY4AvKxOlhGHORLg","Big Sean,Jeremih",46,True,210506,0.505,0.611,-5.976,0.0648,0.826,0.0,0.108,0.176,85.944,1
1vi9adPJiD4d22ybGp25hy,Cops Shot The Kid,"20qISvAhX20dpIbOOzGK3q,5K4W6rqBFWDnAN6FQUkS6x","Nas,Kanye West",46,True,167907,0.442,0.71,-5.142,0.684,0.0264,0.0,0.618,0.508,205.116,1
2GdDsXV5v47AZsuwtGjKKy,Kommunikation,"3GBBxBdoolb0B5YizZq9bF,3ZuBEj9ppJe8GSdKaMTfMN","Eno,Nimo",46,True,177040,0.771,0.731,-5.387,0.0534,0.237,3.48e-05,0.217,0.844,76.98,1
095XSaT8I2uI6Uldj2QrSl,Stop The Cavalry,3nohf4qILMr5aUSOsolwxB,Jona Lewie,46,False,176360,0.687,0.496,-4.708,0.0339,0.434,0.00144,0.0613,0.746,97.575,0
110lWlsa8fJXgrrwGgg0f1,Blame It On The Mistletoe,"7nDsS0l5ZAzMedVRKPP8F1,6dn6x1XOng3LOAnfTjUn77","Ella Henderson,AJ Mitchell",46,False,185739,0.68,0.593,-5.036,0.0281,0.0198,0.0,0.145,0.482,114.917,1
2of5xn0GU0TdFneR1saRLH,To the Max (feat. Drake),"0QHgL1lAIqAw0HtD7YldmP,3TVXtAsR1Inumwj472S9r4","DJ Khaled,Drake",46,True,193901,0.461,0.812,-5.776,0.241,0.0184,0.000375,0.21,0.72,159.869,1
4jB8tS25Afh6aXC5w2MbXQ,Movin' Too Fast,6oMuImdp5ZcFhWP0ESe6mG,Migos,46,True,263983,0.87,0.571,-7.297,0.19,0.126,0.0,0.0785,0.159,131.073,0
5UEvfBx5yQ14HALjI8jk3t,When I Was Young,0bdfiayQAKewqEvaU6rXCv,MØ,46,True,219720,0.677,0.689,-5.126,0.119,0.151,0.000207,0.121,0.572,147.864,0
1gOyBTO1fDLDTH8Ap12Wyp,Motion,6LuN9FCkKOj5PcnpouEgny,Khalid,46,False,235920,0.554,0.591,-7.215,0.0634,0.096,0.124,0.58,0.524,80.977,0
7faDzZnZYqTyYThx2sbHVQ,Mistletoe And Holly - Remastered 1999,1Mxqyy3pSjf8kZZL4QVxS0,Frank Sinatra,46,False,136426,0.607,0.103,-14.405,0.0404,0.804,0.0,0.076,0.341,110.378,0
32zhF8yXc1lej5EcudJXp7,Back (feat. Lil Yachty),"3wyVrVrFCkukjdVIdirGVY,6icQOAFXDZKsumw3YXyusw","Lil Pump,Lil Yachty",46,True,197209,0.775,0.559,-8.149,0.0474,0.0102,0.0,0.116,0.489,129.014,1
3CyICSGQGqUaFeYvMJgpnt,High Demand,1RyvyyTE3xzB2ZywiAwp0i,Future,46,True,211691,0.907,0.465,-7.123,0.288,0.0175,1.54e-05,0.117,0.188,141.957,0
4OEOEsOhlzDqQuewiuPJAc,Whiskey (feat. A$AP Rocky),"04gDigrS5kc9YWfZHwBETP,13ubrt8QOOCPljQ2FL1Kca","Maroon 5,A$AP Rocky",46,False,210422,0.597,0.41,-8.293,0.074,0.723,0.0,0.106,0.0736,103.666,1
0SvD6EdetxVtXei2JhkV4B,Wonderful Dream (Holidays Are Coming) - Radio Version,2apYMRrg5FxN4go0pfsCvf,Melanie Thornton,46,False,231933,0.578,0.676,-5.478,0.033,0.114,0.0,0.255,0.524,149.965,0
4cawYWrqMRz0T0hOIVxk6j,Blackberry Sky,3GBBxBdoolb0B5YizZq9bF,Eno,46,True,156497,0.805,0.625,-8.589,0.0434,0.25,0.00527,0.0954,0.647,102.996,0
7yosVOH7pRWrKANBDbsBqI,Shot,"5pVRwX5ZQR7hfJ18w8ZYkl,2gtmbs0Uas9TBSMqkA4zjE","Ufo361,Data Luv",46,False,224400,0.721,0.786,-6.637,0.0703,0.0348,0.00297,0.652,0.255,105.041,1
3yaq0WhtGS0Y6r7vDkw4lc,Good Dope,1RyvyyTE3xzB2ZywiAwp0i,Future,46,True,172225,0.863,0.409,-8.55,0.321,0.0887,0.0281,0.359,0.2,130.011,0
7iAiOtm19uRwipMm7TH6lw,Zoom,1RyvyyTE3xzB2ZywiAwp0i,Future,46,True,278429,0.852,0.438,-7.673,0.426,0.0145,0.0,0.263,0.627,150.945,0
6keKIzkXWdbwJWMBJQUwYl,The First Noel - Remastered 1999,1Mxqyy3pSjf8kZZL4QVxS0,Frank Sinatra,46,False,161373,0.176,0.153,-15.969,0.0365,0.956,0.00012,0.158,0.157,84.741,0
2P3wDebxuSCf415hQq9O0L,KMDF,"6ynopZPMBXcIGBI9M02Un5,5j21TGkrNEAJe3gG9VlS34","Haftbefehl,Shindy",46,True,227240,0.868,0.663,-9.239,0.265,0.0268,0.00228,0.133,0.389,110.019,1
3tuyK9qfen7lPMji9Saw3d,We Both Know,2EMAnMvWE2eb56ToJVfCWs,Bryson Tiller,46,True,160906,0.917,0.392,-5.108,0.316,0.16,0.000158,0.104,0.544,131.514,0
133V82vMO7TB1WYehNUMwW,Outta Time,1RyvyyTE3xzB2ZywiAwp0i,Future,46,True,168607,0.75,0.546,-6.951,0.384,0.00597,3.18e-05,0.377,0.438,75.443,0
1wcYgcBH8WW1kXNezuFBqU,Blow That Smoke (feat. Tove Lo),"738wLrAtLtCtFOLvQBXOXp,4NHQUGzhtTLFvgF5SZesLK","Major Lazer,Tove Lo",46,False,223000,0.719,0.703,-4.93,0.0392,0.032,1.14e-05,0.0656,0.72,101.984,1
7H0NHzIEzCoIENLC2o8Obj,HOW BOUT THAT?,0VRj0yCOv2FXJNP47XQnx5,Quavo,46,True,160644,0.827,0.819,-4.302,0.148,0.00525,0.0,0.184,0.325,145.016,0
1gaK2od5J8GX6KecOaWm4d,More Mess,"7keGfmQR4X5w0two1xKZ7d,3whuHq0yGx60atvA2RCVRW,2DzbXUAn0DiYqcgu2wDfaf","Kungs,Olly Murs,Coely",46,False,206315,0.668,0.807,-4.681,0.0612,0.0696,0.0,0.0625,0.828,113.896,1
3iKALqmeWDBWRlQU8z03kA,To My Grave,7rkW85dBwwrJtlHRDkJDAC,NAV,46,True,160009,0.801,0.636,-5.444,0.0453,0.0144,0.0,0.311,0.21,146.137,0
4EsYkJjHKMejYLp54woB9c,Letterman,137W8MRPWKqSmrBGDBFSop,Wiz Khalifa,46,True,188563,0.93,0.673,-7.314,0.0733,0.0112,0.0,0.138,0.219,134.984,0
4RppWtszgz5gPVOKUQazCH,I'll Be Home For Christmas - Single Version,6ZjFtWeHP9XN7FeKSUe80S,Bing Crosby,46,False,177026,0.199,0.205,-12.732,0.0317,0.678,0.00056,0.318,0.224,80.59,0
42XnD59SFcomCJu55EPhqJ,Big Bidness (& Metro Boomin),"0c173mlxpT3dSFRgMO8XPh,0iEtIxbK0KxaSlF7G42ZOp,17lzZA2AlOHwCwFALHttmp","Big Sean,Metro Boomin,2 Chainz",46,True,273026,0.657,0.579,-10.463,0.275,0.123,0.0,0.102,0.146,84.985,1
5VEuraNSVxMTzDTtrmL3lQ,Winter Wonderland - Remastered,6ZjFtWeHP9XN7FeKSUe80S,Bing Crosby,46,False,142480,0.648,0.228,-12.335,0.0454,0.769,0.0,0.0983,0.503,125.526,0
3jHsYztlhj1GunIF6yIePH,WONDO,7gZfnEnfiaHzxARJ2LeXrf,6ix9ine,46,True,121129,0.775,0.853,-5.867,0.298,0.0785,0.0,0.147,0.537,92.938,0
5ymVfeMK8cDew5vzntTuc7,Sleigh Ride,4sj6D0zlMOl25nprDJBiU9,Andy Williams,46,False,128400,0.571,0.634,-9.155,0.0537,0.724,0.0,0.0864,0.805,109.575,0
2zHu4GAsQIw2skGszWEMFY,The Little Drummer Boy - Remastered 2006,6ZjFtWeHP9XN7FeKSUe80S,Bing Crosby,46,False,180040,0.643,0.131,-15.647,0.0339,0.869,9.48e-05,0.0747,0.445,112.152,0
5KurnDXzOeIYOMQceYidu7,Carnival (feat. Anthony Hamilton),"3AA28KZvwAUcZuOKwyblJQ,2DzRMyWgjuMbYvt5BLbpCo","Gorillaz,Anthony Hamilton",46,False,135946,0.481,0.693,-5.597,0.0791,0.00841,2.3e-05,0.773,0.635,80.946,1
4hrQGaFalrGJfcsILMxjuc,Last Christmas,0B3N0ZINFWvizfa8bKiz4v,James TW,46,False,218266,0.54,0.235,-9.676,0.0458,0.905,0.0,0.15,0.415,119.766,0
4Fj5G5b8MeCrCRDP5JDvpr,Beast,6oMuImdp5ZcFhWP0ESe6mG,Migos,46,True,260224,0.892,0.459,-7.822,0.0951,0.0255,0.0,0.149,0.104,136.982,0
3AgiRs3oxc2dFh0CPUHXJs,Mistletoe and Wine,2nvKpWcP8etYTq4JrRiUiy,Cliff Richard,46,False,245333,0.498,0.432,-14.386,0.0345,0.688,0.0,0.136,0.365,135.015,0
0ITqOOwNtw5DP2GLYAlTQx,No Question (feat Future),"1pPmIToKXyGdsCF6LmqLmI,1RyvyyTE3xzB2ZywiAwp0i","Rich The Kid,Future",46,True,251057,0.885,0.559,-7.085,0.322,0.00176,0.0,0.0973,0.565,76.472,1
3PAwprj5tcrX8vV9BbBL9X,Revival (Interlude),7dGJo4pcD2V6oG8kP0tJRR,Eminem,46,False,51826,0.613,0.288,-9.803,0.0294,0.857,0.0,0.217,0.738,99.917,0
3LyNsopPP3hXf8bZBE7cDk,"Please Shut Up (feat. A$AP Rocky, KEY! & Gucci Mane)","7yO4IdJjCEPz7YgZMe25iS,13ubrt8QOOCPljQ2FL1Kca,2tMOCIpxj6jwM9e6pmwGiP,13y7CgLHjMVRMDqxdx0Xdo","A$AP Mob,A$AP Rocky,KEY!,Gucci Mane",46,True,210333,0.859,0.424,-6.155,0.27,0.102,0.0,0.327,0.293,145.886,1
2i4WKnGYntsN4jEvDjkKBE,CHAMPAGNE ROSÉ (feat. Madonna & Cardi B),"0VRj0yCOv2FXJNP47XQnx5,6tbjWDEIzxoDsBA1FuhfPW,4kYSro6naA4h99UJvo89HB","Quavo,Madonna,Cardi B",46,True,246741,0.86,0.681,-7.016,0.163,0.0372,2.51e-06,0.0749,0.846,153.993,1
2LOkdHHNKdEx24cQELBaD8,Open It Up,6oMuImdp5ZcFhWP0ESe6mG,Migos,46,True,245797,0.767,0.869,-3.87,0.0645,0.276,0.0,0.413,0.474,125.007,0
0qFX9pVJQB4lBMxRoFXqGr,End Of Discussion (feat. Lil Wayne),"1pPmIToKXyGdsCF6LmqLmI,55Aa2cqylxrFIXC767Z865","Rich The Kid,Lil Wayne",46,True,236944,0.784,0.58,-6.656,0.167,0.176,0.0,0.0979,0.338,76.484,1
1J0iYsJuVhqfDhBoSLuO9A,K.O.,6tzRZ39aZlNqlUzQlkuhDV,Pabllo Vittar,45,False,155654,0.689,0.713,-4.34,0.0398,0.505,0.0,0.0846,0.922,155.04,0
1qf82BwoRe9zdLvyvx7oGP,Antisocial (with Travis Scott) - MK Remix,"6eUKZXaKkcviH0Ku9w2n3V,0Y5tJX1MQlPlqiwlOH1tJY,1yqxFtPHKcGcv6SXZNdyT9","Ed Sheeran,Travis Scott,MK",45,False,179501,0.796,0.868,-5.774,0.0992,0.104,0.00024,0.115,0.586,124.981,1
4aBdUWD9fIwI4YyiRTYjpN,Phases,"6c0mTNAxJxlp9HpKTUZwA8,6vXTefBL93Dj5IqAWq6OTv","ALMA,French Montana",45,True,203891,0.767,0.718,-4.392,0.106,0.325,3.26e-06,0.099,0.493,109.991,1
5ffwnb6hqsKZp8cG6q90OW,Something Just Like This - Tokyo Remix,"4gzpq5DPGxSnKTe4SA8HAU,69GGBxA162lTqCwzJG5jLp","Coldplay,The Chainsmokers",45,False,272986,0.365,0.86,-6.996,0.0586,0.00173,0.00112,0.988,0.143,102.863,1
23N0z3XkwS2ErcNKsgCWAb,Wenn die Sonne untergeht,"39KEQQAG9JhIt71g9NEVhh,2otUckChxWf2cp6UP2cD6e","Azet,Zuna",45,True,177103,0.609,0.829,-4.085,0.161,0.132,0.0,0.15,0.394,90.602,1
57Y51hxqMn2j3dosW75R6n,I Can´t Go On,1CQLPgGkfHrxNMqrXt5oWS,Robin Bengtsson,45,False,183990,0.733,0.672,-5.047,0.0427,0.0308,0.0,0.163,0.463,109.007,0
4j30n3zuJQJ5qGA6rSTaST,Too Gone (feat. Khalid),"1pPmIToKXyGdsCF6LmqLmI,6LuN9FCkKOj5PcnpouEgny","Rich The Kid,Khalid",45,True,184904,0.686,0.694,-6.213,0.193,0.154,0.0,0.193,0.441,146.01,1
4Kw3CztmD15X1QGDnnHmLD,Auto Pilot,6oMuImdp5ZcFhWP0ESe6mG,Migos,45,True,287992,0.928,0.721,-5.774,0.15,0.0714,0.0,0.225,0.254,129.997,0
4nBhjVklA3Mtnyzshg4KmD,In Check,2EMAnMvWE2eb56ToJVfCWs,Bryson Tiller,45,True,198146,0.454,0.212,-12.769,0.101,0.939,1.51e-06,0.11,0.416,115.999,0
7GxBuIJugWanLsYj0mDrFX,BERLIN,1Bl6wpkWCQ4KVgnASpvzzA,BROCKHAMPTON,45,True,199013,0.716,0.621,-6.626,0.22,0.051,0.0,0.307,0.644,142.087,0
2i1CnSeLjppv41BTuc7qhY,Frail State Of Mind,3mIj9lX2MWuHmhNCA7LSCW,The 1975,45,False,234811,0.566,0.676,-6.498,0.0383,0.0147,0.00672,0.0733,0.0492,127.973,0
3mNfKVgSiejiZYmFRVjNbQ,Montana,31TPClRtHm23RisEBtV3X7,Justin Timberlake,45,True,279906,0.752,0.757,-5.174,0.0492,0.23,0.139,0.102,0.716,97.986,0
333OkWOgbV6C8I5wRLfuSx,I Got You (Always and Forever),"1anyVhU62p31KFi8MEzkbf,5fikk4h5qbEebqK2Fc6e48,1vaQ6v3pOFxAIrFoPrAcom,4x3CdMQ3YjnPn4Evhyni5y","Chance the Rapper,En Vogue,Ari Lennox,Kierra Sheard",45,False,281181,0.751,0.856,-3.29,0.267,0.137,0.0,0.12,0.574,101.932,1
6vBgJ1SLmpB4VMcEVy1ovL,All I Need,"0XNvr6bnNywV946ZKaJtr0,6sge2FzdYxWSjWc5sBjmoy","Joakim Lundell,Arrhult",45,False,184000,0.698,0.833,-4.868,0.347,0.491,0.0,0.106,0.473,94.99,1
26hcyzSE154xMZCbFdtInA,Taped up Heart (feat. Clara Mae),"0DdDnziut7wOo6cAYWVZC5,6RHKEd9dpzQ4c09x8Zdaxu","KREAM,Clara Mae",45,False,218506,0.675,0.937,-3.525,0.0509,0.152,0.0,0.154,0.567,103.961,1
57QievAWQ13DWl20Obiz8E,Father Of 4 (feat. Big Rube),"4DdkRBBYG6Yk9Ka8tdJ9BW,39uOfkRb9XnAEW9zs3JCbb","Offset,Big Rube",45,True,259833,0.736,0.515,-7.739,0.163,0.384,4.31e-06,0.113,0.421,149.977,1
1Cth2nNUYYfCiSoIei6rCi,HERE (For Christmas),25u4wHJWxCA9vO0CzxAbK7,Lukas Graham,45,False,240689,0.742,0.625,-5.296,0.059,0.296,0.0,0.148,0.31,114.902,0
0i7lZhEMEheehKyCtBJIIL,Silent Night,1eEfMU2AhEo7XnKgL7c304,Carpenters,45,False,201040,0.125,0.174,-16.878,0.0363,0.949,0.00051,0.0881,0.123,89.095,0
5xEWiG0ug0rOymOjlzSGzx,Twisted (feat. Logic & A$AP Rocky),"6vXTefBL93Dj5IqAWq6OTv,5gCRApTajqwbnHHPbr2Fpi,4xRYI6VqpkE3UwrDrAZL8L,13ubrt8QOOCPljQ2FL1Kca","French Montana,Juicy J,Logic,A$AP Rocky",45,True,262353,0.805,0.871,-2.987,0.214,0.009,0.0,0.195,0.926,169.871,1
6Ai7PiAjnb4eIiC05By0i4,O Little Town of Bethlehem,43ZHCT0cAZBISjO8DG9PnE,Elvis Presley,45,False,155493,0.325,0.0409,-19.102,0.0359,0.984,0.000585,0.109,0.212,99.286,0
5mdooqkfMvf7LtIFKReUYg,Sky Full Of Song,1moxjboGR7GNWYIMWsRjgG,Florence + The Machine,45,False,226160,0.533,0.32,-8.819,0.0316,0.731,1.65e-05,0.154,0.291,98.036,0
3tk5DaXxxUoV7b5nOdCDBv,Jesus Christ 2005 God Bless America,3mIj9lX2MWuHmhNCA7LSCW,The 1975,45,False,264006,0.541,0.287,-15.897,0.0345,0.878,0.00822,0.339,0.581,78.947,0
0tXPhc8LvM4dPvoRwI66XQ,I'll Be Home for Christmas,1GxkXlMwML1oSg5eLPiAz3,Michael Bublé,45,False,267608,0.282,0.101,-14.657,0.0315,0.934,5.05e-05,0.159,0.141,83.13,0
0qbfdprRS71e9up5pOmbQo,Trust My Lonely,2wUjUUtkb5lvLKcGKsKqsR,Alessia Cara,45,False,199706,0.615,0.65,-6.167,0.133,0.00535,0.0,0.308,0.658,150.126,0
60T4FDF1tTcFlXkI08FFhL,She Looks Like Fun,7Ln80lUS6He07XvHI8qqHH,Arctic Monkeys,45,True,182560,0.514,0.773,-3.754,0.0388,0.00944,0.00326,0.387,0.445,103.943,0
5vAEnWrHxLv78uwZrAJcX6,Thought I Knew You (feat. The Weeknd),"0hCNtLu0JehylgoiP8L4Gh,1Xyo4u8uXC1ZmMpatF05PJ","Nicki Minaj,The Weeknd",45,True,198280,0.77,0.715,-5.92,0.045,0.0373,0.0018,0.0959,0.468,150.027,1
3FUXVbi9ugVUqJ3rPrfd2G,Before I Let Go - Homecoming Live Bonus Track,6vWDO969PvNqNYHIOW5v0m,Beyoncé,45,False,240776,0.711,0.844,-5.589,0.0967,0.0699,0.0,0.354,0.469,102.999,0
2ODKShrWcNSyoqqCWHzuzR,Girls on Boys,"4sTQVOfp9vEMCemLw50sbu,6jsjhAEteAlY0vCiLvMLBA","Galantis,ROZES",45,True,179680,0.638,0.62,-2.416,0.0555,0.194,0.000113,0.073,0.492,95.868,1
3eIRxkHV1xKsSJ8WWFfGjE,British,4CuMwzDzEdlUJMEna38VQ0,Dark Polo Gang,45,True,188850,0.84,0.488,-7.717,0.168,0.00875,8.39e-05,0.0474,0.307,95.987,0
2eoZr92GWsqCaYkkCGWuxl,J-Boy,1xU878Z1QtBldR7ru9owdU,Phoenix,45,False,248213,0.527,0.916,-6.693,0.0452,0.0313,0.00681,0.164,0.675,98.03,0
2Ysi49tRdVH74d1Cnc4o94,Man With The Bag,2gsggkzM5R49q6jpPvazou,Jessie J,45,False,163560,0.626,0.676,-3.178,0.0739,0.608,0.0,0.493,0.684,140.677,0
3Ulh8AlXmYztutPMN59e0s,Rolling Papers 2,137W8MRPWKqSmrBGDBFSop,Wiz Khalifa,45,True,262175,0.706,0.716,-5.501,0.131,0.0343,1.97e-06,0.143,0.214,171.932,0
7aiKdAM9WYW3GzWSA9OXIl,Batphone,7Ln80lUS6He07XvHI8qqHH,Arctic Monkeys,45,False,271613,0.675,0.681,-5.728,0.0356,0.312,0.0,0.304,0.675,106.521,0
0uxDHazXSSu9bSZ28LsnAN,Tough Love,"1vCWHaC5f2uS3yhpwWbIA6,6SsTlCsuCYleNza6xGwynu,2fVW2ix4ANKiofDZIsy1XR","Avicii,Agnes,Vargas & Lagola",45,False,191248,0.402,0.754,-4.837,0.0432,0.143,0.0,0.358,0.621,108.17,1
7hzjWGFi2HKUGOXp1LiQ3V,Spicy - with Diplo & Charli XCX,"31JFnMfmvwzZGdEnXaKGek,5fMUXHkw8R8eOP2RNVYEZX,25uiPmTg16RbhZWAqwLBy5","Herve Pagez,Diplo,Charli XCX",45,False,157866,0.822,0.825,-4.458,0.052,0.055,0.00661,0.105,0.507,109.993,1
1yHdfeCpeKPmSzQdfqHtq8,SHINE,0VRj0yCOv2FXJNP47XQnx5,Quavo,45,True,163823,0.865,0.612,-6.316,0.384,0.0487,0.0,0.157,0.607,165.023,0
5UzUZULhZL8bW4BqI1ZNOF,Work Hard,6oMuImdp5ZcFhWP0ESe6mG,Migos,45,True,317880,0.799,0.673,-5.076,0.0572,0.0439,0.0,0.133,0.33,147.98,0
1deT8vP3lOVU3XFAKHsSc3,"Cuddle Up, Cozy Down Christmas","32vWCbZh0xZ4o9gkz4PsEU,1GxkXlMwML1oSg5eLPiAz3","Dolly Parton,Michael Bublé",45,False,219169,0.658,0.515,-7.283,0.0368,0.678,0.0,0.154,0.652,110.089,1
0U6Vg6RUmzADUO0Y9fVKft,Golden Trunks,7Ln80lUS6He07XvHI8qqHH,Arctic Monkeys,45,False,173626,0.492,0.564,-5.811,0.0278,0.129,1.73e-05,0.131,0.0896,92.544,0
7E1lnnPsrnHslXSWomUkLP,Entrepreneur (feat. JAY-Z),"2RdwBSPQiwcmiDo9kixcl8,3nFkdlSjzX9mRTtwJOzDYB","Pharrell Williams,JAY-Z",45,False,258959,0.726,0.629,-2.365,0.242,0.318,0.0,0.117,0.73,165.984,1
4Sn5B44sLfQ364FUL98jvN,Missing U,6UE7nl9mha6s8z0wFQFIZ2,Robyn,45,False,297268,0.704,0.677,-7.601,0.0449,0.0529,0.000114,0.169,0.0775,119.928,0
3BoPOp7YNORLqMUjE5XAh9,Big On Big,6oMuImdp5ZcFhWP0ESe6mG,Migos,45,True,290793,0.723,0.768,-5.469,0.0587,0.145,0.0,0.172,0.526,142.022,0
0QSt5KmJzRqU1gFJJfQJ0Q,Introduction,15UsOTVnJzReFVN1VCnxy4,XXXTENTACION,44,False,31200,0.475,0.00543,-20.584,0.0996,0.841,9.63e-05,0.113,0.568,135.578,0
6YeDjSHCDmJKgU8foiaruL,Santa Claus Is Comin' to Town,1Mxqyy3pSjf8kZZL4QVxS0,Frank Sinatra,44,False,154640,0.646,0.204,-11.957,0.0565,0.826,0.0,0.312,0.688,140.281,0
2ri2wEE24Tm7fOJ7sGiz7P,Que Tiro Foi Esse,6bGwi8TG7T8Vcp415XooE5,Jojo Maronttinni,44,False,162444,0.943,0.798,-4.548,0.0629,0.386,0.000518,0.074,0.904,134.997,0
2HD7DoEe9FdtvGdAdQIv5W,"Oh Holy Night - Recorded at Metropolis Studios, London",7AzjETXRUKNRSJHMW9GIqd,Nina Nesbitt,44,False,227887,0.324,0.197,-10.191,0.0337,0.801,0.0,0.115,0.338,178.893,0
45w70aQhNwke1yrQZO0ffm,Do Right,14rP13jdQNgQvuPA2AkBgm,Glades,44,False,194988,0.752,0.679,-6.464,0.0304,0.063,0.0,0.0727,0.669,106.99,0
79GsUxLyzxgnN4I1E11dtO,Make Me Feel,6ueGR6SWhUJfvEhqkvMsVs,Janelle Monáe,44,True,194230,0.859,0.413,-7.399,0.182,0.132,0.0,0.334,0.697,115.035,0
2xGO2UjzxeVQSIkyg98vck,Thank God It's Christmas - Non-Album Single,1dfeR4HaWDbWqFHLkxsg1d,Queen,44,False,261626,0.296,0.421,-8.891,0.0285,0.214,0.0,0.232,0.335,83.425,0
4DywxkC9fZ59pBIOS8UFuX,What Child Is This/The Holly And The Ivy - Medley / Remastered 2006,6ZjFtWeHP9XN7FeKSUe80S,Bing Crosby,44,False,200960,0.34,0.181,-15.232,0.0361,0.982,0.00245,0.108,0.178,112.913,0
7HRuk2l86d8mgdmjhq4ypo,Yeah,3CJKkU0XuElRT1z8rEtIYg,Luciano,44,False,202346,0.898,0.48,-7.964,0.243,0.0733,0.00017,0.141,0.479,83.001,0
1a8051h021Rfl01OhAjjV6,Wave,31TPClRtHm23RisEBtV3X7,Justin Timberlake,44,False,264346,0.935,0.696,-7.185,0.0563,0.0432,0.00021,0.338,0.616,125.014,0
0iV9yfj1knFNOSEiuTHZwl,Have Yourself a Merry Little Christmas,1l7ZsJRRS8wlW3WfJfPfNS,Christina Aguilera,44,False,243133,0.244,0.274,-10.433,0.04,0.871,1.18e-05,0.0897,0.164,68.534,0
5mAxA6Q1SIym6dPNiFLUyd,All Night,"77AiFEVeAVj2ORpC85QVJs,3J0BpFVUc9LeOIVeN5uNhU","Steve Aoki,Lauren Jauregui",44,False,205333,0.545,0.865,-2.601,0.0522,0.0724,4.79e-06,0.919,0.332,89.992,1
6KsFSrVS3DwG4xNAPQvznC,Winter Wonderland,5FxshnB3eJ2YDn8xN8zDKq,Hannah Kerr,44,False,157600,0.676,0.412,-7.97,0.0347,0.796,0.0,0.139,0.47,124.891,0
6hkfgHhYXyDVYahUOZhGRd,Science Fiction,7Ln80lUS6He07XvHI8qqHH,Arctic Monkeys,44,False,185906,0.542,0.766,-5.411,0.0282,0.0295,0.0802,0.396,0.643,88.062,0
4fgV3PU9JBlpJu0w4Yhr76,Hops,5wyWp867LWGjFmYZXVSFnZ,MERO,44,True,154426,0.854,0.623,-8.854,0.0745,0.177,0.0,0.114,0.468,129.991,0
0pdW4B6Sq4MMNz1sFtkR5G,Crown the Kings,6oMuImdp5ZcFhWP0ESe6mG,Migos,44,True,229904,0.868,0.691,-6.048,0.0799,0.0454,0.0,0.166,0.34,143.043,0
1iDPB2WNsGEWuKycQyDGn6,Crazy,3wyVrVrFCkukjdVIdirGVY,Lil Pump,44,True,125217,0.914,0.415,-7.219,0.322,0.027,0.0,0.114,0.496,137.974,0
5DoGwwQAlYumpSSlDNMOwY,It's Not Christmas 'Til You Come Home - Recorded At Spotify Studios NYC,2Kx7MNY7cI1ENniW7vT30N,Norah Jones,44,False,192420,0.475,0.068,-20.032,0.0319,0.893,0.00216,0.105,0.266,95.165,0
36vMHXKIom4mwAlQqoD0sh,Ink Blot,"4xRYI6VqpkE3UwrDrAZL8L,5gCRApTajqwbnHHPbr2Fpi","Logic,Juicy J",44,True,156293,0.749,0.695,-6.592,0.1,0.0538,6.57e-06,0.617,0.416,144.065,1
1sTUEdVO85YU8Ymk2jeAls,Oh Lord,0AJUYWKztkg5dnrHDIBv47,MiC LOWRY,44,False,214744,0.273,0.794,-6.644,0.0675,0.0217,0.0,0.0616,0.377,95.902,0
7F9oCEKbqjN99cV5HpvYER,"White Christmas - Spotify Singles - Holiday, Recorded at Air Studios, London",2ysnwxxNtSgbb9t1m2Ur4j,George Ezra,44,False,192458,0.586,0.32,-12.788,0.0289,0.637,0.00202,0.128,0.437,115.808,0
4at9j7aC7FvDlsllpOvsAC,What U Sayin' (feat. Smokepurpp),"3wyVrVrFCkukjdVIdirGVY,21dooacK2WGBB5amYvKyfM","Lil Pump,Smokepurpp",44,True,140487,0.949,0.524,-7.283,0.0504,0.238,2.22e-05,0.108,0.685,122.959,1
0H0MIfeqip6GKmafftx7kC,Malediven,5wyWp867LWGjFmYZXVSFnZ,MERO,44,True,169219,0.773,0.827,-6.446,0.176,0.315,0.0,0.123,0.884,159.87,0
26pr9oLIVAc1L62F2exIRT,Fragen,"39KEQQAG9JhIt71g9NEVhh,2otUckChxWf2cp6UP2cD6e","Azet,Zuna",44,True,176260,0.839,0.733,-5.26,0.273,0.488,8.28e-05,0.0923,0.409,123.14,1
5rqQTEIVK2PTuXU9GI2wT0,The World's First Ever Monster Truck Front Flip,7Ln80lUS6He07XvHI8qqHH,Arctic Monkeys,44,True,180013,0.602,0.601,-5.742,0.0303,0.346,0.349,0.0735,0.553,145.075,0
59g1IKRYrCBsYLdd0WhKus,Hark! The Herald Angels Sing/It Came Upon A Midnight Clear - Medley / Remastered 2006,6ZjFtWeHP9XN7FeKSUe80S,Bing Crosby,44,False,186066,0.288,0.324,-10.918,0.0331,0.947,0.00065,0.364,0.264,79.719,0
1uPEDUtTJZOkj7CjGDtZGv,God Rest Ye Merry Gentlemen,6ZjFtWeHP9XN7FeKSUe80S,Bing Crosby,44,False,137266,0.474,0.257,-10.772,0.032,0.992,0.00051,0.315,0.684,101.895,0
5D30yNI3b0HAuaBWAGOImI,"Medley: Caroling, Caroling / The First Noel / Hark! The Herald Angels Sing / Silent Night",5v8jlSmAQfrkTjAlpUfWtu,Perry Como,44,False,290760,0.143,0.134,-17.292,0.0324,0.952,0.00144,0.208,0.107,85.992,0
2iES5ck2jsznpywJWMMzWR,NITROUS,3MZsBdqDrRTJihTHQrO6Dq,Joji,44,False,131718,0.827,0.549,-8.188,0.0343,0.556,0.689,0.124,0.381,127.992,0
0QDBNUrc51sGxzmMTvH5kF,Normal People (feat. rei brown),"3MZsBdqDrRTJihTHQrO6Dq,4N7IToHBlPXqlrXiv1Nij6","Joji,rei brown",44,False,166883,0.678,0.685,-9.439,0.0472,0.384,0.736,0.099,0.637,173.104,1
6cbsrCcgGstNCgWFKnrQmc,Mr. Hollywood,3MZsBdqDrRTJihTHQrO6Dq,Joji,44,False,202072,0.717,0.442,-8.045,0.0415,0.691,5.92e-05,0.0811,0.245,115.01,0
3s2rQnjOKEENte75MloNMq,Scrape,1RyvyyTE3xzB2ZywiAwp0i,Future,44,True,217173,0.928,0.496,-8.385,0.154,0.133,0.000196,0.231,0.0782,126.017,0
0juSegsrO7siAAjlNATKV2,Prima di ogni cosa,3pgCLfNbw5ozIfoNsvDU7i,Fedez,44,False,186832,0.617,0.476,-7.086,0.0446,0.643,0.0,0.316,0.429,131.683,0
2TtWdYXulGcHCeUJUWwZ4M,Buckets (feat. Future) - From SR3MM,"7iZtZyCzp3LItcw1wtPI3D,1zNqQNIdeOUZHb8zbZRFMX,7EEiVZvj6RCEtVX2F2pyxu,1RyvyyTE3xzB2ZywiAwp0i","Rae Sremmurd,Swae Lee,Slim Jxmmi,Future",44,True,281298,0.903,0.581,-4.797,0.0686,0.0303,0.000291,0.102,0.264,139.998,1
5FYu8uBB6E11mepU601601,Not For Radio,"20qISvAhX20dpIbOOzGK3q,59wfkuBoNyhDMQGCljbUbA,12Zk1DFhCbHY6v3xep2ZjI","Nas,Diddy,070 Shake",44,True,202514,0.494,0.802,-5.08,0.412,0.0671,0.0,0.176,0.453,96.703,1
3aYAAXlB1yvUs5MJ0FI3bh,Hallo Hallo,"39KEQQAG9JhIt71g9NEVhh,2otUckChxWf2cp6UP2cD6e","Azet,Zuna",44,True,166724,0.784,0.654,-6.674,0.283,0.233,0.0,0.163,0.661,98.036,1
0dUjcVPXy2Npz7RAmylgOS,Orbit,0JBdTCGs111JKKYfLqOEBa,Shirin David,44,False,197475,0.859,0.549,-8.85,0.291,0.471,0.0,0.114,0.437,139.99,0
5R2pz8i4k4bvRAqiIFXzKz,Faceshot,1RyvyyTE3xzB2ZywiAwp0i,Future,44,True,175860,0.802,0.833,-4.234,0.0832,0.00772,0.0,0.346,0.132,165.97,0
2aRjuScpka878tUWOsLYpQ,A Nightmare on My Street,1mG23iQeR29Ojhq89D5gbh,DJ Jazzy Jeff & The Fresh Prince,44,False,294826,0.722,0.486,-17.081,0.128,0.0332,0.0,0.111,0.625,170.626,0
249c7UYQRwLb8tUykq8IwX,Sauce,31TPClRtHm23RisEBtV3X7,Justin Timberlake,44,False,245080,0.727,0.85,-4.965,0.0401,0.0598,0.000109,0.312,0.801,113.019,0
3tM778lBLL9SjnN0OHWgHH,The Promise,0XHiH53dHrvbwfjYM7en7I,Chris Cornell,44,False,260836,0.427,0.62,-7.768,0.0332,0.276,0.0,0.125,0.328,145.658,0
6JSryEdVJTZq6YBn3wK2sn,Arrows,7jy3rLJdDQY21OgRLCZ9sD,Foo Fighters,44,False,266186,0.515,0.917,-7.312,0.0417,0.000206,0.000495,0.145,0.41,121.989,0
6M1qLtDxfOeBSbM5HnIo54,OOPS,"6icQOAFXDZKsumw3YXyusw,17lzZA2AlOHwCwFALHttmp,7trxpXo6hVUnoB22sbCkEd","Lil Yachty,2 Chainz,K$upreme",44,True,155130,0.944,0.425,-7.146,0.326,0.046,0.0,0.11,0.124,129.996,1
1DnSNqCQM3LUxqFuXt184Q,Have Yourself a Merry Little Christmas,1GxkXlMwML1oSg5eLPiAz3,Michael Bublé,44,False,232106,0.275,0.276,-11.395,0.0321,0.602,0.00167,0.121,0.195,68.764,0
0AuriGfdxWcFNLBCPMUJ71,Hash Hash,3IrUyDPQlQFcB5lMWhPml2,SSIO,44,True,165706,0.804,0.81,-4.569,0.289,0.0361,0.0,0.219,0.369,130.104,0
5VlstKgCJPHDIMCQO4jHcQ,Sunday Morning Jetpack,"0c173mlxpT3dSFRgMO8XPh,1W3FSF1BLpY3hlVIgvenLz","Big Sean,The-Dream",43,True,225066,0.591,0.756,-8.026,0.143,0.708,0.0,0.332,0.546,82.776,1
2zLIP4R6Yt3afkyh7uhmar,Put Me Back Together (feat. Kiiara),"7DMveApC7UnC2NPfPvlHSU,4u5smJBskI6Adzv08PuiUP","Cheat Codes,Kiiara",43,True,223899,0.567,0.644,-5.699,0.0278,0.0404,5.03e-06,0.0632,0.212,140.038,1
4IdkFCIZvHcPmBHTKLP35p,Mein Kopf,5wyWp867LWGjFmYZXVSFnZ,MERO,43,True,186000,0.591,0.733,-6.074,0.189,0.183,0.0,0.083,0.921,75.114,0
2cEnYJKLSZPH7MFSk6C05c,Wala Cam,"1anyVhU62p31KFi8MEzkbf,05kWC05qQmocVoC5Udgl6D,0yWuhITiYSrjzBrgT4NKsb","Chance the Rapper,Supa Bwe,Forever Band",43,True,216276,0.846,0.809,-3.619,0.287,0.034,0.0,0.151,0.267,85.011,1
0JM8LI4HxrQs2Reqr2naYo,All I Want (For Christmas),5pUo3fmmHT8bhCyHE52hA6,Liam Payne,43,False,181144,0.582,0.257,-10.079,0.0355,0.811,0.0,0.514,0.297,140.007,0
7yoe9vbbzakNAXwb1UaWLS,Same Time Pt. 1,"0c173mlxpT3dSFRgMO8XPh,6g8AmloI8egfrr3dm3SnUL","Big Sean,TWENTY88",43,True,89866,0.63,0.488,-6.652,0.254,0.708,0.0,0.276,0.719,88.696,1
1O01cSag3DaCGneWQgPBL4,Drop Out,3wyVrVrFCkukjdVIdirGVY,Lil Pump,43,True,121000,0.95,0.573,-6.31,0.138,0.00306,0.0,0.0887,0.549,120.032,0
1VsqQEYObJsOPaeZwEXRPg,Love Thru the Computer (feat. Justin Bieber),"13y7CgLHjMVRMDqxdx0Xdo,1uNFoZAHBGtllmzznpCI3s","Gucci Mane,Justin Bieber",43,True,172888,0.756,0.908,-4.427,0.0717,0.0848,0.0,0.377,0.78,100.021,1
4uqRDeCgXPLQFYqA5uf5Tr,Feliz Navidad - Recorded at Spotify Studios NYC,2jnIB6XdLvnJUeNTy5A0J2,Why Don't We,43,False,148085,0.725,0.58,-5.422,0.0433,0.225,0.0,0.0779,0.66,133.974,0
5x37oQPX5730aqxlvXT2qa,Christmas Time,5rSXSAkZ67PYJSvpUpkOr7,Backstreet Boys,43,False,255320,0.558,0.566,-9.363,0.0243,0.275,0.0,0.0482,0.495,144.061,0
3h1EREJfCwyv6cG7CGak5d,What Christmas Means To Me,7guDJrEfX3qb6FEbdPA5qi,Stevie Wonder,43,False,147226,0.478,0.542,-10.135,0.0367,0.244,0.0,0.0839,0.821,167.486,0
2jBQmxZpQxF8jJfEdjJ9Qv,FUCK 12 (feat. Offset),"0VRj0yCOv2FXJNP47XQnx5,4DdkRBBYG6Yk9Ka8tdJ9BW","Quavo,Offset",43,True,264919,0.841,0.678,-4.664,0.189,0.767,0.0,0.4,0.717,121.023,1
2QApWGconWQE8BjaNfh7ik,KEEP THAT SHIT (feat. Takeoff),"0VRj0yCOv2FXJNP47XQnx5,3EW0kQ1skZiK1NHg3Spt9J","Quavo,Takeoff",43,True,176112,0.875,0.717,-7.236,0.189,0.0708,0.000495,0.0949,0.607,153.037,1
7MUNNBJKYo3cdokp06wEOB,Lay It on Me,10exVja0key0uqUkk6LJRT,Vance Joy,43,False,214853,0.728,0.673,-5.766,0.0318,0.0964,6.94e-06,0.0695,0.489,127.995,0
3atCD3dVosUsd3KM2yzfeC,Grandpa's Space Ship,4xRYI6VqpkE3UwrDrAZL8L,Logic,43,True,122093,0.719,0.167,-18.942,0.889,0.266,0.0,0.152,0.161,119.082,0
7q8cy4uoA2itYATsKeXhcq,Multi Millionaire (feat. Lil Uzi Vert),"3wyVrVrFCkukjdVIdirGVY,4O15NlyKLIASxsJ0PrXPfz","Lil Pump,Lil Uzi Vert",43,True,170958,0.856,0.82,-3.813,0.0962,0.0226,0.0,0.168,0.723,146.009,1
1kvt3N2KmoSAunaEJNrgNM,GIVE IT TO EM (feat. Saweetie),"0VRj0yCOv2FXJNP47XQnx5,6cK3NBO6uP7hh0oyuVELFl","Quavo,Saweetie",43,True,182440,0.879,0.491,-7.459,0.339,0.013,0.0,0.112,0.224,152.008,1
4WN9xLkAeINLPLaoeZ9ZW9,The Happiest Christmas Tree,7v4imS0moSyGdXyLgVTIV7,Nat King Cole,43,False,103746,0.494,0.644,-11.781,0.905,0.704,0.0,0.781,0.866,206.13,0
5Ber68jZ7ytegr2UISEdb7,Santa Claus Is Coming to Town,1GxkXlMwML1oSg5eLPiAz3,Michael Bublé,43,False,171806,0.594,0.389,-7.109,0.0517,0.785,0.0,0.0313,0.396,122.331,0
7pVzUPjJ83QojsVcOthmxP,HUNCHO DREAMS,0VRj0yCOv2FXJNP47XQnx5,Quavo,43,True,211963,0.831,0.528,-7.635,0.534,0.0894,2.58e-05,0.396,0.232,153.987,0
7qOzCXU1vO8iATCDgYAUUh,What You Been On,1nzgtKYFckznkcVMR3Gg4z,KSI,43,True,119843,0.746,0.615,-6.792,0.304,0.061,0.0,0.162,0.334,135.184,0
0sHeIbgbNzKF8rGspC1FHV,Brillis,0JBdTCGs111JKKYfLqOEBa,Shirin David,43,False,186413,0.838,0.475,-8.737,0.162,0.218,0.0,0.0887,0.6,106.016,0
2svutFGaCycRmYc1mWbfQh,Don't Don't Do It!,"5wPoxI5si3eJsYYwyXV4Wi,2YZyLoL8N0Wb9xBt1NhZWg,2RdwBSPQiwcmiDo9kixcl8","N.E.R.D,Kendrick Lamar,Pharrell Williams",43,True,257706,0.799,0.871,-5.784,0.138,0.12,0.0,0.0688,0.811,77.013,1
32h59T8q2SonUPJ006lyXt,This Christmas,1l7ZsJRRS8wlW3WfJfPfNS,Christina Aguilera,43,False,241506,0.575,0.744,-5.466,0.0603,0.0687,0.0,0.0723,0.701,183.79,0
0dLToDou8YHYJpQltj3Ijy,Cupido (feat. Quavo),"23TFHmajVfBtlRx5MXqgoz,0VRj0yCOv2FXJNP47XQnx5","Sfera Ebbasta,Quavo",43,True,210106,0.803,0.695,-5.164,0.0413,0.0622,0.0,0.105,0.458,119.978,1
6XAdcAseYtijN0QUnQFsH2,Sleigh Ride,21LGsW7bziR4Ledx7WZ1Wf,Johnny Mathis,43,False,178720,0.605,0.663,-8.949,0.0274,0.699,0.0,0.121,0.893,103.18,0
5UCsGZSezdlGA1bY3QMgXG,Performance,3iOvXCl6edW5Um0fXEBRXy,The xx,43,False,246013,0.277,0.313,-9.413,0.0383,0.494,0.00027,0.106,0.0582,84.975,0
2EPbvVyo2qrrmeiEm57Cfl,Don't Judge Me (feat. Future & Swae Lee),"7c0XG5cIJTrrAgEC3ULPiq,1RyvyyTE3xzB2ZywiAwp0i,1zNqQNIdeOUZHb8zbZRFMX","Ty Dolla $ign,Future,Swae Lee",43,True,242880,0.749,0.909,-2.808,0.074,0.00354,0.0,0.337,0.393,149.988,1
6VMAFT0zfide2Jg8MVZAPz,Capital Bra je m'appelle,4WZGDpNwrC0vNQyl9QzF7d,Capital Bra,43,True,187000,0.626,0.768,-4.653,0.166,0.159,0.000186,0.0848,0.753,80.066,0
09Yoq7UUSqh9aJSBoRMDfA,Wie Buffon,5wyWp867LWGjFmYZXVSFnZ,MERO,43,True,157440,0.758,0.707,-9.751,0.193,0.154,0.0,0.103,0.78,171.869,0
6dxU7Xf9j2yNI7aCcT8W1g,Stay Blessed,2EMAnMvWE2eb56ToJVfCWs,Bryson Tiller,43,True,246040,0.585,0.485,-10.355,0.431,0.187,0.0,0.171,0.289,77.733,0
0xPaZrF25ltzvz1a2Pm5DQ,All I Want for Christmas Is You,1GxkXlMwML1oSg5eLPiAz3,Michael Bublé,43,False,174085,0.503,0.465,-8.077,0.0274,0.42,0.0,0.101,0.143,141.793,0
0v75ti1d2M6pd0sC42UNNN,Salem's Interlude,6LuN9FCkKOj5PcnpouEgny,Khalid,43,True,81933,0.479,0.485,-12.302,0.162,0.963,0.658,0.152,0.457,80.933,0
1TOiDnIY8HgPyDLSR08QXq,What They Say,1Xylc3o4UrD53lo9CvFvVg,Zara Larsson,43,False,218946,0.407,0.588,-8.056,0.0531,0.00898,0.0,0.131,0.25,75.188,0
3Uvi9diL18dYSUc3vcKk0n,SELF MADE,6icQOAFXDZKsumw3YXyusw,Lil Yachty,43,True,112705,0.614,0.497,-7.543,0.0717,0.273,0.0,0.156,0.11,134.154,0
53e5O0USYgSCv4md0CXpMY,Brave For You,3iOvXCl6edW5Um0fXEBRXy,The xx,42,False,253093,0.54,0.417,-11.048,0.0307,0.664,0.000425,0.106,0.281,134.762,0
5LWprrbySabBAMm0aE447a,Roo,"1anyVhU62p31KFi8MEzkbf,6CqjoQyGZlnhnq5gAUz92c,05fo024EFotg9songSENOZ","Chance the Rapper,Taylor Bennett,CocoRosie",42,True,171943,0.543,0.753,-7.395,0.287,0.227,0.0,0.106,0.183,90.535,1
1tH2L4hkZU7IMJbreHFcMs,What Makes A Woman,6jJ0s89eD6GaHleKKya26X,Katy Perry,42,True,131271,0.363,0.594,-7.847,0.079,0.184,0.0,0.106,0.257,94.639,0
5JoUwqXt9IPLbiJ6pXwarL,White Label,20qISvAhX20dpIbOOzGK3q,Nas,42,True,178026,0.565,0.717,-4.455,0.331,0.475,0.0,0.193,0.341,75.505,0
4B2OmQGLBVB51aYNgUvXeM,Blowing Smoke,2EMAnMvWE2eb56ToJVfCWs,Bryson Tiller,42,True,180013,0.918,0.445,-4.008,0.166,0.0144,2.15e-06,0.123,0.292,127.961,0
2qqZ5fOGuNvYVzgPFDLQ4l,Mary's Boy Child / Oh My Lord,54R6Y0I7jGUCveDTtI21nb,Boney M.,42,False,241426,0.781,0.718,-8.722,0.0361,0.278,0.0,0.202,0.925,112.542,0
4qBejt9FeqLI9blHI1Nq1x,Jingle Bells (feat. The Puppini Sisters),"1GxkXlMwML1oSg5eLPiAz3,1svaANJTE5KrG16fTGDqOs","Michael Bublé,The Puppini Sisters",42,False,161804,0.702,0.588,-5.914,0.0563,0.634,0.0,0.198,0.849,122.945,1
6GW4n7EdAV9w8YpAgtJnuc,Worry No More (feat. Lil Yachty & Santigold),"5fMUXHkw8R8eOP2RNVYEZX,6icQOAFXDZKsumw3YXyusw,6Jrxnp0JgqmeUX1veU591p","Diplo,Lil Yachty,Santigold",42,True,202563,0.592,0.731,-5.794,0.0404,0.0185,0.0,0.726,0.392,166.028,1
5xVOqZL4oKJKcXgQvrfx2z,Bring Dem Things,"6vXTefBL93Dj5IqAWq6OTv,2RdwBSPQiwcmiDo9kixcl8","French Montana,Pharrell Williams",42,True,196117,0.394,0.658,-6.788,0.23,0.0002,0.0227,0.0817,0.351,89.465,1
7M62jxrvr7UJdo6DchAFf3,Inspire Me,0c173mlxpT3dSFRgMO8XPh,Big Sean,42,True,208306,0.713,0.664,-7.245,0.264,0.336,0.0,0.231,0.413,136.104,0
1moEucbMhmAK6KVPoNw6ms,Christmas Time Is Here,0qSX3s5pJnAlSsgsCne8Cz,Brett Eldredge,42,False,210906,0.369,0.3,-11.994,0.0317,0.921,0.000718,0.168,0.24,75.745,0
4HzB8cumQgivTBscS2b487,Im Plus,3CJKkU0XuElRT1z8rEtIYg,Luciano,42,False,137533,0.828,0.545,-8.31,0.365,0.134,0.0,0.259,0.741,152.069,0
66VenHDtrQAw7FCjyF2J56,The Christmas Song (Shawn Mendes & Camila Cabello),"7n2wHs1TKAczGzO7Dd2rGr,4nDoRrQiYLoBzwC5BhVJzF","Shawn Mendes,Camila Cabello",42,False,196254,0.341,0.181,-12.073,0.0366,0.888,0.0,0.137,0.212,83.608,1
5DMItYJluCFc7YtFdP4aXo,Lonely This Christmas,3cqIsBnzV3BabbPWKz8Txf,Mud,42,False,213160,0.551,0.325,-13.507,0.0286,0.81,0.000112,0.115,0.496,98.932,0
17HlhTU351nr8MncIGppDk,Enormous (feat. Ty Dolla $ign),"13y7CgLHjMVRMDqxdx0Xdo,7c0XG5cIJTrrAgEC3ULPiq","Gucci Mane,Ty Dolla $ign",42,True,244453,0.844,0.486,-6.915,0.368,0.234,0.0,0.0976,0.493,142.606,1
2HGymMoOdB4ZYv0AAqYmgF,Famous,6xvpfMjWTougrRRtK7iikz,Mason Ramsey,42,False,192520,0.534,0.815,-2.815,0.0278,0.708,0.0,0.111,0.564,159.848,0
69b0SDYOymaqYwm3la237H,Ye vs. the People (starring TI as the People),5K4W6rqBFWDnAN6FQUkS6x,Kanye West,42,True,202641,0.464,0.822,-1.881,0.294,0.0568,0.0,0.103,0.722,79.973,0
742YV8T9ZyczCNdrTIAhaw,Thinkin',5YGY8feqx7naU7z4HrwZM6,Miley Cyrus,42,False,245053,0.846,0.706,-3.48,0.031,0.0052,3.93e-05,0.329,0.873,115.041,0
4Ksj9mKfsYC5b8v8Ey3c8I,0.00,73sIBHcqh3Z3NyqHKZ7FOL,Childish Gambino,42,False,179386,0.174,0.0466,-18.458,0.0495,0.672,0.196,0.42,0.0337,116.713,0
3OG5wVO27N3HtdtxPLpPFt,T-Shirt,7jy3rLJdDQY21OgRLCZ9sD,Foo Fighters,42,False,82613,0.313,0.348,-10.356,0.0632,0.00135,1.68e-06,0.119,0.503,145.614,0
2gbCG4Rt9984UZ7Tc0dIFd,White Christmas (with Shania Twain),"1GxkXlMwML1oSg5eLPiAz3,5e4Dhzv426EvQe3aDb64jL","Michael Bublé,Shania Twain",42,False,218465,0.628,0.484,-7.588,0.0319,0.469,1.23e-05,0.126,0.642,63.476,1
0s3P5PImfDZYWIseR3b39D,Dance You Off,7jEEE187pVG6InOxn03oA5,Benjamin Ingrosso,42,False,182134,0.73,0.692,-5.432,0.0695,0.104,5.42e-06,0.106,0.76,109.08,0
5uAMiB0RMCjdq7p5mEjfY1,TALK TO ME NICE,"6icQOAFXDZKsumw3YXyusw,0VRj0yCOv2FXJNP47XQnx5","Lil Yachty,Quavo",42,True,173585,0.829,0.573,-6.71,0.394,0.165,0.0,0.0641,0.372,137.028,1
4Sokm1cWK36H2WctWWRGf1,Irina Shayk,5pVRwX5ZQR7hfJ18w8ZYkl,Ufo361,42,True,147451,0.578,0.593,-9.504,0.0696,0.166,0.0209,0.17,0.201,74.869,0
0kHTkvGavvk2MjBTSUtOZx,Ricchi x Sempre,23TFHmajVfBtlRx5MXqgoz,Sfera Ebbasta,42,True,223786,0.599,0.734,-7.568,0.413,0.196,0.0,0.187,0.133,211.842,0
3qNTqHjFfyJzMgZoYcUqjV,Ocean,137W8MRPWKqSmrBGDBFSop,Wiz Khalifa,42,True,211983,0.822,0.765,-6.67,0.217,0.00152,0.0,0.334,0.642,145.105,0
2345kZ5rt8eHjO8CFpx3Yi,Christmas Time,6KWcxMWVNVIYbdOQyJtsSy,The Platters,42,False,127333,0.343,0.339,-9.282,0.0283,0.867,3.75e-06,0.109,0.404,103.504,0
2nwp9gU9ZGyKRzMswpfc7k,Flooded,6oMuImdp5ZcFhWP0ESe6mG,Migos,42,True,270212,0.952,0.504,-6.716,0.403,0.00874,0.0,0.116,0.332,135.078,0
2nMZx7QHerfo4Wv37xNUEC,Wrapped in Red,3BmGtnKgCSGYIUhmivXKWX,Kelly Clarkson,41,False,216906,0.54,0.734,-4.668,0.0366,0.365,0.0,0.132,0.36,123.877,0
04vLj9QUXoKdRlsp3gkURo,Mele Kalikimaka (Merry Christmas),"6ZjFtWeHP9XN7FeKSUe80S,2NCGI6dLTxLdI9XHdv7QfM","Bing Crosby,The Andrews Sisters",41,False,175333,0.5,0.224,-12.431,0.0935,0.646,0.0,0.284,0.62,202.481,1
5gpImN0eqlucE3a3r121SF,Rockin' Around The Christmas Tree,5XnIjshjqYVE2eDVgSt9Ro,Mel & Kim,41,False,223951,0.578,0.589,-10.795,0.108,0.65,0.0,0.209,0.657,144.148,0
4y1GxT1XnufGddKkrFkbtC,Funeral,55Aa2cqylxrFIXC767Z865,Lil Wayne,41,True,194640,0.577,0.624,-4.28,0.26,0.472,0.0,0.182,0.324,136.966,0
4e3VIoNlhRV6seqSAerKtG,On Time,"5pVRwX5ZQR7hfJ18w8ZYkl,2hlmm7s2ICUX0LVIhVFlZQ","Ufo361,Gunna",41,True,221833,0.699,0.509,-7.995,0.27,0.116,2.95e-06,0.18,0.327,155.97,1
7kK2m2KDEL0W8oFq6fuOcf,PERDONAMI,3hBQ4zniNdQf1cqqo6hzuW,Salmo,41,True,135294,0.661,0.853,-2.287,0.272,0.107,0.0,0.0852,0.655,76.499,0
1OXglmeAng5wDKDj769wQz,Rain On Me (Intro),2EMAnMvWE2eb56ToJVfCWs,Bryson Tiller,41,False,145120,0.654,0.564,-9.246,0.142,0.0243,6.55e-06,0.107,0.424,122.202,0
61sqsOPon94ecMskeEXwev,Better To Lie (with Jesse & Swae Lee),"5CiGnKThu5ctn9pBxv7DGa,4as3khXWaPjfkFdCA0JWMo,1zNqQNIdeOUZHb8zbZRFMX","benny blanco,Jesse,Swae Lee",41,True,176055,0.758,0.602,-7.909,0.094,0.0376,4.77e-06,0.111,0.519,155.038,1
3iMRGDhn0ghHIUMmlKrJOh,Do They Know It's Christmas?,6KfzyefHYuqfWaI5taICaN,Band Aid 30,41,False,228916,0.626,0.541,-7.615,0.0308,0.352,0.0,0.119,0.255,112.001,0
44mYhOVgerj2qPjkGDVA6n,It's Beginning To Look Like Christmas,6ZjFtWeHP9XN7FeKSUe80S,Bing Crosby,41,False,166000,0.473,0.212,-15.018,0.0496,0.77,0.0,0.136,0.576,96.94,0
3qLwtC9jEWugjkzyZlYgeg,Test Me,3iOvXCl6edW5Um0fXEBRXy,The xx,41,False,235826,0.253,0.177,-17.696,0.042,0.904,0.0615,0.119,0.0395,120.259,0
1FQpGAJiQgVd65IIBYkRVP,Upgrade,3MZsBdqDrRTJihTHQrO6Dq,Joji,41,False,89917,0.678,0.418,-11.393,0.0985,0.895,0.0313,0.137,0.587,159.867,0
7Lgpic8BsBJR4jFrr9abbz,I Believe I'm Fine,"3t5xRXzsuZmMDkQzgOX35S,5PlfkPxwCpRRWQJBxCa0By","Robin Schulz,HUGEL",41,False,227720,0.711,0.747,-6.165,0.061,0.271,0.0,0.328,0.572,100.01,1
4VVG3HBGaqSNZqIpmewIA6,Sciroppo (feat. DrefGold),"23TFHmajVfBtlRx5MXqgoz,6jwzGu5VdkR5tsRROYuxso","Sfera Ebbasta,DrefGold",41,True,205013,0.777,0.721,-6.097,0.0719,0.0774,0.0,0.0801,0.665,161.976,1
4669wTPqp7Xwz2H7v4QKi1,Up In My Cocina - From SR3MM,"7iZtZyCzp3LItcw1wtPI3D,1zNqQNIdeOUZHb8zbZRFMX,7EEiVZvj6RCEtVX2F2pyxu","Rae Sremmurd,Swae Lee,Slim Jxmmi",41,True,246449,0.898,0.751,-4.646,0.148,0.0129,0.0,0.363,0.462,129.972,1
1sYRkVKdT2ize1HSDCwbEF,Say It Loud - I'm Black And I'm Proud - Pt. 1,7GaxyUddsPok8BuhxN6OUW,James Brown,41,False,167186,0.853,0.529,-9.692,0.22,0.288,0.0118,0.0452,0.934,115.131,0
4HEOgBHRCExyYVeTyrXsnL,Jingle Bells - Remastered 1999,1Mxqyy3pSjf8kZZL4QVxS0,Frank Sinatra,41,False,120693,0.512,0.339,-13.119,0.0498,0.727,0.0,0.0977,0.951,174.609,0
1So1tVk3gybvc2I0JY8K22,Out of My Head (feat. Tove Lo and ALMA),"25uiPmTg16RbhZWAqwLBy5,4NHQUGzhtTLFvgF5SZesLK,6c0mTNAxJxlp9HpKTUZwA8","Charli XCX,Tove Lo,ALMA",41,True,235737,0.851,0.709,-5.157,0.0694,0.0736,0.00137,0.12,0.42,116.467,1
4STCTQ1h0VuWfvDyhGOxkv,Merry Christmas Baby,60df5JBRRPcnSpsIMxxwQm,Otis Redding,41,False,155560,0.71,0.291,-14.132,0.0338,0.35,0.0,0.128,0.856,101.517,0
1dinW5tLGDdPhxtW8vMkUn,Christmas Time Is Here - Recorded at Sound Emporium Nashville,2ySHS7UojGu20XfUPaBlyu,Devin Dawson,41,False,204346,0.431,0.195,-13.207,0.0518,0.802,0.0,0.0862,0.157,80.983,0
0AcHbiMs86CCgprvc7E1gs,i Shyne,"7CCjtD0hCK005Bvg2WG1a7,3wyVrVrFCkukjdVIdirGVY","Carnage,Lil Pump",41,True,153350,0.776,0.732,-3.719,0.081,0.175,0.0,0.364,0.383,144.076,1
0hnErtVKN1JyvfBNfpWDpO,Christmas Time,3Z02hBLubJxuFJfhacLSDc,Bryan Adams,41,False,247933,0.505,0.443,-8.649,0.0249,0.453,0.0,0.0647,0.38,76.874,0
4ut9fdC5ncgcvCo0KaphNY,Thank You (ft. Lucy Rose & The RattPack),"4xRYI6VqpkE3UwrDrAZL8L,2uvY5pgdD9t1CZ5zMNw1rl,3Ll0OyHvpoQmGP9TMQAhKV","Logic,Lucy Rose,The RattPack",41,True,430426,0.599,0.749,-7.12,0.269,0.169,3.03e-06,0.4,0.574,159.413,1
6asKJPlXOTx6BLyGnEAagB,GET MONEY BROS.,"6icQOAFXDZKsumw3YXyusw,6AUl0ykLLpvTktob97x9hO","Lil Yachty,Tee Grizzley",41,True,160296,0.857,0.385,-6.768,0.251,0.14,0.0,0.0909,0.188,119.93,1
66WPXyhXqMlkM1kZhyEXWK,Christmas (Baby Please Come Home),1GxkXlMwML1oSg5eLPiAz3,Michael Bublé,41,False,189794,0.495,0.793,-5.696,0.03,0.000942,8.29e-06,0.0791,0.672,125.998,0
1GpPsjjd4D1jsteGYpGGIN,A Holly Jolly Christmas,0qSX3s5pJnAlSsgsCne8Cz,Brett Eldredge,41,False,142840,0.681,0.474,-8.623,0.0423,0.621,1.24e-06,0.137,0.7,71.957,0
3GPI7hYiqD6enLRobhkBm8,Summer Air,5nkYRuiIHg2xXHFC8bfosJ,ItaloBrothers,40,False,183587,0.755,0.751,-4.034,0.0748,0.0635,0.0,0.0812,0.491,102.002,0
1MBtNXoT6cXrrSstG07Lf7,Can't Take It From Me,"738wLrAtLtCtFOLvQBXOXp,4ryoUS0W8qXokfMxrlJt6O,5fMUXHkw8R8eOP2RNVYEZX","Major Lazer,Skip Marley,Diplo",40,False,175866,0.606,0.847,-6.292,0.0975,0.0377,7.95e-06,0.14,0.503,144.936,1
1MobXMNPi9e1onV0ElsPEj,Be Somebody,"77AiFEVeAVj2ORpC85QVJs,5ChF3i92IPZHduM7jN3dpg,4u5smJBskI6Adzv08PuiUP","Steve Aoki,Nicky Romero,Kiiara",40,False,198281,0.698,0.875,-4.665,0.0823,0.00557,1.93e-06,0.0618,0.39,115.011,1
1YzlPeHWPU0JeM0u4ya5zj,90MIN,3hBQ4zniNdQf1cqqo6hzuW,Salmo,40,True,231907,0.715,0.675,-7.657,0.301,0.035,0.0,0.842,0.535,122.224,0
5smaUuzvwMXtiuBPvzVBLE,That's It (feat. Gucci Mane & 2 Chainz),"64M6ah0SkkRsnPGtGiRAbb,13y7CgLHjMVRMDqxdx0Xdo,17lzZA2AlOHwCwFALHttmp","Bebe Rexha,Gucci Mane,2 Chainz",40,True,207090,0.783,0.36,-7.947,0.1,0.0474,0.00795,0.0862,0.412,74.999,1
6w9lmWBgqzPQHNQo5KaORN,Bonjour,"20qISvAhX20dpIbOOzGK3q,6TTVdg5UOUHsyiYPHgxLaq","Nas,The WRLDFMS Tony Williams",40,True,201560,0.647,0.856,-4.451,0.266,0.153,0.0,0.262,0.637,143.953,1
09OojFvtrM9YRzRjnXqJjA,Rockin' Around the Christmas Tree,4cPHsZM98sKzmV26wlwD2W,Brenda Lee,40,False,126146,0.682,0.641,-8.915,0.0386,0.568,0.0,0.224,0.826,141.002,0
4FPrAERfkPKOBKrRoyuxLu,Cold December Night,1GxkXlMwML1oSg5eLPiAz3,Michael Bublé,40,False,200704,0.517,0.702,-6.763,0.0247,0.00722,0.0,0.0896,0.414,83.873,0
54q6WgqyTXjwOSrevVR8z9,"Baby, It's Cold Outside (feat. Kelly Clarkson)","5y2Xq6xcjJb2jVM54GHK3t,3BmGtnKgCSGYIUhmivXKWX","John Legend,Kelly Clarkson",40,False,218920,0.544,0.593,-6.313,0.0728,0.499,0.0,0.159,0.494,135.245,1
3js3wKPw8VxBWtcXtwyUnA,Rockstar,23TFHmajVfBtlRx5MXqgoz,Sfera Ebbasta,39,True,195946,0.798,0.627,-6.234,0.111,0.263,0.0,0.211,0.762,149.989,0
3UE1ojFN1y0GybCNSyKGdK,What's Luv,5j21TGkrNEAJe3gG9VlS34,Shindy,39,True,133468,0.652,0.585,-5.856,0.0523,0.0053,0.000417,0.138,0.176,176.025,0
1sl5tSzfK1JrcQIcA8rYDy,I Miss You (feat. Bahari),"4lDBihdpMlOalxy1jkUbPl,0fs8oBR1rx7JIXZi75h7Uu","Grey,Bahari",39,False,192320,0.65,0.764,-5.219,0.0939,0.368,0.0,0.12,0.704,102.01,1
1ndE0rSXw5nlCyJ4eletzq,Waiting Room,4xRYI6VqpkE3UwrDrAZL8L,Logic,39,True,283266,0.698,0.229,-17.818,0.87,0.746,0.0,0.158,0.624,136.439,0
6DwnAl6l63e83dDgIzY8P4,Santa Baby,1GxkXlMwML1oSg5eLPiAz3,Michael Bublé,39,False,232949,0.641,0.0964,-12.995,0.0399,0.835,2.95e-05,0.11,0.357,76.273,0
7DNGqrLnd07C2FPpAdn6cc,"River - Recorded At RAK Studios, London",2wY79sveU1sp5g7SokKOiI,Sam Smith,39,False,208573,0.472,0.181,-11.417,0.0406,0.896,1.02e-06,0.11,0.198,116.155,0
5lyikKk6KFWfWCuDDir9Fx,Rockin' Around The Christmas Tree,5YGY8feqx7naU7z4HrwZM6,Miley Cyrus,39,False,116546,0.603,0.713,-7.579,0.0351,0.0409,0.0,0.27,0.796,141.985,0
1XRTXNP8eLpWXfso8Q4dC5,Talk About It,"6lB8vOoI4DRrrVxXwuV19c,3GtCKJA4SkOxN65MWjm82R","Mike Perry,Hot Shade",39,False,164536,0.678,0.594,-5.673,0.0319,0.0543,0.0,0.182,0.526,123.975,1
2YFIQqnq4dS67Ndz8Iel0b,Martian - Intro,3EW0kQ1skZiK1NHg3Spt9J,Takeoff,39,True,188307,0.818,0.591,-8.693,0.38,0.239,0.0,0.274,0.22,130.128,0
5MbeIktglgTouqOHnVunxp,Get Out,3CjlHNtplJyTf9npxaPl5w,CHVRCHES,39,False,231359,0.482,0.853,-4.15,0.0331,0.0011,0.0498,0.229,0.196,162.058,0
4oZhBLWGhtIyBckervj3sb,Uber (feat. Miami Yacine),"23TFHmajVfBtlRx5MXqgoz,1XKjtpH5P81gpOXDB91IEB","Sfera Ebbasta,Miami Yacine",39,True,190000,0.867,0.519,-5.822,0.0455,0.211,8.77e-06,0.298,0.379,120.016,1
7lxZbmtC6SkUc2yXBgDOdO,"On Everything (feat. Travis Scott, Rick Ross & Big Sean)","0QHgL1lAIqAw0HtD7YldmP,0Y5tJX1MQlPlqiwlOH1tJY,1sBkRIssrMs1AbVkOJbc7a,0c173mlxpT3dSFRgMO8XPh","DJ Khaled,Travis Scott,Rick Ross,Big Sean",39,True,233293,0.542,0.755,-3.68,0.0614,0.0232,0.0,0.225,0.267,168.22,1
4gDyoe1FImDlXVt58ssnMf,All I Can Think About Is You,4gzpq5DPGxSnKTe4SA8HAU,Coldplay,39,False,274586,0.348,0.712,-6.412,0.0335,0.155,0.702,0.0683,0.424,73.102,0
1L8LtC2s161XwY6YrtnQjw,Affalterbach,"5j21TGkrNEAJe3gG9VlS34,0JBdTCGs111JKKYfLqOEBa","Shindy,Shirin David",39,True,173220,0.819,0.633,-4.893,0.328,0.0126,0.0,0.381,0.808,86.982,1
6TG4IZt8i47CFbMoVFVSbh,Little Of Your Love - BloodPop® Remix,"4Ui2kfOqGujY81UcPrb5KE,1okJ4NC308qbtY9LyHn6DO","HAIM,BloodPop®",39,False,204362,0.662,0.847,-3.06,0.0502,0.168,0.0,0.266,0.493,112.095,1
6B14wYcEpWhyDvxWRb9Df8,Silent Night,1GxkXlMwML1oSg5eLPiAz3,Michael Bublé,38,False,230059,0.24,0.124,-14.542,0.0308,0.959,0.0237,0.103,0.113,80.986,0
5gvrBqNFFEWcxYPt3mamvJ,quando a bad bater - Ao Vivo,3qvcCP2J0fWi0m0uQDUf6r,Luan Santana,38,False,179722,0.648,0.789,-4.767,0.0414,0.304,0.0,0.532,0.53,128.124,0
3mXXkDfLaCN5IaZpHVJPth,Hold On - D&B Version,48Z0MG7G6UQeWYibHpXgQe,Nano,38,False,198434,0.433,0.878,-3.097,0.0505,0.033,1.44e-06,0.159,0.386,160.151,0
0WFgtxiLNr99YaoSdYR3Ud,Honda Civic,"3pVfscwg2QxhdHtk966inb,1aS5tqEs9ci5P9KD9tZWa6","The Cratez,Bonez MC",38,True,158060,0.704,0.782,-5.471,0.164,0.282,0.00769,0.0759,0.346,93.35,1
5Z0Mx6SeUAFA2rgZB9t1Nu,Serpenti A Sonagli,23TFHmajVfBtlRx5MXqgoz,Sfera Ebbasta,38,True,194173,0.68,0.613,-5.998,0.063,0.182,0.0,0.113,0.282,150.04,0
4lftz0V8DZhWSVtL4GrzMH,I'll Be Home For Christmas,6ZjFtWeHP9XN7FeKSUe80S,Bing Crosby,38,False,175173,0.223,0.146,-16.084,0.0321,0.281,0.0,0.256,0.176,84.041,0
5KHzV8Gf3aweIMImliFAOs,Happy Xmas (War Is Over) (feat. Sean Ono Lennon),"5YGY8feqx7naU7z4HrwZM6,3hv9jJF3adDNsBSIQDqcjp,5JUYSPkis2Mk6HUbmMqk1m","Miley Cyrus,Mark Ronson,Sean Ono Lennon",37,False,220588,0.284,0.637,-4.893,0.0486,0.0626,0.0,0.371,0.197,92.045,1
6wV12xIUb8oFY7lBy4KuQe,Sooner Or Later,5338fdSzGNOFD4cxAxDTeq,Aaron Carter,37,False,212564,0.737,0.729,-6.817,0.0354,0.127,2.16e-05,0.077,0.436,111.937,0
4FQJyi8gnbhKy623wNx6Ps,All I Want For Christmas (Is My Two Front Teeth) - Remastered,3OpnoUqoRIHWbsFs4Nw0NQ,Nat King Cole Trio,37,False,151893,0.752,0.0869,-16.759,0.071,0.967,0.0,0.0869,0.502,130.566,0
4BRYmA7o6QzKlhhLgFNt88,Raise Em Up - Dance Remix,"1kwi1Q7X4jPTkHTgayxKhS,6VuyrmclG2XOdkqz0AeGcs,6eUKZXaKkcviH0Ku9w2n3V","Alonestar,Rick Live,Ed Sheeran",37,False,172941,0.794,0.865,-4.94,0.0421,0.0366,0.0,0.228,0.629,122.014,1
7GeC7Nb58zsPnlFSfF0HZU,Che cazzo ridi (feat. Trippie Redd),"3pgCLfNbw5ozIfoNsvDU7i,1AgAVqo74e2q4FVvg0xpT7,6Xgp2XMz1fhVYe7i6yNAax","Fedez,Tedua,Trippie Redd",37,True,216367,0.312,0.704,-4.596,0.0503,0.0102,0.0,0.198,0.544,149.653,1
6pwvH9LfroBLqd3dez9vBz,A L I E N S,4gzpq5DPGxSnKTe4SA8HAU,Coldplay,37,False,282426,0.425,0.878,-4.979,0.038,0.00156,0.000898,0.206,0.252,148.002,0
5YqYLur57vzjL0Ts8fk0G2,16 Shots,27w1NoOLMX7tJMYqcetPyG,VIC MENSA,37,True,345746,0.512,0.693,-7.099,0.368,0.219,0.0,0.104,0.127,93.385,0
7IkZpSOJKGXCGhqAvHs7FG,Nautilus,5j21TGkrNEAJe3gG9VlS34,Shindy,37,True,183692,0.723,0.647,-6.164,0.331,0.000969,9.17e-06,0.258,0.161,172.369,0
5MDgHT305bgpZSCz9mYo1X,Bring Me Love,5y2Xq6xcjJb2jVM54GHK3t,John Legend,36,False,199253,0.498,0.856,-6.257,0.416,0.193,0.0,0.158,0.598,191.404,0
0kmrXYtFI8cgxsShrJpThx,Mis Deseos / Feliz Navidad (with Thalia),"1GxkXlMwML1oSg5eLPiAz3,61ITlib6wNBWOiQxsk1l2J","Michael Bublé,Thalia",36,False,264878,0.657,0.571,-6.52,0.0379,0.6,0.0,0.195,0.798,126.004,1
5eQ9IwVa9EodrmIItRQpaA,Accelerate (feat. Ty Dolla $ign & 2 Chainz),"1l7ZsJRRS8wlW3WfJfPfNS,7c0XG5cIJTrrAgEC3ULPiq,17lzZA2AlOHwCwFALHttmp","Christina Aguilera,Ty Dolla $ign,2 Chainz",36,True,243061,0.799,0.629,-5.638,0.14,0.371,2.01e-06,0.15,0.293,128.041,1
0sZfuG1rArPovx9CdZ40vZ,Mistakes,2QSPrJfYeRXaltEEiriXN9,Tove Styrke,36,False,204417,0.678,0.607,-7.19,0.075,0.174,0.0,0.0788,0.445,91.973,0
6SKP6d0DFOBemCvThbuqUj,Don't Die,2N4EYkIlG1kv25g6Wv8LGI,Killer Mike,36,True,248133,0.352,0.807,-7.781,0.173,0.0193,6.04e-06,0.0963,0.0423,90.772,0
44Fc0oSgRn1MFwu18TcY8S,Wir sind Kral,"5pVRwX5ZQR7hfJ18w8ZYkl,6LnJKrtFnTEGdbWQ2riWCL","Ufo361,Ezhel",36,True,154039,0.805,0.714,-6.606,0.0974,0.27,0.00188,0.222,0.337,158.004,1
2VkuxjlbnbaBiWYpdBGVol,Oh Santa! (feat. Ariana Grande & Jennifer Hudson),"4iHNK0tOyZPYnBU7nGAgpQ,66CXWjxzNUsdJxJ2JdwvnR,35GL8Cu2GKTcHzKGi75xl5","Mariah Carey,Ariana Grande,Jennifer Hudson",36,False,200466,0.648,0.938,-3.298,0.115,0.0339,1.28e-06,0.0564,0.849,78.496,1
6Tof6kPUc2a17GKaKz4IXz,"You're A Mean One, Mr. Grinch - From Dr. Seuss' 'How The Grinch Stole Christmas'",5Gejwv3xz2DpLcxVpMD6hL,Thurl Ravenscroft,36,False,315733,0.478,0.475,-10.901,0.28,0.946,0.00372,0.133,0.437,89.2,0
35k5ePiDMMdacA7jIF9RFY,Intro,0c173mlxpT3dSFRgMO8XPh,Big Sean,36,True,64093,0.388,0.807,-9.283,0.159,0.877,7.51e-05,0.454,0.347,96.634,0
0zC401uLD0oQFxeM4QW1dk,"Tied Up (feat. Mr. Eazi, RAYE & Jake Gosling)","738wLrAtLtCtFOLvQBXOXp,4TAoP0f9OuWZUesao43xUW,5KKpBU5eC2tJDzf0wmlRp2,20twLKFb2Nhd8duUH0k2DJ","Major Lazer,Mr Eazi,RAYE,Jake Gosling",35,False,187333,0.664,0.623,-5.357,0.158,0.0122,1.32e-05,0.0957,0.65,180.183,1
56uTIyBsxLQIYgF765A2aM,It's Secured (feat. Nas & Travis Scott),"0QHgL1lAIqAw0HtD7YldmP,20qISvAhX20dpIbOOzGK3q,0Y5tJX1MQlPlqiwlOH1tJY","DJ Khaled,Nas,Travis Scott",35,True,219093,0.511,0.852,-2.886,0.301,0.0397,0.0,0.665,0.601,162.038,1
2G60ShHRZZhqxSKbZTWdOh,I Can't Even Lie (feat. Future & Nicki Minaj),"0QHgL1lAIqAw0HtD7YldmP,1RyvyyTE3xzB2ZywiAwp0i,0hCNtLu0JehylgoiP8L4Gh","DJ Khaled,Future,Nicki Minaj",35,True,241613,0.671,0.62,-6.092,0.0536,0.0269,3.21e-06,0.189,0.226,120.079,1
1E1YyZjbteIz2XQyLvtRxD,Skifahren,"3pVfscwg2QxhdHtk966inb,13bDjug9N0pyv3ZUINjkDV,0b62itBWBdLgiecXjXCqKC,03bmDyr8klGV17DKQnPZVA","The Cratez,Bausa,Maxwell,Joshi Mizu",35,True,162650,0.719,0.705,-6.891,0.252,0.223,1.89e-06,0.152,0.435,133.927,1
2SBr3MK1sdMs8IxdRcN6qz,Santa Baby,4RVnAU35WRWra6OZ3CbbMA,Kylie Minogue,35,False,201653,0.675,0.384,-7.12,0.045,0.752,0.0,0.167,0.415,86.953,0
0oOPa0AlLnjCO6eci0HIdH,cOcO MAmA,3pjq2pDV9RR6VY55wBjVnp,Dardan,35,True,189413,0.515,0.59,-6.761,0.217,0.176,2.47e-06,0.141,0.374,99.785,0
0BlY60NrN0fFWbdW3RW40q,Never Be the Same - Radio Edit,4nDoRrQiYLoBzwC5BhVJzF,Camila Cabello,35,False,227076,0.652,0.682,-4.38,0.0788,0.156,0.00013,0.121,0.269,129.942,0
4EM8ZRafUv02ugYyJoJo7o,Christmas All Over Again,4tX2TplrkIP4v05BNC903e,Tom Petty and the Heartbreakers,35,False,254200,0.529,0.793,-8.092,0.0318,0.0611,0.0,0.369,0.739,138.831,0
7iBEOLwjgoPVOXBNKwdoiq,Trap Phone (feat. Capo Plaza),"7F2utINZ6tSokSiZTQBE27,5SulO4l40qDuV9zUGLZx7n","Guè Pequeno,Capo Plaza",35,True,200533,0.749,0.664,-5.414,0.0591,0.11,0.0,0.296,0.248,118.032,1
0UBLhedidy1DjSF4ncF5zL,All Falls Down,"7vk5e3vY1uw9plTHJAMwjN,55fhWPvDiMpLnE4ZzNXZyW,5fyDppLDl1juIu1BcUT5zh,4gvkdged3Xw3ImXFm3jiay","Alan Walker,Noah Cyrus,Digital Farm Animals,Juliander",35,False,199111,0.658,0.678,-4.407,0.058,0.303,0.0,0.361,0.662,97.976,1
3yQbBL8hsYtUhXSrmbKq8X,Have Yourself a Merry Little Christmas (feat. Esperanza Spalding),"5y2Xq6xcjJb2jVM54GHK3t,5bepW5vcdRzheNc0F8lHJ5","John Legend,Esperanza Spalding",34,False,223240,0.319,0.509,-8.868,0.0305,0.642,0.0,0.39,0.427,144.55,1
6CwTHNCzgkq41m11iPpzsf,"Down for Life (feat. PARTYNEXTDOOR, Future, Travis Scott, Rick Ross & Kodak Black)","0QHgL1lAIqAw0HtD7YldmP,2HPaUgqeutzr3jx5a9WyDV,1RyvyyTE3xzB2ZywiAwp0i,0Y5tJX1MQlPlqiwlOH1tJY,1sBkRIssrMs1AbVkOJbc7a,46SHBwWsqBkxI7EeeBEQG7","DJ Khaled,PARTYNEXTDOOR,Future,Travis Scott,Rick Ross,Kodak Black",34,True,300280,0.611,0.786,-2.417,0.272,0.342,0.0,0.0877,0.66,139.911,1
2ClE3QfsNx9p0zjPKxmUYq,"Iced Out My Arms (feat. Future, Migos, 21 Savage & T.I.)","0QHgL1lAIqAw0HtD7YldmP,1RyvyyTE3xzB2ZywiAwp0i,6oMuImdp5ZcFhWP0ESe6mG,1URnnhqYAYcrqrcwql10ft,4OBJLual30L7gRl5UkeRcT","DJ Khaled,Future,Migos,21 Savage,T.I.",34,True,275533,0.854,0.609,-6.363,0.254,0.022,0.0,0.134,0.323,140.04,1
4DV9KToOaC0khx2MqOZstE,The Christmas Waltz,602DnpaSXJB4b9DZrvxbDc,Peggy Lee,33,False,173133,0.253,0.166,-16.882,0.0313,0.829,0.000313,0.14,0.18,106.476,0
4n0Ke1KJsPHvd7xRoU29E2,H <3 T E L,"3pjq2pDV9RR6VY55wBjVnp,60uPSVM3svOL8kZ3Wkb3Zw","Dardan,Monet192",33,False,163253,0.673,0.647,-6.95,0.102,0.0642,0.000114,0.113,0.549,134.616,1
1BB9hv4471pPlNqOAnDglV,Dominick the Donkey (The Italian Christmas Donkey),7dbKeVkihtOifdiu7f3rUg,Lou Monte,33,False,150746,0.807,0.473,-11.383,0.047,0.68,0.0,0.179,0.963,113.237,0
71avPtayHSPwC2MUfRLOdC,Amazing Grace,"0ffoIkovMbaG01Y6U2jyAS,3tEWysDnxoUDsBi1rUruzj","Andrew Andraos,Esprit Ange Andraos",33,False,244266,0.181,0.264,-8.177,0.0356,0.92,3.94e-05,0.129,0.2,69.302,1
4buHBCFNm5WvttEDevaj9C,White Christmas,1GxkXlMwML1oSg5eLPiAz3,Michael Bublé,33,False,204156,0.528,0.524,-5.804,0.0513,0.55,0.0,0.0721,0.613,128.756,0
2qkNnJvQvhLiZ63X1L3eFz,Notificação Preferida - Ao Vivo,487N2T9nIPEHrlTZLL3SQs,Zé Neto & Cristiano,32,False,182340,0.398,0.838,-4.734,0.13,0.778,0.0,0.189,0.206,156.008,0
4zWO4gvuFtw6EJZC5FFGlr,Bum Bum Tam Tam,"2W6kbe0nm96COrHzNmfLLd,1vyhD5VmyZ7KMfW5gqLgo5,2ExGrw6XpbtUAJHTLtUXUD,1RyvyyTE3xzB2ZywiAwp0i,1ackd5XprZEkH3McKbQD51","MC Fioti,J Balvin,Stefflon Don,Future,Juan Magán",32,True,213988,0.896,0.673,-3.872,0.139,0.346,1.28e-05,0.206,0.714,131.99,1
7MSYSOobsombc1mbDWFxtD,This Christmas,0HU0U9kdXEHZVxUNbuQe8S,Donny Hathaway,32,False,231173,0.634,0.645,-9.2,0.0376,0.292,0.0,0.246,0.677,93.047,0
0ezxVlILGg3XiTJONE7PEn,Christmas Eve - Recorded at Spotify Studios NYC,3BmGtnKgCSGYIUhmivXKWX,Kelly Clarkson,32,False,176425,0.537,0.834,-8.76,0.083,0.0326,0.0,0.416,0.353,125.993,0
3WrG9BpOPQWUus3FjA1Tny,8 Days of Christmas,1Y8cdNmUJH7yBTd9yOvr5i,Destiny's Child,32,False,210133,0.687,0.843,-1.18,0.194,0.0501,0.0,0.0604,0.638,99.789,0
1k0QMCm5kF3CBjCQ37vDLl,9.13,6LuN9FCkKOj5PcnpouEgny,Khalid,32,False,55720,0.289,0.451,-15.013,0.0538,0.975,0.942,0.222,0.59,131.72,0
63THFs9ovzO3WQsz4lzh0H,Dodi,5j21TGkrNEAJe3gG9VlS34,Shindy,32,True,182878,0.823,0.56,-7.057,0.0629,0.0101,2.86e-05,0.126,0.371,146.958,0
6DxqrwlrHERRkUw9yXIGjd,I Love You so Much (feat. Chance the Rapper),"0QHgL1lAIqAw0HtD7YldmP,1anyVhU62p31KFi8MEzkbf","DJ Khaled,Chance the Rapper",31,False,290413,0.381,0.894,-4.192,0.331,0.0209,0.0,0.214,0.503,103.016,1
0W2dRTfCkaanZgRimFEMay,XNX,23TFHmajVfBtlRx5MXqgoz,Sfera Ebbasta,30,True,143693,0.762,0.721,-5.293,0.0529,0.0269,0.00023,0.167,0.155,129.978,0
70f0ToGXTEtLKFSwHMbHoC,Please Come Home For Christmas,57ALvbCBaCkNlgTOSiUPdT,Aaron Neville,30,False,172760,0.609,0.357,-10.056,0.0398,0.514,0.00034,0.0603,0.468,183.055,0
7GGhY0m7PZ408BYVXgXtjt,Raffaello,5j21TGkrNEAJe3gG9VlS34,Shindy,30,True,237560,0.645,0.49,-9.198,0.105,0.193,1.41e-05,0.092,0.154,74.376,0
0OcpVNf7hnJBPbTFMSG7CI,Frosty the Snowman,7CyeXFnOrfC1N6z4naIpgo,The Ronettes,29,False,136306,0.382,0.879,-7.584,0.0642,0.228,0.0,0.408,0.559,143.741,0
1IJH7QjV5V99eJBtKXqGXE,Largado Às Traças - Ao Vivo,487N2T9nIPEHrlTZLL3SQs,Zé Neto & Cristiano,29,False,234961,0.694,0.869,-5.26,0.0857,0.611,0.0,0.535,0.786,121.996,0
0ypCvaP431mEM6znlVHNRP,Puerto Rico,4A7HeXSd4HtQuf6IR5XZ1b,Fero47,27,False,192400,0.687,0.766,-6.739,0.105,0.31,0.0,0.196,0.629,140.039,0
4zWUJH64K0cYPnwTdNkRzR,The Man with the Bag,7rpf45DdbpweG51Acze45i,Kay Starr,27,False,162386,0.742,0.293,-10.133,0.116,0.394,0.00158,0.207,0.808,71.189,0
2nvmHDiEWXRzS6FUDzUhVL,weR mAChT PaRA 2,"3pjq2pDV9RR6VY55wBjVnp,3GBBxBdoolb0B5YizZq9bF","Dardan,Eno",27,True,171906,0.761,0.958,-4.761,0.126,0.121,0.0,0.359,0.919,149.881,1
2UYG331lOP6amEWplE7eno,Ko Ko Bop - Chinese Version,3cjEqqelV9zb4BYE3qDQ4O,EXO,26,False,190422,0.756,0.853,-4.365,0.0579,0.0381,2.51e-05,0.0671,0.733,145.962,0
5AiqL0ezAAauDuVK5EJvXU,NENENE,4A7HeXSd4HtQuf6IR5XZ1b,Fero47,26,False,182115,0.724,0.835,-4.831,0.0887,0.0307,0.0,0.131,0.76,130.004,0
53uF5QwHADVXKv383qXnXd,"Don't Shoot (feat. Rick Ross, 2 Chainz, Diddy, Fabolous, Wale, DJ Khaled, Swizz Beatz, Yo Gotti, Currensy, Problem, King Pharaoh & TGT)","0NbfKEOTQCcwd6o7wSDOHI,1sBkRIssrMs1AbVkOJbc7a,17lzZA2AlOHwCwFALHttmp,59wfkuBoNyhDMQGCljbUbA,0YWxKQj2Go9CGHCp77UOyy,67nwj3Y5sZQLl72VNUHEYE,0QHgL1lAIqAw0HtD7YldmP,2cADQgiLMjNhbsfeN52Bf3,6Ha4aES39QiVjR0L2lwuwq,6X8WdFjrNhXATMDSs26aCc,0399oiMcmbOzzsYQDNYqxn,34nVLWMJTjaMh2aSMOQHei,1lEXbUjKjHQ7uc9jFfEViJ","The Game,Rick Ross,2 Chainz,Diddy,Fabolous,Wale,DJ Khaled,Swizz Beatz,Yo Gotti,Curren$y,Problem,King Pharaoh,TGT",25,True,367151,0.693,0.503,-9.807,0.242,0.0755,0.0,0.608,0.239,81.171,1
15coTBAzEN1bOeipoNDZAR,"Merry Christmas, Happy Holidays",6Ff53KvcvAj5U7Z1vojB5o,*NSYNC,25,False,252906,0.643,0.939,-3.967,0.0463,0.104,0.0,0.881,0.756,104.999,0
2L0H5LWEuIAvrzfzTruyCB,Tiffany,5j21TGkrNEAJe3gG9VlS34,Shindy,25,True,178648,0.796,0.631,-7.343,0.052,0.0106,0.00183,0.116,0.534,155.985,0
4LUAIXN6bpnEVaJZOLfuDt,Here We Come a-Caroling / We Wish You a Merry Christmas,5v8jlSmAQfrkTjAlpUfWtu,Perry Como,25,False,95040,0.571,0.166,-16.883,0.0471,0.978,0.0,0.253,0.707,93.914,0
2X8sssaxS5GReg6945B6RW,Só Pra Castigar,1AL2GKpmRrKXkYIcASuRFa,Wesley Safadão,23,False,163850,0.681,0.94,-1.77,0.0386,0.0201,0.0,0.578,0.648,124.015,0
1fsaruaCPeyVquN9iQLHzX,EFH,5j21TGkrNEAJe3gG9VlS34,Shindy,23,True,180661,0.6,0.657,-7.14,0.0677,0.00595,0.000157,0.133,0.253,160.386,0
1MFSD0AkPk8Yq7TDEhrHcb,Bella Ciao (HUGEL Remix),"2gTcdmBwgyh3EORKIXCzlw,5PlfkPxwCpRRWQJBxCa0By","El Profesor,HUGEL",23,False,164954,0.838,0.406,-11.833,0.0878,0.196,0.00471,0.101,0.655,126.02,1
5DoLhdU27owX1NMrKLUbUl,"Lean (feat. Towy, Osquel, Beltito & Sammy & Falsetto)","6HqgxkTt9KGyt27zYrwVan,71FfEgML4GAokNHmW1GKPF,6wcKDqJRY3TzbcdRKo6EiE,7iXYHQPYLQSz3b3hbPJpk3,2pG0eQLB8CbmmWWmjJi4yd,6TOKWuw816UU34AE4MCZqr,6AT27ojKlBuZToFIGwQZDc","Super Yei,Sammy,Jone Quest,Towy,Osquel,Beltito,Sammy & Falsetto",22,True,260545,0.863,0.669,-5.952,0.282,0.111,0.0,0.0569,0.947,164.062,1
6FZlvKQe2wMGBo3QUYauch,Cool Yule,"19eLuQmk9aCobbVDHc6eek,3VrWSWV74xyECVDt2zBy4T","Louis Armstrong,The Commanders",19,False,174360,0.565,0.415,-11.185,0.105,0.656,1.54e-05,0.241,0.707,149.238,1
5abwHwUhywLGNli5NDcEN7,Magic (feat. Jillian Edwards),"1XLjkBxFokuDTlHt0mQkRe,6ctgu4FFlnNhMgrKiIzCxp","Thomas Gold,Jillian Edwards",16,False,170502,0.629,0.882,-5.231,0.0449,0.0502,0.000584,0.0971,0.436,105.004,1
59JayqW5h9kyhLEcCTwPRX,Hey Mamma - Radio Edit,3c55dzx6W0ZFs0frtEgIsm,Sunstroke Project,14,False,179625,0.833,0.806,-5.946,0.113,0.231,0.00944,0.0681,0.64,110.098,0
56dllQaFZBw3SPTiKZvqYH,The Man With The Bag,7rpf45DdbpweG51Acze45i,Kay Starr,13,False,160640,0.674,0.319,-7.109,0.0764,0.642,3.96e-06,0.169,0.747,70.057,0
2nWeF8M4XwOdIEUK8q1kTj,O Tannenbaum,7v4imS0moSyGdXyLgVTIV7,Nat King Cole,13,False,182106,0.242,0.283,-11.353,0.029,0.824,2.14e-05,0.27,0.239,91.51,0
0AsAn5cE3aZa99ewol7tv0,Rudolph The Red-Nosed Reindeer,7MzHPIXAqIOCnvK0sVY72W,Helene Fischer,6,False,177520,0.311,0.421,-8.958,0.0332,0.819,0.0,0.274,0.491,132.854,0
46DwQbCUzWr4bT0Uu2lDK8,Lonesome Train,2cFCoDyEaPrw8QVnrDlPKU,Stan Kenton,4,False,168040,0.534,0.211,-12.715,0.0247,0.464,0.0,0.132,0.193,93.236,0
6hh1ikcv3CPsq3a7e9ItNR,Nur mit Dir (feat. Xavier Naidoo),"0JBdTCGs111JKKYfLqOEBa,47RPLpnGhBRTjQrRBOev9s","Shirin David,Xavier Naidoo",0,False,219840,0.736,0.518,-10.807,0.189,0.226,1.53e-05,0.0937,0.355,134.894,1
6ct2F3rfS0zh4eag3Pbv0i,Barely Legal 2021,2ipbBHbU59PKSeDXAgMpkd,Marvin Divine,0,True,137739,0.811,0.895,-4.259,0.0792,0.0556,0.0,0.061,0.199,114.962,0
5CMUThHlepHR8c1xD0QYzs,They Afraid Of You,"6Xgp2XMz1fhVYe7i6yNAax,699OTQXzgjhIYAHMy9RyPD","Trippie Redd,Playboi Carti",0,True,138469,0.637,0.616,-6.493,0.0459,0.223,0.0,0.181,0.414,78.126,1
6SIrNxmmdbv1KUbFBu1PaN,Bebe (feat. Anuel AA),"1i8SpTcr7yvPOmcqrbnVXY,2R21vXR83lH98kGeO99Y66","Ozuna,Anuel AA",0,False,231601,0.739,0.688,-10.246,0.157,0.551,0.00118,0.101,0.582,169.829,1
2oUuLLKS8WbF7ELJcwbqms,Look at Me!,15UsOTVnJzReFVN1VCnxy4,XXXTENTACION,0,True,151041,0.728,0.735,-3.961,0.307,0.043,0.0,0.34,0.225,139.128,0
6ju3FaV3aVLzGzwERKZuFK,How Long - Remix,"6VuMaDnrHyPL1p4EHjYLi7,6vXTefBL93Dj5IqAWq6OTv","Charlie Puth,French Montana",0,False,206964,0.863,0.631,-4.959,0.0822,0.17,0.0,0.078,0.89,109.99,1
2ShRJbppDksFugwquBFyjx,Space Legend,4ohRzp7ZzPQi3PzCiBrDAm,Porky Slim,0,False,64458,0.593,0.312,-12.735,0.0405,0.112,0.0856,0.153,0.0354,109.9,0
2Cth0v1xri32oZ799rL3rl,Feel Me,"5LHRHt1k9lMyONurDHEdrp,5K4W6rqBFWDnAN6FQUkS6x","Tyga,Kanye West",0,True,199957,0.442,0.636,-4.219,0.262,0.124,0.0,0.879,0.251,87.692,1
